fixed acidity,volatile acidity,citric acid,residual sugar,chlorides,free sulfur dioxide,total sulfur dioxide,density,pH,sulphates,alcohol,type_white,quality
-0.10699672772062392,-1.115182963638611,0.528587990067556,-0.8961888591711527,-1.241015888175194,-0.32557220057226843,-0.995725000570193,-0.8808022380162046,0.6492893357224908,-0.4770806391923148,0.3510103554183248,0.46496835283355087,alta
1.9780005472630608,-0.047886592392588925,2.358061505340232,-0.7776367896219364,3.3400871946122357,-0.32557220057226843,-0.7856082640842469,1.0934121837461404,0.34908789160132403,0.15641196052876463,-0.7250259642733816,-2.1506840065693225,media-baja
0.0027399709627274923,0.86693886867543,0.985956368885725,0.052227697222577314,1.077132659741337,-0.12098923498669463,0.13890537645391568,1.1739923642262269,1.5498936680859912,1.8758918740574082,0.05754590459331366,-2.1506840065693225,media-baja
0.9903702591128941,-0.27659295765959346,-0.11172774027788097,0.7398297006080317,-1.130627862083931,0.28817669618445296,-0.1552580546264088,-0.9936144906883169,-2.1275740223982966,-0.8390764104615033,1.8183326095433772,0.46496835283355087,media-alta
0.2222133683294313,-0.42906386783759676,-0.020254064514247064,-0.8724784452613094,-0.5786877316276139,0.5609539836318848,1.0634190169920783,-1.0419625989763779,-0.17626463561071615,-0.024585925105829624,0.9379392570683454,0.46496835283355087,media-alta
-1.4238371119208457,0.180819772874416,-0.9349908221505855,0.4553047336899126,-0.5234937185819821,1.1747028803886062,0.49610382848002393,0.00960875628886844,-0.40141571870158954,-0.2055838107404239,-0.6272044806650434,0.46496835283355087,media-baja
0.5514234643794865,-0.047886592392588925,-0.2032014160415149,1.23774839271474,-0.5786877316276139,-0.6665438098815581,0.47509215483142936,0.8919617325459239,-1.30202005106509,-1.4725690101825828,-1.018490415098391,0.46496835283355087,media-baja
-0.9848903171874382,-0.7340056881936031,-0.2946750918051483,-0.7302159618022499,-0.5786877316276139,-0.4619608442959843,0.05485868185953725,-1.082252689216421,-0.17626463561071615,-0.296082753557721,0.05754590459331366,0.46496835283355087,media-alta
2.52668404067982,0.7144679584974267,1.534798423467528,-0.161166027966012,1.1875206858325997,-1.4166813503619953,-2.151367051242896,1.1739923642262269,0.9494907798436576,2.5093844737784883,1.720511125935039,-2.1506840065693225,alta
-0.9848903171874382,0.86693886867543,1.626272099231162,0.26562142241116665,-0.3027176663994556,-1.2802927066382794,-0.1552580546264088,0.7710914618257493,0.42413825263161736,0.5184077317979522,-1.4097763495317386,0.46496835283355087,baja
1.758527149896356,-0.047886592392588925,1.3518510719402608,-0.919899273080996,0.46999851623938793,-1.3484870285001374,-2.046308682999923,0.8919617325459239,1.099591501904241,2.237887645326597,-0.333740029840034,-2.1506840065693225,media-alta
-0.32647012508732776,2.4678834255444633,-2.5815169858959943,-0.7065055478924067,1.353102724969495,-1.1439040629145636,-1.9202386411083556,0.4286256947853366,1.099591501904241,0.6089066746152493,-0.040275579015022815,-2.1506840065693225,media-alta
0.661160163062839,0.9431743237644317,-0.6605697948596839,1.4037212900836424,-1.075433849038299,0.6973426273556006,0.9373489751005106,0.16674010822505517,-0.7016171628227563,-0.7485774676442062,0.8401177734600089,0.46496835283355087,alta
-0.8751536185040868,0.25705522796341723,-0.11172774027788097,0.09964852504226386,-0.8546577968557721,-1.5530699940857113,-0.5334681803011116,-0.6793517868159434,0.42413825263161736,-0.9295753532788005,0.5466533226349978,0.46496835283355087,alta
-0.655680221137383,0.86693886867543,-0.2946750918051483,1.5934046013623886,0.30441647710249314,-0.5301551661578422,1.0844306906406729,1.6977635373468791,0.7243396967527841,0.3374098461633589,-1.1163118987067275,0.46496835283355087,media-baja
1.9780005472630608,0.180819772874416,0.07121961124938686,-0.9436096869908392,-0.5234937185819821,-1.2802927066382794,1.3785941217209974,0.3681905594252716,-0.32636535767129954,-0.2055838107404239,-0.9206689314900546,0.46496835283355087,media-baja
0.44168676569613513,-0.9627120534606078,1.626272099231162,-0.825057617441623,0.24922246405686138,-0.802932453605274,-0.2603164228693818,0.08615992774496858,0.8744404188133675,-0.6580785248269091,-0.5293829970567069,0.46496835283355087,media-baja
0.0027399709627274923,-0.20035750257059223,-0.2946750918051483,0.953223425796621,-0.13713562726256037,1.311091524112322,0.39104546023705095,0.20703019846509846,-0.6265668017924663,-0.2055838107404239,-0.1380970626233593,0.46496835283355087,media-alta
-0.7654169198207343,-0.6577702331046015,0.3456406385402881,1.1903275648950535,-0.4682997055363504,1.5838688115597537,0.3700337865884563,0.9322518227859672,0.12393680851045061,-0.38658169637501816,-1.2141333823150657,0.46496835283355087,media-baja
0.0027399709627274923,0.3332906830524189,2.2665878295765993,-0.9436096869908392,-0.24752365335382384,-0.39376652243412635,-0.42840981205813866,-0.8405121477761613,0.19898716954074397,-1.6535668958171765,0.05754590459331366,0.46496835283355087,media-alta
-0.5459435224540315,-0.7340056881936031,0.528587990067556,-0.8724784452613094,-0.5786877316276139,0.015399408737021234,-0.44942148570673324,-1.7309231420811897,-0.47646607973188293,1.3328982171536263,1.524868158718366,0.46496835283355087,media-baja
1.209843656479597,-0.6577702331046015,0.528587990067556,-0.9436096869908392,-0.4682997055363504,0.5609539836318848,-0.11323470732921957,-0.6390616965759002,-1.6772718562165467,-1.3820700673652857,-0.43156151344837046,0.46496835283355087,media-baja
0.5514234643794865,-0.3528284127485951,-0.2032014160415149,-0.6590847200727202,0.46999851623938793,0.42456533990816886,-0.1552580546264088,-0.44566926342365654,-0.926768245913633,-1.2915711245479884,-0.6272044806650434,0.46496835283355087,media-baja
0.0027399709627274923,0.10458431778541437,2.9983772356856697,1.8779295682805073,0.30441647710249314,-1.2802927066382794,-0.3653747911123548,1.1337022739861837,-1.2269696900348,-1.1105732389133942,-1.2141333823150657,0.46496835283355087,media-baja
0.5514234643794865,-0.9627120534606078,0.528587990067556,1.8542191543706643,-0.9650458229470357,1.4474801678360378,0.601162196722997,1.1578763281302364,-0.2513149966410062,2.5093844737784883,-0.040275579015022815,0.46496835283355087,media-alta
-0.8751536185040868,0.7144679584974267,-0.11172774027788097,-0.49311182270381737,-1.130627862083931,1.242897202250464,0.8743139541547268,-0.6793517868159434,2.375447639419198,2.5093844737784883,1.2314037078933548,0.46496835283355087,alta
0.2222133683294313,2.086706150099455,-0.47762244333241616,0.4553047336899126,1.077132659741337,0.28817669618445296,-0.029188012734841163,1.496313086146618,1.1746418629345343,-0.2055838107404239,-1.018490415098391,-2.1506840065693225,media-baja
-0.5459435224540315,1.7055288746544477,-0.9349908221505855,2.612952399485648,0.24922246405686138,0.6973426273556006,1.2525240798294297,1.6977635373468791,1.0245411408739509,0.24691090334606178,-0.040275579015022815,0.46496835283355087,media-alta
-1.0946270158707905,-0.12412204748159057,-0.11172774027788097,-0.7539263757120932,-1.075433849038299,1.311091524112322,0.8533022805061322,-1.968634674497463,1.3247425849951178,-0.7485774676442062,2.209618543976723,0.46496835283355087,alta
0.2222133683294313,-0.5052993229265984,0.437114314303922,-0.7539263757120932,-0.9098518099014039,-0.0527949131248367,1.1474657115864566,-1.4247184562568338,0.27403753057103397,-1.0200742960960971,1.4270466751100295,0.46496835283355087,alta
1.3195803551629504,2.1629416051884567,-0.5690961190960501,-0.7302159618022499,3.7264452859316575,-1.4848756722238534,-1.7731569255681934,0.7146853354897156,-0.47646607973188293,0.15641196052876463,-0.6272044806650434,-2.1506840065693225,media-baja
-0.5459435224540315,-1.0389475085496094,-0.2946750918051483,-0.8487680313514662,-0.5234937185819821,1.5156744896978958,0.811278933208943,-0.933179355328252,-0.6265668017924663,-0.5675795820096119,-0.2359185462316975,0.46496835283355087,media-alta
0.8806335604295428,-0.12412204748159057,-0.38614876756878225,0.7635401145178748,-0.7994637838101408,-0.7347381317434161,-0.2182930755721926,-0.1958707039353792,-1.9024229393074235,-0.4770806391923148,1.2314037078933548,0.46496835283355087,media-alta
-0.32647012508732776,-1.0389475085496094,0.3456406385402881,0.02851728331273415,0.19402845101122965,1.5156744896978958,0.43306880753424015,-0.610858633407861,-0.8517178848833398,0.24691090334606178,0.5466533226349978,0.46496835283355087,alta
0.3319500670127837,2.77282524590047,-1.3923592009687547,-0.825057617441623,1.51868476410639,-1.2802927066382794,-1.7521452519195988,1.3351527251864448,2.1502965563283247,1.6948939884228138,-0.5293829970567069,-2.1506840065693225,media-alta
0.11247666964607989,-1.2676538738166143,0.7115353415948238,-0.825057617441623,-0.41310569249071905,-0.6665438098815581,0.7692555859117538,0.16674010822505517,2.300397278388908,-0.38658169637501816,-0.43156151344837046,0.46496835283355087,media-baja
-1.0946270158707905,-0.5052993229265984,-0.11172774027788097,-0.9673201009006824,-0.7994637838101408,0.7655369492174585,-0.3233514438151656,-1.3642833208967688,0.9494907798436576,0.42790878898065604,0.3510103554183248,0.46496835283355087,alta
-0.43620682377067915,-1.2676538738166143,-0.2032014160415149,-0.06632437232663893,0.4148045031937566,-0.18918355684855256,-0.3653747911123548,0.08615992774496858,2.300397278388908,-0.6580785248269091,-0.2359185462316975,0.46496835283355087,alta
0.3319500670127837,-0.27659295765959346,1.626272099231162,-0.8961888591711527,-0.9098518099014039,-0.7347381317434161,0.07587035550813186,-1.0419625989763779,-1.75232221724684,-1.1105732389133942,0.15536738820165014,0.46496835283355087,media-alta
-0.8751536185040868,-0.3528284127485951,0.528587990067556,0.6212776310588154,-0.1923296403081921,1.8566460990071854,1.9459093102330516,0.41653866771333253,-0.17626463561071615,-0.296082753557721,-0.9206689314900546,0.46496835283355087,media-alta
-1.204363714554142,-0.8102411432826048,-0.11172774027788097,0.8109609423375611,-0.7994637838101408,1.1065085585267482,0.09688202915672646,-0.28450890246348337,-0.2513149966410062,-1.1105732389133942,0.15536738820165014,0.46496835283355087,media-baja
1.4293170538463018,2.4297656979999624,0.437114314303922,-0.7776367896219364,2.1258189076083385,-1.0757097410527057,-1.415958473542085,1.2344274995862918,0.7243396967527841,0.5184077317979522,-0.040275579015022815,-2.1506840065693225,baja
-0.5459435224540315,-0.9627120534606078,0.16269328701302077,-0.825057617441623,-0.8546577968557721,0.7655369492174585,0.5381271757772131,-0.9774984545923264,-0.47646607973188293,-1.3820700673652857,-0.2359185462316975,0.46496835283355087,media-baja
1.4293170538463018,-1.115182963638611,-0.020254064514247064,0.02851728331273415,0.08364042491996618,1.1065085585267482,0.5801505230744024,0.3681905594252716,0.19898716954074397,-1.2010721817306913,-0.6272044806650434,0.46496835283355087,media-baja
1.3195803551629504,2.6203543357224666,-1.4838328767323885,-0.8013472035317797,1.573878777152022,-0.9393210973289898,-1.6891102309738149,1.1337022739861837,0.7243396967527841,0.24691090334606178,-0.822847447881718,-2.1506840065693225,media-alta
-0.43620682377067915,0.25705522796341723,1.534798423467528,0.8346713562474047,0.30441647710249314,0.28817669618445296,0.9373489751005106,0.7630334437777764,-1.30202005106509,-0.38658169637501816,-1.018490415098391,0.46496835283355087,media-baja
-0.32647012508732776,-1.115182963638611,0.07121961124938686,-0.919899273080996,-0.5786877316276139,0.28817669618445296,-0.34436311746376025,-1.662429988673107,-0.40141571870158954,1.3328982171536263,1.524868158718366,0.46496835283355087,media-baja
-0.5459435224540315,-0.3528284127485951,1.626272099231162,0.597567217148972,-0.08194161421692865,2.1294233864546173,1.9879326575302407,0.6099311008655761,-0.32636535767129954,-0.5675795820096119,-1.018490415098391,0.46496835283355087,media-alta
0.2222133683294313,0.028348862696412718,0.3456406385402881,-0.919899273080996,-0.026747601171296913,-1.5530699940857113,0.8533022805061322,-0.7841060214400828,0.19898716954074397,-0.8390764104615033,0.2531888718099866,0.46496835283355087,media-baja
0.7708968617461903,-1.0389475085496094,-0.020254064514247064,1.640825429182075,0.1388344379655979,1.0383142366648903,0.3700337865884563,1.4560229959065747,-1.1519193290045064,0.15641196052876463,-1.5075978331400752,0.46496835283355087,media-alta
-1.753047207970901,-1.1914184187276127,-0.020254064514247064,-0.9673201009006824,-1.3514039142664576,0.015399408737021234,-1.1428067161103552,-1.847764403777333,0.8744404188133675,-0.6580785248269091,1.1824929660891874,0.46496835283355087,media-alta
-1.6433105092875497,0.25705522796341723,-1.5753065524960221,-0.06632437232663893,-0.24752365335382384,1.1747028803886062,1.5887108582069434,-0.2764508844154658,0.6492893357224908,1.7853929312401111,-0.1380970626233593,0.46496835283355087,media-baja
0.11247666964607989,0.180819772874416,-1.0264644979142192,0.12335893895210702,0.6355805553762831,1.4474801678360378,1.6937692264499165,0.09018893676895502,-0.32636535767129954,-0.6580785248269091,-0.6272044806650434,0.46496835283355087,media-alta
0.9903702591128941,2.31541251536646,0.3456406385402881,-0.5879534783431904,1.9602368684714433,-0.18918355684855256,-1.4789934944878689,1.053122093506097,0.7243396967527841,0.9709024458844379,0.3510103554183248,-2.1506840065693225,media-baja
1.758527149896356,0.10458431778541437,0.6200616658311898,-0.46940140879397424,0.6907745684219149,-1.4166813503619953,-2.172378724891491,0.11839199993699427,0.6492893357224908,1.9663908168747053,1.524868158718366,-2.1506840065693225,alta
2.8558941367298742,2.6203543357224666,0.2541669627766547,-0.6353743061628769,2.401788972836497,-1.2802927066382794,-0.722573243138463,1.4399069598105396,0.34908789160132403,1.3328982171536263,-0.333740029840034,-2.1506840065693225,media-baja
-1.753047207970901,0.14270204532991518,-0.11172774027788097,-0.6590847200727202,1.132326672786968,-0.2573778787104105,0.11789370280532106,-0.8002220575361181,-0.551516440762173,-0.024585925105829624,-0.822847447881718,0.46496835283355087,media-alta
-1.204363714554142,-0.8864765983716062,-0.6605697948596839,-0.825057617441623,-1.130627862083931,-0.0527949131248367,-0.3653747911123548,-1.4045734111368122,0.7243396967527841,-0.38658169637501816,1.0357607406766818,0.46496835283355087,media-alta
0.2222133683294313,0.6382325034084255,-0.6605697948596839,0.3367526641406964,0.4148045031937566,0.6973426273556006,0.916337301451916,0.24732028870514175,-0.1012142745804228,-0.9295753532788005,-0.5293829970567069,0.46496835283355087,media-alta
0.3319500670127837,0.4857615932304222,0.2541669627766547,0.7161192866981885,0.08364042491996618,0.9019255929411744,0.9583606487491052,0.7590044347537452,-0.7766675238530497,0.06591301771146751,-1.2141333823150657,0.46496835283355087,media-baja
-0.9848903171874382,-0.12412204748159057,0.07121961124938686,-0.9436096869908392,0.19402845101122965,-0.2573778787104105,1.2735357534780243,-0.6954678229119786,0.6492893357224908,-0.7485774676442062,-0.333740029840034,0.46496835283355087,media-baja
0.0027399709627274923,-0.8864765983716062,0.894482693122091,-0.7539263757120932,0.19402845101122965,-0.4619608442959843,0.916337301451916,0.16674010822505517,2.0001958342677413,0.9709024458844379,0.05754590459331366,0.46496835283355087,media-alta
0.7708968617461903,3.192120248889978,-2.1241486070778253,-0.6827951339825634,2.2914009467452336,-1.4166813503619953,-1.7101219046224094,1.2142824544662703,0.19898716954074397,1.7853929312401111,-0.6272044806650434,-2.1506840065693225,media-alta
-0.21673342640397533,-1.2676538738166143,-0.2946750918051483,-0.20858685578569836,-1.1858218751295624,-1.1439040629145636,-0.3233514438151656,-0.36911809196760115,0.19898716954074397,-0.4770806391923148,-0.040275579015022815,0.46496835283355087,alta
-0.5459435224540315,-0.5052993229265984,-0.2032014160415149,-0.9910305148105255,0.9667446336500736,0.5609539836318848,0.03384700821094265,-1.2031229599365958,0.9494907798436576,0.6089066746152493,0.5466533226349978,0.46496835283355087,alta
-1.0946270158707905,0.4857615932304222,-1.0264644979142192,0.31304225023085297,-0.9650458229470357,-0.39376652243412635,0.3069987656426725,-0.2361607941754225,0.6492893357224908,1.6043950456055167,-0.040275579015022815,0.46496835283355087,media-alta
-0.32647012508732776,-1.0389475085496094,0.07121961124938686,0.4553047336899126,-0.1923296403081921,-0.9393210973289898,-0.2813280965179764,0.23926227065712416,1.5498936680859912,-0.6580785248269091,-0.040275579015022815,0.46496835283355087,media-alta
-0.7654169198207343,0.10458431778541437,-0.020254064514247064,0.052227697222577314,-0.13713562726256037,0.7655369492174585,1.0634190169920783,0.28761037894518504,-0.17626463561071615,1.3328982171536263,-1.1163118987067275,0.46496835283355087,media-alta
0.11247666964607989,-0.8864765983716062,0.6200616658311898,-1.014740928720369,-0.7442697707645091,-0.6665438098815581,-1.0167366742187876,-1.0419625989763779,-0.026163913550132773,-1.2915711245479884,0.5466533226349978,0.46496835283355087,media-baja
0.44168676569613513,2.0104706950104534,-1.0264644979142192,-0.7776367896219364,1.2427146988782314,0.21998237432259504,-1.6470868836766257,0.22314623456113367,-0.8517178848833398,-0.7485774676442062,-1.1163118987067275,-2.1506840065693225,media-baja
0.5514234643794865,-0.8864765983716062,-0.11172774027788097,2.11503370737894,0.30441647710249314,1.5156744896978958,1.893380126111565,1.8589238983070524,-0.551516440762173,-0.4770806391923148,-1.5075978331400752,0.46496835283355087,alta
-0.10699672772062392,0.180819772874416,-1.9412012555505576,-0.4219805809742877,-0.35791167944508734,-0.9393210973289898,-1.247865084353328,-0.2764508844154658,-1.5271711341559666,-1.1105732389133942,-1.2141333823150657,0.46496835283355087,media-baja
-1.204363714554142,-0.42906386783759676,0.2541669627766547,-0.9436096869908392,-0.24752365335382384,-1.6894586378094272,-1.9622619884055448,-0.8002220575361181,0.5742389746922008,1.061401388701735,-0.040275579015022815,0.46496835283355087,media-baja
-0.5459435224540315,-0.6577702331046015,-0.2032014160415149,2.174309742153548,0.35961049014812485,-0.12098923498669463,0.4540804811828347,1.2787465988503663,0.8744404188133675,0.24691090334606178,-0.2359185462316975,0.46496835283355087,media-alta
-0.9848903171874382,1.7817643297434493,1.2603773961766267,1.5934046013623886,-0.08194161421692865,-0.2573778787104105,1.336570774423808,1.2142824544662703,-0.32636535767129954,-0.11508486792312675,-1.1163118987067275,0.46496835283355087,media-alta
-0.655680221137383,-0.5815347780156,0.437114314303922,-0.7302159618022499,-1.296209901220826,0.3563710180463109,0.2439637446968887,-1.847764403777333,0.4991886136619074,-1.3820700673652857,2.0139755767600502,0.46496835283355087,alta
0.3319500670127837,-0.8864765983716062,0.528587990067556,-0.9673201009006824,-1.241015888175194,-0.18918355684855256,-0.7015615694898685,-1.2353550321286213,-0.551516440762173,0.8804035030671407,1.329225191501693,0.46496835283355087,media-alta
-1.6433105092875497,-0.5052993229265984,-1.117938173677853,-0.6827951339825634,-0.08194161421692865,0.7655369492174585,0.916337301451916,-0.9613824184962912,0.27403753057103397,-0.7485774676442062,-0.040275579015022815,0.46496835283355087,media-alta
-0.5459435224540315,-0.7340056881936031,-0.2946750918051483,-0.0900347862364821,-0.4682997055363504,1.37928584597418,1.2105007325322406,0.32790046918522836,0.6492893357224908,2.1473887025092995,-0.9206689314900546,0.46496835283355087,media-alta
3.075367534096579,1.629293419565446,2.358061505340232,-0.6827951339825634,2.3465949597908655,-0.0527949131248367,-1.4789934944878689,1.0934121837461404,-0.17626463561071615,2.237887645326597,1.1335822242850184,-2.1506840065693225,alta
3.4045776301466333,-0.5815347780156,1.626272099231162,-0.6827951339825634,1.353102724969495,-1.4166813503619953,-1.9832736620541394,1.3754428154264882,-0.551516440762173,0.8804035030671407,-0.040275579015022815,-2.1506840065693225,media-baja
2.1974739446297638,-0.27659295765959346,1.626272099231162,-0.7776367896219364,0.46999851623938793,-1.4166813503619953,-0.2182930755721926,0.5696410106255329,-0.47646607973188293,-0.4770806391923148,-0.333740029840034,0.46496835283355087,media-baja
-0.655680221137383,-1.0389475085496094,0.894482693122091,2.11503370737894,-0.6338817446732457,1.1065085585267482,0.13890537645391568,0.9644838949779929,0.4991886136619074,1.8758918740574082,-0.1380970626233593,0.46496835283355087,alta
0.0027399709627274923,-0.047886592392588925,-0.5690961190960501,1.4037212900836424,-0.13713562726256037,0.08359373059887917,0.2859870919940779,0.904048759617928,-0.551516440762173,-1.0200742960960971,-0.9206689314900546,0.46496835283355087,media-baja
-0.5459435224540315,1.857999784832451,-0.8435171463869515,0.8583817701572479,-0.9098518099014039,-0.2573778787104105,0.2229520710482941,0.9523968679059889,-0.1012142745804228,-0.024585925105829624,-1.3119548659234022,0.46496835283355087,media-baja
-1.3141004132374934,-0.047886592392588925,-0.11172774027788097,0.5738568032391288,-0.1923296403081921,1.9930347427309014,1.7568042473957002,0.24732028870514175,-0.1012142745804228,-1.1105732389133942,-0.822847447881718,0.46496835283355087,media-alta
-0.5459435224540315,-0.8864765983716062,0.07121961124938686,-0.9910305148105255,-0.6338817446732457,-0.39376652243412635,-0.9326899796244091,-0.7196418770559867,1.3247425849951178,0.24691090334606178,-0.2359185462316975,0.46496835283355087,alta
0.9903702591128941,2.4678834255444633,-0.8435171463869515,-0.6827951339825634,2.401788972836497,-1.757652959671285,-1.8782152938111663,0.6985692993936803,1.1746418629345343,0.6089066746152493,0.5466533226349978,-2.1506840065693225,media-baja
-0.5459435224540315,-0.6577702331046015,-0.38614876756878225,0.07593811113242048,-0.41310569249071905,0.8337312710793164,0.8743139541547268,0.3681905594252716,0.42413825263161736,2.237887645326597,-0.9206689314900546,0.46496835283355087,media-baja
-1.0946270158707905,-1.115182963638611,-0.2946750918051483,-0.6590847200727202,-1.241015888175194,-0.5983494880197001,-0.5124565066525171,-1.477095573568881,-0.40141571870158954,-1.2915711245479884,0.6444748062433342,0.46496835283355087,alta
1.4293170538463018,0.5619970483194239,-1.9412012555505576,-0.8487680313514662,1.353102724969495,-1.6894586378094272,-2.046308682999923,0.5736700196495192,-0.926768245913633,-0.7485774676442062,-0.7250259642733816,-2.1506840065693225,media-alta
-0.5459435224540315,0.4857615932304222,-1.4838328767323885,-0.161166027966012,-0.35791167944508734,-0.39376652243412635,-0.9326899796244091,-0.5181914258557703,-0.7766675238530497,-1.2010721817306913,-0.2359185462316975,0.46496835283355087,media-alta
0.0027399709627274923,-0.7340056881936031,0.16269328701302077,-0.5879534783431904,-0.9650458229470357,1.1747028803886062,0.6431855440201861,-1.80747431353729,-0.47646607973188293,-1.2010721817306913,2.209618543976723,0.46496835283355087,alta
0.5514234643794865,-0.8864765983716062,-0.11172774027788097,2.11503370737894,0.30441647710249314,1.5156744896978958,1.893380126111565,1.8589238983070524,-0.551516440762173,-0.4770806391923148,-1.5075978331400752,0.46496835283355087,alta
-0.7654169198207343,0.4857615932304222,-1.5753065524960221,-0.7302159618022499,-0.6890757577188773,-1.0757097410527057,-2.046308682999923,0.3037264150412203,1.6999943901465744,1.2423992743363292,0.6444748062433342,-2.1506840065693225,media-alta
0.3319500670127837,-0.5052993229265984,0.437114314303922,1.8779295682805073,0.9115506206044418,1.5156744896978958,1.1684773852350512,1.2948626349464016,-1.5271711341559666,-0.296082753557721,-1.4097763495317386,0.46496835283355087,media-alta
-0.21673342640397533,-1.3438893289056157,-0.2032014160415149,1.0954859092556803,0.30441647710249314,-0.0527949131248367,-0.6595382221926793,0.29566839699320263,-0.17626463561071615,-1.6535668958171765,-0.5293829970567069,0.46496835283355087,media-alta
-0.32647012508732776,1.095645233942435,-0.47762244333241616,-0.6116638922530336,-0.4682997055363504,-0.18918355684855256,-0.8276316113814361,-1.3078771945606904,1.2496922239648243,-0.024585925105829624,1.524868158718366,0.46496835283355087,alta
0.3319500670127837,1.0194097788534333,0.07121961124938686,0.43159431978006924,-0.35791167944508734,-0.9393210973289898,-0.11323470732921957,0.730801371585706,0.7993900577830741,-0.9295753532788005,-0.040275579015022815,0.46496835283355087,baja
-0.10699672772062392,-0.5815347780156,0.437114314303922,-0.0900347862364821,1.7946548293345488,-1.4166813503619953,0.2229520710482941,-0.07500043321524931,0.8744404188133675,-1.2915711245479884,0.3510103554183248,0.46496835283355087,media-alta
0.2222133683294313,0.4857615932304222,-0.9349908221505855,-0.7776367896219364,1.6290727901976536,-1.6212643159475693,-1.836191946513977,0.6905112813456628,0.8744404188133675,-0.38658169637501816,-0.9206689314900546,-2.1506840065693225,media-baja
0.11247666964607989,-0.5052993229265984,0.07121961124938686,-0.8961888591711527,-0.1923296403081921,-0.2573778787104105,0.2019403973996995,-0.4376112453756837,0.34908789160132403,-0.6580785248269091,0.05754590459331366,0.46496835283355087,media-baja
-0.32647012508732776,2.963413883622973,-0.5690961190960501,-0.49311182270381737,-0.13713562726256037,-1.4166813503619953,-1.3739351262448958,0.6502211911056194,1.099591501904241,0.06591301771146751,-0.9206689314900546,0.46496835283355087,baja
0.0027399709627274923,0.5619970483194239,0.7115353415948238,1.3800108761737993,-0.9098518099014039,-0.39376652243412635,1.714780900098511,0.7146853354897156,-1.2269696900348,0.06591301771146751,-0.43156151344837046,0.46496835283355087,media-alta
-1.204363714554142,-0.42906386783759676,0.07121961124938686,-0.350849339244758,-1.1858218751295624,1.1747028803886062,1.2105007325322406,-1.722865124033172,-0.47646607973188293,-1.5630679529998794,1.524868158718366,0.46496835283355087,media-alta
-0.7654169198207343,-0.42906386783759676,-0.8435171463869515,-0.042613958416795765,-0.7442697707645091,-0.5301551661578422,0.1809287237511049,0.0055797472648372705,0.5742389746922008,-1.7440658386344736,-0.333740029840034,0.46496835283355087,media-baja
-1.4238371119208457,-0.42906386783759676,-1.209411849441487,-0.9673201009006824,-1.075433849038299,0.6291483054937427,-0.1762697282750034,-1.4448635013768554,1.5498936680859912,-1.0200742960960971,0.5466533226349978,0.46496835283355087,alta
-0.5459435224540315,-0.5052993229265984,-0.020254064514247064,-0.8961888591711527,-0.8546577968557721,0.08359373059887917,0.09688202915672646,-0.921092328256248,1.474843307055701,-0.38658169637501816,0.8401177734600089,0.46496835283355087,media-alta
-1.5335738106041972,-0.39094614029309593,-0.2946750918051483,0.3841734919603829,-0.7994637838101408,1.0383142366648903,0.5801505230744024,-0.5625105251198,1.099591501904241,-0.6580785248269091,0.3510103554183248,0.46496835283355087,alta
0.661160163062839,2.8490607009894706,1.626272099231162,-0.825057617441623,3.5608632467947627,-0.7347381317434161,-0.2182930755721926,0.9725419130260105,-0.026163913550132773,1.7853929312401111,-1.1163118987067275,-2.1506840065693225,media-baja
-0.32647012508732776,-0.20035750257059223,1.7177457749947957,1.9016399821903507,0.1388344379655979,1.1747028803886062,1.5046641636125648,1.2142824544662703,-0.926768245913633,-0.5675795820096119,-1.018490415098391,0.46496835283355087,media-baja
-1.753047207970901,-0.009768864848088104,0.6200616658311898,-0.6353743061628769,-0.9650458229470357,-1.4166813503619953,-1.1217950424617606,-1.4045734111368122,-0.7016171628227563,0.6994056174325465,0.3510103554183248,0.46496835283355087,media-alta
0.11247666964607989,-1.115182963638611,0.2541669627766547,0.26562142241116665,-0.4682997055363504,-1.0075154191908477,-0.2393047492207872,-0.6471197146239177,-1.6772718562165467,-1.0200742960960971,0.3510103554183248,0.46496835283355087,media-alta
-1.753047207970901,-1.1914184187276127,-0.8435171463869515,-0.18487644187585517,-1.130627862083931,-0.0527949131248367,-0.42840981205813866,-0.2361607941754225,0.19898716954074397,-1.3820700673652857,-1.018490415098391,0.46496835283355087,media-alta
-0.5459435224540315,-0.6577702331046015,-1.0264644979142192,1.451142117903329,-0.35791167944508734,0.9701199148030323,0.1809287237511049,0.6663372272016547,-1.9024229393074235,-0.024585925105829624,-0.7250259642733816,0.46496835283355087,media-alta
-0.8751536185040868,1.4768225093874428,-1.666780228259656,-0.7065055478924067,1.4082967380151268,-0.12098923498669463,-1.731133578271004,0.54546695648148,1.5498936680859912,2.1473887025092995,0.5466533226349978,-2.1506840065693225,media-alta
0.5514234643794865,1.7055288746544477,-0.7520434706233177,-0.7776367896219364,-1.1858218751295624,-1.2120983847764215,0.601162196722997,-0.5181914258557703,-1.30202005106509,-1.6535668958171765,-0.040275579015022815,0.46496835283355087,media-baja
0.0027399709627274923,0.9431743237644317,-0.38614876756878225,0.7398297006080317,0.35961049014812485,1.9930347427309014,0.7902672595603484,-0.7317289041280355,-0.40141571870158954,-1.3820700673652857,1.329225191501693,0.46496835283355087,media-alta
0.2222133683294313,-0.5052993229265984,0.437114314303922,1.8542191543706643,-0.026747601171296913,0.28817669618445296,1.6307342055041325,1.6977635373468791,-1.30202005106509,-0.4770806391923148,-1.5075978331400752,0.46496835283355087,alta
0.9903702591128941,0.86693886867543,0.437114314303922,-0.7065055478924067,1.353102724969495,-1.4166813503619953,-1.5630401890822472,1.2948626349464016,0.9494907798436576,-0.4770806391923148,-1.018490415098391,-2.1506840065693225,media-baja
1.209843656479597,-1.2676538738166143,1.534798423467528,-0.6116638922530336,0.08364042491996618,-0.4619608442959843,1.4206174690181865,0.24732028870514175,2.1502965563283247,-0.5675795820096119,0.4488318390266613,0.46496835283355087,alta
-0.10699672772062392,-0.6577702331046015,0.8030090173584576,-0.8724784452613094,0.6907745684219149,-0.6665438098815581,-1.1638183897589498,0.32790046918522836,2.1502965563283247,1.061401388701735,0.6444748062433342,-2.1506840065693225,media-baja
1.8682638485797094,2.2391770602774583,-1.5753065524960221,-0.6827951339825634,0.9115506206044418,-1.4166813503619953,-1.6891102309738149,1.0128320032660538,-0.17626463561071615,0.6994056174325465,-0.9206689314900546,-2.1506840065693225,media-baja
0.0027399709627274923,-1.2676538738166143,0.2541669627766547,0.004806869402890774,-0.9098518099014039,0.1517880524607371,-0.38638646476094946,0.3681905594252716,1.1746418629345343,0.06591301771146751,-1.1163118987067275,0.46496835283355087,alta
-0.5459435224540315,-0.047886592392588925,-2.215622282841459,-0.8961888591711527,-0.9650458229470357,1.6520631334216116,0.4540804811828347,-0.9291503463042655,-0.40141571870158954,-0.8390764104615033,-0.43156151344837046,0.46496835283355087,media-baja
-0.21673342640397533,-0.9627120534606078,0.8030090173584576,-0.919899273080996,-0.7994637838101408,-1.1439040629145636,-1.415958473542085,-1.4045734111368122,-1.001818606943923,1.5138961027882205,1.0357607406766818,0.46496835283355087,alta
0.44168676569613513,-0.5815347780156,-0.020254064514247064,1.8542191543706643,-0.026747601171296913,-0.32557220057226843,1.2105007325322406,1.7944597539229563,-1.2269696900348,0.15641196052876463,-1.3119548659234022,0.46496835283355087,media-alta
-0.21673342640397533,-0.5815347780156,0.16269328701302077,1.7119566709116047,-0.24752365335382384,1.1065085585267482,0.6431855440201861,1.5768932666267046,0.4991886136619074,2.3283865881438937,-0.822847447881718,0.46496835283355087,media-alta
-0.5459435224540315,1.5530579644764444,-2.1241486070778253,-0.6827951339825634,1.077132659741337,-1.2120983847764215,-2.0252970093513287,-0.3247989927035267,1.3997929460254077,1.8758918740574082,2.0139755767600502,-2.1506840065693225,alta
0.661160163062839,2.0104706950104534,-1.9412012555505576,-0.825057617441623,2.84334107720155,-0.18918355684855256,-0.2813280965179764,0.5092058752654679,-1.001818606943923,-0.2055838107404239,-0.6272044806650434,-2.1506840065693225,media-alta
-1.5335738106041972,-0.3528284127485951,-1.3923592009687547,0.882092184067091,0.1388344379655979,0.08359373059887917,-0.2393047492207872,0.14256605408100237,1.099591501904241,-1.2915711245479884,-0.040275579015022815,0.46496835283355087,media-alta
0.9903702591128941,-0.12412204748159057,1.626272099231162,0.9769338397064642,-0.24752365335382384,1.1065085585267482,1.3785941217209974,0.8113815520657925,-0.551516440762173,-0.296082753557721,-0.43156151344837046,0.46496835283355087,media-baja
-1.204363714554142,-0.7340056881936031,-0.7520434706233177,-0.06632437232663893,-0.3027176663994556,-1.4166813503619953,-0.008176339086246558,-0.7156128680320003,-2.052523661368007,1.061401388701735,-0.43156151344837046,0.46496835283355087,media-alta
0.44168676569613513,0.7144679584974267,-1.4838328767323885,-0.37455975315460116,2.953729103292814,-0.12098923498669463,-0.5965032012468955,1.3996168695704962,-0.551516440762173,0.6089066746152493,-1.3119548659234022,-2.1506840065693225,media-baja
-0.8751536185040868,-1.0389475085496094,0.437114314303922,-0.9673201009006824,-0.9098518099014039,-0.32557220057226843,-0.2393047492207872,-1.4690375555209083,-0.40141571870158954,-0.024585925105829624,0.5466533226349978,0.46496835283355087,media-alta
-0.10699672772062392,-0.6577702331046015,0.16269328701302077,0.12335893895210702,-0.5786877316276139,-0.39376652243412635,0.2859870919940779,0.24732028870514175,-0.17626463561071615,0.6089066746152493,-0.9206689314900546,0.46496835283355087,media-alta
-0.9848903171874382,0.10458431778541437,-0.38614876756878225,-0.0900347862364821,-0.7994637838101408,-0.0527949131248367,0.2439637446968887,-0.6793517868159434,-0.1012142745804228,-0.8390764104615033,-0.040275579015022815,0.46496835283355087,alta
-0.32647012508732776,0.028348862696412718,0.7115353415948238,1.0243546675261506,-1.3514039142664576,0.21998237432259504,0.03384700821094265,-0.6148876424318921,-0.2513149966410062,-1.4725690101825828,1.6226896423267025,0.46496835283355087,media-alta
0.11247666964607989,-0.8102411432826048,0.894482693122091,-0.9436096869908392,-0.7994637838101408,0.1517880524607371,-0.7856082640842469,-0.9613824184962912,-0.32636535767129954,-0.024585925105829624,-0.040275579015022815,0.46496835283355087,media-baja
-1.204363714554142,0.180819772874416,-0.6605697948596839,0.02851728331273415,0.5251925292850197,-0.5301551661578422,0.07587035550813186,0.28761037894518504,0.27403753057103397,-0.6580785248269091,-1.4097763495317386,0.46496835283355087,alta
-0.7654169198207343,-0.12412204748159057,0.6200616658311898,0.597567217148972,-0.24752365335382384,0.28817669618445296,1.4626408163153757,0.44877073990540295,-0.8517178848833398,-1.2915711245479884,-1.4097763495317386,0.46496835283355087,media-baja
0.11247666964607989,2.31541251536646,-2.307095958605093,-0.6116638922530336,1.4634907510607584,-1.0757097410527057,-0.7856082640842469,1.238456508610323,2.2253469173586145,0.24691090334606178,-0.9206689314900546,-2.1506840065693225,media-baja
0.3319500670127837,-0.5052993229265984,0.437114314303922,1.8779295682805073,0.9115506206044418,1.5156744896978958,1.1684773852350512,1.2948626349464016,-1.5271711341559666,-0.296082753557721,-1.4097763495317386,0.46496835283355087,media-alta
0.0027399709627274923,-0.8864765983716062,-0.020254064514247064,0.3723182850054611,0.1388344379655979,0.08359373059887917,1.8618626156386733,0.5978440737935721,0.7243396967527841,0.6994056174325465,-0.040275579015022815,0.46496835283355087,media-alta
2.0877372459464123,0.9431743237644317,1.626272099231162,-0.6827951339825634,1.51868476410639,-0.32557220057226843,-0.029188012734841163,1.3754428154264882,0.12393680851045061,0.6089066746152493,-1.2141333823150657,-2.1506840065693225,media-baja
0.5514234643794865,0.7144679584974267,1.626272099231162,-0.7776367896219364,2.0706248945627066,-1.0075154191908477,-1.6680985573252203,1.4560229959065747,2.0001958342677413,1.1519003315190322,-1.3119548659234022,-2.1506840065693225,media-baja
1.4293170538463018,-1.115182963638611,-0.020254064514247064,0.3367526641406964,-0.6890757577188773,-0.12098923498669463,0.2019403973996995,0.04586983750492529,-0.8517178848833398,-1.7440658386344736,0.15536738820165014,0.46496835283355087,alta
-1.5335738106041972,0.6382325034084255,0.3456406385402881,-0.042613958416795765,-1.3514039142664576,-0.9393210973289898,-0.197281401923598,-1.5576757540490125,-0.2513149966410062,1.4233971599709234,1.9161540931517136,0.46496835283355087,media-alta
2.52668404067982,2.086706150099455,-1.5753065524960221,-0.7776367896219364,1.8498488423801807,-0.39376652243412635,-1.5630401890822472,1.496313086146618,-0.551516440762173,0.42790878898065604,-0.7250259642733816,-2.1506840065693225,media-baja
-0.7654169198207343,2.8490607009894706,-2.0326749313141916,0.5501463893292855,-0.35791167944508734,0.21998237432259504,0.4540804811828347,0.16674010822505517,0.34908789160132403,-1.2010721817306913,-0.333740029840034,0.46496835283355087,media-alta
-0.21673342640397533,-0.6577702331046015,0.6200616658311898,0.7161192866981885,-0.1923296403081921,1.1065085585267482,0.8322906068575376,0.40848064966531494,0.9494907798436576,0.06591301771146751,0.05754590459331366,0.46496835283355087,alta
0.11247666964607989,-1.1914184187276127,1.626272099231162,-0.9436096869908392,-0.7442697707645091,-0.2573778787104105,-0.38638646476094946,-0.8002220575361181,0.12393680851045061,0.5184077317979522,0.15536738820165014,0.46496835283355087,media-alta
0.44168676569613513,2.0104706950104534,-1.5753065524960221,-0.7302159618022499,1.4634907510607584,-0.2573778787104105,-1.310900105299112,0.7710914618257493,0.4991886136619074,0.6994056174325465,-0.6272044806650434,-2.1506840065693225,media-baja
-0.8751536185040868,-1.0389475085496094,-0.8435171463869515,-0.8961888591711527,-0.41310569249071905,0.9701199148030323,0.6852088913173754,-0.8082800755840909,-0.17626463561071615,-0.296082753557721,-0.2359185462316975,0.46496835283355087,media-baja
0.3319500670127837,0.4095261381414205,-0.47762244333241616,1.0243546675261506,-0.026747601171296913,0.1517880524607371,0.2439637446968887,0.6824532632976451,-0.6265668017924663,-0.4770806391923148,-0.040275579015022815,0.46496835283355087,media-baja
-1.5335738106041972,-0.7340056881936031,-0.8435171463869515,2.695938848170099,-0.35791167944508734,0.5609539836318848,-0.2603164228693818,1.6776184922268575,0.19898716954074397,-0.296082753557721,-1.4097763495317386,0.46496835283355087,media-alta
1.3195803551629504,0.7907034135864284,0.6200616658311898,-0.6590847200727202,2.401788972836497,-0.4619608442959843,-1.310900105299112,1.4157329056665315,0.7243396967527841,1.6948939884228138,0.3510103554183248,-2.1506840065693225,media-alta
-0.21673342640397533,-0.5052993229265984,0.3456406385402881,-0.9436096869908392,-0.6338817446732457,-0.12098923498669463,1.441629142666781,-1.4448635013768554,-0.6265668017924663,0.06591301771146751,0.5466533226349978,0.46496835283355087,media-alta
-0.9848903171874382,-0.5815347780156,-0.2946750918051483,1.640825429182075,-0.08194161421692865,1.5838688115597537,0.2229520710482941,0.32790046918522836,-0.17626463561071615,-1.2915711245479884,0.2531888718099866,0.46496835283355087,media-alta
-0.21673342640397533,-0.9627120534606078,0.3456406385402881,-0.06632437232663893,0.9115506206044418,0.08359373059887917,0.5801505230744024,0.24732028870514175,1.099591501904241,-0.296082753557721,-0.6272044806650434,0.46496835283355087,media-baja
1.9780005472630608,1.400587054298441,-0.9349908221505855,-0.7302159618022499,2.0706248945627066,-0.6665438098815581,-1.7521452519195988,1.0208900213140715,0.8744404188133675,2.8713802450476757,0.6444748062433342,-2.1506840065693225,media-alta
-0.32647012508732776,-0.42906386783759676,-0.2032014160415149,1.5696941874525454,0.08364042491996618,1.5838688115597537,0.7902672595603484,0.43265470380936777,-1.3770704120953832,0.6089066746152493,-0.040275579015022815,0.46496835283355087,media-alta
-0.32647012508732776,0.4857615932304222,-0.2032014160415149,1.0954859092556803,-0.7442697707645091,0.6291483054937427,0.49610382848002393,-0.4537272814716742,-0.7766675238530497,-1.2915711245479884,1.0357607406766818,0.46496835283355087,media-alta
0.3319500670127837,-0.5052993229265984,0.437114314303922,1.8779295682805073,0.9115506206044418,1.5156744896978958,1.1684773852350512,1.2948626349464016,-1.5271711341559666,-0.296082753557721,-1.4097763495317386,0.46496835283355087,media-alta
0.661160163062839,0.5619970483194239,-1.75825390402329,-0.8487680313514662,2.5673710119733926,-0.802932453605274,-2.004285335702734,0.6341051550095842,-0.40141571870158954,-0.2055838107404239,-1.018490415098391,-2.1506840065693225,media-baja
-0.32647012508732776,-0.6577702331046015,1.534798423467528,-0.8961888591711527,-0.7994637838101408,0.28817669618445296,0.8953256278033214,-1.1144847614084916,-0.2513149966410062,-0.5675795820096119,0.8401177734600089,0.46496835283355087,media-alta
-0.32647012508732776,-1.2676538738166143,-0.11172774027788097,0.004806869402890774,-0.026747601171296913,0.6291483054937427,0.09688202915672646,-0.07500043321524931,1.3997929460254077,-1.1105732389133942,-0.7250259642733816,0.46496835283355087,media-alta
0.5514234643794865,-0.8864765983716062,0.2541669627766547,-0.825057617441623,-0.5234937185819821,0.7655369492174585,0.5381271757772131,-0.41746620025566206,1.0245411408739509,1.3328982171536263,0.6444748062433342,0.46496835283355087,media-alta
-0.8751536185040868,-0.5815347780156,-0.8435171463869515,1.5696941874525454,-0.026747601171296913,2.3340063520401912,1.189489058883646,0.8879327235218928,-1.1519193290045064,0.6089066746152493,-1.1163118987067275,0.46496835283355087,media-alta
-0.43620682377067915,-0.8864765983716062,0.894482693122091,0.9058025979769342,-0.35791167944508734,1.311091524112322,0.916337301451916,0.40848064966531494,-0.551516440762173,0.6089066746152493,-0.6272044806650434,0.46496835283355087,media-alta
-0.655680221137383,-0.20035750257059223,-0.47762244333241616,0.40788390587022605,-0.5786877316276139,-0.8711267754671319,-0.197281401923598,-0.292566920511501,-0.32636535767129954,-1.2010721817306913,-0.2359185462316975,0.46496835283355087,media-alta
-0.21673342640397533,0.4095261381414205,-0.7520434706233177,1.0006442536163074,0.35961049014812485,1.5838688115597537,0.916337301451916,0.5212929023374719,0.12393680851045061,-0.8390764104615033,-0.43156151344837046,0.46496835283355087,media-baja
1.209843656479597,-0.8864765983716062,0.6200616658311898,-0.4219805809742877,0.1388344379655979,0.6973426273556006,1.0844306906406729,-0.5343074619517607,0.048886447480160584,-0.9295753532788005,1.1335822242850184,0.46496835283355087,media-baja
-1.5335738106041972,-0.7340056881936031,-0.8435171463869515,2.695938848170099,-0.35791167944508734,0.5609539836318848,-0.2603164228693818,1.6776184922268575,0.19898716954074397,-0.296082753557721,-1.4097763495317386,0.46496835283355087,media-alta
-0.43620682377067915,2.31541251536646,-0.6605697948596839,-0.9910305148105255,-0.6338817446732457,-1.6894586378094272,-1.268876758001923,-0.39732115513564037,1.474843307055701,-1.7440658386344736,-0.040275579015022815,0.46496835283355087,media-baja
-1.0946270158707905,0.028348862696412718,-0.6605697948596839,-0.8961888591711527,-0.7994637838101408,0.4927596617700268,0.03384700821094265,-1.847764403777333,0.5742389746922008,-0.8390764104615033,1.9161540931517136,0.46496835283355087,alta
1.209843656479597,-1.0389475085496094,1.626272099231162,-0.9910305148105255,-0.9650458229470357,-0.18918355684855256,-0.8696549586786253,-0.8405121477761613,-1.6022214951862566,1.5138961027882205,-0.040275579015022815,0.46496835283355087,alta
1.4293170538463018,0.3332906830524189,0.07121961124938686,-0.7302159618022499,1.6842668032432853,0.08359373059887917,-0.9116783059758146,0.8113815520657925,0.6492893357224908,1.8758918740574082,0.5466533226349978,-2.1506840065693225,media-alta
-0.7654169198207343,-0.3528284127485951,1.626272099231162,0.4790151475997558,-0.24752365335382384,1.5156744896978958,1.7568042473957002,0.48906083014544627,0.19898716954074397,-0.7485774676442062,-1.2141333823150657,0.46496835283355087,media-alta
-0.7654169198207343,-0.20035750257059223,-0.11172774027788097,-0.5642430644333472,-0.7994637838101408,-0.39376652243412635,-0.9116783059758146,-1.6181108894090774,0.5742389746922008,0.7899045602498436,1.9161540931517136,0.46496835283355087,alta
-0.655680221137383,-0.12412204748159057,0.07121961124938686,-0.7776367896219364,-0.35791167944508734,0.21998237432259504,-0.6805498958412739,-1.021817553856356,1.1746418629345343,1.5138961027882205,0.5466533226349978,0.46496835283355087,alta
-0.10699672772062392,-0.047886592392588925,-0.47762244333241616,0.5027255615095991,1.0219386466957052,-0.18918355684855256,0.7902672595603484,0.40848064966531494,-0.6265668017924663,-0.4770806391923148,-0.6272044806650434,0.46496835283355087,media-alta
-0.8751536185040868,-1.115182963638611,0.07121961124938686,-0.2560076836053849,-0.5786877316276139,0.42456533990816886,-0.11323470732921957,-1.0339045809283602,0.19898716954074397,-0.7485774676442062,0.8401177734600089,0.46496835283355087,media-alta
-0.7654169198207343,-0.12412204748159057,1.8092194507584298,0.052227697222577314,-0.13713562726256037,2.1294233864546173,1.0424073433434837,-0.07500043321524931,-1.001818606943923,-0.5675795820096119,-1.3119548659234022,0.46496835283355087,media-alta
0.661160163062839,-0.27659295765959346,-0.2032014160415149,0.3841734919603829,-0.5234937185819821,-0.12098923498669463,0.8533022805061322,0.32790046918522836,1.6999943901465744,0.7899045602498436,0.05754590459331366,0.46496835283355087,media-alta
-1.6433105092875497,0.028348862696412718,0.16269328701302077,0.5027255615095991,-0.7442697707645091,-0.39376652243412635,-0.5754915275983009,-0.6874098048639611,0.27403753057103397,-0.2055838107404239,0.6444748062433342,0.46496835283355087,media-alta
-0.9848903171874382,-0.5052993229265984,1.1689037204129928,2.494400329936432,0.35961049014812485,0.5609539836318848,0.9373489751005106,1.47213903200261,-0.551516440762173,-0.024585925105829624,-1.2141333823150657,0.46496835283355087,media-baja
-1.0946270158707905,0.10458431778541437,0.07121961124938686,0.597567217148972,0.08364042491996618,1.4474801678360378,1.2735357534780243,0.8798747054738751,1.3247425849951178,1.2423992743363292,-0.9206689314900546,0.46496835283355087,media-baja
-0.43620682377067915,-0.5815347780156,0.894482693122091,-0.5642430644333472,-0.6338817446732457,1.1747028803886062,-0.008176339086246558,-1.5576757540490125,0.27403753057103397,-0.7485774676442062,1.524868158718366,0.46496835283355087,media-baja
1.3195803551629504,-0.047886592392588925,0.7115353415948238,-0.6827951339825634,1.51868476410639,-0.9393210973289898,-1.6680985573252203,0.02169578336087248,0.7243396967527841,2.3283865881438937,2.0139755767600502,-2.1506840065693225,alta
-1.5335738106041972,0.028348862696412718,1.7177457749947957,-0.6353743061628769,-0.08194161421692865,-0.9393210973289898,0.6852088913173754,-0.6793517868159434,0.048886447480160584,1.1519003315190322,-0.43156151344837046,0.46496835283355087,media-alta
0.5514234643794865,1.2481161441204378,-0.020254064514247064,0.9769338397064642,-0.24752365335382384,-1.6894586378094272,1.5046641636125648,1.1095282198421756,-1.0768689679742165,0.8804035030671407,-1.018490415098391,0.46496835283355087,media-baja
-0.10699672772062392,-1.3438893289056157,-0.2946750918051483,-0.9436096869908392,-1.3514039142664576,-1.4166813503619953,-1.3949467998934904,-0.3489730468475795,1.8500951122071578,-0.5675795820096119,-0.5293829970567069,0.46496835283355087,media-baja
-0.21673342640397533,-1.1914184187276127,-0.11172774027788097,1.0243546675261506,0.35961049014812485,1.311091524112322,1.3155591007752134,1.3754428154264882,1.3247425849951178,-1.2010721817306913,-0.822847447881718,0.46496835283355087,media-alta
-0.32647012508732776,2.696589790811468,-1.4838328767323885,-0.825057617441623,3.7264452859316575,-1.2120983847764215,-2.151367051242896,0.40848064966531494,1.5498936680859912,1.4233971599709234,0.8401177734600089,-2.1506840065693225,media-alta
2.0877372459464123,0.86693886867543,0.2541669627766547,-0.6590847200727202,1.6290727901976536,-0.32557220057226843,-0.7645965904356523,1.7380536275869225,1.2496922239648243,0.9709024458844379,-0.9206689314900546,-2.1506840065693225,media-alta
-1.204363714554142,-1.115182963638611,-0.2032014160415149,1.0480650814359935,-0.35791167944508734,0.1517880524607371,-0.5124565066525171,0.39236461356932445,-0.7016171628227563,-1.3820700673652857,-1.2141333823150657,0.46496835283355087,media-alta
0.8806335604295428,-1.0389475085496094,0.16269328701302077,-0.9673201009006824,-0.9650458229470357,-0.7347381317434161,-1.0587600215159767,-0.8808022380162046,-0.7016171628227563,-1.2010721817306913,0.05754590459331366,0.46496835283355087,alta
3.075367534096579,3.230237976434479,-1.117938173677853,0.12335893895210702,3.3400871946122357,0.1517880524607371,-0.9747133269215984,1.7702856997789482,-0.551516440762173,0.3374098461633589,-1.018490415098391,-2.1506840065693225,media-baja
1.1001069577962457,-0.7340056881936031,-0.2946750918051483,0.5738568032391288,-0.41310569249071905,1.7884517771453274,1.126454037937862,0.40848064966531494,-0.7016171628227563,0.3374098461633589,-0.43156151344837046,0.46496835283355087,media-baja
-0.5459435224540315,-0.7340056881936031,1.9921668022856975,2.3284274325675294,0.08364042491996618,-0.5983494880197001,0.2859870919940779,1.6977635373468791,-2.052523661368007,-1.4725690101825828,-1.018490415098391,0.46496835283355087,media-baja
-0.7654169198207343,-0.3528284127485951,-0.2032014160415149,-0.3271389253349147,-0.9098518099014039,2.1294233864546173,0.3700337865884563,-0.8123090846081221,-0.8517178848833398,0.6994056174325465,0.6444748062433342,0.46496835283355087,media-alta
1.758527149896356,0.180819772874416,1.3518510719402608,2.020192051739567,0.24922246405686138,2.5385893176257652,1.5887108582069434,1.7783437178269659,1.099591501904241,-1.2915711245479884,-0.9206689314900546,0.46496835283355087,media-alta
-0.9848903171874382,-0.8864765983716062,-0.5690961190960501,2.3047170186576857,0.24922246405686138,-1.5530699940857113,-0.05019968638343576,1.323065698114396,-0.17626463561071615,0.15641196052876463,-0.822847447881718,0.46496835283355087,media-alta
-1.4238371119208457,-0.5815347780156,-0.47762244333241616,1.1310515301204453,-0.6338817446732457,2.1976177083164754,0.8322906068575376,-0.25630583929544415,0.8744404188133675,-0.11508486792312675,0.7422962898516707,0.46496835283355087,media-alta
0.5514234643794865,-1.0389475085496094,1.3518510719402608,1.16661715098521,0.24922246405686138,1.8566460990071854,0.26497541834548327,0.9725419130260105,-0.551516440762173,-0.7485774676442062,-0.5293829970567069,0.46496835283355087,media-alta
0.44168676569613513,-1.115182963638611,0.07121961124938686,-0.8487680313514662,-0.5786877316276139,1.37928584597418,0.5381271757772131,-1.1225427794564644,-0.026163913550132773,-0.6580785248269091,1.0357607406766818,0.46496835283355087,alta
-0.10699672772062392,0.7907034135864284,0.3456406385402881,-0.8724784452613094,2.0706248945627066,-1.0075154191908477,-1.7521452519195988,0.6905112813456628,0.9494907798436576,0.3374098461633589,-1.2141333823150657,-2.1506840065693225,media-baja
-1.204363714554142,1.7055288746544477,-2.307095958605093,-0.825057617441623,-0.026747601171296913,0.4927596617700268,-0.7015615694898685,-0.8163380936321085,0.6492893357224908,-0.11508486792312675,0.10645664639748276,-2.1506840065693225,media-alta
-0.21673342640397533,-0.047886592392588925,0.07121961124938686,-0.8724784452613094,-0.7994637838101408,0.21998237432259504,-0.1762697282750034,-1.4932116096649164,-0.17626463561071615,-0.5675795820096119,0.9379392570683454,0.46496835283355087,alta
1.209843656479597,-0.27659295765959346,2.632482532631134,-0.540532650523504,2.953729103292814,-1.4166813503619953,-2.109343703945707,1.568835248578687,1.3247425849951178,1.5138961027882205,0.15536738820165014,-2.1506840065693225,media-baja
-0.7654169198207343,1.095645233942435,-0.8435171463869515,2.2335857769281557,-0.1923296403081921,1.37928584597418,1.2735357534780243,1.5668207440667161,1.3247425849951178,0.7899045602498436,0.05754590459331366,0.46496835283355087,media-baja
0.661160163062839,0.5619970483194239,-1.75825390402329,-0.8487680313514662,2.5673710119733926,-0.802932453605274,-2.004285335702734,0.6341051550095842,-0.40141571870158954,-0.2055838107404239,-1.018490415098391,-2.1506840065693225,media-baja
-1.204363714554142,-0.42906386783759676,0.07121961124938686,-0.4219805809742877,-1.241015888175194,-0.12098923498669463,-0.197281401923598,-1.2837031404166823,1.3997929460254077,1.7853929312401111,1.8183326095433772,0.46496835283355087,alta
1.1001069577962457,-0.27659295765959346,0.8030090173584576,0.3841734919603829,-0.026747601171296913,-0.0527949131248367,-0.5334681803011116,0.28761037894518504,0.34908789160132403,-0.6580785248269091,-0.333740029840034,0.46496835283355087,media-alta
-0.32647012508732776,-0.42906386783759676,1.1689037204129928,0.6924088727883448,-0.24752365335382384,1.4474801678360378,1.2735357534780243,0.5857570467215233,-0.1012142745804228,-0.024585925105829624,-1.018490415098391,0.46496835283355087,media-baja
-0.9848903171874382,0.10458431778541437,0.894482693122091,2.7315044690348644,-0.7442697707645091,1.8566460990071854,1.0634190169920783,1.7864017358749835,0.27403753057103397,0.5184077317979522,-1.018490415098391,0.46496835283355087,media-alta
0.3319500670127837,-0.047886592392588925,1.534798423467528,2.11503370737894,-0.4682997055363504,2.1294233864546173,1.714780900098511,1.5768932666267046,-1.1519193290045064,0.6994056174325465,-1.018490415098391,0.46496835283355087,media-baja
-0.21673342640397533,1.3243515992094395,-1.9412012555505576,-0.7065055478924067,1.2979087119238633,-1.2802927066382794,-1.9412503147569502,0.6099311008655761,1.5498936680859912,0.6089066746152493,-0.2359185462316975,-2.1506840065693225,media-alta
-1.204363714554142,0.028348862696412718,0.16269328701302077,1.0954859092556803,-1.0202398359926674,-0.5983494880197001,-0.6805498958412739,-0.7276998951040043,-0.8517178848833398,-0.7485774676442062,1.6226896423267025,0.46496835283355087,alta
-0.7654169198207343,-0.047886592392588925,-0.020254064514247064,1.806798326550978,-0.3027176663994556,1.6520631334216116,0.811278933208943,0.43265470380936777,-1.4521207731256733,0.6994056174325465,-0.2359185462316975,0.46496835283355087,media-baja
-1.0946270158707905,0.4857615932304222,-1.4838328767323885,-0.825057617441623,1.1875206858325997,-1.6894586378094272,-2.172378724891491,0.44877073990540295,1.5498936680859912,0.5184077317979522,-1.018490415098391,-2.1506840065693225,media-baja
-0.43620682377067915,-0.12412204748159057,1.626272099231162,-0.11374520014632547,-0.9098518099014039,0.3563710180463109,0.7482439122631592,0.04586983750492529,-0.7016171628227563,-0.5675795820096119,-0.5293829970567069,0.46496835283355087,media-alta
-0.32647012508732776,2.77282524590047,-0.9349908221505855,-0.7539263757120932,1.077132659741337,-1.4848756722238534,-2.0883320302971122,0.43265470380936777,1.2496922239648243,0.7899045602498436,-0.1380970626233593,-2.1506840065693225,media-baja
0.44168676569613513,0.028348862696412718,-0.6605697948596839,-0.161166027966012,0.1388344379655979,-1.5530699940857113,0.2439637446968887,0.5696410106255329,-0.551516440762173,-0.11508486792312675,-1.3119548659234022,0.46496835283355087,baja
1.1001069577962457,-0.20035750257059223,1.626272099231162,0.43159431978006924,-0.4682997055363504,-0.5983494880197001,0.03384700821094265,0.0055797472648372705,-0.551516440762173,-0.9295753532788005,0.3510103554183248,0.46496835283355087,media-alta
-0.10699672772062392,1.629293419565446,-2.672990661659628,-1.014740928720369,-0.7994637838101408,0.5609539836318848,-0.3233514438151656,-0.5584815160958135,-0.1012142745804228,-1.7440658386344736,-1.4097763495317386,0.46496835283355087,media-baja
1.5390537525296533,-0.5052993229265984,-0.020254064514247064,-0.5879534783431904,-1.0202398359926674,-1.3484870285001374,-1.2898884316505175,-1.005701517760321,-1.1519193290045064,-0.6580785248269091,1.0357607406766818,0.46496835283355087,media-alta
0.44168676569613513,-0.8102411432826048,0.2541669627766547,-0.9673201009006824,0.5251925292850197,-0.32557220057226843,-0.2393047492207872,-0.5181914258557703,2.2253469173586145,-0.38658169637501816,0.2531888718099866,0.46496835283355087,media-alta
-0.43620682377067915,-0.8864765983716062,-0.6605697948596839,0.28933183632100984,-0.35791167944508734,-0.18918355684855256,-0.47043315935532787,-0.36508908294356995,-0.7016171628227563,-1.6535668958171765,-0.2359185462316975,0.46496835283355087,media-alta
-1.5335738106041972,-1.1914184187276127,0.07121961124938686,-0.9673201009006824,-0.7994637838101408,-1.6212643159475693,-0.7015615694898685,-1.3199642216326943,0.34908789160132403,-0.296082753557721,0.5466533226349978,0.46496835283355087,media-baja
-0.655680221137383,-0.20035750257059223,1.9006931265220637,0.6212776310588154,-0.08194161421692865,0.28817669618445296,1.4626408163153757,0.4527997489293894,-0.40141571870158954,-0.024585925105829624,-0.9206689314900546,0.46496835283355087,media-alta
0.44168676569613513,-1.0389475085496094,0.528587990067556,0.2182005945914801,-0.026747601171296913,-0.6665438098815581,0.3280104392912671,0.43265470380936777,-0.1012142745804228,0.3374098461633589,0.05754590459331366,0.46496835283355087,media-alta
1.5390537525296533,-1.1914184187276127,0.16269328701302077,-1.014740928720369,1.4082967380151268,-0.9393210973289898,-1.3739351262448958,-0.921092328256248,-0.551516440762173,-0.4770806391923148,0.15536738820165014,0.46496835283355087,media-alta
1.209843656479597,2.4678834255444633,-0.38614876756878225,-0.7776367896219364,2.456982985882129,-1.757652959671285,-0.9537016532730037,1.2424855176343095,-0.6265668017924663,0.9709024458844379,-1.3119548659234022,-2.1506840065693225,media-alta
-1.5335738106041972,-0.7340056881936031,-1.0264644979142192,2.5418211577561185,-0.35791167944508734,0.6973426273556006,-0.197281401923598,1.7058215553948521,0.048886447480160584,-0.4770806391923148,-1.5075978331400752,0.46496835283355087,media-alta
-0.10699672772062392,0.028348862696412718,0.3456406385402881,-0.8961888591711527,-0.6338817446732457,-0.4619608442959843,0.05485868185953725,-1.0419625989763779,-0.32636535767129954,1.1519003315190322,1.720511125935039,0.46496835283355087,media-alta
0.661160163062839,-0.5052993229265984,-0.11172774027788097,0.597567217148972,-0.6890757577188773,2.470394995763907,1.5466875109097542,0.4689157850254246,-0.8517178848833398,-0.11508486792312675,-0.333740029840034,0.46496835283355087,media-baja
0.5514234643794865,1.3243515992094395,0.16269328701302077,-0.8013472035317797,1.2979087119238633,-0.2573778787104105,-0.7856082640842469,1.077296147650105,1.474843307055701,0.6089066746152493,-1.4097763495317386,-2.1506840065693225,media-baja
0.9903702591128941,1.0194097788534333,-0.2946750918051483,1.3088796344442697,0.02844641187433444,-0.39376652243412635,0.7272322386145645,0.5293509203854896,-1.1519193290045064,-0.38658169637501816,0.9379392570683454,0.46496835283355087,alta
1.4293170538463018,-1.0389475085496094,0.985956368885725,-0.042613958416795765,-0.7994637838101408,-1.6212643159475693,-0.9537016532730037,-0.1958707039353792,-0.40141571870158954,0.06591301771146751,1.2314037078933548,0.46496835283355087,media-baja
-1.5335738106041972,-0.047886592392588925,-0.2946750918051483,-0.27971809751522825,-1.130627862083931,-0.5983494880197001,-0.7645965904356523,-1.517385663808969,0.7243396967527841,-1.2010721817306913,1.2314037078933548,0.46496835283355087,alta
0.44168676569613513,-0.6577702331046015,0.07121961124938686,0.9295130118867774,-0.6890757577188773,1.5838688115597537,1.441629142666781,0.8919617325459239,-1.30202005106509,0.42790878898065604,-0.7250259642733816,0.46496835283355087,media-alta
-0.21673342640397533,-0.3528284127485951,0.894482693122091,-0.8487680313514662,-0.1923296403081921,-1.6894586378094272,0.2439637446968887,-0.5987716063358569,-0.47646607973188293,1.6043950456055167,0.9379392570683454,0.46496835283355087,media-alta
-0.7654169198207343,-0.047886592392588925,-2.0326749313141916,-0.919899273080996,0.85635660755881,-1.0757097410527057,-1.9832736620541394,0.08213091872093742,1.5498936680859912,1.6948939884228138,-0.43156151344837046,-2.1506840065693225,alta
-1.0946270158707905,-0.7340056881936031,1.626272099231162,-0.8961888591711527,0.02844641187433444,-0.8711267754671319,-0.7435849167870577,-0.6390616965759002,0.6492893357224908,-0.4770806391923148,-0.822847447881718,0.46496835283355087,media-baja
0.7708968617461903,2.1629416051884567,-0.47762244333241616,-0.7776367896219364,1.6290727901976536,0.015399408737021234,0.1809287237511049,0.7388593896337237,-0.026163913550132773,0.06591301771146751,-0.5293829970567069,-2.1506840065693225,media-baja
0.11247666964607989,-0.5815347780156,-0.6605697948596839,-0.8487680313514662,-0.3027176663994556,-0.8711267754671319,0.811278933208943,-0.9774984545923264,0.27403753057103397,0.15641196052876463,0.7422962898516707,0.46496835283355087,media-alta
0.11247666964607989,-0.27659295765959346,-0.47762244333241616,1.7119566709116047,-0.24752365335382384,1.1747028803886062,1.189489058883646,1.2545725447063583,-0.8517178848833398,0.06591301771146751,-1.4097763495317386,0.46496835283355087,media-alta
0.3319500670127837,-0.5052993229265984,0.528587990067556,1.949060810010037,0.5251925292850197,1.4474801678360378,1.4626408163153757,1.2545725447063583,-1.6022214951862566,-0.6580785248269091,-1.3119548659234022,0.46496835283355087,media-baja
-1.4238371119208457,-0.3528284127485951,-0.8435171463869515,1.7593774987312911,0.4148045031937566,0.7655369492174585,1.7568042473957002,0.08615992774496858,0.7993900577830741,-1.2010721817306913,1.8183326095433772,0.46496835283355087,media-alta
2.307210643313115,-1.1914184187276127,1.626272099231162,-0.7776367896219364,-0.35791167944508734,-0.8711267754671319,-0.3233514438151656,0.3037264150412203,-0.8517178848833398,0.15641196052876463,-0.2359185462316975,0.46496835283355087,baja
-0.43620682377067915,-0.047886592392588925,-2.1241486070778253,-0.9436096869908392,-0.6890757577188773,1.8566460990071854,0.5171155021286186,-0.8808022380162046,-0.2513149966410062,-0.4770806391923148,-0.43156151344837046,0.46496835283355087,media-baja
0.11247666964607989,-1.0389475085496094,0.894482693122091,-0.9673201009006824,-0.13713562726256037,0.6973426273556006,-0.5334681803011116,-1.0016725087363345,-0.551516440762173,-0.5675795820096119,-0.040275579015022815,0.46496835283355087,media-baja
-0.7654169198207343,-0.20035750257059223,2.358061505340232,-1.014740928720369,0.5251925292850197,-1.0757097410527057,-0.05019968638343576,-0.8002220575361181,-1.1519193290045064,-0.9295753532788005,-0.9206689314900546,0.46496835283355087,media-baja
-1.3141004132374934,-1.0389475085496094,-0.2946750918051483,-1.014740928720369,-0.7442697707645091,-0.4619608442959843,-0.722573243138463,-1.388457375040777,0.5742389746922008,0.3374098461633589,0.20427813000581924,0.46496835283355087,alta
-0.655680221137383,0.4095261381414205,0.16269328701302077,-0.4219805809742877,-0.7994637838101408,-0.5301551661578422,-0.6385265485440846,-1.2192389960325862,-0.2513149966410062,-1.2010721817306913,0.7422962898516707,0.46496835283355087,media-alta
0.0027399709627274923,-0.5052993229265984,1.626272099231162,-0.540532650523504,-1.130627862083931,-0.0527949131248367,-0.5544798539497062,-1.6463139525771167,-0.6265668017924663,-1.1105732389133942,1.8183326095433772,0.46496835283355087,alta
0.9903702591128941,2.1629416051884567,-0.8435171463869515,-0.7539263757120932,1.6290727901976536,-0.39376652243412635,-0.3653747911123548,0.7025983084176668,0.6492893357224908,-0.2055838107404239,-0.5293829970567069,-2.1506840065693225,media-baja
1.4293170538463018,0.180819772874416,0.985956368885725,-0.7539263757120932,1.1875206858325997,-0.5301551661578422,-1.8151802728653825,-0.18781268588736158,-0.7766675238530497,2.418885530961191,1.9161540931517136,-2.1506840065693225,media-alta
-0.7654169198207343,-1.115182963638611,0.07121961124938686,-0.6827951339825634,-0.13713562726256037,0.6973426273556006,1.6307342055041325,-0.2361607941754225,2.1502965563283247,-0.11508486792312675,-0.7250259642733816,0.46496835283355087,media-alta
0.0027399709627274923,0.028348862696412718,0.8030090173584576,-0.8961888591711527,-0.9098518099014039,-1.2120983847764215,-0.8066199377328415,0.0055797472648372705,1.5498936680859912,0.7899045602498436,-0.040275579015022815,0.46496835283355087,media-baja
-0.9848903171874382,-1.115182963638611,-0.2946750918051483,-0.13745561405616863,-0.7442697707645091,0.5609539836318848,0.2229520710482941,-0.5181914258557703,1.474843307055701,-0.4770806391923148,0.3510103554183248,0.46496835283355087,alta
-0.43620682377067915,3.3064734315234805,-1.75825390402329,-0.7776367896219364,1.9602368684714433,-1.2802927066382794,-0.8906666323272199,0.5696410106255329,1.2496922239648243,0.06591301771146751,-0.333740029840034,-2.1506840065693225,media-baja
-0.9848903171874382,-0.8102411432826048,-0.38614876756878225,-0.8487680313514662,-0.6890757577188773,0.6973426273556006,0.5801505230744024,-0.4376112453756837,2.0752461952980346,1.7853929312401111,0.05754590459331366,0.46496835283355087,alta
0.5514234643794865,-0.047886592392588925,-0.2032014160415149,1.23774839271474,-0.5786877316276139,-0.6665438098815581,0.47509215483142936,0.8919617325459239,-1.30202005106509,-1.4725690101825828,-1.018490415098391,0.46496835283355087,media-baja
0.44168676569613513,-0.6577702331046015,-0.2032014160415149,-0.6353743061628769,-1.075433849038299,-0.4619608442959843,-0.5124565066525171,-0.9855564726402993,-1.6022214951862566,0.24691090334606178,0.4488318390266613,0.46496835283355087,media-alta
0.44168676569613513,-0.5815347780156,-0.020254064514247064,1.8542191543706643,-0.026747601171296913,-0.32557220057226843,1.2105007325322406,1.7944597539229563,-1.2269696900348,0.15641196052876463,-1.3119548659234022,0.46496835283355087,media-alta
-0.655680221137383,-0.20035750257059223,1.9006931265220637,0.6212776310588154,-0.08194161421692865,0.28817669618445296,1.4626408163153757,0.4527997489293894,-0.40141571870158954,-0.024585925105829624,-0.9206689314900546,0.46496835283355087,media-alta
0.7708968617461903,-0.5815347780156,0.6200616658311898,-0.7539263757120932,0.4148045031937566,-1.1439040629145636,0.9373489751005106,-0.1555806136953359,-0.026163913550132773,0.3374098461633589,-0.5293829970567069,0.46496835283355087,media-baja
0.11247666964607989,-0.6577702331046015,0.6200616658311898,0.19449018068163673,0.9115506206044418,-0.7347381317434161,-0.6805498958412739,0.23120425260910654,-0.32636535767129954,2.5093844737784883,-0.7250259642733816,0.46496835283355087,media-baja
1.1001069577962457,-0.047886592392588925,-0.6605697948596839,-0.8724784452613094,-1.0202398359926674,-1.4166813503619953,-1.1638183897589498,-0.8002220575361181,-1.001818606943923,-0.38658169637501816,0.05754590459331366,0.46496835283355087,media-baja
-0.7654169198207343,-0.7340056881936031,1.626272099231162,0.5264359754194423,0.19402845101122965,0.7655369492174585,0.601162196722997,0.16674010822505517,0.42413825263161736,0.06591301771146751,-0.333740029840034,0.46496835283355087,media-alta
-0.8751536185040868,-0.5052993229265984,-0.7520434706233177,2.281006604747843,-0.6338817446732457,1.1065085585267482,0.4120571338856455,1.0732671386261188,-0.551516440762173,-1.4725690101825828,-0.7250259642733816,0.46496835283355087,media-alta
0.0027399709627274923,0.9431743237644317,-0.38614876756878225,0.7398297006080317,0.35961049014812485,1.9930347427309014,0.7902672595603484,-0.7317289041280355,-0.40141571870158954,-1.3820700673652857,1.329225191501693,0.46496835283355087,media-alta
-0.43620682377067915,-0.047886592392588925,0.985956368885725,0.26562142241116665,0.35961049014812485,-0.39376652243412635,0.5381271757772131,0.44877073990540295,-0.40141571870158954,-0.5675795820096119,-0.822847447881718,0.46496835283355087,media-baja
1.209843656479597,2.2391770602774583,1.2603773961766267,0.02851728331273415,-1.130627862083931,-1.0757097410527057,-0.09222303368062497,0.40848064966531494,-0.551516440762173,-1.5630679529998794,-0.822847447881718,0.46496835283355087,media-baja
0.44168676569613513,-1.3438893289056157,0.2541669627766547,-0.9436096869908392,0.24922246405686138,1.311091524112322,0.6431855440201861,0.04586983750492529,0.5742389746922008,2.599883416595785,-0.822847447881718,0.46496835283355087,media-alta
0.3319500670127837,-0.8864765983716062,-0.2946750918051483,0.9058025979769342,-0.1923296403081921,-0.12098923498669463,-0.5754915275983009,0.37624857747328927,-0.40141571870158954,-0.38658169637501816,-0.6272044806650434,0.46496835283355087,alta
0.8806335604295428,-0.5052993229265984,0.2541669627766547,1.451142117903329,-0.5786877316276139,1.5156744896978958,1.6727575528013219,1.0853541656981227,-0.7766675238530497,0.5184077317979522,-0.822847447881718,0.46496835283355087,media-alta
0.661160163062839,-0.27659295765959346,-0.6605697948596839,-0.6827951339825634,-0.35791167944508734,-0.12098923498669463,0.7272322386145645,-0.5101334078077526,0.42413825263161736,0.42790878898065604,0.15536738820165014,0.46496835283355087,media-alta
0.11247666964607989,0.4857615932304222,-0.11172774027788097,-0.825057617441623,1.2427146988782314,0.015399408737021234,-1.100783368813166,0.9926869581460321,1.5498936680859912,0.6994056174325465,-0.9206689314900546,-2.1506840065693225,media-alta
2.307210643313115,-1.0389475085496094,1.626272099231162,-0.8961888591711527,-0.5234937185819821,0.5609539836318848,0.15991705010251028,0.04586983750492529,-1.30202005106509,-0.2055838107404239,-0.6272044806650434,0.46496835283355087,alta
-0.5459435224540315,-0.42906386783759676,-0.5690961190960501,1.4985629457230154,-0.3027176663994556,0.9701199148030323,1.1684773852350512,1.0168610122900403,0.8744404188133675,-0.7485774676442062,-0.6272044806650434,0.46496835283355087,media-alta
0.5514234643794865,-0.9627120534606078,0.528587990067556,1.8542191543706643,-0.9650458229470357,1.4474801678360378,0.601162196722997,1.1578763281302364,-0.2513149966410062,2.5093844737784883,-0.040275579015022815,0.46496835283355087,media-alta
0.9903702591128941,1.9342352399214517,-0.7520434706233177,-0.49311182270381737,1.2427146988782314,-0.9393210973289898,-0.07121136003203037,0.9523968679059889,0.34908789160132403,0.5184077317979522,-1.1163118987067275,-2.1506840065693225,media-baja
0.44168676569613513,2.0104706950104534,-2.5815169858959943,-0.27971809751522825,1.6290727901976536,-0.2573778787104105,-1.6050635363794366,0.6179891189135938,-1.4521207731256733,-0.38658169637501816,-1.2141333823150657,-2.1506840065693225,media-baja
0.11247666964607989,-1.1914184187276127,-0.2032014160415149,-1.014740928720369,-1.075433849038299,0.6291483054937427,0.012835334562348047,-1.9364026023054373,-0.7016171628227563,-1.0200742960960971,1.6226896423267025,0.46496835283355087,alta
-1.0946270158707905,-0.3528284127485951,0.07121961124938686,0.2182005945914801,-0.13713562726256037,1.1065085585267482,0.811278933208943,-0.6350326875519137,0.048886447480160584,0.7899045602498436,0.5466533226349978,0.46496835283355087,media-alta
-0.5459435224540315,1.095645233942435,1.626272099231162,0.5027255615095991,0.08364042491996618,-0.802932453605274,1.2945474271266189,0.48906083014544627,-0.7766675238530497,-1.2010721817306913,-1.4097763495317386,0.46496835283355087,media-baja
0.3319500670127837,2.1629416051884567,-0.47762244333241616,-0.7539263757120932,1.7946548293345488,-0.9393210973289898,-0.6595382221926793,0.7146853354897156,0.5742389746922008,0.42790878898065604,-0.6272044806650434,-2.1506840065693225,media-alta
-0.5459435224540315,-0.5052993229265984,0.2541669627766547,-0.540532650523504,0.19402845101122965,-0.5983494880197001,0.39104546023705095,-0.4053791731836133,0.34908789160132403,-0.38658169637501816,-0.040275579015022815,0.46496835283355087,media-alta
-0.9848903171874382,-0.12412204748159057,0.16269328701302077,-0.4219805809742877,-0.7442697707645091,0.42456533990816886,0.6852088913173754,-1.8195613406092939,-0.2513149966410062,-1.2915711245479884,1.9161540931517136,0.46496835283355087,media-alta
-0.5459435224540315,-0.27659295765959346,-0.11172774027788097,1.806798326550978,-0.9650458229470357,0.015399408737021234,1.1474657115864566,0.162711099201024,-0.7016171628227563,-1.1105732389133942,0.7422962898516707,0.46496835283355087,media-alta
-0.9848903171874382,-0.12412204748159057,-0.020254064514247064,-0.9673201009006824,-0.13713562726256037,-0.802932453605274,0.05485868185953725,-1.771213232321233,0.7993900577830741,0.24691090334606178,2.1117970603683864,0.46496835283355087,media-alta
-0.21673342640397533,-0.9627120534606078,0.07121961124938686,0.6212776310588154,-0.4682997055363504,-0.0527949131248367,0.15991705010251028,0.07004389164893338,1.3997929460254077,-1.1105732389133942,0.05754590459331366,0.46496835283355087,media-alta
3.075367534096579,1.7055288746544477,1.2603773961766267,-0.7065055478924067,1.132326672786968,-1.0075154191908477,-1.731133578271004,1.8992139885470958,1.3247425849951178,0.9709024458844379,-1.018490415098391,-2.1506840065693225,media-baja
-1.204363714554142,-0.20035750257059223,0.894482693122091,1.3088796344442697,-0.13713562726256037,1.6520631334216116,0.5591388494258077,-0.2764508844154658,-0.926768245913633,0.6994056174325465,0.5140461646929353,0.46496835283355087,alta
3.7337877261966894,2.086706150099455,1.626272099231162,-0.7539263757120932,1.077132659741337,-1.1439040629145636,-1.584051862730842,1.8992139885470958,0.6492893357224908,0.42790878898065604,-0.822847447881718,-2.1506840065693225,baja
-0.32647012508732776,-0.9627120534606078,0.437114314303922,-0.8013472035317797,-0.8546577968557721,-0.0527949131248367,-0.5544798539497062,-1.082252689216421,-0.47646607973188293,0.24691090334606178,0.3510103554183248,0.46496835283355087,alta
-0.655680221137383,0.10458431778541437,0.6200616658311898,0.7161192866981885,-0.13713562726256037,2.5385893176257652,1.0844306906406729,0.21508821651311608,-0.551516440762173,-0.11508486792312675,-0.822847447881718,0.46496835283355087,media-baja
-0.10699672772062392,-0.8864765983716062,-0.11172774027788097,0.19449018068163673,-0.7442697707645091,0.015399408737021234,-0.05019968638343576,-0.1958707039353792,0.19898716954074397,-0.024585925105829624,0.3510103554183248,0.46496835283355087,media-baja
0.8806335604295428,-1.115182963638611,0.07121961124938686,-0.8724784452613094,0.1388344379655979,1.1065085585267482,0.5801505230744024,0.16674010822505517,0.5742389746922008,2.237887645326597,-0.822847447881718,0.46496835283355087,media-alta
0.8806335604295428,-0.3528284127485951,-0.38614876756878225,-0.8487680313514662,-0.9098518099014039,-0.39376652243412635,-0.008176339086246558,-1.4126314291848299,-1.82737257827713,-0.024585925105829624,1.4270466751100295,0.46496835283355087,media-alta
-1.204363714554142,-0.3528284127485951,-0.47762244333241616,-0.9436096869908392,-0.6890757577188773,0.08359373059887917,0.3280104392912671,-1.2635580952966607,1.8500951122071578,-0.7485774676442062,0.6444748062433342,0.46496835283355087,media-alta
-1.204363714554142,-0.9627120534606078,0.528587990067556,1.0480650814359935,-1.0202398359926674,-0.9393210973289898,-1.521016841785058,-0.47790133561572695,-1.001818606943923,1.3328982171536263,1.524868158718366,0.46496835283355087,media-alta
0.2222133683294313,-0.5052993229265984,-0.2032014160415149,0.5264359754194423,-0.08194161421692865,0.4927596617700268,0.7482439122631592,0.8516716423058807,1.6249440291162844,-1.2010721817306913,-0.822847447881718,0.46496835283355087,media-baja
-0.8751536185040868,-0.7340056881936031,-0.2946750918051483,-0.6827951339825634,-0.4682997055363504,0.4927596617700268,-0.42840981205813866,-1.7752422413452642,-0.551516440762173,-1.2915711245479884,1.1335822242850184,0.46496835283355087,alta
2.307210643313115,-1.3438893289056157,0.528587990067556,-0.9910305148105255,-0.9098518099014039,0.3563710180463109,-0.8066199377328415,-1.2192389960325862,-1.2269696900348,0.3374098461633589,1.1335822242850184,0.46496835283355087,media-alta
0.3319500670127837,-0.8864765983716062,0.437114314303922,-0.9673201009006824,-0.6890757577188773,0.9019255929411744,-0.2393047492207872,-0.7196418770559867,1.099591501904241,-1.5630679529998794,-0.5293829970567069,0.46496835283355087,media-alta
-0.8751536185040868,0.028348862696412718,0.07121961124938686,-0.8961888591711527,-0.7442697707645091,-1.2802927066382794,-0.9747133269215984,-1.7953872864652858,0.6492893357224908,-0.4770806391923148,1.8183326095433772,0.46496835283355087,media-alta
-0.9848903171874382,1.1718806890314362,-0.9349908221505855,-1.014740928720369,-0.35791167944508734,-1.2120983847764215,-0.5124565066525171,-0.377176110015574,-0.551516440762173,-0.4770806391923148,-1.2141333823150657,0.46496835283355087,media-baja
-0.21673342640397533,-0.9627120534606078,0.3456406385402881,1.949060810010037,-0.6890757577188773,1.242897202250464,-0.09222303368062497,0.43265470380936777,-1.6022214951862566,1.061401388701735,0.2531888718099866,0.46496835283355087,media-alta
-0.10699672772062392,-0.20035750257059223,1.626272099231162,-0.350849339244758,-0.1923296403081921,0.42456533990816886,0.2859870919940779,-0.2361607941754225,-1.9774733003377134,-1.0200742960960971,-1.018490415098391,0.46496835283355087,media-alta
0.2222133683294313,-1.0389475085496094,-0.2032014160415149,-1.014740928720369,-0.7994637838101408,-0.32557220057226843,-0.44942148570673324,-1.7671842232972466,-0.926768245913633,-1.2915711245479884,1.2314037078933548,0.46496835283355087,media-alta
0.661160163062839,0.5619970483194239,-0.11172774027788097,-0.01890354450695239,-0.7442697707645091,-0.12098923498669463,0.1809287237511049,-0.034710342975206025,1.2496922239648243,-0.6580785248269091,0.5466533226349978,0.46496835283355087,media-alta
-0.32647012508732776,1.0194097788534333,-0.11172774027788097,1.5459837735427022,2.401788972836497,-0.5301551661578422,-0.5334681803011116,1.053122093506097,-0.926768245913633,-0.6580785248269091,-0.822847447881718,0.46496835283355087,media-baja
-0.655680221137383,-1.0389475085496094,-0.2032014160415149,-0.8487680313514662,-0.8546577968557721,0.5609539836318848,0.4540804811828347,-0.6793517868159434,2.0752461952980346,-0.11508486792312675,0.05754590459331366,0.46496835283355087,media-alta
0.2222133683294313,-0.7340056881936031,-0.47762244333241616,-0.8961888591711527,-0.5786877316276139,0.08359373059887917,1.0424073433434837,-0.9855564726402993,0.42413825263161736,-0.296082753557721,0.7422962898516707,0.46496835283355087,media-alta
0.7708968617461903,-0.42906386783759676,-0.38614876756878225,-0.8013472035317797,0.02844641187433444,1.4474801678360378,1.5256758372611596,-0.6390616965759002,0.12393680851045061,-0.11508486792312675,0.4488318390266613,0.46496835283355087,media-alta
0.7708968617461903,1.5530579644764444,-0.5690961190960501,-0.8013472035317797,1.6842668032432853,-1.1439040629145636,-1.7731569255681934,1.617183356866748,1.6249440291162844,1.2423992743363292,-1.4097763495317386,-2.1506840065693225,media-alta
0.9903702591128941,-0.5052993229265984,0.3456406385402881,-0.9910305148105255,0.19402845101122965,-1.2120983847764215,0.2859870919940779,-0.292566920511501,-1.001818606943923,0.3374098461633589,-0.9206689314900546,0.46496835283355087,media-baja
0.5514234643794865,-0.12412204748159057,-0.5690961190960501,-0.23229726969554174,0.19402845101122965,-0.5983494880197001,-0.2393047492207872,0.48906083014544627,-0.7016171628227563,-0.2055838107404239,-1.2141333823150657,0.46496835283355087,media-baja
1.1001069577962457,-0.3528284127485951,0.16269328701302077,-0.9436096869908392,-0.3027176663994556,-0.32557220057226843,-0.47043315935532787,-1.501269627712934,-1.75232221724684,-0.6580785248269091,1.9161540931517136,0.46496835283355087,media-alta
0.3319500670127837,-0.20035750257059223,1.7177457749947957,-0.825057617441623,-0.4682997055363504,0.28817669618445296,0.09688202915672646,-0.2764508844154658,1.7750447511768679,-0.11508486792312675,-0.2359185462316975,0.46496835283355087,alta
1.209843656479597,1.9342352399214517,-0.47762244333241616,-0.7302159618022499,0.5251925292850197,-0.18918355684855256,-1.205841737056139,0.6099311008655761,0.6492893357224908,-0.7485774676442062,-0.333740029840034,-2.1506840065693225,media-baja
-0.7654169198207343,0.4857615932304222,-1.0264644979142192,0.004806869402890774,3.6712512728860265,1.7884517771453274,1.2315124061808351,0.08213091872093742,0.19898716954074397,-0.7485774676442062,-0.9206689314900546,0.46496835283355087,media-alta
-0.32647012508732776,-0.27659295765959346,1.077430044649359,0.5501463893292855,-1.130627862083931,-0.0527949131248367,-0.2603164228693818,-1.106426743360474,-1.001818606943923,0.6994056174325465,2.0139755767600502,0.46496835283355087,alta
-1.4238371119208457,0.028348862696412718,0.6200616658311898,-0.12560040710124706,-0.9650458229470357,-0.5301551661578422,-0.5965032012468955,-1.3642833208967688,1.5498936680859912,-0.8390764104615033,1.329225191501693,0.46496835283355087,alta
-0.7654169198207343,-0.6577702331046015,0.3456406385402881,-0.161166027966012,-0.6338817446732457,0.8337312710793164,0.5171155021286186,-0.8969182741121952,-0.2513149966410062,-1.0200742960960971,0.5466533226349978,0.46496835283355087,alta
1.4293170538463018,1.9342352399214517,1.1689037204129928,1.285169220534426,0.02844641187433444,1.0383142366648903,1.5256758372611596,1.496313086146618,-0.47646607973188293,-0.024585925105829624,-0.040275579015022815,0.46496835283355087,media-baja
-0.10699672772062392,2.4678834255444633,-2.672990661659628,-0.7539263757120932,0.9115506206044418,-1.4848756722238534,-2.0883320302971122,1.053122093506097,1.925145473237451,1.4233971599709234,-1.018490415098391,-2.1506840065693225,media-alta
1.3195803551629504,2.0104706950104534,-1.666780228259656,-0.5642430644333472,2.5121769989277607,-1.1439040629145636,-1.247865084353328,1.617183356866748,-0.32636535767129954,0.9709024458844379,-1.3119548659234022,-2.1506840065693225,media-alta
0.661160163062839,-0.27659295765959346,0.7115353415948238,0.8583817701572479,-0.7994637838101408,-1.5530699940857113,-0.11323470732921957,-0.35703106489555236,-1.1519193290045064,-1.2010721817306913,1.524868158718366,0.46496835283355087,alta
1.758527149896356,0.7144679584974267,0.894482693122091,0.2182005945914801,1.51868476410639,-0.39376652243412635,-1.6891102309738149,0.3681905594252716,0.19898716954074397,2.3283865881438937,2.1117970603683864,-2.1506840065693225,alta
-0.32647012508732776,-0.5815347780156,0.528587990067556,0.5145807684645207,-0.41310569249071905,1.9248404208690433,1.3785941217209974,0.5656120016015017,-0.1012142745804228,-0.11508486792312675,-1.018490415098391,0.46496835283355087,media-alta
1.6487904512130047,1.1718806890314362,1.4433247477038942,-0.6827951339825634,1.2979087119238633,-1.6212643159475693,-1.9622619884055448,1.4157329056665315,-1.001818606943923,-0.4770806391923148,-0.9206689314900546,-2.1506840065693225,media-baja
-0.32647012508732776,-0.7340056881936031,-0.020254064514247064,0.3841734919603829,-0.7442697707645091,0.1517880524607371,-0.029188012734841163,-1.058078635072413,-1.4521207731256733,-1.1105732389133942,1.4270466751100295,0.46496835283355087,alta
-1.204363714554142,-0.12412204748159057,0.16269328701302077,-0.7539263757120932,-0.4682997055363504,0.015399408737021234,0.09688202915672646,-1.9122285481614292,0.7993900577830741,-0.8390764104615033,2.0139755767600502,0.46496835283355087,media-alta
0.3319500670127837,-0.9627120534606078,-0.020254064514247064,2.1861649491084694,-0.3027176663994556,0.5609539836318848,1.4836524899639703,1.6977635373468791,-0.8517178848833398,-0.11508486792312675,-1.2141333823150657,0.46496835283355087,media-alta
-1.6433105092875497,-0.8483588708271056,-1.3923592009687547,1.7238118778665266,0.02844641187433444,0.015399408737021234,-0.1552580546264088,0.5051768662414368,1.3997929460254077,-1.2010721817306913,0.3510103554183248,0.46496835283355087,media-alta
-0.21673342640397533,-0.7340056881936031,0.528587990067556,2.3047170186576857,0.1388344379655979,1.9248404208690433,1.1684773852350512,1.939504078787139,1.1746418629345343,2.7808813022303784,-0.9206689314900546,0.46496835283355087,alta
-0.10699672772062392,0.25705522796341723,-0.020254064514247064,-0.825057617441623,1.0219386466957052,-1.0757097410527057,0.8322906068575376,0.0055797472648372705,-0.2513149966410062,-0.38658169637501816,-1.018490415098391,0.46496835283355087,media-baja
-0.655680221137383,-0.12412204748159057,-0.38614876756878225,-0.30342851142507143,-0.6890757577188773,0.42456533990816886,-0.5334681803011116,-1.662429988673107,-0.1012142745804228,0.7899045602498436,2.1117970603683864,0.46496835283355087,alta
-0.32647012508732776,0.180819772874416,-1.9412012555505576,-0.919899273080996,-0.08194161421692865,-0.12098923498669463,-0.09222303368062497,-0.3167409746555091,-0.026163913550132773,-0.9295753532788005,-0.9206689314900546,0.46496835283355087,media-baja
-1.204363714554142,-0.8864765983716062,-0.6605697948596839,0.004806869402890774,1.353102724969495,1.242897202250464,1.651745879152727,0.11033398188897667,-0.026163913550132773,-0.7485774676442062,-0.9206689314900546,0.46496835283355087,media-baja
-1.204363714554142,-0.3528284127485951,-0.020254064514247064,-0.06632437232663893,-0.41310569249071905,1.5838688115597537,1.0003839960462944,-0.8002220575361181,0.4991886136619074,0.06591301771146751,0.5466533226349978,0.46496835283355087,media-alta
0.11247666964607989,2.048588422554954,-1.0264644979142192,1.2140379788048967,1.9602368684714433,-0.9393210973289898,-0.5965032012468955,0.976570922049997,-0.6265668017924663,-1.0200742960960971,-1.018490415098391,0.46496835283355087,media-baja
0.3319500670127837,-0.5052993229265984,0.528587990067556,-0.6353743061628769,-0.026747601171296913,-0.4619608442959843,0.2019403973996995,-1.2111809779845686,-1.30202005106509,0.15641196052876463,0.7422962898516707,0.46496835283355087,media-alta
-0.7654169198207343,-0.5052993229265984,0.07121961124938686,0.052227697222577314,-0.08194161421692865,0.6973426273556006,1.126454037937862,0.24732028870514175,-0.17626463561071615,1.5138961027882205,-1.2141333823150657,0.46496835283355087,media-alta
-0.43620682377067915,0.3332906830524189,-0.2946750918051483,0.7161192866981885,-0.9098518099014039,-0.12098923498669463,-0.8696549586786253,-1.1588038606725213,-1.9024229393074235,-1.1105732389133942,2.0139755767600502,0.46496835283355087,media-alta
0.44168676569613513,-1.115182963638611,1.1689037204129928,1.427431703993486,-0.24752365335382384,2.3340063520401912,0.49610382848002393,1.053122093506097,-0.32636535767129954,-0.5675795820096119,-0.43156151344837046,0.46496835283355087,media-alta
-0.5459435224540315,0.028348862696412718,1.4433247477038942,2.4469795021167458,0.6907745684219149,-0.2573778787104105,1.0634190169920783,1.7461116456349401,-0.2513149966410062,0.42790878898065604,-1.4097763495317386,0.46496835283355087,media-baja
-1.204363714554142,-0.9627120534606078,-0.47762244333241616,1.6882462570017616,-0.13713562726256037,1.311091524112322,0.5171155021286186,1.1337022739861837,0.6492893357224908,-1.3820700673652857,-1.5075978331400752,0.46496835283355087,media-alta
-1.5335738106041972,-0.42906386783759676,-0.11172774027788097,-0.825057617441623,-0.6338817446732457,-0.0527949131248367,-0.3653747911123548,-1.7873292684172681,2.0001958342677413,0.06591301771146751,2.0139755767600502,0.46496835283355087,alta
0.9903702591128941,-1.1914184187276127,0.437114314303922,-0.8961888591711527,-0.9650458229470357,-1.1439040629145636,-0.008176339086246558,-0.11529052345529262,-0.1012142745804228,-1.1105732389133942,-0.1380970626233593,0.46496835283355087,baja
-0.5459435224540315,-0.27659295765959346,0.894482693122091,0.40788390587022605,-0.24752365335382384,1.9248404208690433,1.5046641636125648,0.4810028120974286,-0.551516440762173,-0.296082753557721,-1.018490415098391,0.46496835283355087,media-baja
-0.5459435224540315,-0.27659295765959346,0.894482693122091,0.40788390587022605,-0.24752365335382384,1.9248404208690433,1.5046641636125648,0.4810028120974286,-0.551516440762173,-0.296082753557721,-1.018490415098391,0.46496835283355087,media-baja
-0.32647012508732776,0.028348862696412718,0.2541669627766547,-0.9673201009006824,-0.35791167944508734,-1.1439040629145636,-1.1638183897589498,-1.0016725087363345,-1.2269696900348,-0.38658169637501816,0.15536738820165014,0.46496835283355087,baja
-0.5459435224540315,-0.5052993229265984,0.437114314303922,0.6686984588785018,-0.3027176663994556,1.5838688115597537,1.2105007325322406,0.5696410106255329,-1.001818606943923,-0.8390764104615033,-1.2141333823150657,0.46496835283355087,media-baja
0.0027399709627274923,0.028348862696412718,0.07121961124938686,1.356300462263956,-0.6890757577188773,-1.0075154191908477,-1.1848300634075444,-0.2764508844154658,0.19898716954074397,-1.0200742960960971,1.0357607406766818,0.46496835283355087,baja
-1.6433105092875497,0.180819772874416,-1.9412012555505576,-0.9436096869908392,-1.075433849038299,-0.7347381317434161,-1.1428067161103552,-1.5254436818569421,1.099591501904241,-0.024585925105829624,0.7422962898516707,0.46496835283355087,alta
-0.8751536185040868,0.7144679584974267,-0.8435171463869515,0.4790151475997558,-0.8546577968557721,-0.5301551661578422,-0.11323470732921957,-1.0741946711684034,-0.1012142745804228,-1.1105732389133942,1.4661752685533633,0.46496835283355087,alta
0.5514234643794865,1.7817643297434493,-0.9349908221505855,-0.7302159618022499,1.132326672786968,-1.6212643159475693,-1.9832736620541394,0.8113815520657925,0.4991886136619074,0.3374098461633589,-0.7250259642733816,-2.1506840065693225,media-baja
0.11247666964607989,1.3243515992094395,-0.6605697948596839,-0.7302159618022499,1.077132659741337,-1.757652959671285,-1.8151802728653825,0.6502211911056194,0.8744404188133675,-0.296082753557721,-1.018490415098391,-2.1506840065693225,media-baja
-0.7654169198207343,1.400587054298441,-1.0264644979142192,-0.6827951339825634,0.46999851623938793,-0.802932453605274,-0.2182930755721926,-0.5020753897597351,-0.2513149966410062,-1.0200742960960971,-1.2141333823150657,0.46496835283355087,media-alta
1.9780005472630608,-0.8102411432826048,0.528587990067556,-0.9673201009006824,-1.241015888175194,-0.7347381317434161,-0.6175148748954901,-0.7841060214400828,-0.1012142745804228,-1.2915711245479884,1.0357607406766818,0.46496835283355087,media-baja
0.5514234643794865,0.6382325034084255,-0.38614876756878225,-0.9673201009006824,0.1388344379655979,-0.5301551661578422,1.4836524899639703,-1.106426743360474,0.048886447480160584,-1.2010721817306913,1.1335822242850184,0.46496835283355087,media-baja
-0.43620682377067915,0.4095261381414205,0.894482693122091,0.24191100850132327,0.5803865423306515,-0.5983494880197001,0.5591388494258077,0.3681905594252716,-0.40141571870158954,-0.38658169637501816,-0.822847447881718,0.46496835283355087,media-alta
-0.43620682377067915,0.7907034135864284,-0.38614876756878225,0.7872505284277179,0.9667446336500736,-0.4619608442959843,0.5381271757772131,0.16674010822505517,-0.40141571870158954,0.5184077317979522,0.8401177734600089,-2.1506840065693225,media-alta
-0.7654169198207343,-0.42906386783759676,0.3456406385402881,0.5738568032391288,0.30441647710249314,0.9701199148030323,1.441629142666781,0.3561035323532676,-0.40141571870158954,-0.11508486792312675,-0.9206689314900546,0.46496835283355087,media-baja
0.3319500670127837,-1.1914184187276127,1.626272099231162,-0.9673201009006824,0.24922246405686138,-0.8711267754671319,0.5801505230744024,-1.082252689216421,0.12393680851045061,-0.38658169637501816,0.7422962898516707,0.46496835283355087,media-alta
-1.5335738106041972,0.3332906830524189,0.2541669627766547,-0.2560076836053849,-1.3514039142664576,-0.6665438098815581,-0.9537016532730037,-1.4851535916168987,1.474843307055701,-0.5675795820096119,1.4270466751100295,0.46496835283355087,media-alta
-1.3141004132374934,1.095645233942435,-1.5753065524960221,-0.6116638922530336,-0.4682997055363504,-0.2573778787104105,0.7902672595603484,-0.5181914258557703,1.8500951122071578,-0.024585925105829624,0.15536738820165014,0.46496835283355087,alta
-0.7654169198207343,0.028348862696412718,-0.38614876756878225,-0.0900347862364821,-0.9098518099014039,-0.8711267754671319,-0.008176339086246558,-1.1225427794564644,1.099591501904241,1.7853929312401111,2.0139755767600502,0.46496835283355087,media-alta
0.661160163062839,-0.5815347780156,-0.020254064514247064,-0.9436096869908392,-0.1923296403081921,0.1517880524607371,-0.34436311746376025,-0.5584815160958135,0.048886447480160584,0.3374098461633589,0.3510103554183248,0.46496835283355087,media-alta
0.5514234643794865,-0.047886592392588925,0.2541669627766547,-0.6590847200727202,1.7394608162889171,-0.32557220057226843,-1.836191946513977,-0.3328570107515443,0.048886447480160584,0.6994056174325465,2.0139755767600502,-2.1506840065693225,alta
0.661160163062839,-0.5815347780156,-0.11172774027788097,-0.919899273080996,-0.5234937185819821,-1.0757097410527057,-0.42840981205813866,-0.5987716063358569,0.34908789160132403,0.15641196052876463,-0.040275579015022815,0.46496835283355087,media-alta
0.11247666964607989,0.4095261381414205,0.8030090173584576,1.4985629457230154,-1.0202398359926674,0.21998237432259504,1.924897636584457,0.7710914618257493,-0.8517178848833398,-0.024585925105829624,-0.6272044806650434,0.46496835283355087,media-alta
-0.7654169198207343,-1.2676538738166143,1.1689037204129928,-0.9673201009006824,-0.41310569249071905,2.470394995763907,0.5801505230744024,-1.4851535916168987,-0.551516440762173,1.9663908168747053,0.7422962898516707,0.46496835283355087,alta
-0.43620682377067915,0.5619970483194239,-0.020254064514247064,-0.6116638922530336,0.19402845101122965,-0.2573778787104105,1.6727575528013219,0.16674010822505517,1.8500951122071578,0.5184077317979522,0.05754590459331366,0.46496835283355087,media-alta
0.0027399709627274923,-0.8102411432826048,-0.38614876756878225,0.7872505284277179,0.30441647710249314,-0.32557220057226843,-0.2393047492207872,0.48906083014544627,-1.9774733003377134,0.06591301771146751,-0.9206689314900546,0.46496835283355087,media-baja
-0.655680221137383,-0.8864765983716062,-0.6605697948596839,0.9295130118867774,-0.35791167944508734,-0.39376652243412635,0.5801505230744024,0.25537830675315937,0.048886447480160584,-0.6580785248269091,0.05754590459331366,0.46496835283355087,media-baja
0.3319500670127837,0.25705522796341723,0.16269328701302077,-0.6827951339825634,0.9667446336500736,-1.4848756722238534,-2.0252970093513287,0.12645001798501188,1.099591501904241,0.7899045602498436,1.4270466751100295,-2.1506840065693225,media-alta
0.44168676569613513,-1.115182963638611,0.2541669627766547,-0.919899273080996,-0.8546577968557721,-1.2120983847764215,-0.42840981205813866,-1.0419625989763779,-1.2269696900348,2.0568897596920026,0.5466533226349978,0.46496835283355087,media-baja
-0.7654169198207343,-0.8102411432826048,-0.9349908221505855,-0.042613958416795765,2.5673710119733926,-0.6665438098815581,-0.3653747911123548,-0.1958707039353792,-1.0768689679742165,-0.4770806391923148,-0.822847447881718,0.46496835283355087,media-baja
1.3195803551629504,-1.3438893289056157,0.437114314303922,0.8346713562474047,-1.3514039142664576,-1.2120983847764215,-1.310900105299112,0.48906083014544627,-0.6265668017924663,-1.4725690101825828,0.5955640644391669,0.46496835283355087,media-baja
-1.204363714554142,-0.20035750257059223,-0.9349908221505855,2.435124295161824,-0.41310569249071905,-0.7347381317434161,0.4120571338856455,0.8839037144979063,-0.7766675238530497,0.24691090334606178,-0.333740029840034,0.46496835283355087,media-alta
-0.21673342640397533,2.3916479704554616,-2.672990661659628,-0.8013472035317797,1.51868476410639,-0.8711267754671319,-1.9412503147569502,1.101470201794158,1.3997929460254077,2.1473887025092995,-0.6272044806650434,-2.1506840065693225,media-baja
0.44168676569613513,-0.5815347780156,-0.2032014160415149,-0.9910305148105255,-0.24752365335382384,0.21998237432259504,-0.8066199377328415,-1.68660404281716,-1.30202005106509,-1.1105732389133942,0.9868499988725128,0.46496835283355087,media-alta
-0.32647012508732776,-0.7340056881936031,-0.11172774027788097,1.9727712239198807,0.24922246405686138,1.311091524112322,1.2105007325322406,1.617183356866748,1.6999943901465744,-1.1105732389133942,-0.6272044806650434,0.46496835283355087,media-baja
-0.7654169198207343,-0.27659295765959346,0.894482693122091,0.3604630780505395,-0.3027176663994556,2.061229064592759,1.9669209838816462,0.32790046918522836,-0.926768245913633,-0.4770806391923148,-1.018490415098391,0.46496835283355087,media-baja
0.44168676569613513,-0.3528284127485951,0.437114314303922,0.40788390587022605,-0.7994637838101408,0.9701199148030323,0.8743139541547268,-0.1958707039353792,-1.3770704120953832,-1.6535668958171765,0.5466533226349978,0.46496835283355087,media-baja
-0.32647012508732776,-1.0389475085496094,-0.11172774027788097,1.7830879126411348,0.6355805553762831,-0.802932453605274,1.0213956696948892,1.4882550680986004,-1.6022214951862566,0.06591301771146751,-1.4097763495317386,0.46496835283355087,alta
0.7708968617461903,0.180819772874416,0.528587990067556,-0.7776367896219364,1.7394608162889171,-0.4619608442959843,-1.3529234525963012,0.8113815520657925,0.9494907798436576,0.6994056174325465,-1.018490415098391,-2.1506840065693225,media-alta
-0.9848903171874382,0.028348862696412718,1.7177457749947957,0.28933183632100984,-0.13713562726256037,2.061229064592759,1.336570774423808,0.16674010822505517,-0.17626463561071615,-0.5675795820096119,-0.822847447881718,0.46496835283355087,media-baja
-0.8751536185040868,-1.115182963638611,0.07121961124938686,-0.2560076836053849,-0.5786877316276139,0.42456533990816886,-0.11323470732921957,-1.0339045809283602,0.19898716954074397,-0.7485774676442062,0.8401177734600089,0.46496835283355087,media-alta
3.075367534096579,2.3916479704554616,-0.6605697948596839,-0.6827951339825634,1.4634907510607584,-1.6894586378094272,-1.8782152938111663,1.2142824544662703,-0.926768245913633,0.5184077317979522,-1.018490415098391,-2.1506840065693225,media-baja
-0.7654169198207343,-0.27659295765959346,0.437114314303922,-0.9436096869908392,0.1388344379655979,-0.18918355684855256,1.336570774423808,-0.9170633192322167,0.7243396967527841,-0.5675795820096119,0.3510103554183248,0.46496835283355087,media-baja
0.2222133683294313,-0.8864765983716062,1.1689037204129928,-0.919899273080996,-0.3027176663994556,-0.6665438098815581,-0.5124565066525171,-0.8002220575361181,-0.47646607973188293,-0.4770806391923148,-0.43156151344837046,0.46496835283355087,alta
-0.21673342640397533,-0.27659295765959346,0.16269328701302077,-0.9673201009006824,-0.6338817446732457,-1.0075154191908477,-0.5124565066525171,-1.6060238623370733,-1.0768689679742165,-1.1105732389133942,1.2314037078933548,0.46496835283355087,media-alta
-0.5459435224540315,-1.115182963638611,-0.11172774027788097,-0.9910305148105255,-1.075433849038299,-1.2120983847764215,-1.0377483478673821,-1.3844283660167904,-0.32636535767129954,0.6089066746152493,0.5466533226349978,0.46496835283355087,media-alta
-0.21673342640397533,-0.20035750257059223,0.07121961124938686,0.12335893895210702,-0.5786877316276139,-1.0075154191908477,-0.2182930755721926,-0.5584815160958135,-1.30202005106509,0.6089066746152493,0.7422962898516707,0.46496835283355087,media-baja
0.7708968617461903,0.86693886867543,1.626272099231162,1.8305087404608211,-0.9650458229470357,0.42456533990816886,0.7482439122631592,0.44877073990540295,-0.551516440762173,-1.4725690101825828,0.8401177734600089,0.46496835283355087,media-alta
-0.5459435224540315,-0.5052993229265984,0.437114314303922,0.6686984588785018,-0.3027176663994556,1.5838688115597537,1.2105007325322406,0.5696410106255329,-1.001818606943923,-0.8390764104615033,-1.2141333823150657,0.46496835283355087,media-baja
0.8806335604295428,2.0104706950104534,-0.7520434706233177,-0.7065055478924067,1.4082967380151268,-0.5301551661578422,-0.5965032012468955,0.9967159671700185,-0.026163913550132773,0.6089066746152493,-0.9206689314900546,-2.1506840065693225,media-alta
-0.8751536185040868,1.2481161441204378,-2.4900433101323607,-0.9910305148105255,-0.24752365335382384,-0.0527949131248367,-0.49144483300392244,-0.6390616965759002,0.19898716954074397,-1.3820700673652857,-0.822847447881718,0.46496835283355087,media-alta
2.4169473419964684,3.0396493387119747,-0.6605697948596839,-0.7539263757120932,1.077132659741337,-1.757652959671285,-2.151367051242896,0.8919617325459239,-0.7016171628227563,0.6994056174325465,-0.5293829970567069,-2.1506840065693225,media-baja
-0.7654169198207343,0.10458431778541437,-0.2946750918051483,-0.30342851142507143,-0.5786877316276139,-0.4619608442959843,-0.8696549586786253,-1.6463139525771167,0.34908789160132403,1.1519003315190322,2.1117970603683864,0.46496835283355087,alta
1.209843656479597,2.1629416051884567,-1.3008855252051206,-0.7065055478924067,1.1875206858325997,-1.3484870285001374,-1.0377483478673821,0.7710914618257493,-0.1012142745804228,-0.5675795820096119,-1.1163118987067275,-2.1506840065693225,media-baja
1.3195803551629504,-0.8864765983716062,1.626272099231162,-0.8487680313514662,-0.5786877316276139,0.21998237432259504,0.9793723223976999,-0.2361607941754225,-1.2269696900348,-1.2915711245479884,-0.333740029840034,0.46496835283355087,media-baja
-0.8751536185040868,0.180819772874416,-0.2946750918051483,2.2335857769281557,-0.1923296403081921,1.242897202250464,1.5887108582069434,1.3351527251864448,0.12393680851045061,-0.4770806391923148,-0.9206689314900546,0.46496835283355087,media-baja
-1.4238371119208457,-0.3528284127485951,-0.38614876756878225,1.6645358430919184,-0.3027176663994556,1.6520631334216116,1.0003839960462944,1.1337022739861837,0.4991886136619074,-0.8390764104615033,-1.1163118987067275,0.46496835283355087,media-alta
-0.32647012508732776,-0.42906386783759676,0.985956368885725,-0.8487680313514662,-0.08194161421692865,0.6973426273556006,-0.008176339086246558,-0.5584815160958135,1.925145473237451,-0.296082753557721,0.05754590459331366,0.46496835283355087,alta
-0.7654169198207343,-1.2676538738166143,0.437114314303922,-0.825057617441623,-0.9098518099014039,0.8337312710793164,0.5801505230744024,-0.8808022380162046,1.5498936680859912,1.6043950456055167,0.5466533226349978,0.46496835283355087,alta
-0.5459435224540315,-0.7340056881936031,0.528587990067556,2.3995586742970594,-0.8546577968557721,2.1294233864546173,0.6431855440201861,1.6373284019867695,-1.4521207731256733,-1.0200742960960971,-1.1163118987067275,0.46496835283355087,media-baja
0.5514234643794865,0.2189375004189164,-0.47762244333241616,-0.8013472035317797,-0.41310569249071905,-1.0757097410527057,0.2439637446968887,-0.3167409746555091,-1.001818606943923,-1.2010721817306913,-0.9206689314900546,0.46496835283355087,media-baja
-0.8751536185040868,-0.12412204748159057,0.2541669627766547,-0.8724784452613094,-0.08194161421692865,-1.1439040629145636,0.2019403973996995,-0.1555806136953359,0.6492893357224908,-0.2055838107404239,-0.9206689314900546,0.46496835283355087,media-alta
0.11247666964607989,0.180819772874416,-0.6605697948596839,-0.7776367896219364,1.132326672786968,-0.0527949131248367,-1.4789934944878689,0.5535249745294977,1.6999943901465744,0.6089066746152493,-0.333740029840034,-2.1506840065693225,media-baja
0.8806335604295428,0.3332906830524189,1.9921668022856975,1.806798326550978,-0.08194161421692865,2.1976177083164754,0.34902211293986174,1.423790923714549,-2.052523661368007,-0.5675795820096119,-1.3119548659234022,0.46496835283355087,media-baja
-0.32647012508732776,-0.5052993229265984,-0.38614876756878225,1.285169220534426,1.4082967380151268,1.1065085585267482,0.6641972176687808,0.9322518227859672,-1.2269696900348,-1.2010721817306913,-1.4097763495317386,0.46496835283355087,media-baja
0.2222133683294313,0.028348862696412718,-0.2032014160415149,-0.8961888591711527,-0.6890757577188773,0.08359373059887917,0.4540804811828347,-0.5745975521918488,-0.1012142745804228,0.3374098461633589,0.3510103554183248,0.46496835283355087,media-baja
0.5514234643794865,-0.8864765983716062,-0.11172774027788097,2.11503370737894,0.30441647710249314,1.5156744896978958,1.893380126111565,1.8589238983070524,-0.551516440762173,-0.4770806391923148,-1.5075978331400752,0.46496835283355087,alta
-0.5459435224540315,-0.9627120534606078,-0.5690961190960501,-0.9673201009006824,0.08364042491996618,0.21998237432259504,1.2315124061808351,-0.3489730468475795,0.6492893357224908,-0.8390764104615033,-1.018490415098391,0.46496835283355087,alta
-0.8751536185040868,-0.7340056881936031,-0.11172774027788097,-0.7776367896219364,-0.026747601171296913,-0.5301551661578422,-0.05019968638343576,-0.9452663824002561,0.19898716954074397,-0.38658169637501816,-0.040275579015022815,0.46496835283355087,media-alta
0.11247666964607989,-0.8864765983716062,-0.020254064514247064,1.1191963231655235,0.19402845101122965,1.242897202250464,0.8953256278033214,1.053122093506097,1.3997929460254077,-0.8390764104615033,-0.5293829970567069,0.46496835283355087,media-alta
0.11247666964607989,0.10458431778541437,-0.2946750918051483,-0.919899273080996,-0.9098518099014039,-0.32557220057226843,-0.2813280965179764,-0.7760480033920653,0.4991886136619074,0.5184077317979522,0.15536738820165014,0.46496835283355087,media-alta
-0.10699672772062392,1.857999784832451,-1.666780228259656,-0.8724784452613094,1.4634907510607584,-0.39376652243412635,-1.6891102309738149,0.7670624528017629,0.9494907798436576,0.6994056174325465,-1.2141333823150657,-2.1506840065693225,media-baja
-0.7654169198207343,-0.5815347780156,-0.020254064514247064,-0.5879534783431904,-0.6890757577188773,0.6973426273556006,-0.1762697282750034,-1.142687824576486,1.1746418629345343,1.3328982171536263,1.2314037078933548,0.46496835283355087,alta
-1.0946270158707905,-0.4671815953820976,1.1689037204129928,1.6645358430919184,-0.3027176663994556,1.5156744896978958,1.5676991845583488,0.9322518227859672,0.19898716954074397,0.24691090334606178,-0.9206689314900546,0.46496835283355087,media-alta
0.9903702591128941,-0.3528284127485951,2.358061505340232,1.2140379788048967,0.1388344379655979,-0.8711267754671319,0.2439637446968887,1.1820503822742445,-0.7016171628227563,1.5138961027882205,-1.4097763495317386,0.46496835283355087,media-baja
-0.655680221137383,0.028348862696412718,-0.7520434706233177,0.7635401145178748,0.02844641187433444,-0.7347381317434161,0.3280104392912671,-0.034710342975206025,-1.3770704120953832,-0.8390764104615033,0.2531888718099866,0.46496835283355087,media-baja
-1.204363714554142,1.8198820572879502,-0.47762244333241616,-0.18487644187585517,0.1388344379655979,-0.9393210973289898,0.07587035550813186,-0.034710342975206025,0.19898716954074397,-0.4770806391923148,-1.3119548659234022,0.46496835283355087,media-baja
0.2222133683294313,-0.42906386783759676,0.07121961124938686,-0.9673201009006824,-0.5234937185819821,-0.12098923498669463,-0.5965032012468955,-1.8558224218253507,-1.0768689679742165,-0.5675795820096119,1.524868158718366,0.46496835283355087,media-alta
0.11247666964607989,1.4768225093874428,-0.6605697948596839,1.1191963231655235,2.3465949597908655,0.28817669618445296,1.5676991845583488,1.496313086146618,1.474843307055701,-0.38658169637501816,-1.4097763495317386,0.46496835283355087,media-baja
1.1001069577962457,1.400587054298441,1.4433247477038942,-0.9910305148105255,-0.7442697707645091,-0.5301551661578422,0.07587035550813186,-0.2361607941754225,-0.026163913550132773,-0.8390764104615033,0.4488318390266613,0.46496835283355087,media-baja
-0.655680221137383,0.180819772874416,-0.2946750918051483,-0.825057617441623,-0.5234937185819821,0.8337312710793164,1.3785941217209974,-0.6390616965759002,-0.6265668017924663,-1.2915711245479884,-0.822847447881718,0.46496835283355087,media-alta
-0.43620682377067915,-0.5815347780156,0.528587990067556,1.427431703993486,-0.41310569249071905,2.265812030178333,1.0634190169920783,0.7791494798737669,-1.001818606943923,0.15641196052876463,-0.5293829970567069,0.46496835283355087,media-alta
-0.7654169198207343,-1.1914184187276127,0.528587990067556,-0.8961888591711527,-0.7442697707645091,-0.2573778787104105,-0.2813280965179764,-0.377176110015574,1.2496922239648243,-0.11508486792312675,-0.6272044806650434,0.46496835283355087,media-alta
0.3319500670127837,-1.115182963638611,-0.2032014160415149,-0.919899273080996,-0.1923296403081921,-0.5301551661578422,-0.3233514438151656,-0.1958707039353792,2.300397278388908,1.2423992743363292,-0.040275579015022815,0.46496835283355087,media-alta
0.05760832030440417,-1.115182963638611,-0.6605697948596839,1.0243546675261506,3.781639298977289,1.7202574552834695,1.1684773852350512,0.5615829925775152,-0.47646607973188293,-0.6580785248269091,-0.2359185462316975,0.46496835283355087,media-alta
-0.8751536185040868,0.180819772874416,-1.117938173677853,0.12335893895210702,-0.5234937185819821,-0.5983494880197001,0.47509215483142936,-0.034710342975206025,-0.47646607973188293,1.061401388701735,-0.5293829970567069,0.46496835283355087,media-baja
-0.7654169198207343,0.6382325034084255,-1.117938173677853,-0.49311182270381737,-0.9650458229470357,-0.18918355684855256,0.03384700821094265,-1.6060238623370733,0.048886447480160584,0.24691090334606178,2.209618543976723,0.46496835283355087,alta
-1.4238371119208457,0.3332906830524189,-0.47762244333241616,-0.46940140879397424,-0.6890757577188773,0.6291483054937427,0.6431855440201861,-1.3239932306567257,0.9494907798436576,0.3374098461633589,0.8401177734600089,0.46496835283355087,media-alta
0.8806335604295428,1.4768225093874428,0.2541669627766547,-0.6353743061628769,-0.08194161421692865,-1.2120983847764215,0.26497541834548327,-0.41746620025566206,-0.926768245913633,-0.024585925105829624,-0.43156151344837046,0.46496835283355087,media-baja
0.11247666964607989,-0.6577702331046015,0.16269328701302077,1.7593774987312911,-0.08194161421692865,1.311091524112322,1.2735357534780243,1.7380536275869225,1.474843307055701,-1.0200742960960971,-0.6272044806650434,0.46496835283355087,media-baja
0.5514234643794865,0.5619970483194239,-0.020254064514247064,-0.7065055478924067,1.7394608162889171,-0.5301551661578422,-1.0797716951645713,1.5366031763866614,2.300397278388908,1.2423992743363292,-0.7250259642733816,-2.1506840065693225,media-baja
-1.204363714554142,-0.27659295765959346,-0.38614876756878225,-0.27971809751522825,-0.24752365335382384,1.311091524112322,0.5171155021286186,-1.2595290862726294,0.42413825263161736,0.42790878898065604,1.1335822242850184,0.46496835283355087,media-alta
-0.32647012508732776,-0.5815347780156,0.16269328701302077,-0.49311182270381737,-0.08194161421692865,2.5385893176257652,0.811278933208943,-0.46178529951969177,-0.8517178848833398,1.6043950456055167,-0.2359185462316975,0.46496835283355087,media-alta
-0.9848903171874382,0.3332906830524189,-0.47762244333241616,1.8779295682805073,0.02844641187433444,1.5838688115597537,1.651745879152727,1.2948626349464016,0.27403753057103397,-0.4770806391923148,-1.4097763495317386,0.46496835283355087,media-baja
-0.8751536185040868,0.10458431778541437,-1.0264644979142192,0.12335893895210702,-0.5786877316276139,-0.4619608442959843,0.4540804811828347,-0.05485538809522767,-0.47646607973188293,1.061401388701735,-0.5293829970567069,0.46496835283355087,media-baja
0.2222133683294313,-0.5052993229265984,0.437114314303922,1.8542191543706643,-0.026747601171296913,0.28817669618445296,1.6307342055041325,1.6977635373468791,-1.30202005106509,-0.4770806391923148,-1.5075978331400752,0.46496835283355087,alta
-0.43620682377067915,1.0194097788534333,-0.11172774027788097,0.004806869402890774,-0.7994637838101408,-0.2573778787104105,0.8953256278033214,-1.2756451223686647,-0.7016171628227563,-0.4770806391923148,1.720511125935039,0.46496835283355087,media-alta
3.075367534096579,1.7055288746544477,1.2603773961766267,-0.7065055478924067,1.132326672786968,-1.0075154191908477,-1.731133578271004,1.8992139885470958,1.3247425849951178,0.9709024458844379,-1.018490415098391,-2.1506840065693225,media-baja
-0.9848903171874382,-0.8102411432826048,-1.209411849441487,1.4985629457230154,-0.35791167944508734,2.061229064592759,0.6852088913173754,0.8718166874259022,-0.551516440762173,0.06591301771146751,-1.018490415098391,0.46496835283355087,media-alta
0.2222133683294313,-0.42906386783759676,1.9921668022856975,1.7593774987312911,-0.1923296403081921,2.0271319036618305,0.8848197909790241,1.617183356866748,-1.1519193290045064,-0.5675795820096119,-1.3119548659234022,0.46496835283355087,media-alta
2.0877372459464123,1.0194097788534333,1.626272099231162,-0.6353743061628769,1.8498488423801807,-0.6665438098815581,-0.995725000570193,1.7380536275869225,1.0245411408739509,0.5184077317979522,-0.7250259642733816,-2.1506840065693225,media-baja
0.11247666964607989,-0.8864765983716062,2.723956208394768,2.589241985575805,-0.41310569249071905,-1.1439040629145636,-0.40739813840954403,1.7380536275869225,-1.1519193290045064,-1.3820700673652857,-1.2141333823150657,0.46496835283355087,media-alta
0.11247666964607989,-0.047886592392588925,1.7177457749947957,1.9016399821903507,0.30441647710249314,2.5385893176257652,1.5256758372611596,1.5366031763866614,-1.5271711341559666,-0.38658169637501816,-1.2141333823150657,0.46496835283355087,media-baja
-0.32647012508732776,-1.1914184187276127,0.437114314303922,-0.9436096869908392,-0.9098518099014039,0.08359373059887917,-0.5124565066525171,-1.5335016999049598,-1.4521207731256733,0.6089066746152493,0.8401177734600089,0.46496835283355087,media-alta
0.0027399709627274923,0.028348862696412718,-0.2032014160415149,-0.30342851142507143,-0.6890757577188773,0.1517880524607371,1.0003839960462944,0.09824695481697263,0.42413825263161736,1.1519003315190322,-0.2359185462316975,0.46496835283355087,media-alta
-0.5459435224540315,-0.6577702331046015,-0.11172774027788097,2.281006604747843,0.02844641187433444,0.1517880524607371,-0.09222303368062497,1.5970383117467262,-1.30202005106509,0.24691090334606178,-1.4097763495317386,0.46496835283355087,media-alta
-0.5459435224540315,-1.1914184187276127,0.3456406385402881,-0.825057617441623,-0.4682997055363504,-0.32557220057226843,-0.3653747911123548,-1.9202865662094022,-0.17626463561071615,2.1473887025092995,1.9161540931517136,0.46496835283355087,alta
-0.7654169198207343,0.028348862696412718,1.7177457749947957,1.285169220534426,-0.1923296403081921,1.7884517771453274,1.7568042473957002,0.9725419130260105,-1.001818606943923,0.7899045602498436,-1.018490415098391,0.46496835283355087,media-baja
0.2222133683294313,-0.9627120534606078,-0.38614876756878225,-0.8724784452613094,-1.296209901220826,0.28817669618445296,0.2859870919940779,-0.7679899853440476,1.2496922239648243,0.24691090334606178,0.5466533226349978,0.46496835283355087,alta
-0.32647012508732776,-0.12412204748159057,0.16269328701302077,1.7830879126411348,-0.5234937185819821,1.9930347427309014,0.9583606487491052,0.8879327235218928,-0.8517178848833398,0.42790878898065604,-0.6272044806650434,0.46496835283355087,media-baja
0.5514234643794865,-0.6577702331046015,1.626272099231162,1.1191963231655235,-0.7994637838101408,0.9701199148030323,1.2525240798294297,0.9322518227859672,-1.001818606943923,0.6089066746152493,-0.822847447881718,0.46496835283355087,media-alta
-1.0946270158707905,0.3332906830524189,2.449535181103866,2.3047170186576857,-0.35791167944508734,0.7655369492174585,-0.1552580546264088,1.3754428154264882,-0.47646607973188293,-0.024585925105829624,-1.4097763495317386,0.46496835283355087,media-baja
0.9903702591128941,-0.5815347780156,-0.47762244333241616,-0.8487680313514662,-0.9650458229470357,0.3563710180463109,0.2859870919940779,-0.49401737171171745,1.6999943901465744,-0.024585925105829624,-0.040275579015022815,0.46496835283355087,alta
-1.204363714554142,0.7144679584974267,-0.9349908221505855,-0.8013472035317797,-0.026747601171296913,-0.12098923498669463,-0.008176339086246558,-0.6390616965759002,1.5498936680859912,0.06591301771146751,0.05754590459331366,0.46496835283355087,media-alta
0.11247666964607989,2.1629416051884567,-1.0264644979142192,1.0954859092556803,1.077132659741337,-0.6665438098815581,1.0844306906406729,1.0934121837461404,-1.3770704120953832,0.24691090334606178,-1.3119548659234022,0.46496835283355087,media-baja
0.661160163062839,-1.2676538738166143,-0.2032014160415149,-0.9436096869908392,-1.1858218751295624,-1.4166813503619953,-1.2268534107047335,-0.47790133561572695,1.0245411408739509,-1.1105732389133942,-0.333740029840034,0.46496835283355087,media-baja
0.7708968617461903,1.9342352399214517,-0.020254064514247064,-0.825057617441623,1.0219386466957052,-0.32557220057226843,-0.05019968638343576,0.7509464167057277,0.5742389746922008,0.15641196052876463,-1.1163118987067275,-2.1506840065693225,media-baja
1.209843656479597,0.25705522796341723,0.8030090173584576,0.24191100850132327,-0.6338817446732457,0.28817669618445296,0.8322906068575376,-0.3167409746555091,-0.47646607973188293,-1.5630679529998794,1.4270466751100295,0.46496835283355087,alta
-1.3141004132374934,-0.9627120534606078,-0.9349908221505855,-0.8487680313514662,-0.3027176663994556,1.7884517771453274,0.26497541834548327,-0.39329214611160923,0.7993900577830741,-0.6580785248269091,-0.9206689314900546,-2.1506840065693225,media-baja
-0.10699672772062392,-0.20035750257059223,0.528587990067556,-0.0900347862364821,-0.9098518099014039,-0.32557220057226843,0.09688202915672646,-0.6390616965759002,-0.32636535767129954,-0.6580785248269091,0.3510103554183248,0.46496835283355087,media-alta
-0.5459435224540315,0.7144679584974267,-0.020254064514247064,-0.8724784452613094,-0.4682997055363504,-0.8711267754671319,-0.44942148570673324,-0.9815274636163128,-0.6265668017924663,-0.9295753532788005,0.05754590459331366,0.46496835283355087,media-baja
-0.7654169198207343,-0.5815347780156,0.07121961124938686,2.281006604747843,-0.1923296403081921,1.5838688115597537,0.8322906068575376,0.9725419130260105,0.4991886136619074,-0.11508486792312675,-0.2359185462316975,0.46496835283355087,media-alta
-0.9848903171874382,1.095645233942435,-0.5690961190960501,-0.20858685578569836,0.85635660755881,2.1294233864546173,1.7778159210442948,-0.1958707039353792,0.27403753057103397,0.06591301771146751,-0.6272044806650434,0.46496835283355087,media-baja
0.44168676569613513,1.3243515992094395,-1.117938173677853,-0.8013472035317797,1.4082967380151268,-1.4166813503619953,-1.6470868836766257,0.5293509203854896,1.3247425849951178,0.24691090334606178,-0.7250259642733816,-2.1506840065693225,media-baja
0.661160163062839,-0.047886592392588925,0.437114314303922,-0.23229726969554174,-1.3514039142664576,-1.0757097410527057,-0.7435849167870577,-1.1547748516485348,-0.7766675238530497,-0.296082753557721,1.524868158718366,0.46496835283355087,media-baja
-0.21673342640397533,-0.6577702331046015,-0.6605697948596839,2.11503370737894,0.1388344379655979,-0.802932453605274,-0.5965032012468955,1.5366031763866614,-0.32636535767129954,-0.11508486792312675,-0.822847447881718,0.46496835283355087,media-baja
-0.32647012508732776,0.86693886867543,-0.47762244333241616,-0.01890354450695239,-0.41310569249071905,0.6291483054937427,1.126454037937862,-1.2998191765126728,-0.32636535767129954,-0.9295753532788005,1.8183326095433772,0.46496835283355087,media-alta
-0.21673342640397533,0.4857615932304222,-0.2032014160415149,1.9846264308748025,-0.13713562726256037,1.4474801678360378,1.399605795369592,1.3915588515224786,-1.6022214951862566,0.7899045602498436,-0.9206689314900546,0.46496835283355087,media-alta
-0.655680221137383,-0.5815347780156,0.07121961124938686,0.5501463893292855,-0.6890757577188773,1.1747028803886062,1.6937692264499165,0.5696410106255329,1.7750447511768679,0.24691090334606178,-0.7250259642733816,0.46496835283355087,alta
1.6487904512130047,1.629293419565446,-0.8435171463869515,-0.7776367896219364,2.7329530511102877,-1.6212643159475693,-2.004285335702734,0.9322518227859672,-0.1012142745804228,0.42790878898065604,-0.2359185462316975,-2.1506840065693225,media-alta
-0.5459435224540315,0.25705522796341723,0.3456406385402881,0.17077976677179357,0.6907745684219149,0.015399408737021234,0.5801505230744024,0.3963936225933109,-0.8517178848833398,-0.38658169637501816,-1.018490415098391,0.46496835283355087,media-alta
0.44168676569613513,-1.0389475085496094,-0.020254064514247064,0.28933183632100984,-1.1858218751295624,1.5156744896978958,0.7902672595603484,-0.6551777326719354,-1.3770704120953832,-1.2010721817306913,0.4488318390266613,0.46496835283355087,media-alta
2.6364207393631713,0.4095261381414205,1.9006931265220637,-0.7776367896219364,2.0706248945627066,-1.2802927066382794,-1.5000051681364635,0.7025983084176668,0.5742389746922008,0.6089066746152493,0.6444748062433342,-2.1506840065693225,media-alta
-0.32647012508732776,0.028348862696412718,-0.11172774027788097,-0.46940140879397424,-1.1858218751295624,-1.0757097410527057,-0.8906666323272199,-1.5214146728329556,0.8744404188133675,1.061401388701735,2.1117970603683864,0.46496835283355087,alta
0.8806335604295428,-0.27659295765959346,0.894482693122091,-0.0900347862364821,0.4148045031937566,0.015399408737021234,0.6431855440201861,0.8919617325459239,0.42413825263161736,-0.024585925105829624,-0.7250259642733816,0.46496835283355087,media-alta
-0.21673342640397533,0.10458431778541437,-0.9349908221505855,-1.014740928720369,0.1388344379655979,0.5609539836318848,0.5381271757772131,-0.6793517868159434,-0.7016171628227563,-0.5675795820096119,-1.018490415098391,0.46496835283355087,media-alta
0.3319500670127837,0.25705522796341723,-0.6605697948596839,0.17077976677179357,-0.4682997055363504,-0.18918355684855256,0.012835334562348047,-0.5423654799997784,-0.551516440762173,-0.6580785248269091,0.8401177734600089,0.46496835283355087,media-baja
-0.32647012508732776,2.77282524590047,-2.0326749313141916,-0.3271389253349147,0.9667446336500736,-1.0757097410527057,-1.9622619884055448,0.34401650528126354,1.474843307055701,0.06591301771146751,0.6444748062433342,-2.1506840065693225,baja
-1.0946270158707905,-0.8864765983716062,-0.5690961190960501,-0.9673201009006824,-0.6890757577188773,0.21998237432259504,0.11789370280532106,-0.921092328256248,0.19898716954074397,-0.6580785248269091,-0.333740029840034,0.46496835283355087,media-baja
1.3195803551629504,3.0396493387119747,-1.4838328767323885,-0.825057617441623,2.1258189076083385,-1.4166813503619953,-1.4789934944878689,0.9725419130260105,0.12393680851045061,2.3283865881438937,-0.9206689314900546,-2.1506840065693225,media-baja
-0.10699672772062392,0.3332906830524189,0.07121961124938686,1.1310515301204453,-0.3027176663994556,0.42456533990816886,0.1809287237511049,-0.3489730468475795,-0.926768245913633,-1.6535668958171765,1.2314037078933548,0.46496835283355087,alta
-0.32647012508732776,-0.20035750257059223,1.7177457749947957,1.9016399821903507,0.1388344379655979,1.1747028803886062,1.5046641636125648,1.2142824544662703,-0.926768245913633,-0.5675795820096119,-1.018490415098391,0.46496835283355087,media-baja
0.0027399709627274923,-1.115182963638611,0.6200616658311898,0.5027255615095991,0.08364042491996618,1.242897202250464,1.2525240798294297,0.5696410106255329,1.0245411408739509,0.06591301771146751,-0.822847447881718,0.46496835283355087,media-alta
0.5514234643794865,0.5619970483194239,0.07121961124938686,-0.3982701670644444,-0.8546577968557721,-0.5983494880197001,-0.6175148748954901,-1.1870069238405605,-1.001818606943923,0.7899045602498436,2.0139755767600502,0.46496835283355087,alta
0.2222133683294313,0.10458431778541437,-0.8435171463869515,-0.919899273080996,-0.5234937185819821,0.6291483054937427,1.1474657115864566,-0.610858633407861,-0.551516440762173,-0.296082753557721,-0.5293829970567069,0.46496835283355087,media-baja
-1.3141004132374934,-0.20035750257059223,-0.2946750918051483,-0.49311182270381737,-0.8546577968557721,-1.0075154191908477,-0.11323470732921957,-1.932373593281451,0.34908789160132403,-0.8390764104615033,2.1117970603683864,0.46496835283355087,media-alta
-0.5459435224540315,-0.42906386783759676,-0.38614876756878225,-0.8961888591711527,-0.5786877316276139,-0.802932453605274,-0.1762697282750034,-0.5786265612158352,1.099591501904241,0.9709024458844379,0.05754590459331366,0.46496835283355087,media-alta
-0.655680221137383,-1.115182963638611,-0.020254064514247064,-0.8961888591711527,-0.5234937185819821,0.21998237432259504,-0.029188012734841163,-1.3965153930887946,-1.1519193290045064,-0.4770806391923148,0.05754590459331366,0.46496835283355087,media-alta
-0.655680221137383,0.028348862696412718,-0.7520434706233177,-0.9673201009006824,0.19402845101122965,0.5609539836318848,1.7988275946928893,-0.6712937687679258,-0.2513149966410062,-0.4770806391923148,-0.5293829970567069,0.46496835283355087,media-alta
-0.21673342640397533,1.7055288746544477,-0.47762244333241616,1.7593774987312911,-0.08194161421692865,1.9248404208690433,1.5256758372611596,0.6341051550095842,0.34908789160132403,0.24691090334606178,0.05754590459331366,0.46496835283355087,media-alta
2.1974739446297638,-0.27659295765959346,1.626272099231162,-0.7776367896219364,0.46999851623938793,-1.4166813503619953,-0.2182930755721926,0.5696410106255329,-0.47646607973188293,-0.4770806391923148,-0.333740029840034,0.46496835283355087,media-baja
-0.5459435224540315,0.028348862696412718,-0.8435171463869515,2.707794055125021,-0.24752365335382384,0.4927596617700268,0.2229520710482941,1.4157329056665315,0.048886447480160584,1.4233971599709234,-0.040275579015022815,0.46496835283355087,media-alta
0.661160163062839,0.180819772874416,-0.38614876756878225,0.8346713562474047,0.6907745684219149,0.5609539836318848,1.2945474271266189,1.0128320032660538,-0.926768245913633,1.061401388701735,-1.2141333823150657,0.46496835283355087,media-alta
-0.8751536185040868,-0.9627120534606078,-0.9349908221505855,-0.825057617441623,-0.08194161421692865,0.28817669618445296,0.8533022805061322,-0.8002220575361181,0.7243396967527841,-0.11508486792312675,-0.1380970626233593,0.46496835283355087,media-alta
0.2222133683294313,-0.27659295765959346,0.437114314303922,1.7593774987312911,-0.5786877316276139,0.4927596617700268,0.3700337865884563,1.4560229959065747,0.6492893357224908,2.5093844737784883,-0.822847447881718,0.46496835283355087,media-alta
-1.204363714554142,-0.8102411432826048,-0.11172774027788097,0.8109609423375611,-0.7994637838101408,1.1065085585267482,0.09688202915672646,-0.28450890246348337,-0.2513149966410062,-1.1105732389133942,0.15536738820165014,0.46496835283355087,media-baja
-0.32647012508732776,-1.3438893289056157,0.3456406385402881,-0.8961888591711527,-0.1923296403081921,0.6291483054937427,-0.11323470732921957,-1.3199642216326943,-1.0768689679742165,1.8758918740574082,0.6444748062433342,0.46496835283355087,media-alta
-0.43620682377067915,-0.047886592392588925,0.07121961124938686,2.1861649491084694,-0.6890757577188773,-1.6894586378094272,-0.9116783059758146,-0.107232505407275,-0.551516440762173,-1.5630679529998794,2.0139755767600502,0.46496835283355087,media-baja
-0.7654169198207343,0.4095261381414205,-1.0264644979142192,0.07593811113242048,3.6712512728860265,2.061229064592759,1.2735357534780243,0.08213091872093742,0.19898716954074397,-0.7485774676442062,-0.9206689314900546,0.46496835283355087,media-baja
-0.9848903171874382,-0.8864765983716062,-0.5690961190960501,2.3047170186576857,0.24922246405686138,-1.5530699940857113,-0.05019968638343576,1.323065698114396,-0.17626463561071615,0.15641196052876463,-0.822847447881718,0.46496835283355087,media-alta
-0.32647012508732776,-0.42906386783759676,-0.6605697948596839,0.597567217148972,0.08364042491996618,1.5838688115597537,1.924897636584457,0.6905112813456628,-0.6265668017924663,-0.38658169637501816,-1.5075978331400752,0.46496835283355087,media-baja
-1.204363714554142,-1.115182963638611,0.16269328701302077,0.17077976677179357,-0.7994637838101408,-0.0527949131248367,-0.2393047492207872,-0.3086829566075362,0.7993900577830741,0.6089066746152493,-0.30113287189797155,0.46496835283355087,alta
1.9780005472630608,-0.8102411432826048,0.2541669627766547,0.43159431978006924,-0.7442697707645091,0.1517880524607371,0.5801505230744024,0.730801371585706,-0.8517178848833398,-0.5675795820096119,-0.7250259642733816,0.46496835283355087,media-alta
0.661160163062839,-0.12412204748159057,0.985956368885725,2.1387441212887834,-0.3027176663994556,0.9701199148030323,1.9038859629358624,1.8992139885470958,-0.2513149966410062,1.061401388701735,-1.2141333823150657,0.46496835283355087,media-baja
1.5390537525296533,0.028348862696412718,0.985956368885725,-0.7065055478924067,1.353102724969495,-1.2802927066382794,-2.172378724891491,-0.018594306879170814,-0.551516440762173,1.7853929312401111,1.329225191501693,-2.1506840065693225,alta
0.2222133683294313,-0.6577702331046015,0.528587990067556,-0.825057617441623,-1.0202398359926674,1.9930347427309014,0.70622056496597,-0.9613824184962912,-0.7766675238530497,-1.4725690101825828,0.6444748062433342,0.46496835283355087,media-alta
-0.655680221137383,-0.7340056881936031,-1.117938173677853,-0.18487644187585517,2.5121769989277607,-1.0075154191908477,-0.1552580546264088,-0.2764508844154658,-1.4521207731256733,-0.6580785248269091,-0.822847447881718,0.46496835283355087,media-baja
-0.32647012508732776,-0.42906386783759676,0.8030090173584576,0.5264359754194423,-0.24752365335382384,0.9701199148030323,1.189489058883646,0.5817280376975369,-0.1012142745804228,-0.2055838107404239,-1.1163118987067275,0.46496835283355087,media-baja
0.5514234643794865,1.5530579644764444,-1.75825390402329,-0.540532650523504,0.9115506206044418,-1.2802927066382794,-1.4579818208392743,1.0934121837461404,1.099591501904241,0.5184077317979522,-1.3119548659234022,-2.1506840065693225,media-baja
0.0027399709627274923,-0.6577702331046015,-0.11172774027788097,-0.6353743061628769,-0.9098518099014039,2.1294233864546173,0.5381271757772131,-1.2796741313926512,-1.3770704120953832,0.42790878898065604,0.8401177734600089,0.46496835283355087,alta
0.11247666964607989,1.1718806890314362,-1.3923592009687547,0.1470693528619504,-0.13713562726256037,-1.1439040629145636,0.05485868185953725,-0.042768361023178894,-0.926768245913633,-0.2055838107404239,-0.6272044806650434,0.46496835283355087,media-baja
-0.5459435224540315,-0.3528284127485951,0.894482693122091,-0.9436096869908392,0.08364042491996618,-1.0075154191908477,0.4120571338856455,0.28761037894518504,1.5498936680859912,-0.38658169637501816,-0.43156151344837046,0.46496835283355087,media-alta
-1.6433105092875497,-0.4671815953820976,2.358061505340232,1.285169220534426,0.30441647710249314,2.402200673902049,1.0213956696948892,0.10227596384095906,0.27403753057103397,0.8804035030671407,-0.040275579015022815,0.46496835283355087,alta
-0.655680221137383,0.3332906830524189,1.626272099231162,-0.5642430644333472,-1.130627862083931,-1.0075154191908477,-0.5965032012468955,-1.68660404281716,-0.8517178848833398,-0.2055838107404239,1.6226896423267025,0.46496835283355087,alta
0.11247666964607989,0.180819772874416,-0.9349908221505855,-0.6590847200727202,1.353102724969495,0.6973426273556006,-1.1428067161103552,0.5938150647695409,1.1746418629345343,0.24691090334606178,-0.333740029840034,-2.1506840065693225,media-alta
1.6487904512130047,-0.42906386783759676,0.894482693122091,-0.7302159618022499,-0.08194161421692865,-0.12098923498669463,-0.2393047492207872,-0.11529052345529262,-1.9024229393074235,-0.6580785248269091,-0.43156151344837046,0.46496835283355087,media-baja
0.5514234643794865,-0.047886592392588925,-0.38614876756878225,0.12335893895210702,-0.7994637838101408,-0.5301551661578422,-0.2813280965179764,-0.15960962271932233,0.9494907798436576,0.24691090334606178,0.5466533226349978,0.46496835283355087,media-alta
0.44168676569613513,0.4857615932304222,2.2665878295765993,1.0480650814359935,0.24922246405686138,-1.0757097410527057,1.0003839960462944,0.6703662362256411,-0.6265668017924663,1.2423992743363292,-0.5293829970567069,0.46496835283355087,media-alta
-0.8751536185040868,-0.5052993229265984,1.1689037204129928,1.4985629457230154,-0.5234937185819821,1.1747028803886062,1.5256758372611596,0.9725419130260105,-0.2513149966410062,0.06591301771146751,-0.9206689314900546,0.46496835283355087,media-baja
0.3319500670127837,2.3916479704554616,-2.215622282841459,-0.6827951339825634,2.1810129206539703,-1.3484870285001374,-1.794168599216788,1.4157329056665315,1.6249440291162844,2.237887645326597,-0.7250259642733816,-2.1506840065693225,media-alta
-0.7654169198207343,-0.047886592392588925,0.7115353415948238,0.5264359754194423,-0.5786877316276139,1.7884517771453274,1.9038859629358624,0.14659506310503354,0.7993900577830741,-0.7485774676442062,-0.43156151344837046,0.46496835283355087,media-baja
0.0027399709627274923,-0.047886592392588925,1.7177457749947957,2.1861649491084694,0.46999851623938793,-1.6894586378094272,0.5381271757772131,1.5768932666267046,-2.052523661368007,-0.6580785248269091,-1.3119548659234022,0.46496835283355087,media-baja
0.5514234643794865,1.4768225093874428,-0.6605697948596839,-0.6827951339825634,2.2362069336996018,-1.5530699940857113,-1.7731569255681934,1.4560229959065747,1.925145473237451,1.3328982171536263,-0.822847447881718,-2.1506840065693225,media-alta
-0.21673342640397533,1.3243515992094395,-1.117938173677853,-0.8487680313514662,1.573878777152022,-1.2120983847764215,-2.0252970093513287,0.43668371283335417,1.2496922239648243,1.1519003315190322,-0.6272044806650434,-2.1506840065693225,media-alta
-1.4238371119208457,1.8198820572879502,-0.47762244333241616,-0.18487644187585517,0.1388344379655979,-0.9393210973289898,0.07587035550813186,-0.034710342975206025,0.19898716954074397,-0.4770806391923148,-1.3119548659234022,0.46496835283355087,media-baja
1.6487904512130047,1.2862338716649386,-0.2032014160415149,-0.27971809751522825,-1.3514039142664576,-0.802932453605274,-0.44942148570673324,-1.0419625989763779,-1.5271711341559666,-1.2010721817306913,1.9161540931517136,0.46496835283355087,media-baja
-0.21673342640397533,-1.115182963638611,-0.11172774027788097,-0.7776367896219364,-0.1923296403081921,-1.2120983847764215,-0.11323470732921957,-1.1547748516485348,-0.40141571870158954,-0.024585925105829624,1.1335822242850184,0.46496835283355087,media-alta
0.7708968617461903,-0.7340056881936031,0.437114314303922,-0.919899273080996,0.30441647710249314,-0.6665438098815581,0.6431855440201861,-0.5584815160958135,-0.1012142745804228,0.15641196052876463,-0.040275579015022815,0.46496835283355087,media-alta
0.661160163062839,0.9431743237644317,-0.6605697948596839,1.4037212900836424,-1.075433849038299,0.6973426273556006,0.9373489751005106,0.16674010822505517,-0.7016171628227563,-0.7485774676442062,0.8401177734600089,0.46496835283355087,alta
-0.9848903171874382,0.10458431778541437,-1.5753065524960221,-0.11374520014632547,0.08364042491996618,-0.2573778787104105,0.11789370280532106,0.14659506310503354,-0.026163913550132773,-0.296082753557721,-1.018490415098391,0.46496835283355087,media-baja
2.746157438046523,2.77282524590047,-0.6605697948596839,-0.7302159618022499,2.015430881517075,-1.757652959671285,-1.9832736620541394,1.7783437178269659,-0.551516440762173,0.7899045602498436,-0.2359185462316975,-2.1506840065693225,media-baja
2.1974739446297638,1.0194097788534333,0.3456406385402881,-0.6827951339825634,1.6290727901976536,-0.5301551661578422,-0.9326899796244091,1.7380536275869225,1.2496922239648243,0.9709024458844379,-0.9206689314900546,-2.1506840065693225,media-baja
-0.10699672772062392,-0.12412204748159057,0.6200616658311898,2.281006604747843,-1.0202398359926674,1.9930347427309014,1.2315124061808351,1.5768932666267046,-0.2513149966410062,0.8804035030671407,-1.1163118987067275,0.46496835283355087,alta
3.075367534096579,2.3916479704554616,-0.6605697948596839,-0.6827951339825634,1.4634907510607584,-1.6894586378094272,-1.8782152938111663,1.2142824544662703,-0.926768245913633,0.5184077317979522,-1.018490415098391,-2.1506840065693225,media-baja
-0.5459435224540315,-0.6577702331046015,-0.11172774027788097,2.281006604747843,0.02844641187433444,0.1517880524607371,-0.09222303368062497,1.5970383117467262,-1.30202005106509,0.24691090334606178,-1.4097763495317386,0.46496835283355087,media-alta
0.3319500670127837,-0.5052993229265984,1.626272099231162,-0.9910305148105255,-0.4682997055363504,0.28817669618445296,0.70622056496597,-1.082252689216421,-0.6265668017924663,0.3374098461633589,0.8401177734600089,0.46496835283355087,media-baja
1.3195803551629504,-0.12412204748159057,1.626272099231162,-0.350849339244758,2.1810129206539703,-1.3484870285001374,-2.067320356648518,0.23926227065712416,0.42413825263161736,1.1519003315190322,1.6226896423267025,-2.1506840065693225,alta
0.2222133683294313,0.7907034135864284,0.6200616658311898,0.3604630780505395,-0.3027176663994556,-0.12098923498669463,-0.008176339086246558,-0.7599319672960301,-0.17626463561071615,-1.2915711245479884,2.1117970603683864,0.46496835283355087,alta
-1.5335738106041972,-0.7340056881936031,-0.2946750918051483,-0.9436096869908392,-1.296209901220826,-0.32557220057226843,-0.44942148570673324,-1.9766926925454806,1.0245411408739509,-1.2010721817306913,2.0139755767600502,0.46496835283355087,alta
-1.4238371119208457,0.523879320774923,-0.5690961190960501,-0.37455975315460116,-1.075433849038299,0.4927596617700268,-0.008176339086246558,-1.251471068224612,-0.1012142745804228,1.061401388701735,0.7422962898516707,0.46496835283355087,media-alta
0.11247666964607989,1.629293419565446,-1.666780228259656,-0.7776367896219364,0.4148045031937566,-0.8711267754671319,-2.109343703945707,0.5414379474574936,-0.026163913550132773,1.5138961027882205,-0.5293829970567069,-2.1506840065693225,media-alta
-1.0946270158707905,2.0104706950104534,-0.7520434706233177,-0.6590847200727202,-0.35791167944508734,-1.0075154191908477,-1.100783368813166,-0.3489730468475795,1.8500951122071578,1.2423992743363292,2.0139755767600502,-2.1506840065693225,media-alta
0.661160163062839,-1.0389475085496094,1.9921668022856975,-0.9673201009006824,-0.5234937185819821,0.7655369492174585,0.9373489751005106,-1.4448635013768554,-0.7766675238530497,-0.6580785248269091,1.4270466751100295,0.46496835283355087,media-baja
-0.9848903171874382,-0.5052993229265984,2.0836404780493316,0.40788390587022605,-0.24752365335382384,1.8566460990071854,1.126454037937862,0.06198587360091577,-0.17626463561071615,1.6948939884228138,-0.040275579015022815,0.46496835283355087,media-baja
-1.204363714554142,0.25705522796341723,1.8092194507584298,-0.9673201009006824,-1.1858218751295624,-1.4166813503619953,-0.42840981205813866,-1.6463139525771167,1.8500951122071578,-0.8390764104615033,1.4270466751100295,0.46496835283355087,media-alta
-0.5459435224540315,2.0104706950104534,-0.11172774027788097,-0.042613958416795765,0.35961049014812485,-0.0527949131248367,0.012835334562348047,0.20703019846509846,0.19898716954074397,-1.2010721817306913,-1.4097763495317386,0.46496835283355087,media-baja
-0.5459435224540315,-0.42906386783759676,-0.9349908221505855,-0.5642430644333472,-1.3514039142664576,1.1747028803886062,0.07587035550813186,-1.4086024201607985,0.048886447480160584,-1.2010721817306913,0.8401177734600089,0.46496835283355087,alta
0.0027399709627274923,-1.1914184187276127,-0.5690961190960501,-0.9436096869908392,-0.9098518099014039,-0.18918355684855256,0.012835334562348047,-1.1628328696965078,0.42413825263161736,0.3374098461633589,0.9379392570683454,0.46496835283355087,media-alta
0.3319500670127837,-0.3528284127485951,-0.47762244333241616,1.5459837735427022,0.1388344379655979,1.6520631334216116,1.0634190169920783,1.0490930844821107,-0.7766675238530497,0.7899045602498436,-0.6272044806650434,0.46496835283355087,media-baja
0.2222133683294313,-0.5052993229265984,0.437114314303922,1.8542191543706643,-0.026747601171296913,0.28817669618445296,1.6307342055041325,1.6977635373468791,-1.30202005106509,-0.4770806391923148,-1.5075978331400752,0.46496835283355087,alta
0.0027399709627274923,-1.3438893289056157,0.3456406385402881,-0.919899273080996,-0.6338817446732457,-0.4619608442959843,0.11789370280532106,-0.9130343102082303,-1.82737257827713,1.5138961027882205,-0.040275579015022815,0.46496835283355087,media-baja
-0.43620682377067915,-0.42906386783759676,-0.47762244333241616,-0.30342851142507143,1.573878777152022,0.3222738571153819,1.9669209838816462,0.48906083014544627,0.7243396967527841,1.5138961027882205,-0.9206689314900546,0.46496835283355087,media-baja
-0.21673342640397533,-0.42906386783759676,0.16269328701302077,1.735667084821448,0.02844641187433444,1.9248404208690433,1.0634190169920783,1.4560229959065747,1.3247425849951178,-1.2010721817306913,-0.5293829970567069,0.46496835283355087,media-baja
1.209843656479597,0.6382325034084255,-0.020254064514247064,-0.8013472035317797,1.7394608162889171,-1.5530699940857113,-2.067320356648518,0.6502211911056194,0.19898716954074397,1.6043950456055167,0.15536738820165014,-2.1506840065693225,media-alta
-1.3141004132374934,-0.12412204748159057,-0.2032014160415149,-0.9910305148105255,-0.7994637838101408,-0.5301551661578422,-1.3949467998934904,-1.6060238623370733,-0.17626463561071615,-1.2010721817306913,0.8401177734600089,0.46496835283355087,media-baja
0.44168676569613513,-0.42906386783759676,-0.020254064514247064,-0.8724784452613094,-1.0202398359926674,0.3563710180463109,-0.2813280965179764,-1.5899078262410382,-1.82737257827713,-0.7485774676442062,1.4270466751100295,0.46496835283355087,media-alta
-0.43620682377067915,0.9431743237644317,-0.020254064514247064,-0.8013472035317797,-1.130627862083931,0.6973426273556006,-0.38638646476094946,-1.7671842232972466,0.5742389746922008,0.9709024458844379,2.1117970603683864,0.46496835283355087,alta
0.5514234643794865,0.10458431778541437,0.3456406385402881,0.24191100850132327,-0.7994637838101408,-1.2802927066382794,0.07587035550813186,-0.8002220575361181,-0.40141571870158954,-1.1105732389133942,1.524868158718366,0.46496835283355087,alta
-1.0946270158707905,-1.1914184187276127,0.528587990067556,-0.9910305148105255,-1.075433849038299,0.42456533990816886,-0.5334681803011116,-0.8808022380162046,1.3997929460254077,0.6089066746152493,0.05754590459331366,0.46496835283355087,media-alta
-1.6433105092875497,-1.2676538738166143,-0.47762244333241616,0.0640829041774989,0.02844641187433444,1.37928584597418,0.34902211293986174,-0.41343719123163086,1.925145473237451,-0.11508486792312675,0.5466533226349978,0.46496835283355087,media-alta
2.1974739446297638,-0.3528284127485951,0.07121961124938686,-0.9910305148105255,-1.075433849038299,-1.0757097410527057,0.601162196722997,-0.3167409746555091,-1.3770704120953832,-0.9295753532788005,0.15536738820165014,0.46496835283355087,media-baja
-1.5335738106041972,-0.7340056881936031,-0.2032014160415149,-0.4219805809742877,-0.5786877316276139,-0.2573778787104105,0.49610382848002393,-1.771213232321233,-0.32636535767129954,-1.3820700673652857,1.6226896423267025,0.46496835283355087,media-alta
-0.10699672772062392,2.544118880633465,-2.672990661659628,-0.7539263757120932,0.85635660755881,-1.5530699940857113,-2.046308682999923,1.1337022739861837,1.925145473237451,1.4233971599709234,-0.9206689314900546,-2.1506840065693225,media-alta
0.2222133683294313,0.180819772874416,-0.9349908221505855,-0.49311182270381737,-0.026747601171296913,-1.1439040629145636,0.2859870919940779,-0.3167409746555091,0.27403753057103397,-0.6580785248269091,-0.2359185462316975,0.46496835283355087,media-baja
-0.43620682377067915,-0.047886592392588925,-0.11172774027788097,-0.7539263757120932,-0.6890757577188773,-0.8711267754671319,0.15991705010251028,-0.6390616965759002,1.099591501904241,1.061401388701735,0.15536738820165014,0.46496835283355087,media-alta
-0.5459435224540315,-0.27659295765959346,-2.0326749313141916,1.3325900483541129,0.02844641187433444,0.42456533990816886,0.1809287237511049,0.5132348842894543,-2.1275740223982966,0.9709024458844379,-0.9206689314900546,0.46496835283355087,media-alta
1.1001069577962457,-0.12412204748159057,-0.020254064514247064,-0.9910305148105255,-0.5234937185819821,1.242897202250464,0.012835334562348047,-1.2031229599365958,-1.6772718562165467,-0.5675795820096119,0.6444748062433342,0.46496835283355087,media-alta
-0.10699672772062392,-0.047886592392588925,1.9006931265220637,-0.8487680313514662,-1.1858218751295624,-1.757652959671285,-1.2898884316505175,-1.0419625989763779,-1.0768689679742165,-0.7485774676442062,-0.040275579015022815,0.46496835283355087,media-baja
-0.5459435224540315,-0.9627120534606078,-0.2946750918051483,-0.9910305148105255,-0.35791167944508734,0.4927596617700268,-0.47043315935532787,-1.6060238623370733,0.048886447480160584,1.6043950456055167,0.7422962898516707,0.46496835283355087,media-alta
-0.655680221137383,-1.0389475085496094,0.894482693122091,2.11503370737894,-0.6338817446732457,1.1065085585267482,0.13890537645391568,0.9644838949779929,0.4991886136619074,1.8758918740574082,-0.1380970626233593,0.46496835283355087,alta
-0.32647012508732776,-0.5052993229265984,-0.38614876756878225,1.285169220534426,1.4082967380151268,1.1065085585267482,0.6641972176687808,0.9322518227859672,-1.2269696900348,-1.2010721817306913,-1.4097763495317386,0.46496835283355087,media-baja
-0.21673342640397533,0.180819772874416,1.626272099231162,0.4790151475997558,-0.3027176663994556,2.061229064592759,1.7568042473957002,0.5293509203854896,-0.926768245913633,-1.0200742960960971,-1.4097763495317386,0.46496835283355087,media-alta
-1.204363714554142,0.4857615932304222,-0.47762244333241616,0.17077976677179357,-0.9098518099014039,0.7655369492174585,0.2439637446968887,-1.2837031404166823,1.2496922239648243,-1.2010721817306913,1.8183326095433772,0.46496835283355087,alta
-0.8751536185040868,0.7144679584974267,-0.11172774027788097,-0.49311182270381737,-1.130627862083931,1.242897202250464,0.8743139541547268,-0.6793517868159434,2.375447639419198,2.5093844737784883,1.2314037078933548,0.46496835283355087,alta
0.5514234643794865,0.9812920513089325,1.1689037204129928,2.1861649491084694,-0.3027176663994556,2.5385893176257652,1.8828742892872679,1.6977635373468791,2.0001958342677413,-1.3820700673652857,-0.43156151344837046,0.46496835283355087,media-alta
0.5514234643794865,-0.12412204748159057,0.528587990067556,-0.8724784452613094,2.015430881517075,-0.2573778787104105,1.1474657115864566,-0.002478270783135603,-0.926768245913633,-0.11508486792312675,-0.6272044806650434,0.46496835283355087,media-baja
-0.10699672772062392,2.8490607009894706,-2.1241486070778253,-0.825057617441623,2.5673710119733926,-0.5983494880197001,-0.7015615694898685,0.6099311008655761,0.9494907798436576,0.24691090334606178,-1.2141333823150657,-2.1506840065693225,media-alta
0.2222133683294313,-0.7340056881936031,-0.11172774027788097,0.6924088727883448,-0.1923296403081921,0.7655369492174585,1.7778159210442948,0.8919617325459239,0.8744404188133675,-0.4770806391923148,-0.9206689314900546,0.46496835283355087,media-alta
0.2222133683294313,-0.8864765983716062,0.7115353415948238,-0.7065055478924067,-0.13713562726256037,-0.4619608442959843,-0.7435849167870577,-1.5899078262410382,-2.052523661368007,-1.4725690101825828,1.524868158718366,0.46496835283355087,media-alta
-0.21673342640397533,-1.0389475085496094,-0.11172774027788097,-0.7776367896219364,-0.6890757577188773,0.5609539836318848,1.4206174690181865,-1.2031229599365958,0.7993900577830741,-1.2915711245479884,1.720511125935039,0.46496835283355087,media-alta
-1.753047207970901,-0.8102411432826048,-0.5690961190960501,-0.9673201009006824,-0.5786877316276139,-0.8711267754671319,-0.995725000570193,-1.7430101691531936,0.7243396967527841,0.42790878898065604,0.8401177734600089,0.46496835283355087,media-alta
0.44168676569613513,-0.12412204748159057,0.07121961124938686,-0.919899273080996,-1.0202398359926674,0.015399408737021234,0.811278933208943,-1.1467168336005171,-1.9774733003377134,-0.8390764104615033,0.05754590459331366,0.46496835283355087,media-baja
2.746157438046523,-0.5052993229265984,2.0836404780493316,-0.9436096869908392,-0.5786877316276139,-1.0075154191908477,0.7902672595603484,-0.2361607941754225,-2.052523661368007,-0.7485774676442062,0.05754590459331366,0.46496835283355087,media-baja
-0.32647012508732776,0.028348862696412718,-0.7520434706233177,-0.46940140879397424,-1.3514039142664576,0.015399408737021234,-0.49144483300392244,-1.9283445842574196,-0.8517178848833398,-1.0200742960960971,1.9161540931517136,0.46496835283355087,media-alta
-0.43620682377067915,-0.6577702331046015,0.16269328701302077,0.6686984588785018,-0.13713562726256037,0.9701199148030323,1.126454037937862,0.1345080360330295,-0.7766675238530497,0.06591301771146751,-0.333740029840034,0.46496835283355087,media-alta
1.4293170538463018,2.6584720632669674,2.723956208394768,-0.7776367896219364,3.3952812076578676,-1.2120983847764215,-0.5754915275983009,1.053122093506097,-0.40141571870158954,0.24691090334606178,-1.3119548659234022,-2.1506840065693225,media-baja
-1.6433105092875497,-1.0389475085496094,-0.11172774027788097,1.16661715098521,-1.241015888175194,-0.18918355684855256,0.1809287237511049,0.40848064966531494,2.0752461952980346,-0.8390764104615033,0.3510103554183248,0.46496835283355087,alta
-0.5459435224540315,0.4857615932304222,-1.209411849441487,-0.9673201009006824,-0.4682997055363504,-0.7347381317434161,-0.8066199377328415,-0.6793517868159434,0.048886447480160584,-0.5675795820096119,-0.333740029840034,0.46496835283355087,baja
-0.32647012508732776,-0.9627120534606078,0.16269328701302077,-0.0900347862364821,-0.1923296403081921,0.7655369492174585,0.15991705010251028,-0.6269746695038961,-0.7016171628227563,0.42790878898065604,0.5466533226349978,0.46496835283355087,media-alta
-0.43620682377067915,0.4095261381414205,-0.5690961190960501,-0.6590847200727202,-1.241015888175194,-0.4619608442959843,-0.8066199377328415,-1.4045734111368122,-0.551516440762173,-1.3820700673652857,1.2314037078933548,0.46496835283355087,media-alta
-0.9848903171874382,0.3332906830524189,-0.8435171463869515,-0.007048337552030808,-0.6890757577188773,0.9019255929411744,0.47509215483142936,-1.0258465628803426,0.048886447480160584,-1.0200742960960971,0.7422962898516707,0.46496835283355087,media-alta
2.0877372459464123,1.7817643297434493,-0.11172774027788097,0.6686984588785018,-1.3514039142664576,-1.1439040629145636,-1.0797716951645713,-0.5584815160958135,-2.052523661368007,-1.3820700673652857,1.329225191501693,0.46496835283355087,media-baja
-0.10699672772062392,-1.3438893289056157,0.07121961124938686,0.882092184067091,-0.6338817446732457,1.5838688115597537,0.39104546023705095,0.48906083014544627,0.048886447480160584,-0.7485774676442062,-1.018490415098391,0.46496835283355087,media-alta
-0.32647012508732776,-1.0389475085496094,-0.11172774027788097,1.7830879126411348,0.6355805553762831,-0.802932453605274,1.0213956696948892,1.4882550680986004,-1.6022214951862566,0.06591301771146751,-1.4097763495317386,0.46496835283355087,alta
1.3195803551629504,0.10458431778541437,0.985956368885725,-0.9791753078556041,-0.9650458229470357,-0.8711267754671319,-0.5544798539497062,-1.3239932306567257,-0.1012142745804228,-1.7440658386344736,1.9161540931517136,0.46496835283355087,baja
0.9903702591128941,0.10458431778541437,1.9921668022856975,-0.6590847200727202,2.2362069336996018,-0.8711267754671319,-0.8906666323272199,1.2948626349464016,1.1746418629345343,2.599883416595785,-0.822847447881718,-2.1506840065693225,media-alta
1.9780005472630608,0.028348862696412718,1.626272099231162,-0.8724784452613094,-0.026747601171296913,-0.9393210973289898,0.1809287237511049,0.48906083014544627,-0.6265668017924663,-1.5630679529998794,-1.018490415098391,0.46496835283355087,media-baja
0.11247666964607989,1.7055288746544477,-0.38614876756878225,-0.6353743061628769,1.8498488423801807,-1.2802927066382794,-0.9326899796244091,0.8113815520657925,1.3247425849951178,1.7853929312401111,0.5466533226349978,-2.1506840065693225,media-baja
-0.5459435224540315,-0.8102411432826048,-0.11172774027788097,1.0954859092556803,-0.5234937185819821,2.265812030178333,1.0844306906406729,0.24732028870514175,-1.0768689679742165,-0.11508486792312675,-0.333740029840034,0.46496835283355087,media-alta
0.2222133683294313,-0.8102411432826048,0.16269328701302077,-1.014740928720369,-0.7442697707645091,2.402200673902049,0.4540804811828347,-0.8405121477761613,-0.7766675238530497,0.06591301771146751,-0.2359185462316975,0.46496835283355087,media-alta
-0.9848903171874382,-0.12412204748159057,-0.11172774027788097,-0.6590847200727202,-0.5234937185819821,-0.12098923498669463,-0.8486432850300307,-1.5052986367369203,0.7243396967527841,0.8804035030671407,1.329225191501693,0.46496835283355087,alta
-1.6433105092875497,1.095645233942435,-0.6605697948596839,-0.11374520014632547,-0.4682997055363504,-0.4619608442959843,-1.0587600215159767,-1.4448635013768554,0.5742389746922008,-1.2915711245479884,2.1117970603683864,0.46496835283355087,media-alta
-0.9848903171874382,-0.5052993229265984,0.6200616658311898,0.6212776310588154,-0.3027176663994556,1.5838688115597537,1.7988275946928893,0.5374089384335071,-0.32636535767129954,-0.4770806391923148,-1.3119548659234022,0.46496835283355087,media-baja
0.3319500670127837,-0.12412204748159057,-0.8435171463869515,-0.919899273080996,-0.24752365335382384,-1.0075154191908477,0.26497541834548327,-0.6390616965759002,-1.001818606943923,2.3283865881438937,-0.040275579015022815,0.46496835283355087,alta
-1.753047207970901,0.028348862696412718,-1.666780228259656,-0.9436096869908392,-0.7442697707645091,0.9701199148030323,0.70622056496597,-1.0258465628803426,0.34908789160132403,-1.2010721817306913,0.2531888718099866,0.46496835283355087,media-baja
0.11247666964607989,-0.5052993229265984,0.528587990067556,-0.6590847200727202,0.6907745684219149,-1.3484870285001374,-1.7101219046224094,0.0015507382408508337,2.300397278388908,2.599883416595785,1.9161540931517136,-2.1506840065693225,alta
0.0027399709627274923,-0.42906386783759676,0.07121961124938686,2.174309742153548,1.2979087119238633,-0.12098923498669463,-0.3233514438151656,1.4560229959065747,-1.9024229393074235,-0.8390764104615033,-1.2141333823150657,0.46496835283355087,media-alta
2.307210643313115,2.0104706950104534,-1.0264644979142192,-0.540532650523504,1.6842668032432853,-1.0757097410527057,-0.1552580546264088,1.4560229959065747,0.12393680851045061,0.6994056174325465,-0.9206689314900546,-2.1506840065693225,media-baja
0.5514234643794865,-0.12412204748159057,-0.8435171463869515,1.16661715098521,-0.08194161421692865,1.7884517771453274,1.441629142666781,0.8919617325459239,-1.001818606943923,-1.0200742960960971,-1.1163118987067275,0.46496835283355087,media-alta
0.9903702591128941,3.1158847938009764,-0.6605697948596839,-0.5879534783431904,1.7946548293345488,-1.4166813503619953,-1.268876758001923,0.9926869581460321,1.0245411408739509,0.42790878898065604,-0.43156151344837046,-2.1506840065693225,media-alta
-0.10699672772062392,0.25705522796341723,-0.11172774027788097,0.28933183632100984,-1.241015888175194,-0.2573778787104105,-0.7435849167870577,-0.3167409746555091,1.3997929460254077,-0.8390764104615033,0.9379392570683454,0.46496835283355087,alta
-0.10699672772062392,-1.0389475085496094,1.626272099231162,0.004806869402890774,-0.5786877316276139,0.21998237432259504,0.05485868185953725,-1.2031229599365958,0.19898716954074397,-1.0200742960960971,1.720511125935039,0.46496835283355087,media-alta
0.8806335604295428,0.180819772874416,1.1689037204129928,0.28933183632100984,-1.296209901220826,1.1065085585267482,0.07587035550813186,-1.267587104320647,-1.9024229393074235,-1.2915711245479884,2.0139755767600502,0.46496835283355087,media-alta
1.8682638485797094,0.5619970483194239,0.2541669627766547,0.1470693528619504,0.24922246405686138,0.1517880524607371,0.11789370280532106,-0.6793517868159434,-1.9774733003377134,-0.024585925105829624,1.329225191501693,0.46496835283355087,media-alta
1.209843656479597,-1.115182963638611,0.07121961124938686,-0.8961888591711527,-0.026747601171296913,-0.9393210973289898,-0.44942148570673324,-0.1555806136953359,-0.551516440762173,0.6089066746152493,-0.9206689314900546,0.46496835283355087,media-baja
-0.10699672772062392,-0.047886592392588925,-0.47762244333241616,0.5027255615095991,1.0219386466957052,-0.18918355684855256,0.7902672595603484,0.40848064966531494,-0.6265668017924663,-0.4770806391923148,-0.6272044806650434,0.46496835283355087,media-alta
2.4169473419964684,0.7144679584974267,0.7115353415948238,-0.7302159618022499,0.7459685814675466,-1.2802927066382794,-1.9202386411083556,1.617183356866748,0.34908789160132403,1.2423992743363292,-0.2359185462316975,-2.1506840065693225,media-baja
-1.3141004132374934,0.4095261381414205,-1.9412012555505576,-0.8724784452613094,0.35961049014812485,0.5609539836318848,0.11789370280532106,-0.8002220575361181,0.19898716954074397,-0.296082753557721,-0.333740029840034,0.46496835283355087,media-baja
0.3319500670127837,-0.8102411432826048,-0.11172774027788097,0.6212776310588154,-0.6338817446732457,-1.1439040629145636,-0.09222303368062497,-0.07500043321524931,-1.9024229393074235,-1.5630679529998794,-0.040275579015022815,0.46496835283355087,media-baja
0.11247666964607989,3.154002521345477,-2.672990661659628,-0.6590847200727202,1.4082967380151268,-1.0075154191908477,-1.6891102309738149,1.1337022739861837,1.6999943901465744,0.06591301771146751,-1.1163118987067275,-2.1506840065693225,media-baja
-1.753047207970901,-0.5815347780156,1.2603773961766267,-0.8487680313514662,-0.24752365335382384,-0.5983494880197001,-0.197281401923598,-0.8646862019201694,0.048886447480160584,-0.296082753557721,-0.43156151344837046,0.46496835283355087,media-baja
-1.4238371119208457,-0.20035750257059223,0.6200616658311898,1.285169220534426,-0.6890757577188773,1.242897202250464,0.2859870919940779,-0.292566920511501,-0.7766675238530497,0.6994056174325465,0.7422962898516707,0.46496835283355087,media-alta
-1.4238371119208457,0.10458431778541437,-0.7520434706233177,-0.06632437232663893,0.1388344379655979,-0.12098923498669463,-0.34436311746376025,0.07810190969695098,-0.6265668017924663,0.06591301771146751,-1.4097763495317386,0.46496835283355087,media-baja
-1.3141004132374934,0.9050565962199308,-1.3923592009687547,0.26562142241116665,-1.075433849038299,-0.6665438098815581,0.2439637446968887,-1.1588038606725213,0.19898716954074397,-0.4770806391923148,1.720511125935039,0.46496835283355087,media-alta
-0.10699672772062392,0.86693886867543,-0.11172774027788097,-0.7776367896219364,1.9050428554258123,-1.6894586378094272,-1.7521452519195988,-0.3731471009915876,0.8744404188133675,-0.4770806391923148,1.4270466751100295,-2.1506840065693225,media-alta
1.209843656479597,-0.3528284127485951,1.077430044649359,-0.8724784452613094,-0.8546577968557721,0.015399408737021234,0.11789370280532106,-1.1225427794564644,-0.8517178848833398,-0.11508486792312675,1.8183326095433772,0.46496835283355087,media-alta
-0.32647012508732776,0.3332906830524189,0.07121961124938686,-0.8724784452613094,-0.6338817446732457,-1.4166813503619953,0.03384700821094265,0.16674010822505517,0.6492893357224908,1.4233971599709234,-0.822847447881718,0.46496835283355087,media-baja
0.2222133683294313,-0.5052993229265984,0.894482693122091,-0.825057617441623,-0.7442697707645091,1.4474801678360378,0.8953256278033214,-1.3239932306567257,0.5742389746922008,-1.1105732389133942,1.720511125935039,0.46496835283355087,alta
1.4293170538463018,-0.5815347780156,1.626272099231162,0.5027255615095991,-0.6338817446732457,1.0383142366648903,-0.30233977016657104,-0.39732115513564037,-1.3770704120953832,-1.6535668958171765,1.4270466751100295,0.46496835283355087,alta
-1.0946270158707905,-0.8102411432826048,0.8030090173584576,-0.919899273080996,0.85635660755881,0.6632454664246716,0.8953256278033214,-1.2837031404166823,0.27403753057103397,0.6994056174325465,1.4270466751100295,-2.1506840065693225,media-alta
1.5390537525296533,0.4095261381414205,0.07121961124938686,-0.825057617441623,0.85635660755881,-0.32557220057226843,-1.5000051681364635,0.07004389164893338,1.2496922239648243,1.8758918740574082,1.329225191501693,-2.1506840065693225,media-alta
-0.10699672772062392,-1.2676538738166143,-0.2946750918051483,2.2335857769281557,0.02844641187433444,-0.12098923498669463,0.5591388494258077,1.423790923714549,-1.9024229393074235,-1.1105732389133942,-1.4097763495317386,0.46496835283355087,alta
-0.7654169198207343,-0.7340056881936031,0.07121961124938686,0.4553047336899126,-1.241015888175194,-1.0757097410527057,-0.8276316113814361,-0.5584815160958135,-0.6265668017924663,0.3374098461633589,0.4488318390266613,0.46496835283355087,alta
-0.5459435224540315,-0.27659295765959346,0.437114314303922,-0.8487680313514662,-0.6890757577188773,-0.5983494880197001,-0.44942148570673324,-1.2837031404166823,0.5742389746922008,0.5184077317979522,1.1335822242850184,0.46496835283355087,media-alta
-0.5459435224540315,0.6382325034084255,-0.11172774027788097,0.004806869402890774,-0.6890757577188773,-0.7347381317434161,0.05485868185953725,-0.9452663824002561,1.099591501904241,1.9663908168747053,2.1117970603683864,0.46496835283355087,media-alta
0.661160163062839,-0.42906386783759676,0.07121961124938686,-0.9673201009006824,-0.5786877316276139,-0.32557220057226843,-0.11323470732921957,-0.5584815160958135,-0.026163913550132773,0.42790878898065604,0.3510103554183248,0.46496835283355087,media-baja
-0.32647012508732776,-0.7340056881936031,0.3456406385402881,0.052227697222577314,-0.41310569249071905,-0.6665438098815581,-0.1762697282750034,-0.2361607941754225,0.6492893357224908,0.15641196052876463,0.2531888718099866,0.46496835283355087,alta
1.3195803551629504,-0.42906386783759676,0.528587990067556,-0.919899273080996,1.4082967380151268,-1.5530699940857113,-2.0883320302971122,1.2142824544662703,0.34908789160132403,1.6948939884228138,-0.822847447881718,-2.1506840065693225,media-alta
0.7708968617461903,0.028348862696412718,-0.020254064514247064,-0.8487680313514662,-0.7994637838101408,1.0383142366648903,1.5256758372611596,-0.5584815160958135,-1.3770704120953832,-0.296082753557721,0.05754590459331366,0.46496835283355087,media-baja
-0.43620682377067915,-0.42906386783759676,-0.2032014160415149,0.12335893895210702,-1.4065979273120892,-0.32557220057226843,-1.0167366742187876,-0.5987716063358569,0.4991886136619074,0.15641196052876463,0.5466533226349978,0.46496835283355087,media-alta
-0.5459435224540315,-0.7340056881936031,-0.2946750918051483,1.6052598083173104,0.4148045031937566,-0.39376652243412635,0.05485868185953725,1.681647501250844,1.7750447511768679,-0.5675795820096119,-1.018490415098391,0.46496835283355087,media-baja
0.44168676569613513,-0.8102411432826048,-0.2032014160415149,-0.8961888591711527,-0.24752365335382384,0.28817669618445296,-0.3233514438151656,-1.2716161133446335,-0.47646607973188293,-0.5675795820096119,0.8401177734600089,0.46496835283355087,media-alta
-0.10699672772062392,-1.115182963638611,0.528587990067556,0.09964852504226386,-1.4065979273120892,-0.12098923498669463,-0.2393047492207872,-0.2361607941754225,-0.1012142745804228,-0.2055838107404239,0.3510103554183248,0.46496835283355087,media-alta
-0.5459435224540315,-1.0389475085496094,-0.2946750918051483,-0.8487680313514662,-0.5234937185819821,1.5156744896978958,0.811278933208943,-0.933179355328252,-0.6265668017924663,-0.5675795820096119,-0.2359185462316975,0.46496835283355087,media-alta
-1.3141004132374934,0.028348862696412718,-1.0264644979142192,2.1624545351986266,-0.026747601171296913,-0.12098923498669463,0.4540804811828347,0.916135786689932,0.19898716954074397,-0.9295753532788005,-0.1380970626233593,0.46496835283355087,media-alta
-0.7654169198207343,0.3332906830524189,-0.9349908221505855,-0.7302159618022499,-0.1923296403081921,-0.32557220057226843,-1.5630401890822472,0.8959907415699103,1.925145473237451,2.3283865881438937,-0.7250259642733816,-2.1506840065693225,media-alta
-0.32647012508732776,-0.7340056881936031,0.894482693122091,0.3367526641406964,-0.9098518099014039,0.5609539836318848,-0.1342463809778142,-0.7800770124160517,-0.2513149966410062,-0.4770806391923148,1.0357607406766818,0.46496835283355087,media-alta
-1.0946270158707905,0.180819772874416,1.3518510719402608,-0.13745561405616863,-1.1858218751295624,-0.6665438098815581,-0.5965032012468955,-1.3642833208967688,0.5742389746922008,0.9709024458844379,1.8183326095433772,0.46496835283355087,media-alta
-0.10699672772062392,0.3332906830524189,0.07121961124938686,1.23774839271474,-0.3027176663994556,0.28817669618445296,0.26497541834548327,-0.35703106489555236,-0.926768245913633,-1.6535668958171765,1.1335822242850184,0.46496835283355087,alta
-0.43620682377067915,2.734707518355969,-2.215622282841459,-0.6827951339825634,2.1258189076083385,-0.9393210973289898,-0.8486432850300307,0.5696410106255329,1.0245411408739509,0.24691090334606178,-0.333740029840034,-2.1506840065693225,media-baja
-1.753047207970901,-1.3438893289056157,-0.38614876756878225,-0.161166027966012,-1.1858218751295624,-0.5983494880197001,-0.38638646476094946,0.20703019846509846,0.9494907798436576,-0.6580785248269091,-1.4097763495317386,0.46496835283355087,media-baja
2.4169473419964684,0.5619970483194239,0.8030090173584576,-0.6353743061628769,1.2427146988782314,-1.4166813503619953,-2.0252970093513287,1.617183356866748,0.9494907798436576,2.1473887025092995,-0.2359185462316975,-2.1506840065693225,media-alta
-1.204363714554142,0.5619970483194239,-0.47762244333241616,-0.6116638922530336,-0.6890757577188773,0.5609539836318848,1.3575824480724028,-0.4577562904957053,1.474843307055701,-0.11508486792312675,0.3510103554183248,0.46496835283355087,media-alta
0.44168676569613513,1.9342352399214517,-2.672990661659628,-0.6353743061628769,1.4634907510607584,-1.3484870285001374,-1.836191946513977,0.4769738030733975,1.099591501904241,0.9709024458844379,0.3510103554183248,-2.1506840065693225,media-alta
0.7708968617461903,1.857999784832451,-1.75825390402329,-0.7776367896219364,1.7394608162889171,-1.6212643159475693,-1.9832736620541394,1.053122093506097,1.1746418629345343,-0.11508486792312675,-1.018490415098391,-2.1506840065693225,media-alta
0.7708968617461903,2.086706150099455,-1.209411849441487,-0.7065055478924067,1.4082967380151268,-0.9393210973289898,-1.4369701471906797,1.2545725447063583,1.6249440291162844,0.6994056174325465,-0.43156151344837046,-2.1506840065693225,media-baja
-0.10699672772062392,0.7907034135864284,-1.117938173677853,-0.7065055478924067,1.132326672786968,-0.8711267754671319,-1.8151802728653825,0.15062407212901996,1.3247425849951178,0.42790878898065604,0.4488318390266613,-2.1506840065693225,media-baja
-0.5459435224540315,-0.7340056881936031,-0.2032014160415149,2.1624545351986266,-0.24752365335382384,0.5609539836318848,-0.09222303368062497,1.5930093027227399,-1.2269696900348,-0.11508486792312675,-1.3119548659234022,0.46496835283355087,media-alta
-1.753047207970901,-1.1914184187276127,-0.020254064514247064,-0.9673201009006824,-1.3514039142664576,0.015399408737021234,-1.1428067161103552,-1.847764403777333,0.8744404188133675,-0.6580785248269091,1.1661893822270808,0.46496835283355087,media-alta
-0.655680221137383,-0.8102411432826048,0.8030090173584576,0.4790151475997558,-0.5234937185819821,1.242897202250464,-0.1552580546264088,-0.6874098048639611,-0.026163913550132773,-0.7485774676442062,0.5466533226349978,0.46496835283355087,media-alta
-0.9848903171874382,-0.12412204748159057,-1.3008855252051206,-0.5879534783431904,-0.5786877316276139,-0.4619608442959843,0.05485868185953725,-0.1958707039353792,-1.5271711341559666,-0.4770806391923148,-1.4097763495317386,0.46496835283355087,media-baja
0.11247666964607989,2.6203543357224666,-2.5815169858959943,-0.7065055478924067,1.51868476410639,-1.0075154191908477,-0.7645965904356523,1.226369481538319,2.375447639419198,0.5184077317979522,-0.7250259642733816,-2.1506840065693225,media-baja
0.3319500670127837,0.4095261381414205,0.3456406385402881,0.09964852504226386,0.5803865423306515,-1.2802927066382794,-0.5965032012468955,0.8516716423058807,2.0001958342677413,1.6043950456055167,0.2531888718099866,0.46496835283355087,media-alta
0.9903702591128941,-0.5052993229265984,1.626272099231162,0.882092184067091,-0.35791167944508734,0.015399408737021234,1.3155591007752134,1.4560229959065747,0.9494907798436576,-0.2055838107404239,-0.43156151344837046,0.46496835283355087,media-alta
0.11247666964607989,-0.047886592392588925,-0.6605697948596839,-0.919899273080996,0.35961049014812485,-0.9393210973289898,-0.11323470732921957,-0.6390616965759002,-0.40141571870158954,-1.4725690101825828,0.05754590459331366,0.46496835283355087,media-baja
-1.0946270158707905,-0.27659295765959346,-0.38614876756878225,0.6449880449686586,-0.13713562726256037,0.6973426273556006,0.8322906068575376,0.23926227065712416,-0.026163913550132773,-0.024585925105829624,-0.5293829970567069,0.46496835283355087,media-baja
-1.0946270158707905,-0.5052993229265984,1.534798423467528,2.494400329936432,0.08364042491996618,-0.39376652243412635,-0.5965032012468955,1.3835008334745058,-1.0768689679742165,-0.5675795820096119,-1.2141333823150657,0.46496835283355087,media-alta
0.7708968617461903,-0.12412204748159057,0.8030090173584576,-0.825057617441623,-1.241015888175194,-0.5301551661578422,-0.008176339086246558,-1.2031229599365958,-0.551516440762173,-1.1105732389133942,0.4488318390266613,0.46496835283355087,alta
-0.21673342640397533,-0.12412204748159057,-0.5690961190960501,-0.46940140879397424,-0.5234937185819821,-0.32557220057226843,0.03384700821094265,-0.042768361023178894,-0.2513149966410062,-0.11508486792312675,-1.1163118987067275,0.46496835283355087,media-alta
-0.32647012508732776,-0.42906386783759676,0.2541669627766547,2.3284274325675294,0.5251925292850197,0.7655369492174585,0.8322906068575376,1.0732671386261188,0.19898716954074397,0.06591301771146751,0.05754590459331366,0.46496835283355087,baja
1.209843656479597,0.86693886867543,-0.2032014160415149,-0.8724784452613094,1.6842668032432853,-0.2573778787104105,-1.6260752100280311,0.6623082181776234,0.27403753057103397,0.24691090334606178,-0.1380970626233593,-2.1506840065693225,media-baja
-1.204363714554142,0.3332906830524189,-1.3923592009687547,0.24191100850132327,-0.7994637838101408,0.3563710180463109,1.441629142666781,-0.07500043321524931,-0.32636535767129954,0.9709024458844379,-0.6272044806650434,0.46496835283355087,media-baja
-0.21673342640397533,0.7144679584974267,0.16269328701302077,1.1429067370753667,-0.41310569249071905,-0.18918355684855256,0.6221738703715916,0.9725419130260105,-0.1012142745804228,0.06591301771146751,-1.018490415098391,0.46496835283355087,media-baja
-1.204363714554142,-0.047886592392588925,-0.38614876756878225,-0.7065055478924067,-0.4682997055363504,-0.802932453605274,-0.05019968638343576,-1.9605766564494902,0.7993900577830741,-0.9295753532788005,2.209618543976723,0.46496835283355087,alta
-0.10699672772062392,0.028348862696412718,-0.020254064514247064,0.26562142241116665,-1.075433849038299,0.4927596617700268,-0.1552580546264088,-0.8203671026561397,1.2496922239648243,0.6089066746152493,1.720511125935039,0.46496835283355087,alta
0.3319500670127837,-1.115182963638611,0.8030090173584576,0.052227697222577314,-0.7442697707645091,0.21998237432259504,0.811278933208943,-0.35703106489555236,-1.2269696900348,0.9709024458844379,1.0357607406766818,0.46496835283355087,baja
0.11247666964607989,0.3332906830524189,0.437114314303922,0.09964852504226386,-0.6890757577188773,-0.32557220057226843,-0.5124565066525171,-1.2031229599365958,-2.1275740223982966,0.6994056174325465,2.0139755767600502,0.46496835283355087,alta
0.0027399709627274923,-0.5052993229265984,-0.2946750918051483,-0.8724784452613094,0.08364042491996618,1.0383142366648903,0.9793723223976999,-0.7196418770559867,-1.2269696900348,-0.9295753532788005,0.05754590459331366,0.46496835283355087,media-baja
-1.4238371119208457,-0.009768864848088104,-0.38614876756878225,-0.8843336522162311,-1.3514039142664576,-1.0757097410527057,-1.100783368813166,-1.7913582774412546,1.1746418629345343,-1.0200742960960971,1.4270466751100295,0.46496835283355087,alta
0.3319500670127837,0.3332906830524189,-0.2032014160415149,-0.6353743061628769,2.015430881517075,-0.32557220057226843,-1.0587600215159767,0.8315265971858142,1.3247425849951178,1.5138961027882205,0.5466533226349978,-2.1506840065693225,media-baja
-0.9848903171874382,0.3332906830524189,0.6200616658311898,-0.49311182270381737,-1.075433849038299,-0.7347381317434161,-0.7015615694898685,-1.944460620353455,-1.1519193290045064,-1.6535668958171765,1.524868158718366,0.46496835283355087,alta
-0.5459435224540315,0.06646659024091355,1.626272099231162,0.5738568032391288,-0.08194161421692865,1.5156744896978958,1.9879326575302407,0.6502211911056194,-0.40141571870158954,-1.0200742960960971,-1.1163118987067275,0.46496835283355087,media-baja
-1.6433105092875497,-0.12412204748159057,-1.9412012555505576,0.26562142241116665,-0.41310569249071905,0.21998237432259504,0.4120571338856455,-0.22810277612740487,-0.551516440762173,-0.296082753557721,-0.6272044806650434,0.46496835283355087,media-baja
-0.5459435224540315,2.0104706950104534,-2.672990661659628,-0.7776367896219364,0.6355805553762831,0.42456533990816886,-1.4579818208392743,-0.2603348483194753,1.0245411408739509,2.237887645326597,1.1335822242850184,-2.1506840065693225,alta
0.0027399709627274923,1.629293419565446,-2.215622282841459,-0.8487680313514662,1.132326672786968,-1.0757097410527057,-2.067320356648518,0.28761037894518504,0.5742389746922008,1.3328982171536263,0.3510103554183248,-2.1506840065693225,media-alta
-0.21673342640397533,0.6382325034084255,0.985956368885725,0.2182005945914801,0.85635660755881,0.6973426273556006,1.126454037937862,0.45682875795337585,-0.7016171628227563,0.24691090334606178,-1.018490415098391,0.46496835283355087,media-baja
-0.21673342640397533,-1.1914184187276127,-0.11172774027788097,1.0243546675261506,0.35961049014812485,1.311091524112322,1.3155591007752134,1.3754428154264882,1.3247425849951178,-1.2010721817306913,-0.822847447881718,0.46496835283355087,media-alta
0.3319500670127837,-0.5815347780156,-0.2032014160415149,1.1429067370753667,-0.026747601171296913,-0.6665438098815581,-0.3653747911123548,0.730801371585706,-0.6265668017924663,-1.4725690101825828,-0.9206689314900546,0.46496835283355087,media-baja
-1.3141004132374934,-1.3438893289056157,-1.0264644979142192,-0.8724784452613094,-0.5786877316276139,-0.32557220057226843,-0.1762697282750034,-1.3441382757767473,0.27403753057103397,-0.5675795820096119,0.9379392570683454,0.46496835283355087,media-alta
-0.655680221137383,-0.27659295765959346,0.3456406385402881,2.3995586742970594,-0.4682997055363504,1.6520631334216116,1.5256758372611596,1.3754428154264882,0.12393680851045061,-0.11508486792312675,-0.822847447881718,0.46496835283355087,media-alta
-0.43620682377067915,-0.3528284127485951,-1.75825390402329,-0.9436096869908392,-0.5234937185819821,2.1294233864546173,0.3280104392912671,-0.921092328256248,-0.026163913550132773,-0.8390764104615033,-0.43156151344837046,0.46496835283355087,media-alta
-1.6433105092875497,-0.6577702331046015,-0.5690961190960501,0.6449880449686586,-0.41310569249071905,0.015399408737021234,-0.44942148570673324,-0.038739351999192456,-0.17626463561071615,-0.8390764104615033,-0.040275579015022815,0.46496835283355087,media-alta
-1.6433105092875497,-0.1622397750260914,-0.47762244333241616,-0.9910305148105255,-0.8546577968557721,0.6291483054937427,-0.42840981205813866,-1.1467168336005171,1.925145473237451,0.42790878898065604,0.15536738820165014,0.46496835283355087,media-alta
-0.7654169198207343,-1.3438893289056157,-0.020254064514247064,-0.9673201009006824,-0.9098518099014039,1.5156744896978958,0.3280104392912671,-1.4287474652808203,1.2496922239648243,-1.4725690101825828,1.0357607406766818,0.46496835283355087,alta
-0.8751536185040868,0.4095261381414205,-0.2946750918051483,0.24191100850132327,-0.9098518099014039,0.9701199148030323,0.6221738703715916,-0.921092328256248,0.5742389746922008,-0.4770806391923148,1.1335822242850184,0.46496835283355087,alta
-0.21673342640397533,2.0104706950104534,2.449535181103866,0.6924088727883448,-1.0202398359926674,-0.12098923498669463,0.9793723223976999,-0.6592067416959217,0.4991886136619074,-0.6580785248269091,1.720511125935039,0.46496835283355087,media-alta
1.1001069577962457,-0.3528284127485951,0.894482693122091,-0.9080440661260742,-0.9650458229470357,-1.3484870285001374,-1.247865084353328,-1.4448635013768554,-1.6772718562165467,0.42790878898065604,1.524868158718366,0.46496835283355087,media-baja
0.2222133683294313,1.7817643297434493,-2.5815169858959943,-0.8724784452613094,1.1875206858325997,-0.9393210973289898,-1.6891102309738149,0.48906083014544627,1.1746418629345343,-0.296082753557721,-1.4097763495317386,-2.1506840065693225,baja
0.0027399709627274923,-1.0389475085496094,0.437114314303922,-0.919899273080996,-0.41310569249071905,0.015399408737021234,-0.7435849167870577,-1.847764403777333,0.34908789160132403,-1.2915711245479884,2.209618543976723,0.46496835283355087,alta
-1.204363714554142,0.5619970483194239,-1.666780228259656,-0.9673201009006824,-0.4682997055363504,1.9930347427309014,1.0424073433434837,-1.3078771945606904,-1.1519193290045064,0.06591301771146751,0.15536738820165014,0.46496835283355087,media-baja
0.8806335604295428,-0.9627120534606078,0.985956368885725,-0.8724784452613094,0.35961049014812485,-0.8711267754671319,-1.9412503147569502,-0.1555806136953359,0.5742389746922008,1.6043950456055167,0.7422962898516707,-2.1506840065693225,media-alta
-0.5459435224540315,0.5619970483194239,-0.2946750918051483,0.9295130118867774,-0.7994637838101408,-1.4166813503619953,-0.6385265485440846,-0.9372083643522384,-1.0768689679742165,-1.4725690101825828,1.6226896423267025,0.46496835283355087,media-alta
0.2222133683294313,-0.12412204748159057,0.16269328701302077,-0.7065055478924067,-0.41310569249071905,-0.18918355684855256,0.05485868185953725,-1.4287474652808203,0.9494907798436576,-0.6580785248269091,2.1117970603683864,0.46496835283355087,alta
-1.753047207970901,-1.115182963638611,-0.7520434706233177,-0.5642430644333472,-0.6338817446732457,-1.4166813503619953,-0.30233977016657104,-0.7881350304640693,0.4991886136619074,-0.11508486792312675,-0.43156151344837046,0.46496835283355087,media-baja
0.11247666964607989,-0.6577702331046015,0.6200616658311898,2.1387441212887834,0.4148045031937566,1.6520631334216116,1.5046641636125648,1.4157329056665315,-0.926768245913633,-0.6580785248269091,-1.4097763495317386,0.46496835283355087,media-alta
0.3319500670127837,-0.3528284127485951,-0.47762244333241616,1.5459837735427022,0.1388344379655979,1.6520631334216116,1.0634190169920783,1.0490930844821107,-0.7766675238530497,0.7899045602498436,-0.6272044806650434,0.46496835283355087,media-baja
-0.43620682377067915,0.7144679584974267,0.2541669627766547,0.9295130118867774,-0.08194161421692865,-0.12098923498669463,0.5801505230744024,0.9725419130260105,0.048886447480160584,-0.024585925105829624,-1.3119548659234022,0.46496835283355087,media-baja
-0.21673342640397533,-0.9627120534606078,0.16269328701302077,-0.8724784452613094,-0.41310569249071905,2.1976177083164754,0.5591388494258077,-0.7599319672960301,1.6999943901465744,0.06591301771146751,0.3510103554183248,0.46496835283355087,media-baja
-0.655680221137383,-0.5815347780156,-0.2032014160415149,0.6924088727883448,-0.41310569249071905,0.08359373059887917,0.70622056496597,0.057956864576929334,-0.6265668017924663,1.6948939884228138,-0.333740029840034,0.46496835283355087,media-alta
0.5514234643794865,0.028348862696412718,-0.5690961190960501,1.0006442536163074,-1.130627862083931,-1.0757097410527057,0.2859870919940779,-0.2885379114874698,-0.8517178848833398,-0.6580785248269091,1.6226896423267025,0.46496835283355087,media-alta
-1.204363714554142,-0.8864765983716062,-0.47762244333241616,0.3604630780505395,-0.08194161421692865,-0.5983494880197001,-0.6175148748954901,-0.6390616965759002,-0.47646607973188293,-0.8390764104615033,0.5466533226349978,0.46496835283355087,media-alta
-1.4238371119208457,-0.3147106852040943,-0.11172774027788097,0.02851728331273415,-0.41310569249071905,0.6973426273556006,0.5591388494258077,-0.7196418770559867,0.8744404188133675,-0.8390764104615033,0.3510103554183248,0.46496835283355087,alta
3.843524424880041,1.2481161441204378,2.9983772356856697,-0.7302159618022499,3.3400871946122357,-1.6894586378094272,-2.151367051242896,1.053122093506097,0.34908789160132403,1.3328982171536263,1.2314037078933548,-2.1506840065693225,media-alta
0.7708968617461903,-0.42906386783759676,-0.020254064514247064,-0.3982701670644444,-1.4065979273120892,-0.5983494880197001,-0.47043315935532787,-1.501269627712934,-1.6772718562165467,-0.38658169637501816,1.6226896423267025,0.46496835283355087,alta
-1.0946270158707905,-0.3528284127485951,-0.020254064514247064,-0.8961888591711527,-0.8546577968557721,-0.9393210973289898,-0.8276316113814361,-1.4609795374728907,0.7993900577830741,-0.6580785248269091,0.6444748062433342,0.46496835283355087,alta
-0.7654169198207343,-1.115182963638611,0.2541669627766547,-0.8961888591711527,2.3465949597908655,0.8337312710793164,0.2859870919940779,-0.2361607941754225,0.27403753057103397,-0.2055838107404239,-0.822847447881718,0.46496835283355087,media-alta
-0.21673342640397533,-0.9627120534606078,-0.2946750918051483,-0.540532650523504,0.19402845101122965,0.1517880524607371,-0.49144483300392244,-0.8002220575361181,-0.40141571870158954,-1.0200742960960971,0.3510103554183248,0.46496835283355087,media-alta
0.5514234643794865,-0.5815347780156,1.1689037204129928,-0.350849339244758,-0.7442697707645091,1.242897202250464,0.49610382848002393,-1.3239932306567257,-1.1519193290045064,-1.2915711245479884,1.1335822242850184,0.46496835283355087,media-alta
0.9903702591128941,-0.6577702331046015,0.894482693122091,-0.9910305148105255,-0.13713562726256037,0.28817669618445296,0.5801505230744024,-1.0903107072644387,-0.926768245913633,-0.38658169637501816,0.7422962898516707,0.46496835283355087,media-baja
-1.753047207970901,-0.12412204748159057,-0.5690961190960501,-0.8013472035317797,-1.1858218751295624,0.1517880524607371,-0.09222303368062497,-1.8799964759693588,1.099591501904241,1.3328982171536263,2.0139755767600502,0.46496835283355087,media-alta
-0.7654169198207343,-0.3528284127485951,1.2603773961766267,0.7161192866981885,-0.026747601171296913,1.4474801678360378,1.5466875109097542,0.44877073990540295,-0.2513149966410062,-0.296082753557721,-0.9206689314900546,0.46496835283355087,media-baja
-1.4238371119208457,-0.5052993229265984,-0.6605697948596839,1.9016399821903507,-0.35791167944508734,0.6973426273556006,0.3069987656426725,1.1337022739861837,0.9494907798436576,-0.8390764104615033,-0.9206689314900546,0.46496835283355087,media-baja
1.3195803551629504,1.857999784832451,-0.8435171463869515,-0.6827951339825634,1.7394608162889171,-1.4166813503619953,-0.7645965904356523,1.5768932666267046,1.1746418629345343,0.9709024458844379,-0.9206689314900546,-2.1506840065693225,media-baja
0.11247666964607989,2.1629416051884567,-2.4900433101323607,-0.6590847200727202,1.4082967380151268,-0.8711267754671319,-0.722573243138463,1.2344274995862918,2.375447639419198,0.3374098461633589,-0.9206689314900546,-2.1506840065693225,media-baja
2.6364207393631713,0.7907034135864284,0.894482693122091,-0.7065055478924067,-0.9098518099014039,-0.5983494880197001,0.47509215483142936,0.28761037894518504,-1.1519193290045064,0.06591301771146751,0.5466533226349978,0.46496835283355087,media-alta
-1.8627839066542524,-0.047886592392588925,1.4433247477038942,-0.540532650523504,0.1388344379655979,1.0383142366648903,0.4540804811828347,-0.5181914258557703,0.5742389746922008,2.237887645326597,-0.43156151344837046,0.46496835283355087,media-baja
-0.655680221137383,1.629293419565446,-2.307095958605093,-0.7776367896219364,0.6907745684219149,-0.12098923498669463,-1.6470868836766257,0.20300118944111203,1.2496922239648243,2.8713802450476757,-0.1380970626233593,-2.1506840065693225,media-alta
-0.5459435224540315,-0.42906386783759676,2.2665878295765993,2.3995586742970594,0.1388344379655979,0.08359373059887917,0.39104546023705095,1.496313086146618,-0.7766675238530497,-0.2055838107404239,-1.1163118987067275,0.46496835283355087,media-baja
0.3319500670127837,-0.8102411432826048,-0.11172774027788097,0.6686984588785018,-0.1923296403081921,-1.2120983847764215,-0.1762697282750034,-0.11529052345529262,-0.7016171628227563,-1.4725690101825828,0.05754590459331366,0.46496835283355087,media-alta
0.0027399709627274923,-0.8864765983716062,0.3456406385402881,-0.49311182270381737,-0.9098518099014039,-0.6665438098815581,-0.3233514438151656,-0.9815274636163128,-0.7766675238530497,0.24691090334606178,0.6444748062433342,0.46496835283355087,media-alta
-0.655680221137383,-0.27659295765959346,0.3456406385402881,1.0717754953458372,0.9115506206044418,2.061229064592759,1.2105007325322406,1.1337022739861837,-0.47646607973188293,0.5184077317979522,-1.4097763495317386,0.46496835283355087,baja
-0.21673342640397533,-0.5815347780156,0.16269328701302077,-0.11374520014632547,-0.5786877316276139,-1.0075154191908477,0.1809287237511049,-0.3167409746555091,0.34908789160132403,1.1519003315190322,0.2531888718099866,0.46496835283355087,media-alta
0.3319500670127837,0.028348862696412718,-0.8435171463869515,1.5222733596328586,-0.8546577968557721,0.9019255929411744,0.5801505230744024,0.5615829925775152,-0.8517178848833398,-0.5675795820096119,-0.040275579015022815,0.46496835283355087,media-baja
-0.43620682377067915,-0.5815347780156,-0.47762244333241616,1.735667084821448,0.1388344379655979,0.9019255929411744,1.2525240798294297,1.4640810139545923,1.5498936680859912,-0.8390764104615033,-0.7250259642733816,0.46496835283355087,media-baja
-0.32647012508732776,-0.047886592392588925,-2.0326749313141916,-0.919899273080996,-0.5786877316276139,1.7202574552834695,0.47509215483142936,-0.8808022380162046,-0.17626463561071615,-0.4770806391923148,-0.43156151344837046,0.46496835283355087,media-baja
-0.21673342640397533,-1.0389475085496094,0.16269328701302077,-1.014740928720369,0.19402845101122965,-0.4619608442959843,0.8743139541547268,-0.7196418770559867,1.5498936680859912,-0.024585925105829624,0.05754590459331366,0.46496835283355087,media-baja
-0.32647012508732776,-0.5052993229265984,-1.209411849441487,-0.919899273080996,0.30441647710249314,-1.2120983847764215,0.3069987656426725,-0.35703106489555236,-0.7766675238530497,-0.8390764104615033,-0.9206689314900546,0.46496835283355087,media-baja
0.5514234643794865,-0.3528284127485951,1.9006931265220637,-0.49311182270381737,-0.41310569249071905,-0.18918355684855256,0.6221738703715916,-1.2474420592006255,-1.4521207731256733,0.15641196052876463,0.9379392570683454,0.46496835283355087,media-alta
-0.21673342640397533,-1.3438893289056157,0.6200616658311898,-1.014740928720369,-0.5234937185819821,-0.5983494880197001,-0.8696549586786253,-1.5939368352650245,-1.3770704120953832,0.24691090334606178,0.9379392570683454,0.46496835283355087,media-alta
-0.9848903171874382,-0.3528284127485951,-0.47762244333241616,1.6171150152722318,-0.24752365335382384,0.8337312710793164,0.09688202915672646,0.28761037894518504,-0.40141571870158954,-1.2915711245479884,0.3510103554183248,0.46496835283355087,media-alta
-1.3141004132374934,-0.42906386783759676,0.8030090173584576,-0.9436096869908392,-0.1923296403081921,-1.2802927066382794,0.34902211293986174,0.04586983750492529,1.7750447511768679,0.15641196052876463,-0.040275579015022815,0.46496835283355087,media-baja
-1.3141004132374934,-0.6577702331046015,-0.6605697948596839,-0.350849339244758,-0.6890757577188773,2.061229064592759,0.6221738703715916,-1.207151968960582,0.7243396967527841,-0.11508486792312675,0.8401177734600089,0.46496835283355087,alta
1.6487904512130047,1.1718806890314362,-0.38614876756878225,-0.7065055478924067,0.24922246405686138,-1.1439040629145636,-1.9832736620541394,0.31178443308923787,-0.2513149966410062,2.599883416595785,0.7422962898516707,-2.1506840065693225,media-baja
-0.43620682377067915,0.7144679584974267,0.2541669627766547,0.9295130118867774,-0.08194161421692865,-0.12098923498669463,0.5801505230744024,0.9725419130260105,0.048886447480160584,-0.024585925105829624,-1.3119548659234022,0.46496835283355087,media-baja
2.746157438046523,-0.6577702331046015,0.8030090173584576,-0.8961888591711527,-0.35791167944508734,-0.802932453605274,0.26497541834548327,-0.2764508844154658,-1.9024229393074235,-0.2055838107404239,0.4488318390266613,0.46496835283355087,media-baja
0.3319500670127837,-0.3528284127485951,-0.2946750918051483,-0.825057617441623,-0.5786877316276139,0.9701199148030323,-0.029188012734841163,-1.5939368352650245,-1.4521207731256733,-1.0200742960960971,1.4270466751100295,0.46496835283355087,media-baja
1.3195803551629504,0.7144679584974267,1.8092194507584298,-0.7776367896219364,-0.24752365335382384,-1.3484870285001374,1.7778159210442948,-0.5584815160958135,-1.4521207731256733,0.3374098461633589,0.9379392570683454,0.46496835283355087,media-baja
0.0027399709627274923,-0.8864765983716062,0.528587990067556,-0.8961888591711527,-0.08194161421692865,-0.18918355684855256,0.13890537645391568,-0.8566281838721518,-0.47646607973188293,0.06591301771146751,0.3510103554183248,0.46496835283355087,media-baja
0.44168676569613513,0.25705522796341723,0.528587990067556,-0.6590847200727202,0.85635660755881,-0.12098923498669463,-0.7015615694898685,-1.9122285481614292,-0.551516440762173,-0.8390764104615033,2.209618543976723,0.46496835283355087,media-alta
1.4293170538463018,2.0104706950104534,-0.38614876756878225,1.6289702222271536,-0.9650458229470357,0.42456533990816886,-0.1342463809778142,0.6099311008655761,-1.6772718562165467,-1.1105732389133942,0.3510103554183248,0.46496835283355087,media-alta
0.7708968617461903,0.86693886867543,1.626272099231162,1.8305087404608211,-0.9650458229470357,0.42456533990816886,0.7482439122631592,0.44877073990540295,-0.551516440762173,-1.4725690101825828,0.8401177734600089,0.46496835283355087,media-alta
0.3319500670127837,-0.27659295765959346,0.8030090173584576,1.5696941874525454,-1.0202398359926674,-1.2120983847764215,-0.6385265485440846,0.7670624528017629,-1.5271711341559666,-0.4770806391923148,0.3510103554183248,0.46496835283355087,baja
-0.21673342640397533,0.6382325034084255,-1.3008855252051206,1.806798326550978,-0.9650458229470357,1.9248404208690433,1.336570774423808,1.2706885808023487,-1.001818606943923,-0.2055838107404239,-1.018490415098391,0.46496835283355087,media-baja
1.8682638485797094,2.4678834255444633,-1.3008855252051206,-0.5642430644333472,1.8498488423801807,-0.39376652243412635,0.15991705010251028,1.5285451583386438,0.12393680851045061,0.24691090334606178,-0.822847447881718,-2.1506840065693225,media-baja
0.3319500670127837,-0.42906386783759676,-0.2032014160415149,-0.37455975315460116,-0.13713562726256037,-1.1439040629145636,-1.0377483478673821,-1.1628328696965078,-1.1519193290045064,-0.5675795820096119,0.9379392570683454,0.46496835283355087,media-alta
2.746157438046523,0.4857615932304222,-0.020254064514247064,-0.6590847200727202,2.5121769989277607,-1.0075154191908477,-1.5420285154336526,1.5366031763866614,-0.17626463561071615,1.6948939884228138,-0.43156151344837046,-2.1506840065693225,alta
0.8806335604295428,-0.4671815953820976,-0.47762244333241616,-0.7776367896219364,-1.3514039142664576,0.6291483054937427,1.4206174690181865,-0.47790133561572695,-1.30202005106509,-1.1105732389133942,0.7422962898516707,0.46496835283355087,media-alta
-0.10699672772062392,-1.2676538738166143,-0.2946750918051483,2.2335857769281557,0.02844641187433444,-0.12098923498669463,0.5591388494258077,1.423790923714549,-1.9024229393074235,-1.1105732389133942,-1.4097763495317386,0.46496835283355087,alta
0.2222133683294313,1.2481161441204378,0.07121961124938686,-0.7539263757120932,0.6355805553762831,0.015399408737021234,-1.4369701471906797,1.165934346178254,0.6492893357224908,1.2423992743363292,-0.43156151344837046,-2.1506840065693225,alta
0.661160163062839,-0.3528284127485951,2.723956208394768,1.5934046013623886,-0.24752365335382384,2.265812030178333,1.189489058883646,1.5366031763866614,-1.0768689679742165,-0.4770806391923148,-1.5075978331400752,0.46496835283355087,media-baja
-0.21673342640397533,1.5530579644764444,-0.5690961190960501,-0.6353743061628769,1.6842668032432853,-1.4166813503619953,-1.794168599216788,0.9926869581460321,1.8500951122071578,-0.11508486792312675,0.5466533226349978,-2.1506840065693225,media-baja
3.1851042327799304,0.86693886867543,0.16269328701302077,-0.6116638922530336,2.456982985882129,-0.18918355684855256,-0.7015615694898685,1.617183356866748,0.048886447480160584,1.5138961027882205,-0.43156151344837046,-2.1506840065693225,media-baja
0.2222133683294313,0.5619970483194239,0.528587990067556,-0.9910305148105255,-0.41310569249071905,0.3563710180463109,-0.197281401923598,-1.3642833208967688,1.3247425849951178,-0.296082753557721,2.209618543976723,0.46496835283355087,alta
1.3195803551629504,-0.7340056881936031,0.2541669627766547,-0.9910305148105255,-0.41310569249071905,-0.7347381317434161,-0.1342463809778142,-0.6793517868159434,-1.6022214951862566,-0.38658169637501816,-0.2359185462316975,0.46496835283355087,media-alta
-0.32647012508732776,0.180819772874416,1.1689037204129928,0.31304225023085297,0.08364042491996618,-0.18918355684855256,0.70622056496597,0.44877073990540295,-0.551516440762173,-0.9295753532788005,-0.822847447881718,0.46496835283355087,media-baja
-0.43620682377067915,0.10458431778541437,0.2541669627766547,0.31304225023085297,0.9115506206044418,0.28817669618445296,0.70622056496597,0.41653866771333253,-0.7766675238530497,-0.296082753557721,-1.1163118987067275,0.46496835283355087,media-alta
-0.21673342640397533,0.028348862696412718,-0.47762244333241616,-0.7065055478924067,-1.130627862083931,-1.3484870285001374,-0.40739813840954403,-1.3401092667527161,-1.1519193290045064,-0.8390764104615033,0.6444748062433342,0.46496835283355087,media-alta
1.4293170538463018,1.857999784832451,-2.1241486070778253,-0.7539263757120932,3.0089231163384453,-1.0075154191908477,-1.6470868836766257,0.5696410106255329,-0.6265668017924663,0.06591301771146751,0.5466533226349978,-2.1506840065693225,media-baja
1.6487904512130047,-0.8864765983716062,0.985956368885725,-0.8961888591711527,-0.5234937185819821,0.28817669618445296,0.05485868185953725,-0.7599319672960301,-0.7766675238530497,-0.2055838107404239,0.9379392570683454,0.46496835283355087,alta
0.0027399709627274923,2.8490607009894706,-2.1241486070778253,-0.7539263757120932,0.6907745684219149,0.7655369492174585,-1.4789934944878689,0.6824532632976451,1.5498936680859912,0.7899045602498436,-0.2359185462316975,-2.1506840065693225,media-alta
1.3195803551629504,2.544118880633465,-1.9412012555505576,-0.5642430644333472,2.1258189076083385,-0.9393210973289898,-1.731133578271004,1.4681100229785788,0.5742389746922008,0.3374098461633589,-0.9206689314900546,-2.1506840065693225,media-baja
0.11247666964607989,-0.5052993229265984,0.07121961124938686,-0.8961888591711527,0.19402845101122965,-0.4619608442959843,-0.3653747911123548,-1.1467168336005171,-0.32636535767129954,-0.296082753557721,0.6444748062433342,0.46496835283355087,media-alta
0.7708968617461903,-0.5815347780156,-1.209411849441487,0.3367526641406964,-0.24752365335382384,0.1517880524607371,0.7902672595603484,0.7710914618257493,-0.1012142745804228,0.42790878898065604,-0.6272044806650434,0.46496835283355087,media-alta
1.9780005472630608,0.6382325034084255,0.07121961124938686,0.07593811113242048,2.015430881517075,-1.4166813503619953,-1.584051862730842,1.8992139885470958,1.2496922239648243,2.3283865881438937,0.05754590459331366,-2.1506840065693225,alta
0.9903702591128941,-0.27659295765959346,0.985956368885725,0.43159431978006924,-0.3027176663994556,0.6973426273556006,0.9793723223976999,0.6099311008655761,-0.32636535767129954,-0.7485774676442062,0.15536738820165014,0.46496835283355087,media-baja
-0.7654169198207343,-0.9627120534606078,0.3456406385402881,1.16661715098521,-0.41310569249071905,0.6291483054937427,-0.34436311746376025,0.7791494798737669,-0.40141571870158954,-0.11508486792312675,-0.7250259642733816,0.46496835283355087,media-alta
-0.10699672772062392,-0.20035750257059223,0.3456406385402881,-0.919899273080996,-0.7994637838101408,0.7655369492174585,-0.2813280965179764,-1.2877321494406688,0.7243396967527841,0.9709024458844379,1.1335822242850184,0.46496835283355087,media-alta
0.11247666964607989,0.028348862696412718,0.437114314303922,-0.7776367896219364,-0.9650458229470357,0.42456533990816886,-0.1762697282750034,-1.5254436818569421,-0.8517178848833398,1.7853929312401111,1.8183326095433772,0.46496835283355087,alta
1.209843656479597,-0.5815347780156,1.626272099231162,0.953223425796621,-0.6890757577188773,1.4474801678360378,0.8533022805061322,0.32790046918522836,-1.4521207731256733,-1.6535668958171765,0.15536738820165014,0.46496835283355087,media-alta
0.3319500670127837,0.028348862696412718,-0.38614876756878225,-0.919899273080996,-0.08194161421692865,0.4927596617700268,1.0634190169920783,-0.41746620025566206,-1.3770704120953832,0.06591301771146751,-1.1163118987067275,0.46496835283355087,media-baja
0.0027399709627274923,-0.3528284127485951,-0.6605697948596839,1.735667084821448,-0.35791167944508734,1.1747028803886062,-0.09222303368062497,1.1578763281302364,-1.30202005106509,0.42790878898065604,-0.43156151344837046,0.46496835283355087,alta
-0.7654169198207343,-0.5052993229265984,2.358061505340232,-1.014740928720369,0.6355805553762831,-0.6665438098815581,-0.008176339086246558,-0.8082800755840909,-1.6022214951862566,-1.0200742960960971,-0.9206689314900546,0.46496835283355087,media-baja
-0.5459435224540315,-0.7340056881936031,0.3456406385402881,-0.919899273080996,-0.026747601171296913,-0.5301551661578422,-0.8276316113814361,-1.6906330518411463,-0.32636535767129954,-0.296082753557721,1.524868158718366,0.46496835283355087,alta
-0.8751536185040868,-1.115182963638611,0.07121961124938686,-0.2560076836053849,-0.5786877316276139,0.42456533990816886,-0.11323470732921957,-1.0339045809283602,0.19898716954074397,-0.7485774676442062,0.8401177734600089,0.46496835283355087,media-alta
-0.9848903171874382,-0.12412204748159057,-0.47762244333241616,1.9253503961001943,-0.24752365335382384,1.7884517771453274,1.7568042473957002,1.3552977703064666,-0.32636535767129954,-0.7485774676442062,-0.9206689314900546,0.46496835283355087,media-alta
0.9903702591128941,-0.5052993229265984,1.626272099231162,-0.9673201009006824,0.5803865423306515,-0.2573778787104105,-0.11323470732921957,-0.2361607941754225,-1.001818606943923,-1.5630679529998794,-1.018490415098391,0.46496835283355087,media-baja
1.209843656479597,-0.42906386783759676,1.626272099231162,-0.01890354450695239,-0.5786877316276139,-0.802932453605274,-0.47043315935532787,-0.11529052345529262,-0.7016171628227563,-1.5630679529998794,-0.333740029840034,0.46496835283355087,media-alta
1.9780005472630608,0.10458431778541437,0.2541669627766547,-0.919899273080996,0.30441647710249314,-1.1439040629145636,1.0213956696948892,0.08615992774496858,-0.6265668017924663,-0.38658169637501816,-0.7250259642733816,0.46496835283355087,media-baja
-1.0946270158707905,0.028348862696412718,0.528587990067556,-0.825057617441623,0.02844641187433444,-1.2120983847764215,1.6307342055041325,0.04586983750492529,2.0752461952980346,-0.6580785248269091,0.05754590459331366,0.46496835283355087,baja
0.9903702591128941,3.0396493387119747,-0.8435171463869515,-0.7065055478924067,1.353102724969495,-1.2120983847764215,-0.8696549586786253,1.0047739852180362,0.19898716954074397,0.24691090334606178,-0.9206689314900546,-2.1506840065693225,media-alta
-1.6433105092875497,-0.42906386783759676,1.7177457749947957,1.451142117903329,-1.1858218751295624,-0.39376652243412635,-0.6175148748954901,-0.042768361023178894,0.12393680851045061,-0.2055838107404239,0.05754590459331366,0.46496835283355087,media-alta
-0.7654169198207343,-0.20035750257059223,-1.209411849441487,2.3047170186576857,-0.5786877316276139,-0.6665438098815581,-0.1342463809778142,1.1981664183702798,-0.551516440762173,-0.11508486792312675,-1.2141333823150657,0.46496835283355087,media-baja
1.5390537525296533,-0.5815347780156,0.7115353415948238,1.2140379788048967,-0.35791167944508734,-0.7347381317434161,0.4120571338856455,1.2142824544662703,-0.1012142745804228,0.15641196052876463,-0.43156151344837046,0.46496835283355087,media-alta
1.209843656479597,-0.20035750257059223,0.16269328701302077,0.9058025979769342,-0.7994637838101408,-0.18918355684855256,-0.09222303368062497,0.3681905594252716,-1.9024229393074235,-1.0200742960960971,0.4488318390266613,0.46496835283355087,alta
0.11247666964607989,-0.6577702331046015,1.3518510719402608,0.26562142241116665,-0.7994637838101408,-0.9393210973289898,-0.7856082640842469,-0.6430907055999313,-0.8517178848833398,2.418885530961191,1.2314037078933548,0.46496835283355087,media-alta
0.2222133683294313,0.180819772874416,0.16269328701302077,-0.6590847200727202,0.7459685814675466,-0.6665438098815581,-1.794168599216788,0.32790046918522836,1.0245411408739509,2.3283865881438937,1.6226896423267025,-2.1506840065693225,alta
1.3195803551629504,1.3243515992094395,-0.7520434706233177,0.3248974571857748,-0.9098518099014039,-1.6894586378094272,0.7482439122631592,-0.3812051190396052,-1.2269696900348,-0.296082753557721,0.7422962898516707,0.46496835283355087,media-baja
0.2222133683294313,-0.3528284127485951,0.528587990067556,1.0480650814359935,-0.4682997055363504,0.3563710180463109,0.15991705010251028,1.4157329056665315,2.0001958342677413,2.1473887025092995,-0.5293829970567069,0.46496835283355087,media-alta
-0.7654169198207343,-0.42906386783759676,0.985956368885725,1.0480650814359935,-0.35791167944508734,-0.0527949131248367,0.3700337865884563,0.730801371585706,-0.2513149966410062,-0.38658169637501816,-1.3119548659234022,0.46496835283355087,media-alta
-1.4238371119208457,-1.0389475085496094,-0.2946750918051483,-0.9436096869908392,-0.9098518099014039,-1.4848756722238534,-0.5965032012468955,-1.3965153930887946,-0.026163913550132773,0.06591301771146751,0.7422962898516707,0.46496835283355087,media-alta
-0.5459435224540315,-0.5052993229265984,-0.11172774027788097,-0.8724784452613094,-0.24752365335382384,0.08359373059887917,0.2439637446968887,-0.5584815160958135,1.5498936680859912,-0.024585925105829624,-0.333740029840034,0.46496835283355087,alta
3.5143143288299865,2.086706150099455,0.985956368885725,-0.5879534783431904,2.1810129206539703,0.28817669618445296,-1.0377483478673821,1.8589238983070524,0.4991886136619074,1.6948939884228138,-0.9206689314900546,-2.1506840065693225,media-alta
-0.32647012508732776,-1.0389475085496094,-0.2946750918051483,1.0717754953458372,-0.6338817446732457,-0.12098923498669463,-0.197281401923598,-0.13140655955128308,-0.7766675238530497,-0.5675795820096119,0.4488318390266613,0.46496835283355087,alta
0.2222133683294313,0.180819772874416,-0.8435171463869515,-0.919899273080996,-0.35791167944508734,0.8337312710793164,1.126454037937862,-0.6148876424318921,-0.551516440762173,-0.4770806391923148,-0.5293829970567069,0.46496835283355087,media-baja
1.8682638485797094,0.9431743237644317,1.626272099231162,-0.5879534783431904,1.7946548293345488,-0.8711267754671319,-0.2393047492207872,1.5366031763866614,0.6492893357224908,0.7899045602498436,-0.9206689314900546,-2.1506840065693225,media-baja
0.2222133683294313,0.4857615932304222,-0.9349908221505855,-0.7776367896219364,1.6290727901976536,-1.6212643159475693,-1.836191946513977,0.6905112813456628,0.8744404188133675,-0.38658169637501816,-0.9206689314900546,-2.1506840065693225,media-baja
0.2222133683294313,-0.27659295765959346,0.528587990067556,-0.9673201009006824,-0.6338817446732457,-0.32557220057226843,-0.49144483300392244,-0.9694404365443088,-1.5271711341559666,0.9709024458844379,0.3510103554183248,0.46496835283355087,media-baja
-0.32647012508732776,0.10458431778541437,-0.020254064514247064,0.5027255615095991,-0.3027176663994556,0.21998237432259504,0.43306880753424015,-0.8566281838721518,-1.1519193290045064,0.3374098461633589,1.720511125935039,0.46496835283355087,media-alta
-0.5459435224540315,-1.115182963638611,0.3456406385402881,-0.6353743061628769,-1.130627862083931,0.1517880524607371,-0.9326899796244091,-1.1789489057925429,0.048886447480160584,1.8758918740574082,0.8401177734600089,0.46496835283355087,media-alta
1.209843656479597,0.6382325034084255,1.1689037204129928,-0.5879534783431904,2.1258189076083385,-1.3484870285001374,-1.6680985573252203,1.2545725447063583,2.375447639419198,0.8804035030671407,0.05754590459331366,-2.1506840065693225,media-alta
0.44168676569613513,-0.5815347780156,-0.2032014160415149,-0.9910305148105255,-0.24752365335382384,0.21998237432259504,-0.8066199377328415,-1.68660404281716,-1.30202005106509,-1.1105732389133942,0.9868499988725128,0.46496835283355087,media-alta
-0.21673342640397533,0.028348862696412718,-0.11172774027788097,-0.825057617441623,-0.7994637838101408,-0.18918355684855256,-0.11323470732921957,-0.6833807958399746,0.19898716954074397,-0.296082753557721,0.5466533226349978,0.46496835283355087,media-alta
3.075367534096579,-0.5052993229265984,1.3518510719402608,-0.8487680313514662,0.6355805553762831,-0.32557220057226843,-1.6891102309738149,0.6099311008655761,-0.2513149966410062,2.8713802450476757,0.15536738820165014,-2.1506840065693225,media-alta
-1.0946270158707905,-0.8864765983716062,-1.3008855252051206,-0.8724784452613094,-0.13713562726256037,1.0383142366648903,0.13890537645391568,-1.3642833208967688,0.6492893357224908,-0.7485774676442062,0.9379392570683454,0.46496835283355087,media-alta
0.11247666964607989,0.25705522796341723,0.2541669627766547,1.6882462570017616,0.02844641187433444,-1.6894586378094272,-1.794168599216788,0.0055797472648372705,-0.6265668017924663,-1.1105732389133942,1.0357607406766818,0.46496835283355087,media-alta
1.5390537525296533,-0.5052993229265984,-0.38614876756878225,-0.13745561405616863,-1.075433849038299,0.015399408737021234,-0.6385265485440846,-0.8808022380162046,-1.5271711341559666,-1.6535668958171765,1.524868158718366,0.46496835283355087,media-alta
-0.7654169198207343,-1.115182963638611,0.2541669627766547,1.9253503961001943,-0.35791167944508734,0.9701199148030323,0.34902211293986174,1.262630562754331,-1.1519193290045064,-0.7485774676442062,-1.3119548659234022,0.46496835283355087,media-alta
1.9780005472630608,0.6382325034084255,0.07121961124938686,0.07593811113242048,2.015430881517075,-1.4166813503619953,-1.584051862730842,1.8992139885470958,1.2496922239648243,2.3283865881438937,0.05754590459331366,-2.1506840065693225,alta
0.661160163062839,-0.42906386783759676,-0.020254064514247064,-0.9436096869908392,-0.41310569249071905,1.1065085585267482,0.6852088913173754,-0.2764508844154658,1.5498936680859912,-0.11508486792312675,-0.333740029840034,0.46496835283355087,media-alta
-0.5459435224540315,-0.3528284127485951,-0.5690961190960501,-0.5168222366136607,0.08364042491996618,0.6973426273556006,1.3785941217209974,-1.1628328696965078,0.19898716954074397,-1.0200742960960971,0.8401177734600089,0.46496835283355087,media-baja
-1.8627839066542524,2.0104706950104534,-2.1241486070778253,-0.8013472035317797,0.46999851623938793,-0.7347381317434161,-1.9202386411083556,0.18285614432104566,2.1502965563283247,1.1519003315190322,-0.2359185462316975,-2.1506840065693225,media-alta
0.5514234643794865,0.4857615932304222,-1.0264644979142192,-0.44569099488413094,-0.24752365335382384,-1.4848756722238534,-0.1342463809778142,0.0055797472648372705,-0.47646607973188293,-0.9295753532788005,-1.018490415098391,0.46496835283355087,media-baja
3.7337877261966894,0.3332906830524189,1.4433247477038942,-0.7302159618022499,1.2979087119238633,-1.4848756722238534,-2.0883320302971122,0.8033235340178198,0.12393680851045061,2.237887645326597,1.524868158718366,-2.1506840065693225,media-alta
3.9532611235633923,0.6382325034084255,0.528587990067556,-0.8013472035317797,1.6842668032432853,-0.9393210973289898,-1.9622619884055448,0.9483678588819577,-0.7016171628227563,1.2423992743363292,0.7422962898516707,-2.1506840065693225,media-alta
-1.204363714554142,-0.20035750257059223,0.894482693122091,1.3088796344442697,-0.13713562726256037,1.6520631334216116,0.5591388494258077,-0.2764508844154658,-0.926768245913633,0.6994056174325465,0.5466533226349978,0.46496835283355087,alta
1.1001069577962457,-0.3528284127485951,0.3456406385402881,-0.8487680313514662,-1.130627862083931,0.4927596617700268,-0.40739813840954403,-0.7397869221760084,0.048886447480160584,1.061401388701735,-0.040275579015022815,0.46496835283355087,alta
2.4169473419964684,2.5822366081779657,-0.47762244333241616,-0.7776367896219364,2.5121769989277607,-1.757652959671285,-1.836191946513977,1.2062244364182975,0.27403753057103397,-0.8390764104615033,-0.822847447881718,-2.1506840065693225,media-baja
0.3319500670127837,1.3243515992094395,-0.6605697948596839,2.3284274325675294,-1.130627862083931,0.21998237432259504,0.6431855440201861,0.3681905594252716,-0.6265668017924663,-0.024585925105829624,1.524868158718366,0.46496835283355087,alta
0.7708968617461903,-0.6577702331046015,-0.2946750918051483,-0.12560040710124706,-0.4682997055363504,0.9701199148030323,0.916337301451916,-0.6390616965759002,-1.9024229393074235,-1.0200742960960971,1.0357607406766818,0.46496835283355087,media-baja
-0.7654169198207343,-0.047886592392588925,-0.47762244333241616,1.8779295682805073,-0.24752365335382384,1.7884517771453274,1.7357925737471056,1.2545725447063583,-0.32636535767129954,-0.9295753532788005,-0.822847447881718,0.46496835283355087,media-baja
0.11247666964607989,-0.6577702331046015,-1.117938173677853,1.9964816378297234,0.08364042491996618,1.1065085585267482,1.5676991845583488,1.717908582466901,-0.7016171628227563,0.15641196052876463,-1.4097763495317386,0.46496835283355087,media-baja
-0.10699672772062392,2.8490607009894706,-2.215622282841459,-0.6590847200727202,2.2362069336996018,-1.0757097410527057,-2.1303553775943014,0.5374089384335071,1.2496922239648243,0.7899045602498436,0.8401177734600089,-2.1506840065693225,media-alta
-0.655680221137383,-0.8864765983716062,0.16269328701302077,-0.8961888591711527,-0.6338817446732457,0.3563710180463109,-0.2603164228693818,-1.7349521511052208,0.048886447480160584,1.2423992743363292,1.524868158718366,0.46496835283355087,media-alta
-0.9848903171874382,-0.7340056881936031,1.626272099231162,0.17077976677179357,-1.1858218751295624,0.015399408737021234,0.11789370280532106,-0.6390616965759002,1.474843307055701,-1.3820700673652857,0.8401177734600089,0.46496835283355087,alta
-0.10699672772062392,-0.12412204748159057,1.8092194507584298,1.9727712239198807,-0.026747601171296913,0.6291483054937427,0.9583606487491052,1.2948626349464016,-1.0768689679742165,0.06591301771146751,-0.822847447881718,0.46496835283355087,alta
0.3319500670127837,-0.42906386783759676,0.07121961124938686,-0.37455975315460116,-1.0202398359926674,-0.12098923498669463,1.4836524899639703,-1.2272970140806039,-0.8517178848833398,1.4233971599709234,2.0139755767600502,0.46496835283355087,media-alta
-0.10699672772062392,0.028348862696412718,-0.2032014160415149,-0.0900347862364821,-0.7994637838101408,0.6973426273556006,0.5801505230744024,-1.0903107072644387,1.2496922239648243,-0.7485774676442062,1.720511125935039,0.46496835283355087,media-alta
-0.655680221137383,-0.6577702331046015,0.7115353415948238,-0.8013472035317797,-0.7994637838101408,0.6973426273556006,-0.5124565066525171,-1.7671842232972466,-0.17626463561071615,-0.7485774676442062,1.4270466751100295,0.46496835283355087,alta
0.8806335604295428,-0.42906386783759676,0.894482693122091,2.340282639522451,-0.5786877316276139,0.4927596617700268,1.9669209838816462,1.2948626349464016,-1.9024229393074235,0.7899045602498436,-0.43156151344837046,0.46496835283355087,media-alta
-0.43620682377067915,2.696589790811468,-2.672990661659628,-0.8013472035317797,0.5803865423306515,-0.32557220057226843,-1.6891102309738149,0.20300118944111203,1.3247425849951178,2.7808813022303784,0.4488318390266613,-2.1506840065693225,media-alta
-0.32647012508732776,-1.0389475085496094,0.6200616658311898,-0.919899273080996,-0.6890757577188773,0.28817669618445296,-0.2393047492207872,-1.0419625989763779,0.7993900577830741,0.6994056174325465,0.7422962898516707,0.46496835283355087,alta
-0.5459435224540315,0.3332906830524189,1.9006931265220637,1.1429067370753667,-0.026747601171296913,-0.12098923498669463,0.3700337865884563,0.7630334437777764,-1.0768689679742165,-1.0200742960960971,-1.018490415098391,0.46496835283355087,media-baja
0.3319500670127837,-0.8102411432826048,-0.38614876756878225,-0.9673201009006824,-0.5234937185819821,-0.2573778787104105,-0.49144483300392244,-0.6793517868159434,-0.17626463561071615,-1.6535668958171765,-0.6272044806650434,0.46496835283355087,media-alta
-0.5459435224540315,0.4857615932304222,-1.4838328767323885,-0.161166027966012,-0.35791167944508734,-0.39376652243412635,-0.9326899796244091,-0.5181914258557703,-0.7766675238530497,-1.2010721817306913,-0.2359185462316975,0.46496835283355087,media-alta
1.1001069577962457,1.7436466021989485,-1.209411849441487,-0.8013472035317797,1.6290727901976536,-1.2120983847764215,-1.836191946513977,1.1337022739861837,0.6492893357224908,0.6994056174325465,-1.4097763495317386,-2.1506840065693225,media-alta
-0.5459435224540315,-1.115182963638611,0.6200616658311898,-0.8961888591711527,-1.0202398359926674,-0.18918355684855256,-0.2182930755721926,-1.2031229599365958,0.27403753057103397,0.3374098461633589,0.9379392570683454,0.46496835283355087,alta
0.11247666964607989,-0.6577702331046015,0.6200616658311898,2.1387441212887834,0.4148045031937566,1.6520631334216116,1.5046641636125648,1.4157329056665315,-0.926768245913633,-0.6580785248269091,-1.4097763495317386,0.46496835283355087,media-alta
-0.43620682377067915,-1.1914184187276127,-0.2946750918051483,-0.6590847200727202,-0.24752365335382384,0.6291483054937427,0.6431855440201861,-0.921092328256248,1.2496922239648243,-0.024585925105829624,0.9379392570683454,0.46496835283355087,alta
1.4293170538463018,-0.7340056881936031,-0.11172774027788097,-0.9436096869908392,-0.6890757577188773,0.9701199148030323,-0.008176339086246558,-1.0500206170243953,-0.6265668017924663,0.24691090334606178,0.3510103554183248,0.46496835283355087,alta
0.9903702591128941,3.230237976434479,-0.9349908221505855,-0.30342851142507143,-0.026747601171296913,-0.4619608442959843,0.2229520710482941,-0.08305845126326691,-1.1519193290045064,-1.2010721817306913,-0.7250259642733816,0.46496835283355087,media-baja
-0.43620682377067915,2.4678834255444633,-0.7520434706233177,-0.7539263757120932,1.6290727901976536,-1.3484870285001374,-0.07121136003203037,0.40042263161734204,1.099591501904241,1.6948939884228138,0.4488318390266613,-2.1506840065693225,media-baja
-0.655680221137383,0.028348862696412718,0.2541669627766547,0.09964852504226386,-0.35791167944508734,-0.2573778787104105,-0.6595382221926793,-1.0258465628803426,0.4991886136619074,0.7899045602498436,1.524868158718366,0.46496835283355087,alta
-0.10699672772062392,-0.9627120534606078,0.16269328701302077,0.24191100850132327,-1.0202398359926674,0.7655369492174585,0.09688202915672646,-1.0339045809283602,0.7243396967527841,-1.2010721817306913,1.720511125935039,0.46496835283355087,media-alta
-0.43620682377067915,-0.7340056881936031,-0.8435171463869515,-0.9673201009006824,-0.6890757577188773,-1.757652959671285,0.03384700821094265,-1.3723413389447865,-0.8517178848833398,-1.2915711245479884,0.7422962898516707,0.46496835283355087,baja
-0.32647012508732776,-0.20035750257059223,-0.8435171463869515,-0.44569099488413094,-0.8546577968557721,0.6291483054937427,-0.008176339086246558,-1.6704880067211247,-0.926768245913633,-0.38658169637501816,1.8183326095433772,0.46496835283355087,media-alta
-0.32647012508732776,-0.047886592392588925,0.985956368885725,0.3841734919603829,-0.24752365335382384,1.311091524112322,1.0634190169920783,0.5696410106255329,-0.17626463561071615,-0.4770806391923148,-1.4097763495317386,0.46496835283355087,media-baja
0.11247666964607989,0.7144679584974267,-0.11172774027788097,-0.7539263757120932,1.7946548293345488,0.28817669618445296,-1.0587600215159767,1.053122093506097,1.6999943901465744,0.06591301771146751,-1.018490415098391,-2.1506840065693225,media-baja
-1.204363714554142,-1.1914184187276127,0.437114314303922,-0.8724784452613094,-0.4682997055363504,-1.2120983847764215,-1.2898884316505175,-1.191035932864547,0.048886447480160584,0.24691090334606178,0.3510103554183248,0.46496835283355087,media-alta
-0.5459435224540315,1.7436466021989485,-2.4900433101323607,-0.6590847200727202,-1.075433849038299,1.1747028803886062,-0.2393047492207872,-1.5254436818569421,-0.551516440762173,-1.7440658386344736,1.4270466751100295,0.46496835283355087,media-baja
0.7708968617461903,2.3916479704554616,1.534798423467528,-0.8487680313514662,2.7329530511102877,-1.1439040629145636,-0.5544798539497062,0.6905112813456628,-0.17626463561071615,0.9709024458844379,-0.9206689314900546,-2.1506840065693225,media-baja
-0.10699672772062392,-0.5815347780156,-0.11172774027788097,-0.2560076836053849,-0.5786877316276139,0.6973426273556006,1.9038859629358624,-0.6793517868159434,0.4991886136619074,-0.2055838107404239,1.329225191501693,0.46496835283355087,media-alta
-0.9848903171874382,1.1718806890314362,-1.117938173677853,0.7161192866981885,-1.1858218751295624,-0.4619608442959843,0.4120571338856455,-0.9613824184962912,0.048886447480160584,-0.5675795820096119,1.8183326095433772,0.46496835283355087,media-alta
-0.7654169198207343,-1.1914184187276127,1.1689037204129928,-0.9673201009006824,0.02844641187433444,0.5609539836318848,-0.008176339086246558,-1.5335016999049598,-0.7766675238530497,2.1473887025092995,0.8401177734600089,0.46496835283355087,alta
-0.43620682377067915,-0.5052993229265984,0.2541669627766547,1.7949431195960561,-0.13713562726256037,-0.0527949131248367,0.811278933208943,1.6977635373468791,1.6999943901465744,-0.38658169637501816,-0.9206689314900546,0.46496835283355087,media-alta
0.2222133683294313,1.0194097788534333,0.437114314303922,0.1470693528619504,1.2979087119238633,-1.2802927066382794,-0.7435849167870577,1.3754428154264882,0.8744404188133675,2.8713802450476757,0.05754590459331366,-2.1506840065693225,media-baja
3.4045776301466333,0.9431743237644317,0.985956368885725,-0.7776367896219364,1.132326672786968,-1.6212643159475693,-2.151367051242896,0.5132348842894543,-0.551516440762173,2.5093844737784883,0.6444748062433342,-2.1506840065693225,alta
0.11247666964607989,-0.8864765983716062,0.2541669627766547,-0.6116638922530336,-1.0202398359926674,1.242897202250464,0.601162196722997,-1.7671842232972466,-0.40141571870158954,-1.1105732389133942,2.209618543976723,0.46496835283355087,alta
-0.8751536185040868,-0.5815347780156,0.3456406385402881,-0.7065055478924067,-0.6338817446732457,0.8337312710793164,-0.2813280965179764,-1.5415597179529772,0.9494907798436576,-0.6580785248269091,1.329225191501693,0.46496835283355087,media-alta
-0.9848903171874382,-0.5052993229265984,-0.9349908221505855,2.435124295161824,-0.6338817446732457,-0.18918355684855256,0.7692555859117538,1.5366031763866614,2.0001958342677413,1.1519003315190322,-0.822847447881718,0.46496835283355087,media-alta
1.209843656479597,0.180819772874416,0.528587990067556,-0.8013472035317797,0.35961049014812485,0.8337312710793164,-1.0167366742187876,-0.12334854150331022,0.12393680851045061,2.6903823594130825,1.524868158718366,-2.1506840065693225,media-alta
2.307210643313115,1.857999784832451,-1.209411849441487,-0.8724784452613094,1.51868476410639,-1.4166813503619953,-2.1303553775943014,0.5535249745294977,-0.47646607973188293,-0.2055838107404239,-0.5293829970567069,-2.1506840065693225,media-baja
3.1851042327799304,0.9431743237644317,1.626272099231162,-0.6116638922530336,1.4634907510607584,-1.3484870285001374,-2.172378724891491,0.7710914618257493,0.12393680851045061,1.061401388701735,1.1335822242850184,-2.1506840065693225,alta
0.7708968617461903,0.9812920513089325,2.2665878295765993,-1.014740928720369,-0.5786877316276139,-1.5530699940857113,-0.8066199377328415,-0.2361607941754225,0.27403753057103397,-0.7485774676442062,0.3510103554183248,0.46496835283355087,media-baja
2.9656308354132275,0.9431743237644317,0.8030090173584576,-0.5879534783431904,-0.7994637838101408,0.28817669618445296,0.9373489751005106,0.48906083014544627,-1.82737257827713,-1.1105732389133942,-1.2141333823150657,0.46496835283355087,media-baja
-0.8751536185040868,-0.27659295765959346,1.4433247477038942,1.4037212900836424,-0.5786877316276139,2.061229064592759,1.2735357534780243,0.6179891189135938,-0.7016171628227563,-0.024585925105829624,-0.9206689314900546,0.46496835283355087,media-alta
0.7708968617461903,-0.20035750257059223,0.437114314303922,0.40788390587022605,-0.4682997055363504,0.4927596617700268,0.811278933208943,-0.11529052345529262,0.34908789160132403,-1.2915711245479884,0.7422962898516707,0.46496835283355087,alta
0.3319500670127837,-1.1914184187276127,1.626272099231162,-0.9673201009006824,0.24922246405686138,-0.8711267754671319,0.5801505230744024,-1.082252689216421,0.12393680851045061,-0.38658169637501816,0.7422962898516707,0.46496835283355087,media-alta
-0.655680221137383,0.10458431778541437,0.07121961124938686,-1.014740928720369,-0.5234937185819821,0.5609539836318848,-0.05019968638343576,-1.7510681872012113,-1.1519193290045064,-1.2915711245479884,1.720511125935039,0.46496835283355087,media-alta
-0.9848903171874382,-0.20035750257059223,-0.47762244333241616,1.8542191543706643,-0.24752365335382384,1.6520631334216116,1.714780900098511,1.2344274995862918,-0.40141571870158954,-0.9295753532788005,-0.822847447881718,0.46496835283355087,media-alta
0.8806335604295428,-1.3438893289056157,-0.2946750918051483,-0.825057617441623,-0.5234937185819821,0.9019255929411744,1.1684773852350512,0.40848064966531494,1.7750447511768679,-0.7485774676442062,-1.2141333823150657,0.46496835283355087,media-alta
0.7708968617461903,1.3243515992094395,1.626272099231162,0.40788390587022605,-0.41310569249071905,-0.12098923498669463,0.5591388494258077,0.32790046918522836,-0.026163913550132773,-1.6535668958171765,-0.43156151344837046,0.46496835283355087,media-baja
-0.10699672772062392,-1.2676538738166143,-0.2946750918051483,2.2335857769281557,0.02844641187433444,-0.12098923498669463,0.5591388494258077,1.423790923714549,-1.9024229393074235,-1.1105732389133942,-1.4097763495317386,0.46496835283355087,alta
0.7708968617461903,-0.5052993229265984,0.528587990067556,-1.014740928720369,-0.41310569249071905,-1.4166813503619953,-0.8906666323272199,-1.251471068224612,-1.001818606943923,-1.2010721817306913,0.9379392570683454,0.46496835283355087,media-baja
-1.753047207970901,-0.6577702331046015,-1.117938173677853,-0.7302159618022499,-0.35791167944508734,0.5609539836318848,0.811278933208943,-0.9251213372802344,-0.17626463561071615,-0.7485774676442062,-0.040275579015022815,0.46496835283355087,media-alta
-0.9848903171874382,-0.3528284127485951,0.07121961124938686,0.24191100850132327,-0.13713562726256037,1.1065085585267482,0.7692555859117538,-0.6310036785278825,-0.026163913550132773,0.7899045602498436,0.5466533226349978,0.46496835283355087,media-alta
-0.21673342640397533,0.6382325034084255,-0.6605697948596839,-0.6590847200727202,1.7946548293345488,-0.0527949131248367,-1.6260752100280311,0.6099311008655761,0.34908789160132403,0.6089066746152493,-0.43156151344837046,-2.1506840065693225,media-baja
1.6487904512130047,1.1718806890314362,-0.38614876756878225,-0.7065055478924067,0.24922246405686138,-1.1439040629145636,-1.9832736620541394,0.31178443308923787,-0.2513149966410062,2.599883416595785,0.7422962898516707,-2.1506840065693225,media-baja
0.11247666964607989,-0.5052993229265984,-0.2946750918051483,2.1624545351986266,0.24922246405686138,1.6520631334216116,1.7357925737471056,1.6977635373468791,-0.7016171628227563,-1.2010721817306913,-1.4097763495317386,0.46496835283355087,alta
-0.21673342640397533,-0.12412204748159057,-0.5690961190960501,-0.46940140879397424,-0.5234937185819821,-0.32557220057226843,0.03384700821094265,-0.042768361023178894,-0.2513149966410062,-0.11508486792312675,-1.1163118987067275,0.46496835283355087,media-alta
0.0027399709627274923,1.095645233942435,-0.7520434706233177,1.9964816378297234,-0.3027176663994556,0.9019255929411744,1.4626408163153757,1.496313086146618,-0.7766675238530497,0.15641196052876463,-1.018490415098391,0.46496835283355087,media-baja
-1.4238371119208457,0.180819772874416,-0.9349908221505855,0.31304225023085297,-0.5786877316276139,1.311091524112322,0.9373489751005106,-0.11529052345529262,0.5742389746922008,0.9709024458844379,-0.43156151344837046,0.46496835283355087,media-baja
-0.8751536185040868,-1.2676538738166143,0.2541669627766547,1.451142117903329,-0.026747601171296913,-0.39376652243412635,-0.5544798539497062,1.2706885808023487,-0.026163913550132773,-0.2055838107404239,-0.43156151344837046,0.46496835283355087,media-alta
-1.0946270158707905,0.7144679584974267,-0.6605697948596839,-0.8724784452613094,-0.08194161421692865,-1.0075154191908477,0.3069987656426725,-0.5584815160958135,0.7993900577830741,-0.11508486792312675,-0.040275579015022815,0.46496835283355087,media-alta
-0.43620682377067915,-1.2676538738166143,0.6200616658311898,-0.8487680313514662,-0.7442697707645091,-0.7347381317434161,-0.8066199377328415,-1.5818498081930206,-0.926768245913633,0.15641196052876463,0.9379392570683454,0.46496835283355087,media-alta
-0.655680221137383,0.3332906830524189,-0.020254064514247064,1.9609160169649589,0.1388344379655979,-0.7347381317434161,-0.197281401923598,0.4245966857613501,-0.1012142745804228,0.42790878898065604,0.5466533226349978,0.46496835283355087,media-alta
0.8806335604295428,-1.0389475085496094,1.626272099231162,-0.01890354450695239,0.02844641187433444,0.3563710180463109,0.7272322386145645,0.3681905594252716,-0.2513149966410062,-0.296082753557721,0.15536738820165014,0.46496835283355087,media-alta
1.8682638485797094,0.5619970483194239,0.3456406385402881,-0.825057617441623,2.5121769989277607,-0.5983494880197001,-0.8906666323272199,-1.7027200789131505,-1.9774733003377134,0.24691090334606178,2.1117970603683864,0.46496835283355087,media-alta
0.661160163062839,1.629293419565446,-2.307095958605093,-0.8487680313514662,1.2979087119238633,-1.4848756722238534,-1.7521452519195988,0.7106563264656843,1.0245411408739509,-0.296082753557721,-0.6272044806650434,-2.1506840065693225,media-alta
-0.21673342640397533,-0.047886592392588925,0.2541669627766547,-0.8724784452613094,-1.0202398359926674,-0.5301551661578422,0.11789370280532106,-1.082252689216421,1.1746418629345343,-0.38658169637501816,1.2314037078933548,0.46496835283355087,media-alta
0.661160163062839,-0.047886592392588925,-0.47762244333241616,0.597567217148972,-1.075433849038299,-0.5301551661578422,-0.6805498958412739,0.0055797472648372705,-0.6265668017924663,-0.11508486792312675,-0.040275579015022815,0.46496835283355087,media-baja
-0.21673342640397533,-0.9627120534606078,0.3456406385402881,-0.8487680313514662,-0.7994637838101408,0.1517880524607371,-0.44942148570673324,-0.49804638073574864,-0.026163913550132773,0.24691090334606178,0.3510103554183248,0.46496835283355087,alta
-0.7654169198207343,0.10458431778541437,-0.11172774027788097,0.4553047336899126,-0.5234937185819821,0.7655369492174585,0.9583606487491052,-0.4335822363516525,0.048886447480160584,-0.2055838107404239,0.6444748062433342,0.46496835283355087,media-alta
0.3319500670127837,-0.12412204748159057,-0.8435171463869515,-0.007048337552030808,0.1388344379655979,0.1517880524607371,1.2105007325322406,-0.7196418770559867,-0.6265668017924663,-0.5675795820096119,1.1335822242850184,0.46496835283355087,media-alta
-0.9848903171874382,-0.5052993229265984,2.0836404780493316,0.40788390587022605,-0.24752365335382384,1.8566460990071854,1.126454037937862,0.06198587360091577,-0.17626463561071615,1.6948939884228138,-0.040275579015022815,0.46496835283355087,media-baja
0.9903702591128941,0.028348862696412718,-0.47762244333241616,-0.9673201009006824,-0.026747601171296913,-1.3143898675692085,-0.722573243138463,0.08615992774496858,0.19898716954074397,-1.2915711245479884,-0.9206689314900546,0.46496835283355087,baja
-0.43620682377067915,-0.8102411432826048,0.2541669627766547,-0.919899273080996,-0.08194161421692865,0.3563710180463109,-0.2182930755721926,-1.4005444021128257,-1.4521207731256733,-0.11508486792312675,0.5466533226349978,0.46496835283355087,media-alta
0.5514234643794865,-1.115182963638611,1.2603773961766267,1.4037212900836424,0.19402845101122965,1.7202574552834695,0.3069987656426725,1.053122093506097,-0.47646607973188293,-0.38658169637501816,-0.43156151344837046,0.46496835283355087,media-baja
1.1001069577962457,-0.5052993229265984,0.2541669627766547,1.1429067370753667,-0.026747601171296913,-0.0527949131248367,-0.029188012734841163,1.1498183100822188,-0.32636535767129954,-0.2055838107404239,-0.333740029840034,0.46496835283355087,media-alta
0.9903702591128941,0.86693886867543,0.437114314303922,-0.7065055478924067,1.353102724969495,-1.4166813503619953,-1.5630401890822472,1.2948626349464016,0.9494907798436576,-0.4770806391923148,-1.018490415098391,-2.1506840065693225,media-baja
0.2222133683294313,-0.5052993229265984,0.437114314303922,-0.7539263757120932,-0.9098518099014039,-0.0527949131248367,1.1474657115864566,-1.4247184562568338,0.27403753057103397,-1.0200742960960971,1.4270466751100295,0.46496835283355087,alta
-0.655680221137383,-0.9627120534606078,-0.47762244333241616,-0.01890354450695239,-0.5786877316276139,0.015399408737021234,0.3700337865884563,0.24732028870514175,0.34908789160132403,1.5138961027882205,-0.9206689314900546,0.46496835283355087,media-alta
-0.21673342640397533,-0.9627120534606078,0.3456406385402881,1.949060810010037,-0.6890757577188773,1.242897202250464,-0.09222303368062497,0.43265470380936777,-1.6022214951862566,1.061401388701735,0.2531888718099866,0.46496835283355087,media-alta
-0.5459435224540315,-0.42906386783759676,-0.9349908221505855,-0.5642430644333472,-1.3514039142664576,1.1747028803886062,0.07587035550813186,-1.4086024201607985,0.048886447480160584,-1.2010721817306913,0.8401177734600089,0.46496835283355087,alta
-0.5459435224540315,0.180819772874416,-0.6605697948596839,-0.46940140879397424,-0.9098518099014039,-0.12098923498669463,-0.49144483300392244,-1.6422849435530855,-0.8517178848833398,-1.0200742960960971,1.8183326095433772,0.46496835283355087,alta
-0.7654169198207343,0.028348862696412718,-0.5690961190960501,-0.06632437232663893,0.24922246405686138,-0.18918355684855256,0.3280104392912671,-1.0782236801924348,0.42413825263161736,-0.11508486792312675,1.9161540931517136,0.46496835283355087,alta
0.661160163062839,0.028348862696412718,2.723956208394768,1.5459837735427022,-0.5234937185819821,2.402200673902049,1.3785941217209974,1.4318489417625666,-1.6022214951862566,0.24691090334606178,-1.1163118987067275,0.46496835283355087,media-baja
0.661160163062839,-0.12412204748159057,0.985956368885725,2.1387441212887834,-0.3027176663994556,0.9701199148030323,1.9038859629358624,1.8992139885470958,-0.2513149966410062,1.061401388701735,-1.2141333823150657,0.46496835283355087,media-baja
-1.8627839066542524,-1.115182963638611,-0.38614876756878225,-0.6116638922530336,-0.08194161421692865,-0.18918355684855256,-0.38638646476094946,-0.8646862019201694,1.8500951122071578,0.3374098461633589,-0.1380970626233593,0.46496835283355087,media-alta
0.9903702591128941,-0.5815347780156,0.16269328701302077,-0.9673201009006824,-0.35791167944508734,-0.18918355684855256,-0.44942148570673324,-1.626168907457095,-1.3770704120953832,-0.7485774676442062,2.0139755767600502,0.46496835283355087,media-alta
-0.5459435224540315,-0.42906386783759676,-0.2946750918051483,0.9769338397064642,-1.241015888175194,-1.2120983847764215,-0.029188012734841163,-0.7438159312000395,-0.32636535767129954,-1.5630679529998794,1.6226896423267025,0.46496835283355087,media-alta
-0.21673342640397533,0.4857615932304222,-0.5690961190960501,1.0717754953458372,-0.5786877316276139,-0.18918355684855256,1.441629142666781,1.0934121837461404,0.4991886136619074,0.8804035030671407,-1.2141333823150657,0.46496835283355087,media-baja
1.4293170538463018,-0.6577702331046015,1.626272099231162,0.597567217148972,-0.8546577968557721,-0.5983494880197001,-0.5754915275983009,-0.35703106489555236,-1.30202005106509,-1.5630679529998794,1.524868158718366,0.46496835283355087,media-alta
1.209843656479597,0.4095261381414205,0.437114314303922,-1.014740928720369,-0.9098518099014039,-0.9393210973289898,-0.6175148748954901,-1.5254436818569421,-1.30202005106509,-1.7440658386344736,1.2314037078933548,0.46496835283355087,alta
-0.7654169198207343,-0.8102411432826048,1.1689037204129928,0.5027255615095991,-0.3027176663994556,1.1065085585267482,1.2525240798294297,0.5293509203854896,0.19898716954074397,-0.4770806391923148,-1.3119548659234022,0.46496835283355087,media-baja
0.11247666964607989,-0.12412204748159057,-0.47762244333241616,-0.8961888591711527,-0.5234937185819821,1.0383142366648903,1.1684773852350512,-1.1467168336005171,-0.17626463561071615,0.42790878898065604,0.8401177734600089,0.46496835283355087,media-alta
0.11247666964607989,-0.5052993229265984,-0.2946750918051483,2.1624545351986266,0.24922246405686138,1.6520631334216116,1.7357925737471056,1.6977635373468791,-0.7016171628227563,-1.2010721817306913,-1.4097763495317386,0.46496835283355087,alta
-0.32647012508732776,-1.0389475085496094,-0.11172774027788097,1.7830879126411348,0.6355805553762831,-0.802932453605274,1.0213956696948892,1.4882550680986004,-1.6022214951862566,0.06591301771146751,-1.4097763495317386,0.46496835283355087,alta
1.209843656479597,-0.3528284127485951,1.077430044649359,-0.8724784452613094,-0.8546577968557721,0.015399408737021234,0.11789370280532106,-1.1225427794564644,-0.8517178848833398,-0.11508486792312675,1.8183326095433772,0.46496835283355087,media-alta
-0.43620682377067915,-0.5815347780156,0.437114314303922,0.7398297006080317,-0.4682997055363504,0.7655369492174585,0.012835334562348047,0.13853704505701592,0.9494907798436576,0.06591301771146751,0.4488318390266613,0.46496835283355087,media-alta
0.44168676569613513,-0.6577702331046015,0.437114314303922,0.40788390587022605,-0.7994637838101408,0.8337312710793164,0.811278933208943,-0.2361607941754225,-1.30202005106509,-1.7440658386344736,0.5466533226349978,0.46496835283355087,media-baja
-0.5459435224540315,-1.1914184187276127,-0.9349908221505855,0.3367526641406964,0.24922246405686138,0.8337312710793164,0.7272322386145645,-0.220044758079432,-0.47646607973188293,0.06591301771146751,0.3510103554183248,0.46496835283355087,media-alta
0.8806335604295428,-0.9627120534606078,1.2603773961766267,-0.8961888591711527,-0.3027176663994556,-0.9393210973289898,-0.5544798539497062,-1.082252689216421,-0.6265668017924663,-1.1105732389133942,0.5466533226349978,0.46496835283355087,media-alta
-0.655680221137383,0.10458431778541437,-0.11172774027788097,-0.350849339244758,-0.7994637838101408,0.21998237432259504,-0.722573243138463,-1.6543719706250894,0.27403753057103397,1.061401388701735,2.0139755767600502,0.46496835283355087,alta
3.624051027513338,-0.27659295765959346,2.0836404780493316,-0.6116638922530336,3.0089231163384453,-1.757652959671285,-2.172378724891491,1.7783437178269659,0.27403753057103397,1.061401388701735,-0.9206689314900546,-2.1506840065693225,media-baja
-0.21673342640397533,-0.27659295765959346,-0.020254064514247064,0.4553047336899126,-0.5786877316276139,1.1065085585267482,0.9583606487491052,0.08615992774496858,0.5742389746922008,0.5184077317979522,0.15536738820165014,0.46496835283355087,alta
2.0877372459464123,-0.3528284127485951,0.3456406385402881,-0.0900347862364821,-1.241015888175194,-0.2573778787104105,-0.5754915275983009,-0.47790133561572695,-1.30202005106509,-1.0200742960960971,0.8401177734600089,0.46496835283355087,media-alta
-0.21673342640397533,0.6382325034084255,-1.3008855252051206,1.806798326550978,-0.9650458229470357,1.9248404208690433,1.336570774423808,1.2706885808023487,-1.001818606943923,-0.2055838107404239,-1.018490415098391,0.46496835283355087,media-baja
-1.5335738106041972,0.028348862696412718,0.6200616658311898,-0.12560040710124706,-0.9650458229470357,-0.5301551661578422,-0.5965032012468955,-1.3642833208967688,1.5498936680859912,-0.8390764104615033,1.329225191501693,0.46496835283355087,alta
-0.655680221137383,-0.42906386783759676,0.2541669627766547,-0.919899273080996,-0.5786877316276139,-0.39376652243412635,1.2945474271266189,-0.8969182741121952,0.5742389746922008,-0.4770806391923148,0.2531888718099866,0.46496835283355087,media-baja
1.209843656479597,0.25705522796341723,0.16269328701302077,-0.6827951339825634,1.4082967380151268,-1.3484870285001374,-1.584051862730842,0.646192182081633,0.42413825263161736,2.6903823594130825,0.5466533226349978,-2.1506840065693225,media-alta
-1.204363714554142,-0.8102411432826048,0.2541669627766547,-0.7776367896219364,-0.4682997055363504,2.1976177083164754,0.012835334562348047,-1.5576757540490125,1.6999943901465744,-0.8390764104615033,0.9379392570683454,0.46496835283355087,media-alta
0.661160163062839,0.028348862696412718,2.815429884158402,1.2614588066245829,-0.7994637838101408,1.7202574552834695,0.6431855440201861,1.3754428154264882,-0.6265668017924663,-0.6580785248269091,-1.5075978331400752,0.46496835283355087,media-alta
0.3319500670127837,-1.1914184187276127,0.16269328701302077,-0.9673201009006824,-0.4682997055363504,1.1065085585267482,-0.029188012734841163,-0.9694404365443088,-1.30202005106509,1.5138961027882205,0.05754590459331366,0.46496835283355087,alta
-0.32647012508732776,2.3916479704554616,-2.4900433101323607,-0.9436096869908392,0.4148045031937566,-0.39376652243412635,0.2229520710482941,-0.675322777791957,-0.32636535767129954,-1.1105732389133942,-0.2359185462316975,0.46496835283355087,baja
-0.8751536185040868,1.7817643297434493,-1.4838328767323885,-0.825057617441623,1.4634907510607584,-0.32557220057226843,-1.836191946513977,-0.5020753897597351,0.7993900577830741,2.7808813022303784,1.1335822242850184,-2.1506840065693225,media-alta
-0.7654169198207343,-0.20035750257059223,-1.0264644979142192,2.4469795021167458,-0.5786877316276139,-0.7347381317434161,0.4120571338856455,0.730801371585706,-0.8517178848833398,0.24691090334606178,0.15536738820165014,0.46496835283355087,media-baja
0.5514234643794865,-0.7340056881936031,0.2541669627766547,1.0480650814359935,-0.8546577968557721,-0.32557220057226843,0.43306880753424015,0.8516716423058807,-1.001818606943923,-0.2055838107404239,-0.6272044806650434,0.46496835283355087,media-alta
0.661160163062839,-0.42906386783759676,0.2541669627766547,0.26562142241116665,-0.026747601171296913,0.3563710180463109,0.8533022805061322,-0.2764508844154658,-0.17626463561071615,1.6948939884228138,1.0357607406766818,0.46496835283355087,media-alta
-0.5459435224540315,0.028348862696412718,0.437114314303922,0.6449880449686586,-0.1923296403081921,1.7884517771453274,0.9583606487491052,0.20703019846509846,-0.47646607973188293,-0.4770806391923148,-0.822847447881718,0.46496835283355087,media-baja
-1.0946270158707905,-1.0389475085496094,0.6200616658311898,-0.7065055478924067,-0.9650458229470357,-0.18918355684855256,-0.2393047492207872,-1.9202865662094022,-0.40141571870158954,-0.2055838107404239,1.9161540931517136,0.46496835283355087,media-alta
-0.655680221137383,-0.5815347780156,-0.6605697948596839,-0.8724784452613094,-0.24752365335382384,-1.0757097410527057,-1.310900105299112,-0.6390616965759002,-0.17626463561071615,-1.1105732389133942,-0.6272044806650434,0.46496835283355087,media-baja
-0.5459435224540315,-1.1914184187276127,-0.2032014160415149,-0.825057617441623,-0.026747601171296913,0.6291483054937427,0.5171155021286186,-1.2837031404166823,-1.1519193290045064,-0.6580785248269091,0.9379392570683454,0.46496835283355087,alta
-0.10699672772062392,-0.047886592392588925,-0.2032014160415149,-0.919899273080996,-0.7442697707645091,0.1517880524607371,0.11789370280532106,-1.9283445842574196,-0.7016171628227563,-1.3820700673652857,1.720511125935039,0.46496835283355087,alta
0.2222133683294313,-0.5052993229265984,-0.47762244333241616,0.4553047336899126,-0.13713562726256037,1.4474801678360378,1.7778159210442948,0.5978440737935721,-0.7016171628227563,-1.2915711245479884,-1.2141333823150657,0.46496835283355087,media-baja
-0.9848903171874382,-0.5052993229265984,0.985956368885725,0.6449880449686586,-0.08194161421692865,1.5156744896978958,1.7568042473957002,0.5938150647695409,-0.40141571870158954,-0.38658169637501816,-1.3119548659234022,0.46496835283355087,media-alta
0.7708968617461903,-0.20035750257059223,-0.2032014160415149,-0.5049670296587391,-0.35791167944508734,0.6973426273556006,-0.11323470732921957,-1.1507458426245036,0.19898716954074397,-1.4725690101825828,1.0357607406766818,0.46496835283355087,media-baja
1.1001069577962457,-0.27659295765959346,1.626272099231162,-1.014740928720369,-0.5786877316276139,0.08359373059887917,0.5381271757772131,-0.3167409746555091,-0.6265668017924663,-0.9295753532788005,-0.43156151344837046,0.46496835283355087,media-alta
0.44168676569613513,-0.5815347780156,-0.020254064514247064,1.8542191543706643,-0.026747601171296913,-0.32557220057226843,1.2105007325322406,1.7944597539229563,-1.2269696900348,0.15641196052876463,-1.3119548659234022,0.46496835283355087,media-alta
1.1001069577962457,-0.8864765983716062,-0.11172774027788097,-0.9436096869908392,-0.7994637838101408,-1.6212643159475693,-1.5420285154336526,-0.7921640394881004,-1.6772718562165467,1.9663908168747053,-0.1380970626233593,0.46496835283355087,media-baja
0.661160163062839,-0.3528284127485951,1.626272099231162,-0.825057617441623,-0.5234937185819821,-0.5301551661578422,-0.7645965904356523,-1.2031229599365958,-0.40141571870158954,-0.8390764104615033,2.0139755767600502,0.46496835283355087,media-alta
0.3319500670127837,-1.0389475085496094,-0.6605697948596839,-0.919899273080996,-0.1923296403081921,-0.6665438098815581,-0.34436311746376025,-0.22407376710341845,2.300397278388908,1.1519003315190322,0.05754590459331366,0.46496835283355087,alta
1.6487904512130047,2.3916479704554616,-1.3008855252051206,-0.5642430644333472,2.677759038064656,-0.6665438098815581,-0.07121136003203037,1.4560229959065747,-0.926768245913633,0.06591301771146751,-1.1163118987067275,-2.1506840065693225,media-baja
-0.21673342640397533,-0.8864765983716062,-0.2946750918051483,-0.9673201009006824,-0.13713562726256037,0.3563710180463109,0.7692555859117538,-0.3167409746555091,-0.17626463561071615,-0.7485774676442062,-1.3119548659234022,0.46496835283355087,media-alta
-0.5459435224540315,0.4857615932304222,0.437114314303922,0.9295130118867774,0.5803865423306515,0.7655369492174585,1.924897636584457,1.2948626349464016,0.7243396967527841,0.42790878898065604,-1.018490415098391,0.46496835283355087,media-baja
0.9903702591128941,1.5530579644764444,-2.5815169858959943,-0.8487680313514662,1.077132659741337,-1.4166813503619953,-1.836191946513977,0.5494959655055112,0.9494907798436576,0.5184077317979522,-0.43156151344837046,-2.1506840065693225,media-baja
-0.7654169198207343,1.400587054298441,-1.3923592009687547,1.806798326550978,-0.4682997055363504,-0.32557220057226843,0.3280104392912671,1.2142824544662703,0.4991886136619074,-1.6535668958171765,-1.4097763495317386,0.46496835283355087,media-baja
-0.43620682377067915,1.095645233942435,-0.6605697948596839,-0.8487680313514662,1.4634907510607584,-0.8711267754671319,-1.8572036201625717,0.16674010822505517,1.3247425849951178,0.7899045602498436,0.15536738820165014,-2.1506840065693225,media-alta
2.8558941367298742,0.028348862696412718,2.0836404780493316,-0.6590847200727202,2.401788972836497,-0.18918355684855256,-0.8276316113814361,1.617183356866748,0.4991886136619074,2.7808813022303784,-0.822847447881718,-2.1506840065693225,media-baja
0.44168676569613513,0.7144679584974267,-0.7520434706233177,2.2572961908379994,0.19402845101122965,-0.18918355684855256,1.0844306906406729,1.8508658802590348,-0.2513149966410062,-0.2055838107404239,-0.7250259642733816,0.46496835283355087,media-baja
-0.655680221137383,-0.7340056881936031,0.07121961124938686,-0.7302159618022499,-1.241015888175194,0.3563710180463109,-0.6385265485440846,-1.4609795374728907,0.42413825263161736,0.6994056174325465,1.4270466751100295,0.46496835283355087,alta
-1.6433105092875497,0.028348862696412718,0.07121961124938686,0.7161192866981885,-0.41310569249071905,0.08359373059887917,-0.3653747911123548,-0.6954678229119786,0.19898716954074397,-0.38658169637501816,0.7422962898516707,0.46496835283355087,media-alta
0.2222133683294313,-0.27659295765959346,0.985956368885725,-0.9673201009006824,-0.9650458229470357,-0.12098923498669463,0.4120571338856455,-0.9412373733762696,-0.32636535767129954,-0.7485774676442062,0.2531888718099866,0.46496835283355087,baja
0.7708968617461903,-0.047886592392588925,0.8030090173584576,-0.8724784452613094,-1.296209901220826,-0.7347381317434161,-0.7435849167870577,-1.3239932306567257,-0.47646607973188293,-0.296082753557721,1.4270466751100295,0.46496835283355087,media-alta
-0.43620682377067915,-1.0389475085496094,-0.2946750918051483,1.16661715098521,-0.6338817446732457,-0.12098923498669463,-0.1552580546264088,0.12242100896098071,-0.7766675238530497,-0.5675795820096119,0.4488318390266613,0.46496835283355087,alta
0.0027399709627274923,0.10458431778541437,2.9983772356856697,1.8779295682805073,0.30441647710249314,-1.2802927066382794,-0.3653747911123548,1.1337022739861837,-1.2269696900348,-1.1105732389133942,-1.2141333823150657,0.46496835283355087,media-baja
-1.204363714554142,1.5530579644764444,0.16269328701302077,0.5738568032391288,-0.24752365335382384,-0.4619608442959843,-0.07121136003203037,-0.8646862019201694,-1.30202005106509,-1.2010721817306913,0.5466533226349978,0.46496835283355087,media-alta
0.2222133683294313,0.5619970483194239,-0.020254064514247064,-0.6827951339825634,1.2979087119238633,-1.4848756722238534,-1.6050635363794366,0.730801371585706,1.474843307055701,0.24691090334606178,-1.018490415098391,-2.1506840065693225,media-alta
1.5390537525296533,-0.8102411432826048,0.894482693122091,-0.23229726969554174,-0.7994637838101408,-0.4619608442959843,-0.49144483300392244,0.12645001798501188,-0.2513149966410062,0.15641196052876463,-0.7250259642733816,0.46496835283355087,media-alta
0.0027399709627274923,-0.5052993229265984,-0.11172774027788097,-0.6827951339825634,-0.4682997055363504,-0.39376652243412635,-0.008176339086246558,-0.1555806136953359,1.6249440291162844,0.8804035030671407,0.05754590459331366,0.46496835283355087,media-alta
1.5390537525296533,2.6203543357224666,-1.0264644979142192,-0.7539263757120932,2.5673710119733926,-0.5301551661578422,-0.197281401923598,1.1860793912982757,-0.6265668017924663,-0.296082753557721,-1.2141333823150657,-2.1506840065693225,media-baja
-0.43620682377067915,-0.6577702331046015,-1.3008855252051206,-0.9436096869908392,0.5803865423306515,-1.1439040629145636,-0.47043315935532787,-0.7599319672960301,-1.0768689679742165,0.3374098461633589,-0.9206689314900546,0.46496835283355087,media-baja
0.8806335604295428,0.10458431778541437,-0.7520434706233177,-0.8487680313514662,1.4634907510607584,-0.8711267754671319,-1.6260752100280311,0.7509464167057277,0.5742389746922008,1.2423992743363292,-1.1163118987067275,-2.1506840065693225,media-baja
-0.43620682377067915,0.180819772874416,1.077430044649359,-0.8724784452613094,-0.5234937185819821,-0.12098923498669463,-0.1762697282750034,-1.7107780969611681,0.12393680851045061,-0.6580785248269091,2.1117970603683864,0.46496835283355087,media-alta
-1.0946270158707905,-1.115182963638611,-0.9349908221505855,-0.8013472035317797,2.1810129206539703,0.9019255929411744,0.15991705010251028,-0.7397869221760084,-1.0768689679742165,-0.9295753532788005,-0.7250259642733816,0.46496835283355087,media-baja
2.6364207393631713,2.086706150099455,1.1689037204129928,-0.7065055478924067,1.132326672786968,-0.6665438098815581,-1.1428067161103552,1.939504078787139,1.8500951122071578,1.061401388701735,-0.9206689314900546,-2.1506840065693225,media-baja
0.0027399709627274923,-1.3438893289056157,0.16269328701302077,-1.014740928720369,2.953729103292814,-0.7347381317434161,-1.4369701471906797,-1.537530708928991,-0.17626463561071615,1.1519003315190322,1.0357607406766818,0.46496835283355087,media-alta
0.11247666964607989,-0.8102411432826048,0.2541669627766547,-0.9910305148105255,-0.24752365335382384,-0.39376652243412635,-0.8906666323272199,-0.9613824184962912,0.27403753057103397,-1.0200742960960971,0.8401177734600089,0.46496835283355087,media-alta
-1.5335738106041972,0.10458431778541437,-1.4838328767323885,-0.8013472035317797,-0.026747601171296913,-0.7347381317434161,-0.6175148748954901,-0.39732115513564037,1.2496922239648243,0.9709024458844379,-0.5293829970567069,0.46496835283355087,media-baja
-0.10699672772062392,-0.8864765983716062,1.626272099231162,0.1470693528619504,-0.6890757577188773,0.5609539836318848,0.11789370280532106,-0.2361607941754225,-0.026163913550132773,-0.296082753557721,0.3510103554183248,0.46496835283355087,media-alta
0.5514234643794865,-0.6577702331046015,0.8030090173584576,-0.01890354450695239,0.85635660755881,-1.1439040629145636,-0.6595382221926793,0.19897218041708087,-0.32636535767129954,2.599883416595785,-0.7250259642733816,0.46496835283355087,media-baja
-0.32647012508732776,-0.42906386783759676,-0.8435171463869515,0.5738568032391288,-0.1923296403081921,1.7884517771453274,1.8408509419900787,0.6099311008655761,-0.8517178848833398,-0.38658169637501816,-1.4097763495317386,0.46496835283355087,media-baja
-0.8751536185040868,-0.5815347780156,-0.2032014160415149,-0.8724784452613094,0.08364042491996618,1.1747028803886062,1.3155591007752134,-0.39732115513564037,-0.026163913550132773,-0.11508486792312675,-1.018490415098391,0.46496835283355087,media-baja
0.7708968617461903,0.6382325034084255,-0.47762244333241616,1.0006442536163074,0.46999851623938793,0.08359373059887917,1.1684773852350512,0.44877073990540295,-1.30202005106509,-0.7485774676442062,0.4488318390266613,0.46496835283355087,media-alta
-0.5459435224540315,-1.3438893289056157,1.1689037204129928,-0.8724784452613094,-0.4682997055363504,1.1065085585267482,0.3700337865884563,-0.5584815160958135,0.7993900577830741,-0.024585925105829624,-0.2359185462316975,0.46496835283355087,media-alta
0.5514234643794865,-0.047886592392588925,-0.47762244333241616,-0.8487680313514662,1.2427146988782314,0.6291483054937427,0.7272322386145645,-0.2361607941754225,-0.8517178848833398,-0.4770806391923148,-0.6272044806650434,0.46496835283355087,media-baja
-1.3141004132374934,-0.6577702331046015,-0.11172774027788097,1.806798326550978,0.19402845101122965,1.7884517771453274,1.0003839960462944,1.1337022739861837,0.4991886136619074,-1.1105732389133942,-1.018490415098391,0.46496835283355087,media-baja
-0.5459435224540315,-0.12412204748159057,-0.5690961190960501,0.6449880449686586,-0.7994637838101408,-0.6665438098815581,0.03384700821094265,-0.3086829566075362,-1.1519193290045064,-1.2010721817306913,0.3510103554183248,0.46496835283355087,media-alta
-0.5459435224540315,-0.6577702331046015,-1.0264644979142192,1.451142117903329,-0.35791167944508734,0.9701199148030323,0.1809287237511049,0.6663372272016547,-1.9024229393074235,-0.024585925105829624,-0.7250259642733816,0.46496835283355087,media-alta
0.11247666964607989,-0.6577702331046015,0.7115353415948238,2.11503370737894,0.4148045031937566,1.242897202250464,1.4626408163153757,1.4157329056665315,-1.75232221724684,-0.296082753557721,-1.4097763495317386,0.46496835283355087,alta
-0.7654169198207343,-0.047886592392588925,-0.2946750918051483,-0.8961888591711527,-0.7442697707645091,-1.2802927066382794,-0.07121136003203037,-1.0016725087363345,0.7993900577830741,-0.024585925105829624,-0.040275579015022815,0.46496835283355087,alta
0.3319500670127837,-0.9627120534606078,1.626272099231162,0.953223425796621,-1.130627862083931,-0.32557220057226843,0.2019403973996995,-0.1555806136953359,-1.6772718562165467,-1.7440658386344736,0.5466533226349978,0.46496835283355087,alta
-0.5459435224540315,-0.5815347780156,0.3456406385402881,0.5738568032391288,-1.075433849038299,0.3563710180463109,0.26497541834548327,-0.2361607941754225,-0.17626463561071615,-1.2915711245479884,0.05754590459331366,0.46496835283355087,media-baja
-0.9848903171874382,-0.3528284127485951,0.07121961124938686,0.24191100850132327,-0.13713562726256037,1.1065085585267482,0.7692555859117538,-0.6310036785278825,-0.026163913550132773,0.7899045602498436,0.5466533226349978,0.46496835283355087,media-alta
-1.204363714554142,-0.27659295765959346,-0.5690961190960501,-0.825057617441623,-0.4682997055363504,-1.5530699940857113,-0.30233977016657104,-0.5987716063358569,-1.001818606943923,0.3374098461633589,-1.4097763495317386,0.46496835283355087,media-baja
0.44168676569613513,0.7907034135864284,-1.0264644979142192,-0.919899273080996,0.5251925292850197,-1.0757097410527057,0.9583606487491052,0.0055797472648372705,-1.1519193290045064,-1.0200742960960971,-1.018490415098391,0.46496835283355087,media-alta
1.3195803551629504,-0.42906386783759676,0.985956368885725,-0.7776367896219364,1.6290727901976536,-1.3484870285001374,-2.004285335702734,1.2142824544662703,-0.026163913550132773,2.599883416595785,-1.018490415098391,-2.1506840065693225,media-alta
0.44168676569613513,-1.0389475085496094,1.2603773961766267,-0.161166027966012,-0.5234937185819821,2.470394995763907,0.7482439122631592,-0.6793517868159434,-1.5271711341559666,-1.2010721817306913,0.15536738820165014,0.46496835283355087,media-alta
-0.5459435224540315,-0.8864765983716062,-0.38614876756878225,1.3325900483541129,-0.6890757577188773,-0.12098923498669463,0.15991705010251028,0.23120425260910654,-0.7766675238530497,-0.6580785248269091,0.05754590459331366,0.46496835283355087,alta
0.11247666964607989,-1.3438893289056157,0.3456406385402881,-0.9673201009006824,-0.7994637838101408,-1.0757097410527057,-1.0377483478673821,-0.2361607941754225,1.8500951122071578,-1.1105732389133942,-0.5293829970567069,0.46496835283355087,media-baja
-0.10699672772062392,2.2391770602774583,-0.47762244333241616,-0.8487680313514662,0.02844641187433444,-0.39376652243412635,0.811278933208943,0.08615992774496858,1.099591501904241,0.7899045602498436,0.15536738820165014,0.46496835283355087,baja
-0.32647012508732776,2.3916479704554616,-2.215622282841459,-0.7539263757120932,2.1258189076083385,-1.3484870285001374,-1.6470868836766257,0.3681905594252716,1.925145473237451,0.3374098461633589,-0.040275579015022815,-2.1506840065693225,media-alta
-0.9848903171874382,-0.8864765983716062,1.626272099231162,-0.8724784452613094,0.8011625945131784,-0.9393210973289898,0.43306880753424015,-0.2764508844154658,0.048886447480160584,0.06591301771146751,-1.2141333823150657,0.46496835283355087,media-alta
-0.21673342640397533,-0.047886592392588925,0.2541669627766547,0.5027255615095991,0.46999851623938793,0.3563710180463109,1.0844306906406729,0.7710914618257493,1.8500951122071578,0.9709024458844379,0.6444748062433342,0.46496835283355087,alta
-0.10699672772062392,-0.5052993229265984,-0.2032014160415149,2.352137846477372,-0.1923296403081921,0.6291483054937427,1.0213956696948892,1.5366031763866614,0.048886447480160584,-0.5675795820096119,-1.1163118987067275,0.46496835283355087,media-baja
0.0027399709627274923,0.028348862696412718,0.2541669627766547,2.1861649491084694,-0.6338817446732457,1.0383142366648903,0.5801505230744024,0.24732028870514175,1.2496922239648243,-0.11508486792312675,2.0139755767600502,0.46496835283355087,alta
-1.6433105092875497,-0.9627120534606078,-0.47762244333241616,-0.919899273080996,-1.130627862083931,-1.2802927066382794,-0.9747133269215984,-1.5657337720969853,0.27403753057103397,-1.2915711245479884,0.4488318390266613,0.46496835283355087,alta
-0.10699672772062392,-0.5815347780156,-1.209411849441487,-0.9436096869908392,-0.24752365335382384,-1.4848756722238534,-1.268876758001923,-0.1555806136953359,1.2496922239648243,-0.38658169637501816,-0.333740029840034,0.46496835283355087,baja
0.5514234643794865,-0.20035750257059223,1.626272099231162,-0.6116638922530336,2.2914009467452336,-0.39376652243412635,-1.310900105299112,1.0934121837461404,0.7243396967527841,0.8804035030671407,-0.333740029840034,-2.1506840065693225,media-alta
-0.32647012508732776,-0.5052993229265984,0.6200616658311898,0.6686984588785018,-0.24752365335382384,-0.4619608442959843,0.6852088913173754,0.48906083014544627,0.8744404188133675,0.6994056174325465,-0.2359185462316975,0.46496835283355087,media-alta
-0.21673342640397533,-0.6577702331046015,0.2541669627766547,-0.6116638922530336,-1.0202398359926674,-0.4619608442959843,-0.029188012734841163,-1.68660404281716,-0.551516440762173,-1.2010721817306913,1.9161540931517136,0.46496835283355087,alta
-0.21673342640397533,-0.20035750257059223,-1.3923592009687547,0.3604630780505395,-0.9098518099014039,2.3340063520401912,1.8828742892872679,0.44877073990540295,-1.001818606943923,-1.1105732389133942,-1.4097763495317386,0.46496835283355087,media-alta
-0.10699672772062392,-1.1914184187276127,0.437114314303922,-0.6353743061628769,-1.1858218751295624,-0.18918355684855256,-0.5124565066525171,-1.2595290862726294,-0.7766675238530497,-1.2915711245479884,0.7422962898516707,0.46496835283355087,alta
-0.21673342640397533,-0.20035750257059223,-0.5690961190960501,1.640825429182075,-0.5786877316276139,-0.12098923498669463,0.2859870919940779,0.45682875795337585,-1.2269696900348,1.2423992743363292,-0.040275579015022815,0.46496835283355087,media-alta
-0.5459435224540315,-0.8102411432826048,0.7115353415948238,-0.7065055478924067,-0.5234937185819821,0.015399408737021234,-0.42840981205813866,-0.8767732289921735,0.048886447480160584,0.6089066746152493,0.4488318390266613,0.46496835283355087,alta
1.8682638485797094,2.2391770602774583,-0.11172774027788097,-0.5879534783431904,2.0706248945627066,-0.9393210973289898,-1.6050635363794366,1.2948626349464016,0.34908789160132403,-0.024585925105829624,-1.1163118987067275,-2.1506840065693225,baja
-0.7654169198207343,-0.5815347780156,-0.7520434706233177,-0.7776367896219364,-0.24752365335382384,-0.0527949131248367,0.2229520710482941,-1.4448635013768554,-0.7016171628227563,0.24691090334606178,0.9379392570683454,0.46496835283355087,alta
-0.655680221137383,-0.9627120534606078,-1.9412012555505576,-0.9436096869908392,-0.24752365335382384,-0.5301551661578422,-0.3233514438151656,-0.2764508844154658,0.5742389746922008,-0.5675795820096119,-0.43156151344837046,0.46496835283355087,media-baja
-0.21673342640397533,-0.7340056881936031,-0.020254064514247064,0.24191100850132327,-1.1858218751295624,0.6973426273556006,0.1809287237511049,-0.4537272814716742,-1.001818606943923,-0.2055838107404239,0.3510103554183248,0.46496835283355087,media-alta
0.8806335604295428,3.0777670662564756,-1.3008855252051206,-0.6353743061628769,2.5121769989277607,-0.7347381317434161,-1.7731569255681934,1.3754428154264882,1.3997929460254077,0.15641196052876463,-0.9206689314900546,-2.1506840065693225,media-baja
-0.7654169198207343,-0.7340056881936031,0.07121961124938686,0.4553047336899126,-1.241015888175194,-1.0757097410527057,-0.8276316113814361,-0.5584815160958135,-0.6265668017924663,0.3374098461633589,0.4488318390266613,0.46496835283355087,alta
0.11247666964607989,1.857999784832451,-0.47762244333241616,-0.7776367896219364,1.7946548293345488,-1.2120983847764215,-0.47043315935532787,0.5938150647695409,0.34908789160132403,0.06591301771146751,-0.5293829970567069,-2.1506840065693225,media-baja
-0.43620682377067915,-0.8102411432826048,0.985956368885725,0.9058025979769342,-0.08194161421692865,0.015399408737021234,0.5801505230744024,0.3681905594252716,-0.7016171628227563,2.0568897596920026,-0.5293829970567069,0.46496835283355087,alta
0.0027399709627274923,-0.8102411432826048,-0.11172774027788097,-0.919899273080996,-0.7442697707645091,0.9701199148030323,0.43306880753424015,-0.47790133561572695,-0.6265668017924663,-1.6535668958171765,-0.5293829970567069,0.46496835283355087,media-alta
-0.7654169198207343,-1.2676538738166143,0.8030090173584576,-0.8961888591711527,-0.4682997055363504,-0.5301551661578422,-0.7435849167870577,-1.8799964759693588,-0.7766675238530497,-0.4770806391923148,1.720511125935039,0.46496835283355087,alta
1.1001069577962457,-0.5052993229265984,0.6200616658311898,-0.350849339244758,0.02844641187433444,-0.8711267754671319,0.13890537645391568,-0.6390616965759002,-0.026163913550132773,-1.2010721817306913,1.0357607406766818,0.46496835283355087,media-alta
-0.32647012508732776,1.2481161441204378,-0.5690961190960501,-0.7776367896219364,1.4082967380151268,-0.12098923498669463,-1.2898884316505175,0.3681905594252716,0.9494907798436576,0.7899045602498436,-0.040275579015022815,-2.1506840065693225,media-baja
0.7708968617461903,0.028348862696412718,0.16269328701302077,1.2140379788048967,-1.075433849038299,1.1065085585267482,1.5046641636125648,1.0208900213140715,-1.0768689679742165,0.6089066746152493,-0.822847447881718,0.46496835283355087,media-alta
0.11247666964607989,0.6382325034084255,0.6200616658311898,-0.7302159618022499,-1.130627862083931,0.6291483054937427,-0.2813280965179764,-1.4650085464968772,0.42413825263161736,-0.4770806391923148,2.1117970603683864,0.46496835283355087,media-alta
2.9656308354132275,2.6203543357224666,0.7115353415948238,-0.49311182270381737,1.7946548293345488,-0.6665438098815581,-1.3319117789477066,1.818633808067009,1.1746418629345343,1.7853929312401111,1.0357607406766818,-2.1506840065693225,alta
0.7708968617461903,-0.27659295765959346,-0.020254064514247064,-0.7539263757120932,-0.24752365335382384,-0.18918355684855256,1.7988275946928893,-0.018594306879170814,0.12393680851045061,1.1519003315190322,-0.6272044806650434,0.46496835283355087,media-baja
-1.204363714554142,-0.8864765983716062,0.07121961124938686,-0.540532650523504,-1.075433849038299,-0.32557220057226843,-0.09222303368062497,-1.2272970140806039,1.2496922239648243,1.5138961027882205,0.7422962898516707,0.46496835283355087,alta
0.0027399709627274923,0.028348862696412718,-0.11172774027788097,1.0954859092556803,-0.5234937185819821,2.1976177083164754,1.4626408163153757,0.8194395701138102,-0.7016171628227563,-0.2055838107404239,-0.2359185462316975,0.46496835283355087,media-alta
-0.43620682377067915,-0.5052993229265984,-0.47762244333241616,1.949060810010037,0.5251925292850197,1.311091524112322,0.70622056496597,1.3915588515224786,1.3247425849951178,-0.4770806391923148,-0.5293829970567069,0.46496835283355087,media-alta
-0.7654169198207343,0.7907034135864284,-2.0326749313141916,-0.7065055478924067,0.19402845101122965,0.21998237432259504,-1.2268534107047335,1.1498183100822188,1.474843307055701,1.5138961027882205,-0.040275579015022815,-2.1506840065693225,media-alta
0.7708968617461903,0.180819772874416,0.3456406385402881,-0.825057617441623,-0.4682997055363504,-1.5530699940857113,0.9373489751005106,-1.4448635013768554,-0.7766675238530497,-0.9295753532788005,1.6226896423267025,0.46496835283355087,media-alta
-0.10699672772062392,-0.8102411432826048,0.985956368885725,0.004806869402890774,-0.7442697707645091,0.3563710180463109,0.012835334562348047,-0.4738723265916958,-0.551516440762173,0.06591301771146751,0.4488318390266613,0.46496835283355087,media-alta
-0.21673342640397533,-0.5052993229265984,0.3456406385402881,0.9295130118867774,-0.9098518099014039,0.7655369492174585,0.5801505230744024,0.12645001798501188,-0.026163913550132773,-1.3820700673652857,1.0357607406766818,0.46496835283355087,media-alta
-0.10699672772062392,-0.7340056881936031,-0.2946750918051483,-0.8961888591711527,-0.7442697707645091,-0.12098923498669463,-0.1552580546264088,-0.6793517868159434,-0.7766675238530497,0.3374098461633589,0.05754590459331366,0.46496835283355087,media-alta
0.5514234643794865,-0.7340056881936031,0.2541669627766547,1.0480650814359935,-0.8546577968557721,-0.32557220057226843,0.43306880753424015,0.8516716423058807,-1.001818606943923,-0.2055838107404239,-0.6272044806650434,0.46496835283355087,media-alta
0.7708968617461903,2.1629416051884567,-0.47762244333241616,-0.7776367896219364,1.6290727901976536,0.015399408737021234,0.1809287237511049,0.7388593896337237,-0.026163913550132773,0.06591301771146751,-0.5293829970567069,-2.1506840065693225,media-baja
1.3195803551629504,-0.42906386783759676,0.528587990067556,-0.919899273080996,1.4082967380151268,-1.5530699940857113,-2.0883320302971122,1.2142824544662703,0.34908789160132403,1.6948939884228138,-0.822847447881718,-2.1506840065693225,media-alta
-0.32647012508732776,0.180819772874416,0.437114314303922,0.8583817701572479,-1.1858218751295624,0.9019255929411744,0.11789370280532106,-0.4859593536637446,0.4991886136619074,-1.4725690101825828,1.475957416914197,0.46496835283355087,alta
-1.0946270158707905,-0.3528284127485951,0.07121961124938686,-0.9910305148105255,-0.9098518099014039,-0.4619608442959843,-0.2603164228693818,-1.847764403777333,1.099591501904241,-1.0200742960960971,2.0139755767600502,0.46496835283355087,media-alta
-1.0946270158707905,0.25705522796341723,-0.6605697948596839,-0.7065055478924067,-0.9098518099014039,-0.39376652243412635,0.2229520710482941,-1.5254436818569421,0.9494907798436576,0.6994056174325465,1.524868158718366,0.46496835283355087,alta
-0.10699672772062392,-0.27659295765959346,0.07121961124938686,-0.8487680313514662,-0.6890757577188773,-0.2573778787104105,0.11789370280532106,-0.25630583929544415,-0.1012142745804228,0.9709024458844379,-0.2359185462316975,0.46496835283355087,media-alta
0.5514234643794865,0.86693886867543,-0.020254064514247064,-0.7539263757120932,1.0219386466957052,-1.2120983847764215,-1.0167366742187876,0.5696410106255329,0.34908789160132403,0.24691090334606178,-0.5293829970567069,-2.1506840065693225,media-alta
1.209843656479597,-1.0389475085496094,-0.2946750918051483,0.7635401145178748,-0.8546577968557721,0.6973426273556006,0.3700337865884563,0.32790046918522836,-1.30202005106509,-1.2915711245479884,-0.333740029840034,0.46496835283355087,alta
0.0027399709627274923,-0.8102411432826048,-0.38614876756878225,0.7872505284277179,0.30441647710249314,-0.32557220057226843,-0.2393047492207872,0.48906083014544627,-1.9774733003377134,0.06591301771146751,-0.9206689314900546,0.46496835283355087,media-baja
0.7708968617461903,-1.1914184187276127,0.894482693122091,-0.8487680313514662,-1.3514039142664576,-0.12098923498669463,0.3700337865884563,-1.3642833208967688,-1.4521207731256733,2.418885530961191,2.0139755767600502,0.46496835283355087,media-alta
0.5514234643794865,2.506001153088964,-2.5815169858959943,-0.8013472035317797,1.9602368684714433,-1.1439040629145636,-1.3739351262448958,1.0128320032660538,1.1746418629345343,-0.4770806391923148,-0.1380970626233593,-2.1506840065693225,media-baja
-0.32647012508732776,-0.3528284127485951,-0.2032014160415149,-0.161166027966012,-0.24752365335382384,-1.6894586378094272,-0.722573243138463,0.07810190969695098,0.9494907798436576,-0.296082753557721,0.15536738820165014,0.46496835283355087,baja
-0.32647012508732776,0.25705522796341723,1.1689037204129928,0.28933183632100984,0.30441647710249314,0.015399408737021234,0.811278933208943,0.32790046918522836,-0.551516440762173,-0.6580785248269091,-0.9206689314900546,0.46496835283355087,media-baja
0.44168676569613513,2.544118880633465,-1.209411849441487,0.40788390587022605,2.0706248945627066,-0.2573778787104105,-0.5965032012468955,1.9193590336671174,1.2496922239648243,2.3283865881438937,-1.018490415098391,-2.1506840065693225,media-baja
-0.10699672772062392,-0.3528284127485951,0.07121961124938686,0.3604630780505395,-0.1923296403081921,1.1065085585267482,1.4836524899639703,-0.2361607941754225,0.12393680851045061,-1.1105732389133942,0.9379392570683454,0.46496835283355087,media-alta
-0.8751536185040868,-0.42906386783759676,0.985956368885725,0.43159431978006924,-0.3027176663994556,2.1294233864546173,1.819839268341484,0.4245966857613501,-0.1012142745804228,0.15641196052876463,-0.9206689314900546,0.46496835283355087,media-alta
0.44168676569613513,-0.7340056881936031,0.07121961124938686,-0.6827951339825634,-0.3027176663994556,-0.12098923498669463,-0.47043315935532787,-1.2232680050566174,-1.001818606943923,0.7899045602498436,0.8401177734600089,0.46496835283355087,alta
0.44168676569613513,0.7907034135864284,-0.020254064514247064,-0.8724784452613094,1.6290727901976536,-1.0757097410527057,-1.6891102309738149,1.3754428154264882,0.7243396967527841,1.1519003315190322,-1.4097763495317386,-2.1506840065693225,media-baja
1.8682638485797094,-0.12412204748159057,0.6200616658311898,-0.7065055478924067,0.5251925292850197,-0.802932453605274,-1.0587600215159767,0.4205676767373637,1.3247425849951178,1.8758918740574082,1.329225191501693,-2.1506840065693225,media-alta
0.0027399709627274923,-0.8864765983716062,-0.38614876756878225,1.0243546675261506,-0.7442697707645091,-0.802932453605274,-0.3653747911123548,0.02169578336087248,-1.30202005106509,-1.2915711245479884,0.05754590459331366,0.46496835283355087,alta
-0.8751536185040868,-0.8102411432826048,-0.2032014160415149,1.5222733596328586,-0.13713562726256037,1.242897202250464,0.5171155021286186,0.17479812627307278,0.048886447480160584,-1.2010721817306913,0.3510103554183248,0.46496835283355087,media-baja
-0.32647012508732776,-0.8864765983716062,0.6200616658311898,-0.13745561405616863,-0.5786877316276139,-0.2573778787104105,-0.40739813840954403,-0.1555806136953359,1.1746418629345343,0.6089066746152493,0.2531888718099866,0.46496835283355087,media-alta
-0.655680221137383,1.095645233942435,-0.6605697948596839,1.4748525318131722,0.02844641187433444,1.7202574552834695,1.0213956696948892,0.6018730828175585,-1.001818606943923,0.42790878898065604,-0.6272044806650434,0.46496835283355087,media-alta
-0.9848903171874382,-0.9627120534606078,-0.2032014160415149,-0.23229726969554174,-0.3027176663994556,0.1517880524607371,0.07587035550813186,0.8839037144979063,-0.2513149966410062,-0.8390764104615033,-1.1163118987067275,0.46496835283355087,media-alta
-0.43620682377067915,-0.27659295765959346,-0.2946750918051483,-0.18487644187585517,0.02844641187433444,-1.1439040629145636,-0.6385265485440846,-0.8646862019201694,1.099591501904241,0.6089066746152493,1.4270466751100295,0.46496835283355087,media-alta
-0.655680221137383,-1.3438893289056157,0.07121961124938686,-0.6116638922530336,-0.7442697707645091,-0.8711267754671319,-0.7015615694898685,-0.8002220575361181,1.3997929460254077,2.0568897596920026,1.0357607406766818,0.46496835283355087,alta
-0.5459435224540315,-1.1914184187276127,-0.5690961190960501,1.0717754953458372,-0.08194161421692865,1.9589375817999723,0.3069987656426725,0.24732028870514175,-0.40141571870158954,-1.2010721817306913,-0.43156151344837046,0.46496835283355087,media-alta
0.11247666964607989,0.86693886867543,-0.6605697948596839,0.3367526641406964,0.4148045031937566,0.6291483054937427,0.8533022805061322,0.24732028870514175,-0.1012142745804228,-0.9295753532788005,-0.5293829970567069,0.46496835283355087,media-baja
-0.10699672772062392,-0.7340056881936031,-0.47762244333241616,-0.5879534783431904,-0.7994637838101408,0.9019255929411744,0.2019403973996995,-1.452921519424873,0.9494907798436576,-0.9295753532788005,1.524868158718366,0.46496835283355087,alta
0.2222133683294313,-0.5815347780156,0.2541669627766547,0.5264359754194423,-0.13713562726256037,-0.12098923498669463,0.6221738703715916,0.730801371585706,-0.8517178848833398,0.24691090334606178,-1.4097763495317386,0.46496835283355087,media-baja
-0.7654169198207343,-0.8864765983716062,0.07121961124938686,-0.5168222366136607,-0.5234937185819821,-0.8711267754671319,0.07587035550813186,-1.2031229599365958,1.6249440291162844,-0.8390764104615033,1.524868158718366,0.46496835283355087,media-alta
0.44168676569613513,2.3916479704554616,-1.75825390402329,-0.042613958416795765,3.3400871946122357,1.311091524112322,-0.2603164228693818,1.5768932666267046,0.34908789160132403,2.3283865881438937,-1.018490415098391,-2.1506840065693225,media-baja
-0.32647012508732776,-0.42906386783759676,0.2541669627766547,2.0439024656494107,-0.9098518099014039,0.5609539836318848,0.2439637446968887,0.20703019846509846,0.8744404188133675,0.15641196052876463,1.524868158718366,0.46496835283355087,media-alta
-0.43620682377067915,-0.047886592392588925,-0.020254064514247064,1.0954859092556803,-0.5786877316276139,-1.4166813503619953,1.1054423642892675,0.3681905594252716,1.8500951122071578,0.3374098461633589,0.9379392570683454,0.46496835283355087,baja
0.11247666964607989,-0.6577702331046015,0.7115353415948238,2.11503370737894,0.4148045031937566,1.242897202250464,1.4626408163153757,1.4157329056665315,-1.75232221724684,-0.296082753557721,-1.4097763495317386,0.46496835283355087,alta
-0.655680221137383,-1.0389475085496094,0.894482693122091,2.11503370737894,-0.6338817446732457,1.1065085585267482,0.13890537645391568,0.9644838949779929,0.4991886136619074,1.8758918740574082,-0.1380970626233593,0.46496835283355087,alta
-1.204363714554142,-0.8102411432826048,-0.6605697948596839,1.6171150152722318,-0.026747601171296913,1.6520631334216116,0.8743139541547268,1.053122093506097,0.9494907798436576,-1.1105732389133942,-1.018490415098391,0.46496835283355087,media-baja
0.11247666964607989,2.277294787821959,-1.9412012555505576,-0.919899273080996,0.9667446336500736,-0.39376652243412635,0.6641972176687808,0.24329127968115533,-0.1012142745804228,-0.296082753557721,-0.7250259642733816,0.46496835283355087,baja
-0.32647012508732776,-0.42906386783759676,0.16269328701302077,-0.8961888591711527,-0.1923296403081921,0.9019255929411744,0.9373489751005106,-0.6390616965759002,-0.7016171628227563,-0.6580785248269091,0.05754590459331366,0.46496835283355087,media-alta
-0.8751536185040868,-0.3528284127485951,-0.5690961190960501,0.12335893895210702,-0.6890757577188773,1.4474801678360378,0.6852088913173754,0.24732028870514175,0.4991886136619074,-1.2010721817306913,-1.018490415098391,0.46496835283355087,media-alta
-0.32647012508732776,0.7144679584974267,-0.11172774027788097,0.8346713562474047,-0.3027176663994556,-0.18918355684855256,0.1809287237511049,0.3681905594252716,-0.7016171628227563,0.6994056174325465,-0.5293829970567069,0.46496835283355087,media-baja
-0.10699672772062392,-0.8102411432826048,-0.020254064514247064,0.17077976677179357,-0.24752365335382384,-0.12098923498669463,-0.30233977016657104,-0.1958707039353792,0.34908789160132403,-0.11508486792312675,0.3510103554183248,0.46496835283355087,media-alta
-0.5459435224540315,0.180819772874416,-0.6605697948596839,-0.46940140879397424,-0.9098518099014039,-0.12098923498669463,-0.49144483300392244,-1.6422849435530855,-0.8517178848833398,-1.0200742960960971,1.8183326095433772,0.46496835283355087,alta
-0.655680221137383,0.86693886867543,-1.209411849441487,1.866074361325586,-1.0202398359926674,-0.39376652243412635,0.1809287237511049,0.5092058752654679,0.12393680851045061,-0.024585925105829624,0.2531888718099866,0.46496835283355087,media-baja
-0.32647012508732776,-0.8864765983716062,-0.5690961190960501,0.2182005945914801,0.08364042491996618,-0.5983494880197001,-0.34436311746376025,-0.35703106489555236,-0.926768245913633,0.24691090334606178,0.3510103554183248,0.46496835283355087,media-baja
-0.21673342640397533,1.2481161441204378,0.437114314303922,-0.4219805809742877,-1.130627862083931,0.015399408737021234,0.26497541834548327,-1.6060238623370733,-0.551516440762173,-1.2010721817306913,1.720511125935039,0.46496835283355087,alta
1.3195803551629504,-0.27659295765959346,0.8030090173584576,0.597567217148972,-0.5234937185819821,0.4927596617700268,1.5046641636125648,1.2948626349464016,0.9494907798436576,-0.024585925105829624,-0.822847447881718,0.46496835283355087,media-alta
0.8806335604295428,-1.1914184187276127,-0.11172774027788097,-0.11374520014632547,-0.7442697707645091,0.42456533990816886,1.0213956696948892,0.9322518227859672,1.925145473237451,-0.6580785248269091,-1.4097763495317386,0.46496835283355087,baja
0.661160163062839,-1.0389475085496094,0.3456406385402881,0.12335893895210702,0.24922246405686138,-0.39376652243412635,0.4540804811828347,0.5535249745294977,0.19898716954074397,0.24691090334606178,-0.2359185462316975,0.46496835283355087,media-alta
-0.21673342640397533,-0.9627120534606078,0.7115353415948238,0.6449880449686586,-1.241015888175194,-0.5983494880197001,-0.8066199377328415,-0.1555806136953359,-0.7766675238530497,1.3328982171536263,0.3510103554183248,0.46496835283355087,media-alta
0.2222133683294313,1.4768225093874428,-1.209411849441487,-0.7539263757120932,1.077132659741337,-1.2802927066382794,-1.9832736620541394,1.3270947071384274,2.300397278388908,1.9663908168747053,-0.9206689314900546,-2.1506840065693225,media-alta
-0.5459435224540315,0.180819772874416,-0.38614876756878225,0.2182005945914801,0.46999851623938793,-0.5301551661578422,0.2859870919940779,0.5293509203854896,0.6492893357224908,-0.2055838107404239,-0.333740029840034,0.46496835283355087,media-alta
-0.32647012508732776,-0.42906386783759676,1.1689037204129928,0.6924088727883448,-0.24752365335382384,1.4474801678360378,1.2735357534780243,0.5857570467215233,-0.1012142745804228,-0.024585925105829624,-1.018490415098391,0.46496835283355087,media-baja
-0.10699672772062392,2.8490607009894706,-2.215622282841459,-0.6590847200727202,2.2362069336996018,-1.0757097410527057,-2.1303553775943014,0.5374089384335071,1.2496922239648243,0.7899045602498436,0.8401177734600089,-2.1506840065693225,media-alta
-1.6433105092875497,-0.6958879606491023,-0.6605697948596839,1.0717754953458372,0.19402845101122965,1.9248404208690433,0.3700337865884563,0.4286256947853366,-0.32636535767129954,-1.1105732389133942,-0.2359185462316975,0.46496835283355087,media-alta
-0.32647012508732776,-0.3528284127485951,0.985956368885725,0.4790151475997558,0.19402845101122965,1.8566460990071854,1.6307342055041325,0.47294479404941103,-0.7016171628227563,-0.2055838107404239,-1.018490415098391,0.46496835283355087,media-alta
2.0877372459464123,1.7055288746544477,1.626272099231162,-0.5642430644333472,2.401788972836497,0.6973426273556006,-0.2603164228693818,1.5366031763866614,-1.001818606943923,0.8804035030671407,-1.2141333823150657,-2.1506840065693225,media-baja
0.3319500670127837,-0.12412204748159057,-0.11172774027788097,-0.01890354450695239,0.1388344379655979,0.9701199148030323,0.8533022805061322,-0.11529052345529262,-0.7016171628227563,-0.5675795820096119,-0.1380970626233593,0.46496835283355087,media-alta
-0.32647012508732776,-0.5815347780156,0.3456406385402881,0.26562142241116665,-0.13713562726256037,0.9019255929411744,1.0424073433434837,0.0055797472648372705,0.5742389746922008,0.3374098461633589,0.05754590459331366,0.46496835283355087,alta
1.209843656479597,0.4095261381414205,2.9983772356856697,2.0439024656494107,-0.41310569249071905,-0.5983494880197001,1.0213956696948892,1.7501406546589267,-1.6772718562165467,2.599883416595785,-1.1163118987067275,0.46496835283355087,media-baja
-0.9848903171874382,-0.8102411432826048,-0.47762244333241616,1.8542191543706643,-0.026747601171296913,1.9248404208690433,0.5801505230744024,1.3432107432344624,0.7243396967527841,-0.4770806391923148,-1.4097763495317386,0.46496835283355087,media-baja
1.3195803551629504,0.6382325034084255,0.6200616658311898,-0.9910305148105255,-0.6890757577188773,-1.0757097410527057,-0.995725000570193,-0.39732115513564037,-1.3770704120953832,-0.7485774676442062,-1.2141333823150657,0.46496835283355087,media-baja
0.5514234643794865,0.7144679584974267,-1.5753065524960221,-0.540532650523504,2.015430881517075,-0.6665438098815581,-1.6680985573252203,0.8113815520657925,0.7993900577830741,0.5184077317979522,0.05754590459331366,-2.1506840065693225,media-alta
0.11247666964607989,-0.8102411432826048,0.437114314303922,2.4706899160265885,-0.3027176663994556,2.5385893176257652,1.2735357534780243,1.9475620968351566,0.27403753057103397,2.237887645326597,-1.018490415098391,0.46496835283355087,media-baja
-0.5459435224540315,-0.8102411432826048,-0.020254064514247064,1.451142117903329,-0.6338817446732457,1.0383142366648903,0.8953256278033214,1.4358779507865531,1.474843307055701,-0.6580785248269091,-0.6272044806650434,0.46496835283355087,alta
0.44168676569613513,-1.3438893289056157,0.2541669627766547,-0.9436096869908392,0.24922246405686138,1.311091524112322,0.6431855440201861,0.04586983750492529,0.5742389746922008,2.599883416595785,-0.822847447881718,0.46496835283355087,media-alta
-0.43620682377067915,-0.42906386783759676,-0.2032014160415149,0.43159431978006924,-0.7994637838101408,-0.18918355684855256,-0.47043315935532787,0.38430659552130686,-1.001818606943923,-1.3820700673652857,-1.1163118987067275,0.46496835283355087,media-alta
0.8806335604295428,-0.8102411432826048,0.7115353415948238,-0.7776367896219364,0.35961049014812485,-0.6665438098815581,0.3280104392912671,-1.058078635072413,-1.2269696900348,0.06591301771146751,0.4488318390266613,0.46496835283355087,media-baja
-0.9848903171874382,0.10458431778541437,-1.5753065524960221,-0.11374520014632547,0.08364042491996618,-0.2573778787104105,0.11789370280532106,0.14659506310503354,-0.026163913550132773,-0.296082753557721,-1.018490415098391,0.46496835283355087,media-baja
-1.0946270158707905,-0.5815347780156,-0.38614876756878225,1.0717754953458372,0.6355805553762831,0.1517880524607371,0.6221738703715916,0.8919617325459239,0.7243396967527841,-0.38658169637501816,-0.9206689314900546,0.46496835283355087,media-alta
-1.5335738106041972,-0.5815347780156,1.4433247477038942,0.24191100850132327,1.0219386466957052,0.28817669618445296,1.2525240798294297,-0.19184169491139275,-0.7766675238530497,-0.4770806391923148,-0.6924188033966744,0.46496835283355087,media-baja
0.3319500670127837,-0.9627120534606078,1.626272099231162,0.953223425796621,-1.130627862083931,-0.32557220057226843,0.2019403973996995,-0.1555806136953359,-1.6772718562165467,-1.7440658386344736,0.5466533226349978,0.46496835283355087,alta
-0.5459435224540315,0.028348862696412718,0.16269328701302077,-0.6590847200727202,0.08364042491996618,0.6291483054937427,1.8408509419900787,-0.49401737171171745,-0.47646607973188293,0.7899045602498436,-0.43156151344837046,0.46496835283355087,media-baja
0.3319500670127837,-0.5052993229265984,-0.2946750918051483,0.4671599406448342,-1.241015888175194,-1.1439040629145636,-0.9326899796244091,-0.8082800755840909,-2.052523661368007,-1.2915711245479884,1.0357607406766818,0.46496835283355087,alta
-1.5335738106041972,0.14270204532991518,0.2541669627766547,-1.014740928720369,-0.5786877316276139,-1.2120983847764215,1.0844306906406729,-0.9613824184962912,0.42413825263161736,1.3328982171536263,-0.43156151344837046,0.46496835283355087,media-baja
-0.5459435224540315,-0.42906386783759676,-0.2032014160415149,-0.919899273080996,-0.6338817446732457,-1.2120983847764215,-1.1638183897589498,-1.1628328696965078,-1.2269696900348,-0.2055838107404239,0.4488318390266613,0.46496835283355087,media-alta
0.11247666964607989,-0.8864765983716062,2.723956208394768,2.589241985575805,-0.41310569249071905,-1.1439040629145636,-0.40739813840954403,1.7380536275869225,-1.1519193290045064,-1.3820700673652857,-1.2141333823150657,0.46496835283355087,media-alta
-0.9848903171874382,-0.27659295765959346,1.2603773961766267,0.5264359754194423,-0.3027176663994556,1.0383142366648903,1.6937692264499165,0.5414379474574936,0.34908789160132403,-0.4770806391923148,-1.2141333823150657,0.46496835283355087,media-alta
-1.6433105092875497,0.180819772874416,-0.11172774027788097,0.3841734919603829,-0.6890757577188773,-0.5301551661578422,-0.7015615694898685,-0.6954678229119786,0.27403753057103397,-0.2055838107404239,0.6444748062433342,0.46496835283355087,media-alta
0.5514234643794865,0.4857615932304222,-0.2946750918051483,-0.2560076836053849,-1.1858218751295624,-1.6212643159475693,-0.2182930755721926,-1.5254436818569421,-1.6022214951862566,-0.9295753532788005,2.1117970603683864,0.46496835283355087,media-alta
0.11247666964607989,-0.5815347780156,-0.38614876756878225,1.451142117903329,-0.9098518099014039,0.6291483054937427,1.0844306906406729,1.347239752258449,-0.1012142745804228,-0.6580785248269091,-1.4097763495317386,0.46496835283355087,media-baja
-1.204363714554142,0.3332906830524189,0.7115353415948238,-0.49311182270381737,-1.296209901220826,-0.7347381317434161,0.05485868185953725,-1.3642833208967688,1.2496922239648243,-1.1105732389133942,0.8401177734600089,0.46496835283355087,alta
0.5514234643794865,0.028348862696412718,0.437114314303922,-0.8724784452613094,-0.5786877316276139,0.08359373059887917,0.6852088913173754,-0.5584815160958135,0.12393680851045061,0.06591301771146751,0.8401177734600089,0.46496835283355087,media-alta
-0.32647012508732776,-0.27659295765959346,-0.2032014160415149,1.5696941874525454,0.08364042491996618,1.37928584597418,0.5591388494258077,0.4245966857613501,-1.4521207731256733,0.6089066746152493,-0.040275579015022815,0.46496835283355087,media-alta
-1.204363714554142,-0.9627120534606078,-0.47762244333241616,-0.919899273080996,-0.6338817446732457,-0.0527949131248367,-0.38638646476094946,-1.7752422413452642,0.7993900577830741,-0.9295753532788005,1.9161540931517136,0.46496835283355087,media-alta
-0.5459435224540315,-0.7340056881936031,1.9921668022856975,2.3284274325675294,0.08364042491996618,-0.5983494880197001,0.2859870919940779,1.6977635373468791,-2.052523661368007,-1.4725690101825828,-1.018490415098391,0.46496835283355087,media-baja
-0.21673342640397533,-0.7340056881936031,0.07121961124938686,0.12335893895210702,-0.5234937185819821,-0.7347381317434161,-0.07121136003203037,-0.5745975521918488,-0.32636535767129954,0.3374098461633589,0.7422962898516707,0.46496835283355087,media-alta
0.44168676569613513,-0.27659295765959346,0.16269328701302077,0.5738568032391288,-0.13713562726256037,0.7655369492174585,1.2105007325322406,1.2142824544662703,1.1746418629345343,0.6994056174325465,-0.333740029840034,0.46496835283355087,media-alta
-0.21673342640397533,-1.2676538738166143,-0.2946750918051483,-0.20858685578569836,-1.1858218751295624,-1.1439040629145636,-0.3233514438151656,-0.36911809196760115,0.19898716954074397,-0.4770806391923148,-0.040275579015022815,0.46496835283355087,alta
-0.655680221137383,-1.0389475085496094,0.16269328701302077,-0.919899273080996,-1.1858218751295624,0.28817669618445296,0.3280104392912671,-1.3078771945606904,1.099591501904241,0.7899045602498436,1.0357607406766818,0.46496835283355087,alta
0.7708968617461903,0.028348862696412718,0.16269328701302077,1.2140379788048967,-1.075433849038299,1.1065085585267482,1.5046641636125648,1.0208900213140715,-1.0768689679742165,0.6089066746152493,-0.822847447881718,0.46496835283355087,media-alta
-0.21673342640397533,0.9431743237644317,0.985956368885725,0.7635401145178748,-0.13713562726256037,-1.4166813503619953,0.5171155021286186,1.2142824544662703,0.7993900577830741,-0.4770806391923148,-0.9206689314900546,0.46496835283355087,media-alta
0.0027399709627274923,-0.42906386783759676,0.07121961124938686,2.174309742153548,1.2979087119238633,-0.12098923498669463,-0.3233514438151656,1.4560229959065747,-1.9024229393074235,-0.8390764104615033,-1.2141333823150657,0.46496835283355087,media-alta
-0.32647012508732776,-0.12412204748159057,0.16269328701302077,1.7830879126411348,-0.5234937185819821,1.9930347427309014,0.9583606487491052,0.8879327235218928,-0.8517178848833398,0.42790878898065604,-0.6272044806650434,0.46496835283355087,media-baja
-0.21673342640397533,-0.7340056881936031,1.077430044649359,0.26562142241116665,-0.4682997055363504,0.21998237432259504,-0.1552580546264088,-0.5866845792638529,-1.2269696900348,-0.024585925105829624,0.3510103554183248,0.46496835283355087,media-alta
0.11247666964607989,2.8871784285339714,-1.666780228259656,-0.7776367896219364,1.4082967380151268,-1.2802927066382794,-2.151367051242896,0.43265470380936777,0.5742389746922008,0.24691090334606178,-0.333740029840034,-2.1506840065693225,media-baja
-0.21673342640397533,-0.5815347780156,0.16269328701302077,-0.8487680313514662,-0.8546577968557721,1.1065085585267482,0.2859870919940779,-1.7671842232972466,0.34908789160132403,-1.0200742960960971,2.1117970603683864,0.46496835283355087,alta
1.6487904512130047,0.180819772874416,0.437114314303922,-0.919899273080996,-0.3027176663994556,-1.3484870285001374,-0.07121136003203037,0.47294479404941103,-0.32636535767129954,-0.38658169637501816,-1.018490415098391,0.46496835283355087,baja
0.2222133683294313,2.048588422554954,-1.209411849441487,-0.6827951339825634,1.51868476410639,-1.0757097410527057,-1.310900105299112,0.8033235340178198,0.7243396967527841,0.24691090334606178,-0.6272044806650434,-2.1506840065693225,media-baja
-0.5459435224540315,-1.115182963638611,0.437114314303922,-0.8013472035317797,-0.7994637838101408,0.4927596617700268,-0.2603164228693818,-1.5415597179529772,-1.2269696900348,0.24691090334606178,0.9379392570683454,0.46496835283355087,media-alta
1.1001069577962457,-0.8864765983716062,0.8030090173584576,-0.7776367896219364,-0.7442697707645091,-0.802932453605274,-0.7435849167870577,-0.921092328256248,-0.7016171628227563,0.24691090334606178,0.7422962898516707,0.46496835283355087,media-alta
0.5514234643794865,-1.115182963638611,-0.38614876756878225,-0.161166027966012,-0.026747601171296913,-0.5301551661578422,-0.5124565066525171,-0.0669424151672317,-1.001818606943923,-0.38658169637501816,-0.9206689314900546,0.46496835283355087,media-alta
-0.8751536185040868,-0.08600431993708975,-0.8435171463869515,2.5418211577561185,0.5803865423306515,-0.32557220057226843,0.39104546023705095,1.5527192124826965,-1.001818606943923,-0.11508486792312675,-1.3119548659234022,0.46496835283355087,media-baja
1.8682638485797094,-1.115182963638611,0.6200616658311898,-0.825057617441623,-0.5786877316276139,0.5609539836318848,0.5381271757772131,-0.07500043321524931,-0.40141571870158954,1.4233971599709234,-0.2359185462316975,0.46496835283355087,media-alta
-1.5335738106041972,-0.5052993229265984,-0.9349908221505855,-0.8961888591711527,-0.35791167944508734,-0.6665438098815581,-0.30233977016657104,-1.1950649418885781,0.6492893357224908,0.6994056174325465,0.5466533226349978,0.46496835283355087,media-alta
1.8682638485797094,2.086706150099455,-1.209411849441487,-0.5642430644333472,2.1258189076083385,-1.2802927066382794,-1.0167366742187876,1.2062244364182975,-0.551516440762173,0.24691090334606178,-1.018490415098391,-2.1506840065693225,media-baja
0.7708968617461903,-0.42906386783759676,1.626272099231162,-0.5168222366136607,-0.3027176663994556,-0.6665438098815581,-0.1342463809778142,-0.5181914258557703,-0.40141571870158954,-1.4725690101825828,-0.1380970626233593,0.46496835283355087,media-baja
-0.7654169198207343,-0.12412204748159057,-0.38614876756878225,-0.20858685578569836,0.24922246405686138,-0.9393210973289898,0.26497541834548327,-0.7599319672960301,0.12393680851045061,-0.6580785248269091,1.720511125935039,0.46496835283355087,media-alta
1.209843656479597,-0.27659295765959346,0.985956368885725,-0.825057617441623,-1.075433849038299,-0.0527949131248367,-0.6175148748954901,-1.082252689216421,-0.926768245913633,-1.1105732389133942,0.9379392570683454,0.46496835283355087,media-baja
0.3319500670127837,0.180819772874416,-0.2946750918051483,1.6171150152722318,-0.08194161421692865,0.015399408737021234,0.5591388494258077,0.9604548859540064,0.048886447480160584,-0.2055838107404239,-0.1380970626233593,0.46496835283355087,media-baja
-0.9848903171874382,-0.8102411432826048,-0.6605697948596839,-0.9673201009006824,0.02844641187433444,0.015399408737021234,-0.5754915275983009,-1.622139898433064,0.19898716954074397,0.5184077317979522,0.8401177734600089,0.46496835283355087,media-alta
-0.7654169198207343,-1.1914184187276127,-0.2946750918051483,-0.7302159618022499,-0.4682997055363504,0.1517880524607371,-0.6175148748954901,-1.2031229599365958,0.7243396967527841,-0.7485774676442062,0.6444748062433342,0.46496835283355087,media-alta
-1.753047207970901,0.028348862696412718,1.2603773961766267,-0.0900347862364821,-1.241015888175194,-0.39376652243412635,1.441629142666781,-0.8808022380162046,2.2253469173586145,-0.2055838107404239,1.0357607406766818,0.46496835283355087,alta
0.5514234643794865,-0.8102411432826048,2.632482532631134,-0.7539263757120932,-0.24752365335382384,1.1065085585267482,0.8953256278033214,-0.3167409746555091,-1.2269696900348,0.24691090334606178,-0.333740029840034,0.46496835283355087,alta
0.3319500670127837,-0.5052993229265984,0.528587990067556,1.949060810010037,0.5251925292850197,1.4474801678360378,1.4626408163153757,1.2545725447063583,-1.6022214951862566,-0.6580785248269091,-1.3119548659234022,0.46496835283355087,media-baja
1.3195803551629504,-0.9627120534606078,1.626272099231162,-0.9673201009006824,0.02844641187433444,-1.3484870285001374,0.3069987656426725,-1.0419625989763779,-1.1519193290045064,-0.4770806391923148,0.5466533226349978,0.46496835283355087,media-alta
-1.204363714554142,-0.7340056881936031,0.16269328701302077,1.640825429182075,-0.9650458229470357,-0.39376652243412635,-0.5334681803011116,-0.3328570107515443,-0.32636535767129954,-0.8390764104615033,0.8401177734600089,0.46496835283355087,alta
-0.7654169198207343,-1.3438893289056157,-0.020254064514247064,-0.9673201009006824,-0.9098518099014039,1.5156744896978958,0.3280104392912671,-1.4287474652808203,1.2496922239648243,-1.4725690101825828,1.0357607406766818,0.46496835283355087,alta
0.0027399709627274923,-0.42906386783759676,-0.11172774027788097,-0.7776367896219364,-1.075433849038299,-1.2120983847764215,0.11789370280532106,-1.082252689216421,-0.17626463561071615,-0.2055838107404239,0.9379392570683454,0.46496835283355087,media-baja
-1.4238371119208457,-0.42906386783759676,-0.2032014160415149,-1.014740928720369,-0.4682997055363504,0.28817669618445296,-0.44942148570673324,-1.5899078262410382,1.099591501904241,-0.296082753557721,0.9379392570683454,0.46496835283355087,alta
3.294840931463282,-0.047886592392588925,0.3456406385402881,-0.8724784452613094,1.353102724969495,-1.4848756722238534,-1.9832736620541394,0.9403098408339848,0.19898716954074397,2.8713802450476757,0.7422962898516707,-2.1506840065693225,alta
1.8682638485797094,2.2391770602774583,-1.117938173677853,-0.30342851142507143,2.401788972836497,-0.0527949131248367,-1.1217950424617606,1.4036458785945274,0.048886447480160584,-0.11508486792312675,-0.43156151344837046,-2.1506840065693225,media-alta
-1.204363714554142,-1.115182963638611,-0.9349908221505855,0.17077976677179357,-0.026747601171296913,-0.32557220057226843,0.2439637446968887,-0.1958707039353792,-1.001818606943923,0.24691090334606178,-0.6272044806650434,0.46496835283355087,media-alta
-1.3141004132374934,-0.12412204748159057,-0.7520434706233177,-0.2560076836053849,-0.6890757577188773,0.7655369492174585,-0.07121136003203037,-0.8002220575361181,-0.47646607973188293,-0.11508486792312675,0.5466533226349978,0.46496835283355087,media-baja
1.758527149896356,-0.20035750257059223,1.9006931265220637,-0.8724784452613094,3.4504752207034994,-1.2802927066382794,-1.794168599216788,1.0128320032660538,0.27403753057103397,0.6089066746152493,-0.9206689314900546,-2.1506840065693225,media-baja
-0.655680221137383,-0.7340056881936031,-0.2946750918051483,-0.37455975315460116,0.46999851623938793,-0.12098923498669463,0.601162196722997,-1.0540496260483818,0.12393680851045061,-0.9295753532788005,1.6226896423267025,0.46496835283355087,alta
-0.655680221137383,-0.20035750257059223,0.07121961124938686,-0.540532650523504,-0.7994637838101408,0.4927596617700268,-0.6175148748954901,-1.5254436818569421,-0.40141571870158954,0.6994056174325465,1.524868158718366,0.46496835283355087,media-alta
1.209843656479597,0.4857615932304222,1.626272099231162,1.9727712239198807,-0.4682997055363504,1.8566460990071854,0.916337301451916,1.6776184922268575,-0.8517178848833398,0.24691090334606178,-1.018490415098391,0.46496835283355087,media-baja
0.661160163062839,0.028348862696412718,2.723956208394768,1.5459837735427022,-0.5234937185819821,2.402200673902049,1.3785941217209974,1.4318489417625666,-1.6022214951862566,0.24691090334606178,-1.1163118987067275,0.46496835283355087,media-baja
-0.32647012508732776,-1.115182963638611,-1.3008855252051206,-0.042613958416795765,-0.08194161421692865,-0.32557220057226843,-0.8486432850300307,-0.5584815160958135,-1.6022214951862566,-1.2010721817306913,-0.6272044806650434,0.46496835283355087,media-alta
-1.3141004132374934,-0.8102411432826048,-0.6605697948596839,1.6171150152722318,-0.35791167944508734,1.5156744896978958,0.8953256278033214,1.0128320032660538,0.27403753057103397,-1.1105732389133942,-0.9206689314900546,0.46496835283355087,media-baja
-0.655680221137383,-1.1914184187276127,0.16269328701302077,-0.11374520014632547,-0.41310569249071905,0.9701199148030323,-0.1762697282750034,-0.9613824184962912,-0.2513149966410062,-0.6580785248269091,0.7422962898516707,0.46496835283355087,media-alta
-1.4238371119208457,-0.7340056881936031,-0.11172774027788097,-0.9910305148105255,-0.1923296403081921,0.3563710180463109,0.1809287237511049,-0.9613824184962912,0.34908789160132403,-0.5675795820096119,-0.040275579015022815,0.46496835283355087,media-baja
-0.8751536185040868,-0.6577702331046015,-0.11172774027788097,-0.825057617441623,-0.9650458229470357,-1.0075154191908477,-0.6595382221926793,-1.5254436818569421,0.4991886136619074,-1.0200742960960971,1.329225191501693,0.46496835283355087,media-alta
-0.21673342640397533,0.4095261381414205,-0.7520434706233177,1.0006442536163074,0.35961049014812485,1.5838688115597537,0.916337301451916,0.5212929023374719,0.12393680851045061,-0.8390764104615033,-0.43156151344837046,0.46496835283355087,media-baja
-1.204363714554142,-0.8864765983716062,-0.47762244333241616,0.3604630780505395,-0.08194161421692865,-0.5983494880197001,-0.6175148748954901,-0.6390616965759002,-0.47646607973188293,-0.8390764104615033,0.5466533226349978,0.46496835283355087,media-alta
-0.32647012508732776,-0.6577702331046015,0.8030090173584576,-0.8724784452613094,-0.1923296403081921,-1.757652959671285,0.2229520710482941,-0.5584815160958135,0.12393680851045061,1.6948939884228138,0.9379392570683454,0.46496835283355087,media-alta
-1.0946270158707905,2.77282524590047,1.9006931265220637,-0.919899273080996,-0.7442697707645091,0.08359373059887917,0.012835334562348047,-1.6785460247691424,0.19898716954074397,-0.5675795820096119,1.524868158718366,0.46496835283355087,media-alta
0.661160163062839,0.5619970483194239,-0.2946750918051483,-0.0900347862364821,-0.8546577968557721,0.3563710180463109,-0.2813280965179764,-1.0419625989763779,-0.17626463561071615,0.6089066746152493,1.720511125935039,0.46496835283355087,alta
0.8806335604295428,-1.115182963638611,0.07121961124938686,-0.8724784452613094,0.1388344379655979,1.1065085585267482,0.5801505230744024,0.16674010822505517,0.5742389746922008,2.237887645326597,-0.822847447881718,0.46496835283355087,media-alta
-0.32647012508732776,-0.5052993229265984,0.2541669627766547,-0.13745561405616863,-1.075433849038299,0.21998237432259504,0.2439637446968887,-0.6793517868159434,-0.026163913550132773,-1.2010721817306913,0.15536738820165014,0.46496835283355087,media-alta
0.11247666964607989,0.6382325034084255,-0.6605697948596839,0.7635401145178748,0.24922246405686138,0.9701199148030323,0.601162196722997,0.7549754257297588,-0.1012142745804228,0.06591301771146751,-1.2141333823150657,0.46496835283355087,media-baja
-0.655680221137383,-0.7340056881936031,-1.117938173677853,-0.9910305148105255,0.7459685814675466,0.3563710180463109,1.441629142666781,-0.5705685431678176,-1.2269696900348,-0.11508486792312675,-0.9206689314900546,0.46496835283355087,media-alta
0.2222133683294313,0.028348862696412718,0.3456406385402881,-0.919899273080996,-0.026747601171296913,-1.5530699940857113,0.8533022805061322,-0.7841060214400828,0.19898716954074397,-0.8390764104615033,0.2531888718099866,0.46496835283355087,media-baja
-0.5459435224540315,-1.2676538738166143,0.07121961124938686,0.17077976677179357,-0.9650458229470357,1.9248404208690433,0.11789370280532106,-0.9936144906883169,-0.17626463561071615,1.7853929312401111,1.6226896423267025,0.46496835283355087,alta
-0.32647012508732776,-1.3438893289056157,-1.209411849441487,-0.919899273080996,-0.1923296403081921,-0.0527949131248367,-0.6805498958412739,-1.106426743360474,0.42413825263161736,0.24691090334606178,0.7422962898516707,0.46496835283355087,media-alta
-0.43620682377067915,-0.8864765983716062,-0.6605697948596839,0.28933183632100984,-0.35791167944508734,-0.18918355684855256,-0.47043315935532787,-0.36508908294356995,-0.7016171628227563,-1.6535668958171765,-0.2359185462316975,0.46496835283355087,media-alta
-0.8751536185040868,-0.8864765983716062,0.528587990067556,1.5459837735427022,-0.3027176663994556,1.8566460990071854,0.15991705010251028,0.3238714601612419,-0.1012142745804228,-1.4725690101825828,0.3510103554183248,0.46496835283355087,media-baja
0.44168676569613513,1.5530579644764444,-1.3923592009687547,-0.8013472035317797,1.9050428554258123,-1.2802927066382794,-1.836191946513977,0.9725419130260105,1.2496922239648243,0.9709024458844379,-0.9206689314900546,-2.1506840065693225,alta
-0.7654169198207343,-1.2676538738166143,-0.5690961190960501,0.597567217148972,-0.026747601171296913,-1.2120983847764215,-1.1428067161103552,-0.179754667839344,-0.40141571870158954,-1.0200742960960971,-0.5293829970567069,0.46496835283355087,media-alta
-1.3141004132374934,0.25705522796341723,1.4433247477038942,-0.7302159618022499,3.2848931815666043,-1.1439040629145636,0.3280104392912671,-0.47790133561572695,-0.926768245913633,-0.11508486792312675,-1.3119548659234022,0.46496835283355087,media-baja
0.7708968617461903,1.400587054298441,-2.0326749313141916,-0.7302159618022499,3.5608632467947627,-1.4166813503619953,-1.6891102309738149,1.0934121837461404,-0.2513149966410062,0.9709024458844379,-0.9206689314900546,-2.1506840065693225,media-baja
-0.10699672772062392,2.31541251536646,-1.9412012555505576,-0.919899273080996,1.132326672786968,-0.2573778787104105,-1.247865084353328,0.6502211911056194,0.4991886136619074,0.8804035030671407,-1.2141333823150657,-2.1506840065693225,media-baja
0.11247666964607989,0.6382325034084255,1.626272099231162,-0.9910305148105255,-0.13713562726256037,-1.3484870285001374,0.3280104392912671,-0.5987716063358569,-1.5271711341559666,-0.8390764104615033,-1.1163118987067275,0.46496835283355087,media-baja
1.3195803551629504,2.544118880633465,-1.9412012555505576,-0.5642430644333472,2.1258189076083385,-0.9393210973289898,-1.731133578271004,1.4681100229785788,0.5742389746922008,0.3374098461633589,-0.9206689314900546,-2.1506840065693225,media-baja
1.3195803551629504,-1.3438893289056157,0.2541669627766547,-0.9910305148105255,-0.4682997055363504,-1.6212643159475693,-1.584051862730842,-0.39732115513564037,1.925145473237451,-1.0200742960960971,-0.2359185462316975,0.46496835283355087,media-alta
-1.3141004132374934,-1.2676538738166143,-0.020254064514247064,0.12335893895210702,-0.5234937185819821,1.5156744896978958,0.6852088913173754,0.04586983750492529,2.300397278388908,-0.4770806391923148,0.05754590459331366,0.46496835283355087,media-alta
0.3319500670127837,-1.0389475085496094,-0.11172774027788097,1.2140379788048967,-0.3027176663994556,0.9019255929411744,1.0844306906406729,0.8919617325459239,-0.7766675238530497,0.5184077317979522,-0.7250259642733816,0.46496835283355087,media-alta
1.209843656479597,1.4768225093874428,-0.6605697948596839,-0.7776367896219364,1.573878777152022,-1.0075154191908477,-0.7645965904356523,1.310978671042392,0.9494907798436576,1.1519003315190322,-0.9206689314900546,-2.1506840065693225,media-alta
-0.32647012508732776,0.3332906830524189,0.07121961124938686,-0.8724784452613094,-0.6338817446732457,-1.4166813503619953,0.03384700821094265,0.16674010822505517,0.6492893357224908,1.4233971599709234,-0.822847447881718,0.46496835283355087,media-baja
0.8806335604295428,1.629293419565446,-0.6605697948596839,-0.7776367896219364,1.1875206858325997,-1.0757097410527057,-0.3653747911123548,0.6502211911056194,0.42413825263161736,0.24691090334606178,-1.018490415098391,-2.1506840065693225,media-alta
2.307210643313115,1.7055288746544477,-0.020254064514247064,-0.7065055478924067,3.3952812076578676,-1.3484870285001374,-1.7731569255681934,1.0490930844821107,0.19898716954074397,0.42790878898065604,0.4488318390266613,-2.1506840065693225,media-baja
-0.655680221137383,0.25705522796341723,0.6200616658311898,0.5027255615095991,-0.7994637838101408,-0.7347381317434161,1.5466875109097542,1.101470201794158,1.925145473237451,-0.296082753557721,-1.3119548659234022,0.46496835283355087,media-alta
-0.655680221137383,-0.27659295765959346,-0.2946750918051483,0.7635401145178748,-0.1923296403081921,1.5838688115597537,1.8408509419900787,0.730801371585706,-0.926768245913633,0.24691090334606178,-1.5075978331400752,0.46496835283355087,baja
0.7708968617461903,-1.2676538738166143,0.2541669627766547,-0.9910305148105255,-0.8546577968557721,0.015399408737021234,-0.6175148748954901,-1.3803993569928041,-1.0768689679742165,1.8758918740574082,0.8401177734600089,0.46496835283355087,alta
1.209843656479597,-0.7340056881936031,-0.11172774027788097,-0.825057617441623,-0.1923296403081921,1.1065085585267482,1.3155591007752134,-0.4376112453756837,-0.6265668017924663,-0.11508486792312675,-0.2359185462316975,0.46496835283355087,media-alta
0.05760832030440417,-1.115182963638611,-0.6605697948596839,1.0243546675261506,3.781639298977289,1.7202574552834695,1.1684773852350512,0.5615829925775152,-0.47646607973188293,-0.6580785248269091,-0.2359185462316975,0.46496835283355087,media-alta
-0.7654169198207343,-1.1914184187276127,0.07121961124938686,0.8228161492924829,-0.6890757577188773,0.4927596617700268,-0.09222303368062497,0.04184082848089413,-0.17626463561071615,-0.9295753532788005,0.2531888718099866,0.46496835283355087,media-baja
-0.10699672772062392,0.028348862696412718,-0.020254064514247064,0.26562142241116665,-1.075433849038299,0.4927596617700268,-0.1552580546264088,-0.8203671026561397,1.2496922239648243,0.6089066746152493,1.720511125935039,0.46496835283355087,alta
-0.10699672772062392,0.028348862696412718,-0.38614876756878225,0.43159431978006924,-1.296209901220826,0.42456533990816886,-0.008176339086246558,-1.1023977343364428,-0.47646607973188293,0.7899045602498436,2.1117970603683864,0.46496835283355087,alta
1.6487904512130047,1.2862338716649386,-0.2032014160415149,-0.27971809751522825,-1.3514039142664576,-0.802932453605274,-0.44942148570673324,-1.0419625989763779,-1.5271711341559666,-1.2010721817306913,1.9161540931517136,0.46496835283355087,media-baja
-0.21673342640397533,-0.27659295765959346,-0.8435171463869515,1.1191963231655235,0.08364042491996618,0.3563710180463109,0.1809287237511049,1.037006057410062,-1.001818606943923,-0.4770806391923148,-0.822847447881718,0.46496835283355087,media-baja
0.11247666964607989,0.9431743237644317,-0.2946750918051483,-0.44569099488413094,-0.13713562726256037,-0.5983494880197001,-0.2182930755721926,-1.0097305267843522,-0.026163913550132773,-1.2915711245479884,0.8401177734600089,0.46496835283355087,alta
0.0027399709627274923,0.4857615932304222,0.8030090173584576,-0.7302159618022499,-0.4682997055363504,1.5838688115597537,1.651745879152727,-1.0540496260483818,-1.3770704120953832,-0.11508486792312675,0.9379392570683454,0.46496835283355087,media-baja
0.2222133683294313,-0.8864765983716062,0.528587990067556,-0.9673201009006824,-0.7442697707645091,1.1747028803886062,-0.07121136003203037,-0.9613824184962912,0.7993900577830741,-0.2055838107404239,0.4488318390266613,0.46496835283355087,media-alta
0.2222133683294313,-0.7340056881936031,-0.47762244333241616,-0.8961888591711527,-0.5786877316276139,0.08359373059887917,1.0424073433434837,-0.9855564726402993,0.42413825263161736,-0.296082753557721,0.7422962898516707,0.46496835283355087,media-alta
0.9903702591128941,-0.5052993229265984,-0.38614876756878225,1.0480650814359935,-0.7994637838101408,-1.0757097410527057,-0.7856082640842469,-0.13140655955128308,-1.6772718562165467,-1.3820700673652857,0.7422962898516707,0.46496835283355087,media-alta
1.3195803551629504,-1.1914184187276127,1.534798423467528,-0.8487680313514662,0.35961049014812485,0.015399408737021234,-0.5124565066525171,-0.034710342975206025,-0.47646607973188293,-0.9295753532788005,-0.1380970626233593,0.46496835283355087,media-alta
-0.10699672772062392,0.3332906830524189,0.3456406385402881,-0.6590847200727202,-0.13713562726256037,2.470394995763907,0.811278933208943,-1.1789489057925429,-1.2269696900348,0.42790878898065604,0.6444748062433342,0.46496835283355087,media-alta
0.2222133683294313,2.5822366081779657,-1.0264644979142192,1.16661715098521,1.132326672786968,-0.18918355684855256,1.8828742892872679,1.0934121837461404,-1.9024229393074235,0.6089066746152493,-1.2141333823150657,0.46496835283355087,media-alta
0.11247666964607989,-0.8864765983716062,-0.8435171463869515,-0.8724784452613094,-0.35791167944508734,-0.9393210973289898,-0.44942148570673324,0.13047902700899833,1.1746418629345343,0.15641196052876463,-0.43156151344837046,0.46496835283355087,media-baja
0.9903702591128941,-0.6577702331046015,0.528587990067556,1.0243546675261506,0.19402845101122965,-0.5301551661578422,0.7692555859117538,1.4358779507865531,0.7993900577830741,-0.38658169637501816,-0.6272044806650434,0.46496835283355087,baja
-0.21673342640397533,-0.27659295765959346,0.528587990067556,0.9058025979769342,-0.7442697707645091,-1.0075154191908477,-0.9747133269215984,0.16674010822505517,-1.2269696900348,0.24691090334606178,0.6444748062433342,0.46496835283355087,media-baja
-0.5459435224540315,-0.8864765983716062,0.6200616658311898,0.6212776310588154,0.08364042491996618,-0.0527949131248367,0.47509215483142936,0.12645001798501188,0.7993900577830741,0.42790878898065604,0.5466533226349978,0.46496835283355087,alta
-0.10699672772062392,-0.12412204748159057,1.626272099231162,-0.13745561405616863,-0.7994637838101408,-0.9393210973289898,-0.3653747911123548,-1.1225427794564644,0.34908789160132403,1.5138961027882205,1.9161540931517136,0.46496835283355087,alta
-0.21673342640397533,-0.42906386783759676,-0.020254064514247064,0.40788390587022605,-0.6338817446732457,0.42456533990816886,1.1054423642892675,-0.2522768302714577,0.7993900577830741,-0.2055838107404239,0.9379392570683454,0.46496835283355087,media-alta
-0.21673342640397533,-0.6577702331046015,0.894482693122091,0.6449880449686586,-1.130627862083931,-0.0527949131248367,-0.1762697282750034,-0.28450890246348337,0.048886447480160584,0.24691090334606178,0.5466533226349978,0.46496835283355087,media-alta
1.6487904512130047,-1.1914184187276127,1.626272099231162,0.4790151475997558,-0.41310569249071905,-1.4848756722238534,-1.247865084353328,0.3681905594252716,-0.6265668017924663,0.6994056174325465,0.05754590459331366,0.46496835283355087,media-alta
-0.10699672772062392,-0.6577702331046015,0.07121961124938686,-0.825057617441623,-0.13713562726256037,-0.39376652243412635,-0.197281401923598,-1.1628328696965078,-0.7766675238530497,-0.38658169637501816,0.6444748062433342,0.46496835283355087,media-alta
0.11247666964607989,-0.8864765983716062,2.723956208394768,2.589241985575805,-0.41310569249071905,-1.1439040629145636,-0.40739813840954403,1.7380536275869225,-1.1519193290045064,-1.3820700673652857,-1.2141333823150657,0.46496835283355087,media-alta
-0.32647012508732776,0.180819772874416,-0.38614876756878225,-0.01890354450695239,0.5251925292850197,-1.1439040629145636,0.9793723223976999,-0.7518739492480572,0.42413825263161736,0.5184077317979522,1.1335822242850184,0.46496835283355087,media-alta
1.4293170538463018,3.0396493387119747,-1.0264644979142192,-0.6827951339825634,1.4082967380151268,-1.4166813503619953,-1.7731569255681934,1.1941374093462487,0.7243396967527841,1.1519003315190322,-1.018490415098391,-2.1506840065693225,media-baja
0.2222133683294313,2.0104706950104534,-0.11172774027788097,-0.6827951339825634,1.2979087119238633,-1.0757097410527057,-1.415958473542085,0.9725419130260105,1.8500951122071578,0.6994056174325465,-0.2359185462316975,-2.1506840065693225,media-baja
0.44168676569613513,-0.42906386783759676,1.9006931265220637,1.8779295682805073,-0.1923296403081921,2.265812030178333,1.189489058883646,1.5366031763866614,-0.8517178848833398,-0.4770806391923148,-1.4097763495317386,0.46496835283355087,media-baja
-0.7654169198207343,0.25705522796341723,-1.0264644979142192,0.09964852504226386,-0.9098518099014039,-0.8711267754671319,-0.11323470732921957,0.0055797472648372705,0.8744404188133675,-0.7485774676442062,-0.333740029840034,0.46496835283355087,media-baja
0.9903702591128941,-1.0389475085496094,1.626272099231162,-0.825057617441623,0.5803865423306515,-1.4166813503619953,0.47509215483142936,-0.07500043321524931,0.12393680851045061,-0.296082753557721,-0.43156151344837046,0.46496835283355087,media-baja
0.9903702591128941,-0.8864765983716062,0.437114314303922,-0.9673201009006824,-1.0202398359926674,-0.6665438098815581,-0.9326899796244091,-0.921092328256248,-1.001818606943923,-1.2915711245479884,-0.040275579015022815,0.46496835283355087,media-alta
-1.3141004132374934,-0.20035750257059223,-1.3923592009687547,0.6212776310588154,-0.35791167944508734,1.1747028803886062,1.5676991845583488,0.29566839699320263,-0.026163913550132773,-1.3820700673652857,-1.018490415098391,0.46496835283355087,media-baja
-0.8751536185040868,1.7817643297434493,1.2603773961766267,1.8305087404608211,-0.1923296403081921,0.1517880524607371,1.2525240798294297,1.2142824544662703,-0.1012142745804228,-0.4770806391923148,-1.2141333823150657,0.46496835283355087,media-alta
0.44168676569613513,-0.20035750257059223,-0.6605697948596839,1.0954859092556803,0.4148045031937566,-0.39376652243412635,-0.1552580546264088,0.5172638933134855,-0.47646607973188293,-0.4770806391923148,0.4488318390266613,0.46496835283355087,media-baja
0.11247666964607989,-0.5815347780156,-0.2032014160415149,-0.540532650523504,-0.7994637838101408,-0.9393210973289898,-0.11323470732921957,-0.11126151443126144,1.099591501904241,1.5138961027882205,-0.333740029840034,0.46496835283355087,media-alta
-0.32647012508732776,-0.27659295765959346,0.7115353415948238,-0.919899273080996,-0.7994637838101408,-1.0757097410527057,-0.1552580546264088,-1.0419625989763779,0.42413825263161736,1.8758918740574082,1.2314037078933548,0.46496835283355087,media-baja
0.5514234643794865,-0.23847523011509306,0.07121961124938686,2.209875363018313,0.6907745684219149,0.08359373059887917,1.651745879152727,1.4560229959065747,-1.6022214951862566,-0.5675795820096119,-1.2141333823150657,0.46496835283355087,media-baja
0.3319500670127837,-0.8864765983716062,0.16269328701302077,-0.8013472035317797,-0.8546577968557721,0.5609539836318848,0.3280104392912671,-1.3642833208967688,-0.32636535767129954,-0.6580785248269091,1.2314037078933548,0.46496835283355087,alta
-0.9848903171874382,-0.27659295765959346,-0.8435171463869515,0.4790151475997558,-0.5234937185819821,-0.32557220057226843,0.7272322386145645,0.5293509203854896,1.6999943901465744,1.1519003315190322,-0.6272044806650434,0.46496835283355087,alta
-0.9848903171874382,-0.7340056881936031,-0.2946750918051483,-0.7302159618022499,-0.5786877316276139,-0.4619608442959843,0.05485868185953725,-1.082252689216421,-0.17626463561071615,-0.296082753557721,0.05754590459331366,0.46496835283355087,media-alta
-0.32647012508732776,-1.115182963638611,-1.3008855252051206,-0.042613958416795765,-0.08194161421692865,-0.32557220057226843,-0.8486432850300307,-0.5584815160958135,-1.6022214951862566,-1.2010721817306913,-0.6272044806650434,0.46496835283355087,media-alta
1.6487904512130047,0.4857615932304222,0.437114314303922,-0.540532650523504,1.6842668032432853,-0.0527949131248367,-0.07121136003203037,1.053122093506097,-0.1012142745804228,0.42790878898065604,-1.018490415098391,-2.1506840065693225,media-baja
0.3319500670127837,-0.27659295765959346,-0.11172774027788097,0.004806869402890774,0.19402845101122965,0.9019255929411744,0.811278933208943,-0.11529052345529262,-0.7016171628227563,-0.296082753557721,-0.1380970626233593,0.46496835283355087,media-alta
-1.204363714554142,-0.12412204748159057,1.1689037204129928,-0.8961888591711527,-0.24752365335382384,-1.0757097410527057,1.2525240798294297,0.06601488262494694,2.1502965563283247,0.06591301771146751,-0.040275579015022815,0.46496835283355087,media-baja
-0.43620682377067915,-0.6577702331046015,-0.47762244333241616,-0.919899273080996,0.5251925292850197,0.1517880524607371,0.6641972176687808,-0.39732115513564037,0.19898716954074397,0.42790878898065604,-0.9206689314900546,0.46496835283355087,media-alta
-1.0946270158707905,2.1629416051884567,-1.75825390402329,-0.825057617441623,-0.026747601171296913,-1.3484870285001374,-0.9747133269215984,-0.6874098048639611,1.5498936680859912,-0.296082753557721,-0.040275579015022815,0.46496835283355087,baja
-0.21673342640397533,1.2481161441204378,-1.0264644979142192,-0.8013472035317797,1.7394608162889171,-1.4848756722238534,-2.0883320302971122,0.5897860557455544,1.3247425849951178,-0.7485774676442062,-1.3608656077275696,-2.1506840065693225,baja
-0.8751536185040868,-0.7340056881936031,-0.8435171463869515,0.07593811113242048,-0.6338817446732457,0.015399408737021234,0.11789370280532106,-0.5745975521918488,-0.7016171628227563,-0.4770806391923148,-0.040275579015022815,0.46496835283355087,media-alta
-0.8751536185040868,-0.7340056881936031,1.077430044649359,-0.1730212349209336,-0.6890757577188773,0.015399408737021234,0.15991705010251028,-1.0419625989763779,1.0245411408739509,-1.6535668958171765,1.0357607406766818,0.46496835283355087,alta
-1.3141004132374934,-0.12412204748159057,1.4433247477038942,0.6094224241038936,-1.130627862083931,-0.802932453605274,0.2229520710482941,-0.4376112453756837,2.300397278388908,-0.7485774676442062,1.0357607406766818,0.46496835283355087,alta
0.11247666964607989,-0.42906386783759676,0.07121961124938686,1.2140379788048967,0.6355805553762831,-0.5301551661578422,-0.1762697282750034,0.8919617325459239,0.12393680851045061,-0.2055838107404239,0.05754590459331366,0.46496835283355087,media-baja
0.2222133683294313,0.9431743237644317,-1.0264644979142192,-0.8724784452613094,-0.08194161421692865,-0.4619608442959843,-1.2268534107047335,-0.35703106489555236,1.2496922239648243,0.5184077317979522,1.2314037078933548,-2.1506840065693225,media-alta
1.1001069577962457,1.629293419565446,-0.8435171463869515,-0.7302159618022499,1.51868476410639,0.1517880524607371,-0.7015615694898685,0.9644838949779929,0.34908789160132403,-0.4770806391923148,-0.822847447881718,-2.1506840065693225,media-alta
1.1001069577962457,-0.7340056881936031,1.077430044649359,-0.8961888591711527,-0.35791167944508734,-0.18918355684855256,0.13890537645391568,-0.2361607941754225,0.048886447480160584,-0.5675795820096119,0.5466533226349978,0.46496835283355087,media-alta
-0.8751536185040868,-0.3528284127485951,1.3518510719402608,1.5341285665877804,-0.7442697707645091,2.061229064592759,1.8828742892872679,1.0934121837461404,0.27403753057103397,0.15641196052876463,-0.9206689314900546,0.46496835283355087,media-alta
-0.5459435224540315,1.857999784832451,-1.4838328767323885,1.1191963231655235,-0.7442697707645091,0.4927596617700268,0.7272322386145645,0.8194395701138102,0.4991886136619074,0.06591301771146751,-1.018490415098391,0.46496835283355087,media-baja
-0.9848903171874382,0.028348862696412718,0.07121961124938686,-0.7302159618022499,-0.7994637838101408,-1.0757097410527057,-1.100783368813166,-1.80747431353729,-0.40141571870158954,-0.296082753557721,2.209618543976723,0.46496835283355087,media-alta
1.209843656479597,-0.27659295765959346,0.985956368885725,-0.825057617441623,-1.075433849038299,-0.0527949131248367,-0.6175148748954901,-1.082252689216421,-0.926768245913633,-1.1105732389133942,0.9379392570683454,0.46496835283355087,media-baja
-1.204363714554142,-0.27659295765959346,-0.5690961190960501,-0.825057617441623,-0.4682997055363504,-1.5530699940857113,-0.30233977016657104,-0.5987716063358569,-1.001818606943923,0.3374098461633589,-1.4097763495317386,0.46496835283355087,media-baja
-0.655680221137383,-1.1914184187276127,0.2541669627766547,-0.919899273080996,-1.1858218751295624,-0.12098923498669463,0.2229520710482941,-1.3320512487047431,0.8744404188133675,1.1519003315190322,1.0357607406766818,0.46496835283355087,alta
-0.655680221137383,0.028348862696412718,1.534798423467528,0.6449880449686586,-1.3514039142664576,-0.8711267754671319,-0.722573243138463,-1.1870069238405605,0.048886447480160584,2.5093844737784883,2.209618543976723,0.46496835283355087,baja
-0.7654169198207343,-0.7340056881936031,0.07121961124938686,-0.0900347862364821,-0.24752365335382384,1.311091524112322,0.70622056496597,-0.49401737171171745,1.2496922239648243,0.3374098461633589,0.7422962898516707,0.46496835283355087,media-alta
0.5514234643794865,-0.23847523011509306,0.07121961124938686,2.209875363018313,0.6907745684219149,0.08359373059887917,1.651745879152727,1.4560229959065747,-1.6022214951862566,-0.5675795820096119,-1.2141333823150657,0.46496835283355087,media-baja
-1.204363714554142,-0.3528284127485951,-0.38614876756878225,-0.8724784452613094,-0.24752365335382384,0.08359373059887917,-0.197281401923598,-0.8002220575361181,1.474843307055701,-0.024585925105829624,0.05754590459331366,0.46496835283355087,alta
-0.21673342640397533,0.10458431778541437,-0.47762244333241616,-0.06632437232663893,-1.296209901220826,1.0383142366648903,0.43306880753424015,-0.8002220575361181,0.27403753057103397,-0.7485774676442062,0.7422962898516707,0.46496835283355087,alta
3.1851042327799304,2.0104706950104534,-0.8435171463869515,-0.8013472035317797,1.6290727901976536,-1.4848756722238534,-1.8992269674597608,1.2142824544662703,-0.6265668017924663,0.3374098461633589,-0.9206689314900546,-2.1506840065693225,media-baja
0.11247666964607989,-0.047886592392588925,-0.47762244333241616,0.4790151475997558,-0.026747601171296913,0.42456533990816886,0.7272322386145645,0.7509464167057277,-0.926768245913633,-0.7485774676442062,-1.4097763495317386,0.46496835283355087,media-baja
0.2222133683294313,-0.42906386783759676,1.9921668022856975,1.7593774987312911,-0.1923296403081921,2.0271319036618305,0.70622056496597,1.617183356866748,-1.1519193290045064,-0.5675795820096119,-1.3119548659234022,0.46496835283355087,media-alta
0.2222133683294313,-0.6577702331046015,0.2541669627766547,0.953223425796621,0.08364042491996618,-0.802932453605274,-0.7645965904356523,0.54546695648148,-1.30202005106509,0.42790878898065604,-0.43156151344837046,0.46496835283355087,media-baja
0.7708968617461903,-0.3528284127485951,0.3456406385402881,-0.9673201009006824,-0.026747601171296913,0.3563710180463109,0.3700337865884563,-1.2111809779845686,-0.926768245913633,-0.5675795820096119,0.7422962898516707,0.46496835283355087,media-baja
-1.0946270158707905,-0.12412204748159057,2.2665878295765993,-0.5879534783431904,-0.35791167944508734,1.1065085585267482,1.189489058883646,-0.8002220575361181,0.6492893357224908,0.5184077317979522,0.4488318390266613,0.46496835283355087,alta
0.0027399709627274923,-0.5052993229265984,-0.020254064514247064,-0.7065055478924067,-0.026747601171296913,0.08359373059887917,0.70622056496597,-1.2031229599365958,-0.551516440762173,-0.024585925105829624,0.9379392570683454,0.46496835283355087,media-alta
0.3319500670127837,-1.1914184187276127,1.626272099231162,-0.9673201009006824,0.24922246405686138,-0.8711267754671319,0.5801505230744024,-1.082252689216421,0.12393680851045061,-0.38658169637501816,0.7422962898516707,0.46496835283355087,media-alta
0.7708968617461903,1.9342352399214517,-2.0326749313141916,-0.7065055478924067,0.8011625945131784,0.21998237432259504,-1.6260752100280311,-0.08708746028725335,1.8500951122071578,2.0568897596920026,2.209618543976723,-2.1506840065693225,alta
1.8682638485797094,-0.3528284127485951,0.7115353415948238,-0.7776367896219364,2.7329530511102877,-0.7347381317434161,-2.004285335702734,0.43265470380936777,-0.47646607973188293,1.6043950456055167,0.7422962898516707,-2.1506840065693225,media-alta
-0.655680221137383,0.7144679584974267,-0.8435171463869515,-0.11374520014632547,0.08364042491996618,1.242897202250464,0.4120571338856455,0.08615992774496858,-0.551516440762173,0.9709024458844379,-1.2141333823150657,0.46496835283355087,media-baja
0.0027399709627274923,-0.6577702331046015,0.3456406385402881,2.6603732273053344,-0.5786877316276139,1.9930347427309014,1.0213956696948892,1.8589238983070524,-0.40141571870158954,0.6994056174325465,-1.3119548659234022,0.46496835283355087,media-alta
-0.8751536185040868,-0.5052993229265984,-0.38614876756878225,0.31304225023085297,0.19402845101122965,0.6291483054937427,0.7482439122631592,-0.24421881222344008,-0.1012142745804228,-0.296082753557721,-0.1380970626233593,0.46496835283355087,media-baja
-0.10699672772062392,-1.1914184187276127,0.07121961124938686,0.7161192866981885,-0.3027176663994556,0.4927596617700268,0.07587035550813186,0.5696410106255329,-0.026163913550132773,-1.5630679529998794,-1.2141333823150657,0.46496835283355087,media-baja
0.11247666964607989,-0.047886592392588925,0.894482693122091,0.7872505284277179,0.1388344379655979,-1.0757097410527057,-0.7015615694898685,1.2948626349464016,0.5742389746922008,1.1519003315190322,-0.5293829970567069,0.46496835283355087,media-alta
-0.9848903171874382,-1.0389475085496094,0.6200616658311898,-0.8961888591711527,-1.241015888175194,0.3563710180463109,-0.11323470732921957,-0.5584815160958135,1.925145473237451,0.24691090334606178,-0.7250259642733816,0.46496835283355087,media-alta
-0.655680221137383,0.25705522796341723,-0.020254064514247064,1.16661715098521,1.0219386466957052,1.8566460990071854,1.0003839960462944,1.0208900213140715,-0.2513149966410062,-0.2055838107404239,-1.018490415098391,0.46496835283355087,media-baja
0.0027399709627274923,-1.0389475085496094,-0.47762244333241616,-0.9436096869908392,-0.5234937185819821,-0.7347381317434161,-1.0797716951645713,-0.7196418770559867,-1.30202005106509,2.0568897596920026,-0.5293829970567069,0.46496835283355087,media-alta
0.11247666964607989,2.8109429734449707,-0.9349908221505855,1.0006442536163074,1.077132659741337,0.1517880524607371,1.0424073433434837,1.0934121837461404,-1.6022214951862566,0.3374098461633589,-1.3119548659234022,0.46496835283355087,media-alta
0.8806335604295428,0.4095261381414205,-0.11172774027788097,-0.6116638922530336,-1.1858218751295624,2.265812030178333,0.7482439122631592,-1.1225427794564644,-0.7016171628227563,0.6994056174325465,1.524868158718366,0.46496835283355087,alta
0.8806335604295428,0.180819772874416,1.1689037204129928,0.28933183632100984,-1.296209901220826,1.1065085585267482,0.07587035550813186,-1.267587104320647,-1.9024229393074235,-1.2915711245479884,2.0139755767600502,0.46496835283355087,media-alta
0.8806335604295428,-0.7340056881936031,1.2603773961766267,2.11503370737894,-0.6890757577188773,1.5156744896978958,0.39104546023705095,1.939504078787139,-1.3770704120953832,-0.4770806391923148,-1.2141333823150657,0.46496835283355087,media-alta
-0.21673342640397533,1.857999784832451,-0.47762244333241616,1.3325900483541129,0.5251925292850197,1.6520631334216116,1.4836524899639703,1.0128320032660538,-0.026163913550132773,-0.6580785248269091,-1.018490415098391,0.46496835283355087,media-baja
0.2222133683294313,-0.3528284127485951,-0.11172774027788097,-0.9436096869908392,-0.5786877316276139,-0.32557220057226843,-0.8066199377328415,-0.8727442199681871,0.4991886136619074,0.15641196052876463,0.2531888718099866,0.46496835283355087,media-alta
-1.4238371119208457,-0.20035750257059223,-0.38614876756878225,-0.8724784452613094,0.6355805553762831,-0.9393210973289898,0.3700337865884563,-1.2111809779845686,0.12393680851045061,-1.4725690101825828,0.6444748062433342,0.46496835283355087,media-alta
0.8806335604295428,1.7436466021989485,-2.307095958605093,-0.30342851142507143,2.015430881517075,-0.2573778787104105,-1.2898884316505175,0.8516716423058807,1.099591501904241,1.4233971599709234,0.2531888718099866,-2.1506840065693225,media-alta
1.4293170538463018,-1.0389475085496094,0.985956368885725,-0.042613958416795765,-0.7994637838101408,-1.6212643159475693,-0.9537016532730037,-0.1958707039353792,-0.40141571870158954,0.06591301771146751,1.2314037078933548,0.46496835283355087,media-baja
-1.5335738106041972,0.6382325034084255,0.3456406385402881,-0.042613958416795765,-1.3514039142664576,-0.9393210973289898,-0.197281401923598,-1.5576757540490125,-0.2513149966410062,1.4233971599709234,1.9161540931517136,0.46496835283355087,media-alta
-0.21673342640397533,-1.3438893289056157,0.6200616658311898,-1.014740928720369,-0.5234937185819821,-0.5983494880197001,-0.8696549586786253,-1.5939368352650245,-1.3770704120953832,0.24691090334606178,0.9379392570683454,0.46496835283355087,media-alta
2.4169473419964684,0.3332906830524189,0.7115353415948238,-0.8961888591711527,1.6290727901976536,0.6973426273556006,-1.415958473542085,0.8597296603538535,1.925145473237451,1.9663908168747053,0.4488318390266613,-2.1506840065693225,media-alta
-1.5335738106041972,-0.5434170504710992,0.16269328701302077,-0.9910305148105255,-0.08194161421692865,-0.18918355684855256,0.5801505230744024,-0.6793517868159434,-0.6265668017924663,-0.8390764104615033,-1.1163118987067275,0.46496835283355087,media-baja
-0.7654169198207343,-1.115182963638611,-0.38614876756878225,1.0954859092556803,-0.1923296403081921,-0.32557220057226843,-0.44942148570673324,0.6341051550095842,0.9494907798436576,-0.11508486792312675,-0.5293829970567069,0.46496835283355087,media-alta
-0.655680221137383,0.5619970483194239,-0.7520434706233177,0.02851728331273415,0.02844641187433444,-0.39376652243412635,0.5591388494258077,-0.39732115513564037,0.19898716954074397,-1.4725690101825828,-0.43156151344837046,0.46496835283355087,media-baja
3.075367534096579,0.25705522796341723,0.894482693122091,-0.7065055478924067,1.7946548293345488,-1.3484870285001374,-1.2898884316505175,1.5366031763866614,-0.026163913550132773,-0.11508486792312675,-0.9206689314900546,-2.1506840065693225,media-baja
1.3195803551629504,-1.1914184187276127,0.528587990067556,0.6212776310588154,-1.4065979273120892,0.4927596617700268,-0.3233514438151656,-0.5343074619517607,-2.1275740223982966,-1.2915711245479884,1.4270466751100295,0.46496835283355087,media-alta
-0.43620682377067915,-0.8102411432826048,0.07121961124938686,0.02851728331273415,-0.1923296403081921,-0.12098923498669463,0.3700337865884563,0.24732028870514175,1.3247425849951178,-0.4770806391923148,-0.7250259642733816,0.46496835283355087,media-alta
-0.43620682377067915,-0.7340056881936031,0.16269328701302077,-0.9673201009006824,-0.7994637838101408,0.3563710180463109,-0.7645965904356523,-1.5335016999049598,-0.8517178848833398,2.237887645326597,0.9379392570683454,0.46496835283355087,media-alta
1.5390537525296533,0.4095261381414205,-1.0264644979142192,-0.5879534783431904,2.1810129206539703,-0.8711267754671319,-1.3529234525963012,1.4560229959065747,0.9494907798436576,1.6948939884228138,-0.822847447881718,-2.1506840065693225,media-alta
2.8558941367298742,2.8490607009894706,0.07121961124938686,-0.6590847200727202,2.0706248945627066,-0.5983494880197001,-0.6595382221926793,1.4157329056665315,0.5742389746922008,0.9709024458844379,-0.333740029840034,-2.1506840065693225,media-baja
-0.8751536185040868,0.5619970483194239,-0.6605697948596839,0.3841734919603829,1.0219386466957052,-1.4848756722238534,-0.11323470732921957,-0.07500043321524931,-0.47646607973188293,-1.4725690101825828,-0.2359185462316975,0.46496835283355087,baja
-1.4238371119208457,0.028348862696412718,-0.020254064514247064,-0.6116638922530336,-0.08194161421692865,-0.39376652243412635,0.6431855440201861,-1.497240618688903,1.6999943901465744,1.9663908168747053,1.720511125935039,0.46496835283355087,alta
1.1001069577962457,1.7436466021989485,-1.209411849441487,-0.8013472035317797,1.6290727901976536,-1.2120983847764215,-1.836191946513977,1.1337022739861837,0.6492893357224908,0.6994056174325465,-1.4097763495317386,-2.1506840065693225,media-alta
-1.0946270158707905,-0.7340056881936031,-0.2946750918051483,2.6722284342602562,0.46999851623938793,1.5838688115597537,0.26497541834548327,0.9121067776659456,-0.1012142745804228,-1.2010721817306913,0.05754590459331366,0.46496835283355087,media-baja
2.1974739446297638,2.77282524590047,-1.849727579786924,-0.5879534783431904,2.3465949597908655,-1.3484870285001374,-1.6470868836766257,1.8105757900189916,0.7243396967527841,0.3374098461633589,-0.9206689314900546,-2.1506840065693225,media-alta
-0.8751536185040868,0.028348862696412718,0.3456406385402881,1.3800108761737993,-0.6338817446732457,-0.12098923498669463,1.5887108582069434,1.617183356866748,1.099591501904241,-0.11508486792312675,-1.018490415098391,0.46496835283355087,alta
-1.0946270158707905,-0.27659295765959346,-0.38614876756878225,-0.13745561405616863,-1.130627862083931,1.7202574552834695,0.3700337865884563,-1.5979658442890559,-0.40141571870158954,-0.8390764104615033,2.0139755767600502,0.46496835283355087,alta
1.209843656479597,-0.6577702331046015,-0.2032014160415149,-0.825057617441623,-0.1923296403081921,1.1065085585267482,1.3575824480724028,-0.4376112453756837,-0.6265668017924663,-0.11508486792312675,-0.2359185462316975,0.46496835283355087,media-alta
-0.5459435224540315,-0.5815347780156,-0.11172774027788097,1.8305087404608211,0.08364042491996618,-0.8711267754671319,0.43306880753424015,1.556748221506683,1.1746418629345343,-0.2055838107404239,-1.018490415098391,0.46496835283355087,media-alta
-0.32647012508732776,-1.0389475085496094,-0.2946750918051483,1.0717754953458372,-0.6338817446732457,-0.12098923498669463,-0.197281401923598,-0.13140655955128308,-0.7766675238530497,-0.5675795820096119,0.4488318390266613,0.46496835283355087,alta
0.11247666964607989,-1.115182963638611,0.2541669627766547,0.26562142241116665,-0.4682997055363504,-1.0075154191908477,-0.2393047492207872,-0.6471197146239177,-1.6772718562165467,-1.0200742960960971,0.3510103554183248,0.46496835283355087,media-alta
-0.5459435224540315,-0.7340056881936031,0.2541669627766547,1.4985629457230154,-0.026747601171296913,1.9248404208690433,0.3700337865884563,0.3520745233292812,0.048886447480160584,-1.0200742960960971,0.3510103554183248,0.46496835283355087,media-baja
-0.9848903171874382,-1.2676538738166143,-0.38614876756878225,-0.919899273080996,-0.5234937185819821,1.37928584597418,-0.11323470732921957,-1.4045734111368122,0.4991886136619074,-1.2010721817306913,0.7422962898516707,0.46496835283355087,media-alta
-0.32647012508732776,0.86693886867543,-0.11172774027788097,-0.4219805809742877,-0.9650458229470357,-0.2573778787104105,0.26497541834548327,-1.5254436818569421,-1.6022214951862566,-1.2915711245479884,1.524868158718366,0.46496835283355087,media-alta
0.11247666964607989,-0.7340056881936031,-0.6605697948596839,-0.919899273080996,-0.5234937185819821,-0.9393210973289898,0.7692555859117538,-0.9774984545923264,0.27403753057103397,0.15641196052876463,0.7422962898516707,0.46496835283355087,media-alta
-0.8751536185040868,-0.8102411432826048,0.16269328701302077,2.0439024656494107,-0.24752365335382384,2.5385893176257652,1.189489058883646,1.0934121837461404,1.099591501904241,-0.11508486792312675,-0.040275579015022815,0.46496835283355087,media-alta
-1.5335738106041972,-1.1914184187276127,-0.47762244333241616,0.24191100850132327,-0.41310569249071905,-0.18918355684855256,-0.197281401923598,-0.3167409746555091,-1.1519193290045064,0.6089066746152493,-0.5293829970567069,0.46496835283355087,media-alta
-0.10699672772062392,0.86693886867543,-2.672990661659628,-0.8013472035317797,1.6290727901976536,-1.0757097410527057,-1.9832736620541394,0.21508821651311608,1.0245411408739509,2.6903823594130825,0.15536738820165014,-2.1506840065693225,media-alta
2.0877372459464123,-0.8864765983716062,0.16269328701302077,-0.4219805809742877,-0.08194161421692865,-1.4166813503619953,-1.731133578271004,0.0055797472648372705,-0.551516440762173,-1.3820700673652857,-0.6272044806650434,0.46496835283355087,media-alta
-0.32647012508732776,-0.27659295765959346,1.077430044649359,0.5501463893292855,-1.130627862083931,-0.0527949131248367,-0.2603164228693818,-1.106426743360474,-1.001818606943923,0.6994056174325465,2.0139755767600502,0.46496835283355087,alta
0.0027399709627274923,-1.1914184187276127,1.1689037204129928,-0.6590847200727202,0.9667446336500736,-0.9393210973289898,-1.9202386411083556,-0.44566926342365654,1.0245411408739509,0.24691090334606178,1.9161540931517136,-2.1506840065693225,media-alta
0.3319500670127837,-0.5815347780156,0.8030090173584576,-0.23229726969554174,-1.0202398359926674,-1.4848756722238534,-0.5754915275983009,-0.9613824184962912,-0.926768245913633,-1.1105732389133942,0.6444748062433342,0.46496835283355087,media-alta
1.4293170538463018,3.2683557039789797,-1.849727579786924,-0.8013472035317797,2.1810129206539703,-1.0075154191908477,-1.247865084353328,0.8516716423058807,-0.17626463561071615,2.7808813022303784,-0.822847447881718,-2.1506840065693225,media-baja
-0.32647012508732776,-0.8864765983716062,0.437114314303922,-0.8724784452613094,-1.241015888175194,-1.6212643159475693,-1.6050635363794366,-1.0621076440963995,-0.026163913550132773,0.7899045602498436,0.4488318390266613,0.46496835283355087,media-alta
0.11247666964607989,2.3916479704554616,-2.5815169858959943,-0.7302159618022499,1.6290727901976536,-0.9393210973289898,-0.722573243138463,1.2344274995862918,2.375447639419198,0.6089066746152493,-0.6272044806650434,-2.1506840065693225,media-alta
0.3319500670127837,0.3332906830524189,0.16269328701302077,-0.919899273080996,-1.4065979273120892,-0.2573778787104105,-1.415958473542085,-1.1628328696965078,-0.026163913550132773,-1.6535668958171765,0.7422962898516707,0.46496835283355087,media-alta
-0.43620682377067915,-0.047886592392588925,-2.0326749313141916,-0.919899273080996,-0.6338817446732457,1.5156744896978958,0.39104546023705095,-0.9372083643522384,-0.7016171628227563,-0.6580785248269091,-0.333740029840034,0.46496835283355087,media-baja
-0.5459435224540315,-1.1914184187276127,0.07121961124938686,-0.919899273080996,-0.8546577968557721,1.242897202250464,1.336570774423808,-1.5254436818569421,1.0245411408739509,1.1519003315190322,1.9161540931517136,0.46496835283355087,alta
-0.32647012508732776,-0.8864765983716062,-0.38614876756878225,-0.9673201009006824,-0.9098518099014039,-0.802932453605274,-1.1428067161103552,-1.68660404281716,-0.551516440762173,-1.2915711245479884,1.2314037078933548,0.46496835283355087,baja
-0.655680221137383,-0.27659295765959346,-0.47762244333241616,0.8346713562474047,-0.5786877316276139,0.9019255929411744,0.34902211293986174,0.48906083014544627,0.7993900577830741,-1.2915711245479884,-0.2359185462316975,0.46496835283355087,media-alta
1.6487904512130047,0.180819772874416,0.437114314303922,-0.919899273080996,-0.3027176663994556,-1.3484870285001374,-0.07121136003203037,0.47294479404941103,-0.32636535767129954,-0.38658169637501816,-1.018490415098391,0.46496835283355087,baja
0.661160163062839,0.86693886867543,-0.2946750918051483,-0.18487644187585517,-0.24752365335382384,0.1517880524607371,-0.42840981205813866,-1.0419625989763779,-0.40141571870158954,0.42790878898065604,1.720511125935039,0.46496835283355087,alta
-0.5459435224540315,0.3332906830524189,1.9006931265220637,1.427431703993486,-0.24752365335382384,-1.5530699940857113,-0.2603164228693818,0.8919617325459239,-1.0768689679742165,-0.4770806391923148,-1.018490415098391,0.46496835283355087,media-baja
-0.10699672772062392,0.5619970483194239,-0.9349908221505855,1.285169220534426,2.622565025019024,-1.2120983847764215,-0.6595382221926793,0.8798747054738751,-1.3770704120953832,-0.38658169637501816,-1.1163118987067275,0.46496835283355087,media-baja
0.5514234643794865,0.25705522796341723,2.632482532631134,-0.6353743061628769,1.2427146988782314,-0.5301551661578422,-1.6470868836766257,0.8758456964498887,1.2496922239648243,2.5093844737784883,0.6444748062433342,-2.1506840065693225,media-alta
-1.5335738106041972,-0.7340056881936031,-1.0264644979142192,2.5418211577561185,-0.35791167944508734,0.6973426273556006,-0.197281401923598,1.7058215553948521,0.048886447480160584,-0.4770806391923148,-1.5075978331400752,0.46496835283355087,media-alta
1.209843656479597,-0.5052993229265984,1.3518510719402608,-0.36270454619967957,-0.026747601171296913,-1.1439040629145636,-0.42840981205813866,0.34401650528126354,0.4991886136619074,0.6089066746152493,-0.7250259642733816,0.46496835283355087,media-baja
0.7708968617461903,-0.8864765983716062,-1.0264644979142192,-0.919899273080996,-0.7994637838101408,-0.39376652243412635,-0.8276316113814361,-1.4126314291848299,-1.3770704120953832,-0.4770806391923148,1.2314037078933548,0.46496835283355087,media-alta
-0.32647012508732776,2.31541251536646,-2.1241486070778253,-0.8013472035317797,0.9667446336500736,-0.18918355684855256,-1.7731569255681934,0.8557006513298671,1.5498936680859912,2.7808813022303784,-0.9206689314900546,-2.1506840065693225,media-alta
-0.21673342640397533,0.028348862696412718,-1.3923592009687547,-0.919899273080996,0.02844641187433444,-1.0757097410527057,-0.5544798539497062,-0.1555806136953359,0.048886447480160584,-1.2010721817306913,-0.9206689314900546,0.46496835283355087,baja
-0.7654169198207343,-0.8102411432826048,0.2541669627766547,2.5536763647110403,-0.5786877316276139,1.7202574552834695,0.4120571338856455,0.9644838949779929,-0.7766675238530497,-1.2010721817306913,0.15536738820165014,0.46496835283355087,media-baja
-0.5459435224540315,-0.6577702331046015,-0.6605697948596839,-0.3271389253349147,-0.3027176663994556,0.3563710180463109,0.3280104392912671,-0.8808022380162046,-0.47646607973188293,1.1519003315190322,0.8401177734600089,0.46496835283355087,alta
-1.204363714554142,-0.047886592392588925,-0.6605697948596839,-0.46940140879397424,-0.5234937185819821,-0.39376652243412635,0.43306880753424015,-1.2031229599365958,0.7243396967527841,-0.6580785248269091,0.8401177734600089,0.46496835283355087,media-alta
-0.10699672772062392,-0.5815347780156,0.3456406385402881,-1.014740928720369,-1.0202398359926674,0.7655369492174585,-0.38638646476094946,-1.8155323315853074,-0.40141571870158954,-1.2915711245479884,1.2314037078933548,0.46496835283355087,alta
0.8806335604295428,-0.5052993229265984,-0.2032014160415149,0.004806869402890774,-1.075433849038299,0.1517880524607371,-0.11323470732921957,-1.0419625989763779,-1.1519193290045064,-1.7440658386344736,1.329225191501693,0.46496835283355087,alta
3.075367534096579,0.25705522796341723,0.6200616658311898,-0.8961888591711527,0.4148045031937566,0.015399408737021234,-1.584051862730842,0.9564258769299753,0.34908789160132403,2.7808813022303784,0.15536738820165014,-2.1506840065693225,alta
0.11247666964607989,1.400587054298441,-1.209411849441487,-0.7539263757120932,1.132326672786968,-1.2802927066382794,-1.9202386411083556,1.298891643970388,2.300397278388908,1.8758918740574082,-0.822847447881718,-2.1506840065693225,media-alta
-0.7654169198207343,0.028348862696412718,-0.38614876756878225,-0.0900347862364821,-0.9098518099014039,-0.8711267754671319,-0.008176339086246558,-1.1225427794564644,1.099591501904241,1.7853929312401111,2.0139755767600502,0.46496835283355087,media-alta
0.3319500670127837,-0.047886592392588925,-0.2946750918051483,-0.8724784452613094,-0.026747601171296913,0.1517880524607371,0.3069987656426725,-0.5987716063358569,0.7243396967527841,0.42790878898065604,0.05754590459331366,0.46496835283355087,media-alta
-1.0946270158707905,0.4857615932304222,1.4433247477038942,-0.919899273080996,0.02844641187433444,1.9248404208690433,1.8408509419900787,-0.5222204348797567,0.19898716954074397,-0.11508486792312675,-0.822847447881718,0.46496835283355087,media-baja
-0.10699672772062392,-1.115182963638611,0.16269328701302077,-0.30342851142507143,-0.9098518099014039,-0.9393210973289898,0.09688202915672646,-0.39732115513564037,-0.17626463561071615,-1.1105732389133942,0.15536738820165014,0.46496835283355087,alta
0.661160163062839,0.028348862696412718,2.815429884158402,1.2614588066245829,-0.7994637838101408,1.7202574552834695,0.6431855440201861,1.3754428154264882,-0.6265668017924663,-0.6580785248269091,-1.5075978331400752,0.46496835283355087,media-alta
-0.10699672772062392,-0.27659295765959346,-0.2946750918051483,-0.919899273080996,-0.6338817446732457,-1.2802927066382794,-0.8276316113814361,-1.070165662144417,-0.2513149966410062,1.2423992743363292,0.6444748062433342,0.46496835283355087,media-baja
-0.43620682377067915,0.180819772874416,-0.020254064514247064,2.636662813395491,0.02844641187433444,-0.7347381317434161,0.49610382848002393,1.5930093027227399,-1.1519193290045064,0.24691090334606178,-1.3119548659234022,0.46496835283355087,media-baja
0.661160163062839,-0.3528284127485951,0.2541669627766547,-0.825057617441623,-1.241015888175194,-0.32557220057226843,0.9583606487491052,-1.3239932306567257,-1.6772718562165467,-0.296082753557721,1.6226896423267025,0.46496835283355087,alta
0.7708968617461903,-1.0389475085496094,-0.020254064514247064,1.640825429182075,0.1388344379655979,1.0383142366648903,0.3700337865884563,1.4560229959065747,-1.1519193290045064,0.15641196052876463,-1.5075978331400752,0.46496835283355087,media-alta
-0.32647012508732776,-0.5815347780156,0.6200616658311898,0.7161192866981885,-0.3027176663994556,1.311091524112322,1.3155591007752134,0.5615829925775152,-0.47646607973188293,-0.11508486792312675,-0.9206689314900546,0.46496835283355087,media-alta
2.307210643313115,0.028348862696412718,0.985956368885725,-0.9436096869908392,-0.24752365335382384,-1.1439040629145636,1.336570774423808,0.20703019846509846,-1.001818606943923,-0.296082753557721,-0.822847447881718,0.46496835283355087,media-baja
0.661160163062839,-0.7340056881936031,0.985956368885725,-0.8013472035317797,0.08364042491996618,-1.4166813503619953,-0.7435849167870577,-0.8808022380162046,0.6492893357224908,-0.2055838107404239,1.329225191501693,0.46496835283355087,media-alta
0.8806335604295428,0.4095261381414205,-0.7520434706233177,-0.825057617441623,1.4634907510607584,-0.5301551661578422,-1.5420285154336526,0.7710914618257493,0.4991886136619074,1.4233971599709234,-1.1163118987067275,-2.1506840065693225,media-baja
-0.10699672772062392,-1.3438893289056157,0.8030090173584576,-0.8487680313514662,-0.8546577968557721,-1.0075154191908477,-0.7856082640842469,-1.3239932306567257,-0.17626463561071615,-0.8390764104615033,1.329225191501693,0.46496835283355087,media-alta
0.3319500670127837,-1.0389475085496094,-0.11172774027788097,0.8346713562474047,0.7459685814675466,-0.32557220057226843,-0.40739813840954403,0.6905112813456628,-2.052523661368007,0.42790878898065604,-1.1163118987067275,0.46496835283355087,media-baja
0.0027399709627274923,-0.42906386783759676,0.2541669627766547,2.1624545351986266,0.9115506206044418,0.28817669618445296,1.399605795369592,1.6977635373468791,-1.0768689679742165,0.15641196052876463,-1.3119548659234022,0.46496835283355087,alta
-1.6433105092875497,-0.9627120534606078,0.7115353415948238,-0.9910305148105255,-0.41310569249071905,-0.9393210973289898,-1.1638183897589498,-1.0419625989763779,0.12393680851045061,0.15641196052876463,-0.1380970626233593,0.46496835283355087,media-alta
-0.7654169198207343,-0.047886592392588925,0.8030090173584576,0.26562142241116665,-0.6338817446732457,0.5609539836318848,1.441629142666781,0.2996974060171891,-0.551516440762173,0.06591301771146751,-0.6272044806650434,0.46496835283355087,media-baja
-0.5459435224540315,0.4095261381414205,-0.6605697948596839,-0.7776367896219364,0.7459685814675466,-0.5301551661578422,-0.05019968638343576,0.08615992774496858,0.7993900577830741,0.24691090334606178,-1.018490415098391,0.46496835283355087,media-baja
0.9903702591128941,-0.8864765983716062,-0.11172774027788097,0.6686984588785018,-0.7442697707645091,0.7655369492174585,0.15991705010251028,-0.24018980319945366,-0.8517178848833398,1.4233971599709234,1.329225191501693,0.46496835283355087,media-alta
-0.10699672772062392,-0.12412204748159057,0.6200616658311898,2.281006604747843,-1.0202398359926674,1.9930347427309014,1.2315124061808351,1.5768932666267046,-0.2513149966410062,0.8804035030671407,-1.1163118987067275,0.46496835283355087,alta
-0.43620682377067915,1.400587054298441,0.6200616658311898,0.5264359754194423,-0.24752365335382384,-0.32557220057226843,1.1054423642892675,0.9000197505938968,0.7993900577830741,0.24691090334606178,-0.822847447881718,0.46496835283355087,media-baja
0.0027399709627274923,-1.115182963638611,0.6200616658311898,0.5027255615095991,0.08364042491996618,1.242897202250464,1.2525240798294297,0.5696410106255329,1.0245411408739509,0.06591301771146751,-0.822847447881718,0.46496835283355087,media-alta
0.7708968617461903,-1.115182963638611,1.7177457749947957,-0.9436096869908392,-0.3027176663994556,0.28817669618445296,0.3700337865884563,-1.6060238623370733,-0.40141571870158954,-1.0200742960960971,1.524868158718366,0.46496835283355087,media-alta
0.44168676569613513,-0.20035750257059223,-0.47762244333241616,2.292861811702764,0.9115506206044418,1.1065085585267482,1.1684773852350512,1.609125338818775,-1.30202005106509,-0.2055838107404239,-1.2141333823150657,0.46496835283355087,baja
-0.5459435224540315,-1.2676538738166143,0.2541669627766547,-0.042613958416795765,0.24922246405686138,0.21998237432259504,0.05485868185953725,-0.07500043321524931,1.099591501904241,-0.8390764104615033,-0.822847447881718,0.46496835283355087,media-baja
-0.10699672772062392,-0.12412204748159057,-0.38614876756878225,-0.8961888591711527,1.4082967380151268,-0.4619608442959843,0.47509215483142936,-0.3812051190396052,-0.8517178848833398,0.06591301771146751,-0.333740029840034,0.46496835283355087,media-baja
-1.204363714554142,-0.27659295765959346,-0.38614876756878225,-0.7065055478924067,0.02844641187433444,-0.5301551661578422,0.5171155021286186,-0.1555806136953359,0.12393680851045061,1.4233971599709234,-0.1380970626233593,0.46496835283355087,media-alta
-0.21673342640397533,-0.27659295765959346,-0.11172774027788097,-0.8724784452613094,-0.1923296403081921,1.0383142366648903,0.2019403973996995,-1.0419625989763779,1.0245411408739509,-1.2010721817306913,0.6444748062433342,0.46496835283355087,alta
2.52668404067982,-1.1914184187276127,-0.11172774027788097,-0.919899273080996,-0.4682997055363504,-0.32557220057226843,1.126454037937862,0.40848064966531494,-0.47646607973188293,-0.4770806391923148,-1.3119548659234022,0.46496835283355087,media-baja
-0.32647012508732776,-0.5815347780156,-0.2032014160415149,-0.7776367896219364,-0.35791167944508734,-1.0757097410527057,-0.5544798539497062,-0.8324541297281437,0.12393680851045061,1.1519003315190322,-0.040275579015022815,0.46496835283355087,alta
-0.21673342640397533,-0.8864765983716062,0.2541669627766547,-0.8013472035317797,-0.41310569249071905,-0.39376652243412635,0.2859870919940779,-0.35703106489555236,0.7243396967527841,0.7899045602498436,-0.333740029840034,0.46496835283355087,baja
0.0027399709627274923,0.86693886867543,0.985956368885725,0.052227697222577314,1.077132659741337,-0.12098923498669463,0.13890537645391568,1.1739923642262269,1.5498936680859912,1.8758918740574082,0.05754590459331366,-2.1506840065693225,media-baja
0.2222133683294313,-0.8864765983716062,0.7115353415948238,-0.7065055478924067,-0.13713562726256037,-0.4619608442959843,-0.7435849167870577,-1.5899078262410382,-2.052523661368007,-1.4725690101825828,1.524868158718366,0.46496835283355087,media-alta
-0.10699672772062392,-0.047886592392588925,1.9006931265220637,-0.8487680313514662,-1.1858218751295624,-1.757652959671285,-1.2898884316505175,-1.0419625989763779,-1.0768689679742165,-0.7485774676442062,-0.040275579015022815,0.46496835283355087,media-baja
1.9780005472630608,0.028348862696412718,-0.020254064514247064,-0.7776367896219364,2.0706248945627066,-1.2802927066382794,-2.172378724891491,0.5293509203854896,-0.32636535767129954,0.3374098461633589,-0.040275579015022815,-2.1506840065693225,media-alta
3.294840931463282,0.86693886867543,0.8030090173584576,-0.6353743061628769,2.2914009467452336,-1.2120983847764215,-1.4789934944878689,1.5930093027227399,0.048886447480160584,1.1519003315190322,-0.43156151344837046,-2.1506840065693225,alta
-0.5459435224540315,-0.5815347780156,-0.6605697948596839,0.7872505284277179,-0.9098518099014039,-0.39376652243412635,0.26497541834548327,0.5776990286735504,0.8744404188133675,0.6994056174325465,-0.1380970626233593,0.46496835283355087,media-alta
-1.4238371119208457,-0.3528284127485951,-1.0264644979142192,0.4790151475997558,-0.5786877316276139,0.7655369492174585,0.47509215483142936,0.013637765312854875,-0.47646607973188293,-0.296082753557721,-0.6272044806650434,0.46496835283355087,media-baja
-0.10699672772062392,-0.5815347780156,1.4433247477038942,-0.9436096869908392,-0.41310569249071905,-0.8711267754671319,0.1809287237511049,-1.058078635072413,-0.17626463561071615,-0.5675795820096119,0.5466533226349978,0.46496835283355087,media-alta
0.3319500670127837,1.3243515992094395,-0.6605697948596839,2.3284274325675294,-1.130627862083931,0.21998237432259504,0.6431855440201861,0.3681905594252716,-0.6265668017924663,-0.024585925105829624,1.524868158718366,0.46496835283355087,alta
-0.9848903171874382,1.0194097788534333,-0.47762244333241616,-0.20858685578569836,0.6907745684219149,2.1976177083164754,1.7568042473957002,-0.1555806136953359,0.42413825263161736,0.06591301771146751,-0.6272044806650434,0.46496835283355087,baja
0.0027399709627274923,-0.8102411432826048,0.16269328701302077,-0.9673201009006824,-0.6338817446732457,0.21998237432259504,-0.5334681803011116,-1.315935212608708,-0.7766675238530497,2.1473887025092995,0.7422962898516707,0.46496835283355087,media-alta
0.0027399709627274923,-0.27659295765959346,0.3456406385402881,-0.4219805809742877,-1.241015888175194,0.28817669618445296,-0.6595382221926793,-1.6785460247691424,-1.9024229393074235,-1.6535668958171765,1.6226896423267025,0.46496835283355087,media-baja
1.4293170538463018,-0.27659295765959346,0.8030090173584576,0.8583817701572479,-0.13713562726256037,0.1517880524607371,0.49610382848002393,1.7783437178269659,1.3997929460254077,-0.4770806391923148,-1.1163118987067275,0.46496835283355087,media-baja
0.661160163062839,-0.3528284127485951,0.3456406385402881,0.004806869402890774,-1.130627862083931,-0.0527949131248367,-0.11323470732921957,-0.9613824184962912,-0.7766675238530497,-0.8390764104615033,1.720511125935039,0.46496835283355087,media-alta
-1.5335738106041972,-0.8102411432826048,0.07121961124938686,-0.8724784452613094,-1.130627862083931,0.1517880524607371,-0.008176339086246558,-1.5899078262410382,0.8744404188133675,0.06591301771146751,1.4270466751100295,0.46496835283355087,media-alta
0.2222133683294313,-0.42906386783759676,1.626272099231162,-0.06632437232663893,-1.241015888175194,0.08359373059887917,-0.3233514438151656,-0.3167409746555091,0.19898716954074397,0.24691090334606178,0.3510103554183248,0.46496835283355087,media-alta
0.0027399709627274923,-0.047886592392588925,-0.5690961190960501,1.4037212900836424,-0.13713562726256037,0.08359373059887917,0.2859870919940779,0.904048759617928,-0.551516440762173,-1.0200742960960971,-0.9206689314900546,0.46496835283355087,media-baja
0.661160163062839,-0.3528284127485951,1.626272099231162,-0.350849339244758,-0.7442697707645091,1.0383142366648903,0.34902211293986174,-1.2998191765126728,-1.30202005106509,-1.2010721817306913,1.1335822242850184,0.46496835283355087,media-alta
2.52668404067982,0.6382325034084255,1.4433247477038942,-0.6590847200727202,2.015430881517075,-1.6894586378094272,-2.151367051242896,1.3432107432344624,-0.47646607973188293,-0.11508486792312675,0.05754590459331366,-2.1506840065693225,media-baja
0.11247666964607989,-0.5815347780156,-0.2032014160415149,-0.540532650523504,-0.7994637838101408,-0.9393210973289898,-0.11323470732921957,-0.11126151443126144,1.099591501904241,1.5138961027882205,-0.333740029840034,0.46496835283355087,media-alta
-0.21673342640397533,-0.42906386783759676,-0.38614876756878225,-0.2560076836053849,-1.075433849038299,-0.7347381317434161,-0.8906666323272199,-1.4086024201607985,-0.7016171628227563,-1.1105732389133942,1.0357607406766818,0.46496835283355087,media-alta
3.5143143288299865,-0.5052993229265984,1.534798423467528,-0.7302159618022499,-0.4682997055363504,-0.18918355684855256,0.8743139541547268,1.4560229959065747,-0.17626463561071615,0.6994056174325465,-0.7250259642733816,0.46496835283355087,media-baja
-0.21673342640397533,0.4095261381414205,-0.2946750918051483,2.020192051739567,-1.075433849038299,0.21998237432259504,0.3069987656426725,0.16674010822505517,-0.8517178848833398,-1.2915711245479884,1.1335822242850184,0.46496835283355087,media-alta
0.5514234643794865,1.7055288746544477,-1.666780228259656,-0.6590847200727202,2.5673710119733926,-0.4619608442959843,-1.1848300634075444,1.3955878605465097,1.3247425849951178,0.8804035030671407,-1.018490415098391,-2.1506840065693225,media-baja
-0.7654169198207343,0.4095261381414205,0.528587990067556,-0.10188999319140389,-0.5234937185819821,0.5950511445628137,1.9774268207059436,-0.026652324927188418,-0.8517178848833398,-0.11508486792312675,-0.6272044806650434,0.46496835283355087,media-alta
-0.8751536185040868,-0.8102411432826048,-0.020254064514247064,-0.9673201009006824,-0.41310569249071905,-0.0527949131248367,-0.11323470732921957,-1.130600797504482,2.0752461952980346,1.5138961027882205,0.5466533226349978,0.46496835283355087,media-alta
-0.10699672772062392,0.028348862696412718,0.2541669627766547,-0.9436096869908392,-0.4682997055363504,-0.7347381317434161,-1.1217950424617606,-1.2837031404166823,0.7243396967527841,1.2423992743363292,1.524868158718366,0.46496835283355087,alta
-0.32647012508732776,-0.6577702331046015,0.07121961124938686,-0.8724784452613094,-1.3514039142664576,0.8337312710793164,0.5171155021286186,-1.6060238623370733,0.5742389746922008,0.24691090334606178,2.0139755767600502,0.46496835283355087,media-alta
2.0877372459464123,1.2481161441204378,0.07121961124938686,-0.5879534783431904,1.8498488423801807,-0.6665438098815581,-0.008176339086246558,1.617183356866748,0.7993900577830741,0.9709024458844379,-1.018490415098391,-2.1506840065693225,media-baja
1.6487904512130047,-1.115182963638611,-0.2946750918051483,-0.6116638922530336,-0.1923296403081921,0.4927596617700268,0.5801505230744024,-0.2965959295354874,-0.8517178848833398,0.42790878898065604,0.3510103554183248,0.46496835283355087,media-alta
0.11247666964607989,0.180819772874416,0.2541669627766547,1.735667084821448,-0.13713562726256037,-1.6212643159475693,-1.7101219046224094,-0.07500043321524931,-0.17626463561071615,-1.0200742960960971,1.2314037078933548,0.46496835283355087,media-baja
0.11247666964607989,-0.7340056881936031,0.3456406385402881,0.052227697222577314,0.19402845101122965,0.42456533990816886,1.2735357534780243,0.14256605408100237,-1.001818606943923,-0.11508486792312675,-0.1380970626233593,0.46496835283355087,media-baja
0.9903702591128941,-0.3528284127485951,0.16269328701302077,-0.9673201009006824,-0.026747601171296913,0.6973426273556006,-0.40739813840954403,-1.759126205249229,-1.6022214951862566,-0.5675795820096119,1.9161540931517136,0.46496835283355087,media-alta
-0.32647012508732776,-1.0389475085496094,-0.2946750918051483,1.0717754953458372,-0.6338817446732457,-0.12098923498669463,-0.197281401923598,-0.13140655955128308,-0.7766675238530497,-0.5675795820096119,0.4488318390266613,0.46496835283355087,alta
-0.21673342640397533,0.6382325034084255,0.528587990067556,0.8583817701572479,0.1388344379655979,0.3563710180463109,0.5381271757772131,0.6502211911056194,-0.40141571870158954,-0.11508486792312675,-1.1163118987067275,0.46496835283355087,media-baja
0.3319500670127837,-0.5052993229265984,-0.2032014160415149,-0.7302159618022499,0.19402845101122965,-0.802932453605274,-1.5420285154336526,0.916135786689932,1.3997929460254077,2.237887645326597,0.4488318390266613,-2.1506840065693225,alta
0.5514234643794865,-0.3528284127485951,1.9006931265220637,-0.49311182270381737,-0.41310569249071905,-0.18918355684855256,0.6221738703715916,-1.2474420592006255,-1.4521207731256733,0.15641196052876463,0.9379392570683454,0.46496835283355087,media-alta
2.0877372459464123,-0.20035750257059223,0.2541669627766547,1.6171150152722318,-1.130627862083931,0.21998237432259504,1.1474657115864566,1.077296147650105,-0.6265668017924663,-0.38658169637501816,0.15536738820165014,0.46496835283355087,media-baja
1.3195803551629504,-0.42906386783759676,0.894482693122091,0.9295130118867774,-0.4682997055363504,0.6973426273556006,0.8322906068575376,0.0055797472648372705,-0.8517178848833398,-1.2010721817306913,1.524868158718366,0.46496835283355087,alta
0.11247666964607989,-1.115182963638611,0.528587990067556,0.3841734919603829,0.46999851623938793,1.1065085585267482,0.11789370280532106,-0.46984331756770936,-1.001818606943923,-0.4770806391923148,0.5466533226349978,0.46496835283355087,alta
-0.8751536185040868,0.180819772874416,0.16269328701302077,-0.161166027966012,-0.9098518099014039,-0.802932453605274,-0.8906666323272199,-1.082252689216421,1.2496922239648243,0.6089066746152493,1.524868158718366,0.46496835283355087,alta
-0.10699672772062392,-0.5815347780156,0.437114314303922,-0.5879534783431904,-0.9098518099014039,-0.5983494880197001,-0.2182930755721926,-1.7671842232972466,-0.17626463561071615,-1.2010721817306913,2.1117970603683864,0.46496835283355087,alta
-0.8751536185040868,-0.8864765983716062,0.8030090173584576,-0.8961888591711527,-0.7442697707645091,0.28817669618445296,-0.3233514438151656,-1.082252689216421,1.8500951122071578,-0.11508486792312675,0.9379392570683454,0.46496835283355087,media-alta
0.7708968617461903,-0.8102411432826048,0.7115353415948238,-0.825057617441623,-0.9098518099014039,2.1294233864546173,1.2105007325322406,-1.3642833208967688,-0.926768245913633,2.1473887025092995,2.1117970603683864,0.46496835283355087,alta
-0.7654169198207343,-0.047886592392588925,-0.2946750918051483,-0.8961888591711527,-0.7442697707645091,-1.2802927066382794,-0.07121136003203037,-1.0016725087363345,0.7993900577830741,-0.024585925105829624,-0.040275579015022815,0.46496835283355087,alta
1.8682638485797094,-0.5815347780156,2.0836404780493316,-0.6590847200727202,1.7946548293345488,-0.39376652243412635,-1.3739351262448958,1.5768932666267046,1.3247425849951178,0.24691090334606178,-1.2141333823150657,-2.1506840065693225,media-baja
0.8806335604295428,0.25705522796341723,0.437114314303922,-0.8724784452613094,-0.6890757577188773,-1.3484870285001374,0.03384700821094265,-0.6390616965759002,0.27403753057103397,-0.296082753557721,0.5466533226349978,0.46496835283355087,media-baja
-1.204363714554142,-1.115182963638611,1.626272099231162,-1.014740928720369,-0.9098518099014039,-0.32557220057226843,-0.34436311746376025,-0.9613824184962912,-0.026163913550132773,-0.8390764104615033,-0.6272044806650434,0.46496835283355087,media-alta
0.5514234643794865,-1.115182963638611,-0.38614876756878225,-0.161166027966012,-0.026747601171296913,-0.5301551661578422,-0.5124565066525171,-0.0669424151672317,-1.001818606943923,-0.38658169637501816,-0.9206689314900546,0.46496835283355087,media-alta
-0.5459435224540315,0.10458431778541437,-0.6605697948596839,2.5536763647110403,-0.3027176663994556,0.015399408737021234,0.5171155021286186,1.5446611944346789,-1.001818606943923,0.06591301771146751,-1.2141333823150657,0.46496835283355087,media-baja
0.3319500670127837,0.9431743237644317,-1.0264644979142192,1.4748525318131722,-0.08194161421692865,0.9019255929411744,0.7272322386145645,1.4560229959065747,0.42413825263161736,-0.6580785248269091,-1.4097763495317386,0.46496835283355087,media-baja
-0.32647012508732776,0.7144679584974267,-0.020254064514247064,0.8346713562474047,1.8498488423801807,-0.32557220057226843,-1.6260752100280311,1.5527192124826965,1.2496922239648243,1.1519003315190322,-0.333740029840034,-2.1506840065693225,media-alta
-0.8751536185040868,-0.20035750257059223,0.8030090173584576,0.28933183632100984,-0.6338817446732457,0.8337312710793164,0.9373489751005106,0.3681905594252716,-0.47646607973188293,-0.6580785248269091,-1.1163118987067275,0.46496835283355087,media-alta
1.3195803551629504,1.3243515992094395,1.077430044649359,-0.6590847200727202,-0.7994637838101408,0.08359373059887917,-0.1342463809778142,0.0055797472648372705,0.12393680851045061,-0.38658169637501816,0.2531888718099866,0.46496835283355087,media-alta
0.0027399709627274923,-0.8102411432826048,0.528587990067556,-0.6827951339825634,-1.3514039142664576,-0.5301551661578422,-0.47043315935532787,-1.6463139525771167,-0.47646607973188293,-1.2010721817306913,0.9379392570683454,0.46496835283355087,alta
-0.21673342640397533,0.028348862696412718,-0.47762244333241616,0.7161192866981885,0.1388344379655979,0.08359373059887917,1.2105007325322406,0.8516716423058807,0.27403753057103397,-0.024585925105829624,-1.2141333823150657,0.46496835283355087,media-alta
0.661160163062839,-0.5052993229265984,-0.11172774027788097,0.597567217148972,-0.6890757577188773,2.470394995763907,1.5466875109097542,0.4689157850254246,-0.8517178848833398,-0.11508486792312675,-0.333740029840034,0.46496835283355087,media-baja
-0.7654169198207343,0.25705522796341723,-0.2946750918051483,1.735667084821448,-0.6338817446732457,-0.802932453605274,0.03384700821094265,0.4044516406413285,-0.1012142745804228,-0.7485774676442062,0.15536738820165014,0.46496835283355087,media-alta
2.0877372459464123,1.0194097788534333,1.626272099231162,-0.6353743061628769,1.8498488423801807,-0.6665438098815581,-0.995725000570193,1.7380536275869225,1.0245411408739509,0.5184077317979522,-0.7250259642733816,-2.1506840065693225,media-baja
-0.10699672772062392,-0.8102411432826048,-0.8435171463869515,-0.042613958416795765,-0.13713562726256037,0.4927596617700268,0.9583606487491052,0.04586983750492529,0.9494907798436576,-0.2055838107404239,-0.040275579015022815,0.46496835283355087,media-alta
2.307210643313115,1.629293419565446,-0.6605697948596839,-0.6353743061628769,1.51868476410639,-0.18918355684855256,0.34902211293986174,1.407674887618514,-0.026163913550132773,0.5184077317979522,-0.9206689314900546,-2.1506840065693225,media-baja
-0.21673342640397533,-0.9627120534606078,0.16269328701302077,-0.8724784452613094,-0.41310569249071905,2.1976177083164754,0.5591388494258077,-0.7599319672960301,1.6999943901465744,0.06591301771146751,0.3510103554183248,0.46496835283355087,media-baja
-0.655680221137383,2.3916479704554616,0.16269328701302077,-0.825057617441623,0.46999851623938793,-1.0075154191908477,-1.9832736620541394,0.3722195684493028,1.099591501904241,1.1519003315190322,-0.333740029840034,-2.1506840065693225,media-alta
-0.9848903171874382,-1.2676538738166143,-0.38614876756878225,1.356300462263956,-0.8546577968557721,1.0383142366648903,-0.1342463809778142,0.658279209153637,-0.7016171628227563,-1.2010721817306913,-1.3119548659234022,0.46496835283355087,media-alta
-0.7654169198207343,-0.047886592392588925,-0.38614876756878225,0.5027255615095991,-0.08194161421692865,1.1747028803886062,0.9793723223976999,-0.4658143085437229,0.42413825263161736,-0.5675795820096119,0.6444748062433342,0.46496835283355087,media-alta
0.2222133683294313,2.086706150099455,-0.47762244333241616,-0.7776367896219364,1.6290727901976536,-0.9393210973289898,-0.38638646476094946,0.5857570467215233,0.4991886136619074,0.06591301771146751,-0.5293829970567069,-2.1506840065693225,media-baja
2.4169473419964684,0.3332906830524189,0.7115353415948238,-0.8961888591711527,1.6290727901976536,0.6973426273556006,-1.415958473542085,0.8597296603538535,1.925145473237451,1.9663908168747053,0.4488318390266613,-2.1506840065693225,media-alta
-0.21673342640397533,1.0194097788534333,-0.38614876756878225,-0.13745561405616863,-0.8546577968557721,-0.9393210973289898,-0.8906666323272199,-1.5335016999049598,-0.7016171628227563,-1.3820700673652857,2.0139755767600502,0.46496835283355087,alta
2.307210643313115,0.180819772874416,-0.38614876756878225,-0.9673201009006824,-1.3514039142664576,-0.9393210973289898,-1.0377483478673821,-0.921092328256248,-1.001818606943923,-1.1105732389133942,0.3510103554183248,0.46496835283355087,media-baja
-1.204363714554142,0.028348862696412718,-1.75825390402329,0.1470693528619504,-0.5234937185819821,0.21998237432259504,1.4206174690181865,0.0055797472648372705,-0.40141571870158954,1.8758918740574082,-0.43156151344837046,0.46496835283355087,media-baja
-1.3141004132374934,0.6382325034084255,0.07121961124938686,0.17077976677179357,-0.9098518099014039,1.311091524112322,0.09688202915672646,-0.9613824184962912,2.2253469173586145,0.6089066746152493,2.0139755767600502,0.46496835283355087,alta
-0.21673342640397533,1.7817643297434493,-1.4838328767323885,-0.7302159618022499,1.4082967380151268,-0.802932453605274,-1.731133578271004,0.6905112813456628,1.474843307055701,0.6994056174325465,-0.333740029840034,-2.1506840065693225,media-baja
-0.655680221137383,-0.9627120534606078,-0.2946750918051483,-0.919899273080996,-0.24752365335382384,-0.5983494880197001,-0.6805498958412739,-1.6140818803850463,-0.2513149966410062,-0.024585925105829624,1.2314037078933548,0.46496835283355087,alta
0.8806335604295428,-0.8102411432826048,0.7115353415948238,-0.7776367896219364,0.35961049014812485,-0.6665438098815581,0.3280104392912671,-1.058078635072413,-1.2269696900348,0.06591301771146751,0.4488318390266613,0.46496835283355087,media-baja
-0.10699672772062392,-1.2676538738166143,-0.2946750918051483,2.2335857769281557,0.02844641187433444,-0.12098923498669463,0.5591388494258077,1.423790923714549,-1.9024229393074235,-1.1105732389133942,-1.4097763495317386,0.46496835283355087,alta
0.44168676569613513,-0.5815347780156,1.626272099231162,0.9769338397064642,-0.13713562726256037,1.311091524112322,0.5591388494258077,0.730801371585706,-0.32636535767129954,0.6994056174325465,0.05754590459331366,0.46496835283355087,alta
-1.3141004132374934,-0.5815347780156,-0.11172774027788097,-0.7776367896219364,-0.9650458229470357,-0.18918355684855256,-0.6385265485440846,-0.860657192896183,1.3247425849951178,1.6043950456055167,0.4488318390266613,0.46496835283355087,alta
0.11247666964607989,-0.6577702331046015,0.07121961124938686,0.7635401145178748,0.4148045031937566,1.1065085585267482,1.336570774423808,0.48906083014544627,-0.17626463561071615,-1.0200742960960971,-0.5293829970567069,0.46496835283355087,media-alta
-0.5459435224540315,-0.5052993229265984,1.8092194507584298,0.6449880449686586,-0.1923296403081921,2.061229064592759,1.399605795369592,0.6663372272016547,0.048886447480160584,-0.2055838107404239,-1.2141333823150657,0.46496835283355087,media-baja
0.7708968617461903,1.400587054298441,-1.3008855252051206,-0.8724784452613094,1.7394608162889171,-0.6665438098815581,-0.42840981205813866,0.6502211911056194,1.3247425849951178,-0.296082753557721,-0.9206689314900546,-2.1506840065693225,media-baja
-0.9848903171874382,-1.2676538738166143,1.3518510719402608,-0.8724784452613094,-0.6338817446732457,0.4927596617700268,0.012835334562348047,-0.5584815160958135,1.2496922239648243,-0.024585925105829624,-0.7250259642733816,0.46496835283355087,media-alta
-0.7654169198207343,-0.8864765983716062,-0.2946750918051483,-0.6590847200727202,-1.0202398359926674,-0.4619608442959843,-0.8066199377328415,-1.0903107072644387,0.7243396967527841,0.3374098461633589,1.0357607406766818,0.46496835283355087,media-baja
-0.5459435224540315,-0.1622397750260914,-0.6605697948596839,-0.8724784452613094,-0.6338817446732457,-0.12098923498669463,0.3700337865884563,-0.5423654799997784,1.0245411408739509,0.8804035030671407,-0.040275579015022815,0.46496835283355087,alta
-0.9848903171874382,-0.8102411432826048,1.9006931265220637,0.28933183632100984,-0.1923296403081921,-0.18918355684855256,0.012835334562348047,-0.08305845126326691,0.048886447480160584,-0.2055838107404239,-0.5293829970567069,0.46496835283355087,media-alta
-0.10699672772062392,-0.20035750257059223,-0.47762244333241616,-0.8724784452613094,-0.35791167944508734,-1.2802927066382794,-0.7435849167870577,-0.8405121477761613,-1.001818606943923,-0.4770806391923148,0.05754590459331366,0.46496835283355087,media-alta
0.11247666964607989,0.4095261381414205,-1.4838328767323885,-0.7776367896219364,-1.1858218751295624,-0.2573778787104105,-0.7435849167870577,-1.6463139525771167,0.6492893357224908,0.6994056174325465,2.1117970603683864,0.46496835283355087,alta
1.6487904512130047,-0.6577702331046015,-0.5690961190960501,1.427431703993486,-1.075433849038299,-1.2120983847764215,-0.5544798539497062,0.8315265971858142,-0.7766675238530497,-1.0200742960960971,0.3510103554183248,0.46496835283355087,media-baja
-0.21673342640397533,-0.12412204748159057,-0.2032014160415149,-0.9436096869908392,0.1388344379655979,-0.4619608442959843,1.399605795369592,-0.3086829566075362,0.5742389746922008,0.24691090334606178,-0.5293829970567069,0.46496835283355087,baja
-0.5459435224540315,0.25705522796341723,-0.2032014160415149,2.1624545351986266,-0.35791167944508734,1.5838688115597537,1.1474657115864566,1.8992139885470958,-0.32636535767129954,0.6089066746152493,-1.5075978331400752,0.46496835283355087,media-alta
-1.4238371119208457,-0.047886592392588925,0.16269328701302077,-0.9673201009006824,-0.7994637838101408,-0.5301551661578422,-0.49144483300392244,-1.1225427794564644,-0.2513149966410062,0.7899045602498436,0.05754590459331366,0.46496835283355087,media-alta
-0.10699672772062392,-1.3438893289056157,1.626272099231162,0.1470693528619504,0.1388344379655979,-0.5983494880197001,-0.09222303368062497,0.40848064966531494,1.099591501904241,-1.3820700673652857,-1.018490415098391,0.46496835283355087,media-alta
-0.21673342640397533,0.4857615932304222,-0.5690961190960501,1.0717754953458372,-0.5786877316276139,-0.18918355684855256,1.441629142666781,1.0934121837461404,0.4991886136619074,0.8804035030671407,-1.2141333823150657,0.46496835283355087,media-baja
-0.7654169198207343,0.10458431778541437,-0.6605697948596839,1.0717754953458372,-0.5234937185819821,-0.12098923498669463,-0.2813280965179764,0.48906083014544627,0.5742389746922008,-0.38658169637501816,-0.333740029840034,0.46496835283355087,media-alta
0.8806335604295428,0.10458431778541437,-0.47762244333241616,-0.9673201009006824,-0.35791167944508734,-0.5301551661578422,-0.40739813840954403,-0.47790133561572695,-0.17626463561071615,0.24691090334606178,0.05754590459331366,0.46496835283355087,media-alta
-0.32647012508732776,-0.5815347780156,0.2541669627766547,-0.042613958416795765,-0.6890757577188773,0.015399408737021234,-0.49144483300392244,-0.921092328256248,0.19898716954074397,-0.4770806391923148,1.329225191501693,0.46496835283355087,media-alta
-0.43620682377067915,0.180819772874416,-0.020254064514247064,2.636662813395491,0.02844641187433444,-0.7347381317434161,0.49610382848002393,1.5930093027227399,-1.1519193290045064,0.24691090334606178,-1.3119548659234022,0.46496835283355087,media-baja
-0.7654169198207343,1.095645233942435,-2.1241486070778253,-0.0900347862364821,-0.24752365335382384,0.21998237432259504,0.4540804811828347,0.025724792384858915,-0.8517178848833398,0.42790878898065604,-0.43156151344837046,0.46496835283355087,media-baja
0.661160163062839,0.5619970483194239,0.2541669627766547,1.1191963231655235,0.30441647710249314,0.28817669618445296,1.1684773852350512,1.2142824544662703,0.34908789160132403,0.7899045602498436,-0.2359185462316975,0.46496835283355087,media-baja
-0.9848903171874382,0.5619970483194239,-0.6605697948596839,-0.11374520014632547,-0.7442697707645091,0.9701199148030323,0.3280104392912671,-1.0661366531204306,0.12393680851045061,-0.7485774676442062,0.7422962898516707,0.46496835283355087,alta
-1.6433105092875497,-0.27659295765959346,-0.38614876756878225,-0.3271389253349147,-0.41310569249071905,1.4474801678360378,0.7482439122631592,-0.9533244004482736,1.0245411408739509,-0.6580785248269091,0.2531888718099866,0.46496835283355087,alta
0.0027399709627274923,1.1718806890314362,-0.6605697948596839,0.17077976677179357,-0.35791167944508734,-1.3484870285001374,-0.9537016532730037,0.48906083014544627,-0.026163913550132773,0.42790878898065604,-0.7250259642733816,0.46496835283355087,media-baja
1.1001069577962457,3.1158847938009764,-0.8435171463869515,-0.7302159618022499,1.1875206858325997,-1.3484870285001374,-1.7101219046224094,0.9322518227859672,1.099591501904241,0.3374098461633589,-1.3119548659234022,-2.1506840065693225,media-baja
-0.10699672772062392,-0.7340056881936031,-0.47762244333241616,0.9295130118867774,-1.296209901220826,0.42456533990816886,-0.008176339086246558,-0.8485701658241342,-1.1519193290045064,-1.5630679529998794,2.0139755767600502,0.46496835283355087,alta
-0.5459435224540315,-0.42906386783759676,1.3518510719402608,0.3841734919603829,-0.1923296403081921,1.9248404208690433,1.2735357534780243,0.6260471369616113,-0.1012142745804228,-0.5675795820096119,-1.1163118987067275,0.46496835283355087,media-baja
0.11247666964607989,-0.42906386783759676,-0.11172774027788097,-0.7539263757120932,-0.9650458229470357,1.311091524112322,0.7482439122631592,-1.4045734111368122,0.8744404188133675,-0.7485774676442062,1.6226896423267025,0.46496835283355087,alta
2.307210643313115,-0.27659295765959346,1.626272099231162,1.5459837735427022,-0.4682997055363504,-0.12098923498669463,0.3069987656426725,1.4560229959065747,-0.8517178848833398,-1.5630679529998794,-0.333740029840034,0.46496835283355087,baja
0.7708968617461903,-0.27659295765959346,-0.8435171463869515,-0.919899273080996,0.30441647710249314,-0.4619608442959843,0.15991705010251028,0.0055797472648372705,0.4991886136619074,-0.296082753557721,-0.9206689314900546,0.46496835283355087,media-baja
2.9656308354132275,-1.1914184187276127,1.3518510719402608,-0.825057617441623,-0.24752365335382384,-0.5301551661578422,0.15991705010251028,0.5978440737935721,-1.30202005106509,1.4233971599709234,-0.822847447881718,0.46496835283355087,media-baja
-0.655680221137383,-0.27659295765959346,0.2541669627766547,1.0954859092556803,-0.6890757577188773,-0.0527949131248367,0.2229520710482941,0.40848064966531494,-0.7766675238530497,-0.6580785248269091,-0.6272044806650434,0.46496835283355087,media-baja
-1.4238371119208457,0.7525856860419275,-1.666780228259656,-0.919899273080996,-0.5786877316276139,-1.3484870285001374,-1.2268534107047335,-0.8808022380162046,0.5742389746922008,0.06591301771146751,0.05754590459331366,0.46496835283355087,media-baja
-0.655680221137383,-0.42906386783759676,0.07121961124938686,0.3248974571857748,0.46999851623938793,0.21998237432259504,-0.38638646476094946,-0.7438159312000395,-0.2513149966410062,-0.8390764104615033,0.6444748062433342,0.46496835283355087,media-baja
-0.5459435224540315,-1.115182963638611,0.3456406385402881,-0.6353743061628769,-1.130627862083931,0.1517880524607371,-0.9326899796244091,-1.1789489057925429,0.048886447480160584,1.8758918740574082,0.8401177734600089,0.46496835283355087,media-alta
-1.5335738106041972,-0.5052993229265984,0.07121961124938686,1.640825429182075,-0.5234937185819821,0.8337312710793164,0.09688202915672646,0.34401650528126354,0.12393680851045061,0.15641196052876463,-0.040275579015022815,0.46496835283355087,alta
0.11247666964607989,-0.6577702331046015,0.07121961124938686,0.7635401145178748,0.4148045031937566,1.1065085585267482,1.336570774423808,0.48906083014544627,-0.17626463561071615,-1.0200742960960971,-0.5293829970567069,0.46496835283355087,media-alta
-0.8751536185040868,-0.6577702331046015,0.16269328701302077,-0.8961888591711527,-0.7994637838101408,-1.0757097410527057,-0.3653747911123548,-1.3642833208967688,0.7993900577830741,-0.8390764104615033,0.7422962898516707,0.46496835283355087,media-alta
-0.9848903171874382,-0.5815347780156,-0.38614876756878225,2.7315044690348644,-0.5786877316276139,1.1747028803886062,0.13890537645391568,1.0168610122900403,0.12393680851045061,-1.2010721817306913,0.05754590459331366,0.46496835283355087,media-alta
0.2222133683294313,-1.115182963638611,0.437114314303922,0.6924088727883448,-1.241015888175194,0.9019255929411744,-0.2393047492207872,-0.6712937687679258,-0.551516440762173,-0.9295753532788005,1.9161540931517136,0.46496835283355087,media-alta
-0.5459435224540315,-0.23847523011509306,1.626272099231162,1.451142117903329,-0.8546577968557721,1.7884517771453274,0.3069987656426725,1.1820503822742445,-1.001818606943923,0.24691090334606178,-1.5075978331400752,0.46496835283355087,media-alta
-0.43620682377067915,0.6382325034084255,-0.8435171463869515,0.8346713562474047,0.08364042491996618,-0.4619608442959843,-0.197281401923598,0.5535249745294977,0.048886447480160584,-0.5675795820096119,-1.018490415098391,0.46496835283355087,media-baja
-0.32647012508732776,-0.6577702331046015,-0.11172774027788097,0.39602869891530446,-0.35791167944508734,0.7655369492174585,1.189489058883646,0.08615992774496858,0.27403753057103397,0.42790878898065604,0.15536738820165014,0.46496835283355087,media-alta
-0.32647012508732776,-0.8102411432826048,-0.020254064514247064,-0.5642430644333472,-0.24752365335382384,0.6291483054937427,-0.029188012734841163,-1.243413050176639,-1.0768689679742165,1.2423992743363292,0.4488318390266613,0.46496835283355087,alta
0.44168676569613513,0.7907034135864284,0.07121961124938686,-0.6116638922530336,0.9115506206044418,-1.6212643159475693,-2.046308682999923,0.7630334437777764,0.19898716954074397,-0.6580785248269091,-0.040275579015022815,-2.1506840065693225,media-baja
-0.655680221137383,-0.27659295765959346,0.16269328701302077,2.4706899160265885,0.1388344379655979,1.37928584597418,1.4206174690181865,1.3754428154264882,0.048886447480160584,-0.024585925105829624,-0.7250259642733816,0.46496835283355087,media-alta
0.0027399709627274923,0.86693886867543,0.985956368885725,0.052227697222577314,1.132326672786968,-0.18918355684855256,0.11789370280532106,1.1739923642262269,1.5498936680859912,1.7853929312401111,0.05754590459331366,-2.1506840065693225,media-baja
0.661160163062839,0.86693886867543,-0.5690961190960501,-0.6353743061628769,1.2427146988782314,-0.12098923498669463,-1.247865084353328,0.7106563264656843,1.1746418629345343,0.6089066746152493,0.05754590459331366,-2.1506840065693225,media-alta
-1.0946270158707905,-0.27659295765959346,-0.11172774027788097,0.5857120101940504,-1.075433849038299,0.1517880524607371,0.34902211293986174,-0.5745975521918488,0.048886447480160584,-0.4770806391923148,0.5466533226349978,0.46496835283355087,media-alta
-0.7654169198207343,-0.12412204748159057,0.16269328701302077,-0.01890354450695239,-0.026747601171296913,-0.0527949131248367,0.3069987656426725,-0.5423654799997784,0.34908789160132403,0.6089066746152493,0.6444748062433342,0.46496835283355087,media-baja
-0.21673342640397533,-0.27659295765959346,-0.11172774027788097,0.7161192866981885,-1.3514039142664576,0.42456533990816886,-0.197281401923598,-1.207151968960582,-1.6772718562165467,-1.2010721817306913,1.8183326095433772,0.46496835283355087,alta
-0.10699672772062392,0.9431743237644317,-0.6605697948596839,1.6171150152722318,0.30441647710249314,2.5385893176257652,1.8408509419900787,1.125644255938166,-1.2269696900348,-0.11508486792312675,-0.9206689314900546,0.46496835283355087,media-baja
-0.10699672772062392,1.7817643297434493,-2.398569634368727,0.6449880449686586,-0.7994637838101408,-0.802932453605274,0.8743139541547268,-0.6833807958399746,0.34908789160132403,-0.4770806391923148,1.720511125935039,0.46496835283355087,media-alta
1.209843656479597,0.5619970483194239,0.6200616658311898,-0.8961888591711527,0.4148045031937566,-1.4166813503619953,-1.9622619884055448,0.730801371585706,0.34908789160132403,2.0568897596920026,-0.6272044806650434,-2.1506840065693225,media-baja
-0.10699672772062392,-0.5815347780156,0.2541669627766547,-0.919899273080996,-1.075433849038299,-0.2573778787104105,-0.3233514438151656,-1.7671842232972466,-1.1519193290045064,-1.1105732389133942,1.4270466751100295,0.46496835283355087,media-alta
-0.21673342640397533,-0.12412204748159057,0.437114314303922,-0.18487644187585517,0.19402845101122965,0.015399408737021234,1.6937692264499165,0.2996974060171891,1.3997929460254077,0.5184077317979522,-0.040275579015022815,0.46496835283355087,baja
-0.655680221137383,0.6382325034084255,-1.9412012555505576,-0.7776367896219364,1.4082967380151268,-0.0527949131248367,-1.584051862730842,0.46488677600139344,1.099591501904241,-0.296082753557721,-1.018490415098391,-2.1506840065693225,media-alta
0.3319500670127837,-0.3528284127485951,1.626272099231162,-0.9910305148105255,-0.7442697707645091,0.1517880524607371,0.70622056496597,-0.9613824184962912,-0.47646607973188293,0.24691090334606178,0.6444748062433342,0.46496835283355087,media-alta
-1.0946270158707905,-0.12412204748159057,-0.11172774027788097,-0.7539263757120932,-1.075433849038299,1.311091524112322,0.8533022805061322,-1.968634674497463,1.3247425849951178,-0.7485774676442062,2.209618543976723,0.46496835283355087,alta
0.8806335604295428,-0.8102411432826048,0.7115353415948238,-0.7776367896219364,0.35961049014812485,-0.6665438098815581,0.3280104392912671,-1.058078635072413,-1.2269696900348,0.06591301771146751,0.4488318390266613,0.46496835283355087,media-baja
-0.5459435224540315,-0.5052993229265984,-0.020254064514247064,1.6882462570017616,0.46999851623938793,1.4474801678360378,1.2315124061808351,1.617183356866748,2.2253469173586145,-0.38658169637501816,-0.6272044806650434,0.46496835283355087,media-alta
1.9780005472630608,0.4857615932304222,0.8030090173584576,-0.7302159618022499,0.9667446336500736,-1.2802927066382794,-1.9832736620541394,0.19091416236906325,0.42413825263161736,2.1473887025092995,2.1117970603683864,-2.1506840065693225,alta
0.9903702591128941,-0.20035750257059223,-0.2032014160415149,1.8779295682805073,-0.24752365335382384,-0.32557220057226843,-0.197281401923598,1.5768932666267046,0.27403753057103397,-1.2915711245479884,-0.7250259642733816,0.46496835283355087,media-alta
-1.0946270158707905,0.9431743237644317,-0.2946750918051483,-0.2441524766504633,-1.0202398359926674,0.8337312710793164,0.2019403973996995,-1.1225427794564644,0.34908789160132403,-0.38658169637501816,0.8401177734600089,0.46496835283355087,alta
0.7708968617461903,0.5619970483194239,-0.47762244333241616,1.0954859092556803,0.46999851623938793,0.1517880524607371,1.2315124061808351,0.44877073990540295,-1.30202005106509,-0.8390764104615033,0.4488318390266613,0.46496835283355087,media-alta
-0.7654169198207343,-1.2676538738166143,0.437114314303922,-0.825057617441623,-0.9098518099014039,0.8337312710793164,0.5801505230744024,-0.8808022380162046,1.5498936680859912,1.6043950456055167,0.5466533226349978,0.46496835283355087,alta
-0.43620682377067915,-0.5815347780156,-0.47762244333241616,0.02851728331273415,-1.130627862083931,-1.0757097410527057,-0.5965032012468955,-1.585878817217007,-0.47646607973188293,-1.2010721817306913,2.209618543976723,0.46496835283355087,media-alta
1.9780005472630608,0.180819772874416,0.2541669627766547,-0.8724784452613094,0.30441647710249314,-1.2120983847764215,1.126454037937862,0.08615992774496858,-0.551516440762173,-0.38658169637501816,-0.7250259642733816,0.46496835283355087,media-baja
2.4169473419964684,0.180819772874416,1.626272099231162,0.4790151475997558,0.08364042491996618,-0.0527949131248367,0.49610382848002393,1.4560229959065747,-0.32636535767129954,0.8804035030671407,-0.2359185462316975,0.46496835283355087,media-baja
-0.7654169198207343,-1.1914184187276127,-0.5690961190960501,-0.919899273080996,0.35961049014812485,-0.6665438098815581,0.05485868185953725,-1.4005444021128257,0.12393680851045061,-0.6580785248269091,0.6444748062433342,0.46496835283355087,alta
-0.43620682377067915,0.4095261381414205,-0.5690961190960501,-0.6590847200727202,-1.241015888175194,-0.4619608442959843,-0.8066199377328415,-1.4045734111368122,-0.551516440762173,-1.3820700673652857,1.2314037078933548,0.46496835283355087,media-alta
-1.4238371119208457,-0.5815347780156,1.1689037204129928,-0.4219805809742877,-1.1858218751295624,-1.757652959671285,-0.2813280965179764,-1.243413050176639,2.375447639419198,-0.7485774676442062,1.2314037078933548,0.46496835283355087,baja
1.8682638485797094,2.2391770602774583,-1.5753065524960221,-0.6827951339825634,0.9115506206044418,-1.4166813503619953,-1.6891102309738149,1.0128320032660538,-0.17626463561071615,0.6994056174325465,-0.9206689314900546,-2.1506840065693225,media-baja
-0.43620682377067915,-0.12412204748159057,1.7177457749947957,1.6171150152722318,-0.3027176663994556,0.4927596617700268,0.09688202915672646,1.2142824544662703,-1.30202005106509,0.15641196052876463,-1.5075978331400752,0.46496835283355087,media-alta
0.661160163062839,-0.12412204748159057,0.985956368885725,2.1387441212887834,-0.3027176663994556,0.9701199148030323,1.9038859629358624,1.8992139885470958,-0.2513149966410062,1.061401388701735,-1.2141333823150657,0.46496835283355087,media-baja
-1.3141004132374934,-0.20035750257059223,-1.3923592009687547,0.6212776310588154,-0.35791167944508734,1.1747028803886062,1.5676991845583488,0.29566839699320263,-0.026163913550132773,-1.3820700673652857,-1.018490415098391,0.46496835283355087,media-baja
0.3319500670127837,-0.3528284127485951,1.534798423467528,-0.9910305148105255,-0.1923296403081921,-0.9393210973289898,0.2019403973996995,-1.2031229599365958,-0.17626463561071615,-0.2055838107404239,1.1335822242850184,0.46496835283355087,media-alta
-0.21673342640397533,0.6382325034084255,-1.3008855252051206,1.806798326550978,-0.9650458229470357,1.9248404208690433,1.336570774423808,1.2706885808023487,-1.001818606943923,-0.2055838107404239,-1.018490415098391,0.46496835283355087,media-baja
0.44168676569613513,-0.27659295765959346,0.2541669627766547,-0.2560076836053849,-1.241015888175194,0.3563710180463109,-0.1342463809778142,-1.3642833208967688,-1.6772718562165467,-0.9295753532788005,1.8183326095433772,0.46496835283355087,alta
0.5514234643794865,-0.8864765983716062,-0.47762244333241616,-0.18487644187585517,1.9602368684714433,0.42456533990816886,0.2229520710482941,0.7710914618257493,-0.47646607973188293,-0.8390764104615033,-1.2141333823150657,0.46496835283355087,media-baja
-0.8751536185040868,-0.9627120534606078,-0.2032014160415149,0.052227697222577314,-0.4682997055363504,0.9019255929411744,1.399605795369592,-0.5423654799997784,-0.17626463561071615,-0.38658169637501816,-0.1380970626233593,0.46496835283355087,media-alta
-1.0946270158707905,0.3332906830524189,-1.3923592009687547,0.26562142241116665,-0.7442697707645091,0.3563710180463109,1.5887108582069434,0.0055797472648372705,-0.32636535767129954,0.9709024458844379,-0.5293829970567069,0.46496835283355087,media-alta
2.6364207393631713,0.4095261381414205,1.9006931265220637,-0.7776367896219364,1.7394608162889171,-1.6894586378094272,-2.0252970093513287,1.4560229959065747,-0.2513149966410062,-0.024585925105829624,-0.9206689314900546,-2.1506840065693225,media-baja
-0.32647012508732776,0.7144679584974267,-0.020254064514247064,0.8346713562474047,1.8498488423801807,-0.32557220057226843,-1.6260752100280311,1.5527192124826965,1.2496922239648243,1.1519003315190322,-0.333740029840034,-2.1506840065693225,media-alta
-0.5459435224540315,-0.42906386783759676,-0.6605697948596839,0.4553047336899126,-0.6890757577188773,-0.18918355684855256,0.3069987656426725,0.32790046918522836,1.0245411408739509,0.7899045602498436,-0.040275579015022815,0.46496835283355087,media-alta
-0.21673342640397533,0.10458431778541437,-0.2946750918051483,-0.9436096869908392,0.02844641187433444,0.42456533990816886,1.3575824480724028,-0.6793517868159434,0.42413825263161736,0.7899045602498436,-0.1380970626233593,0.46496835283355087,media-baja
2.4169473419964684,0.86693886867543,1.1689037204129928,-0.8013472035317797,1.9050428554258123,-1.4848756722238534,-2.109343703945707,1.0853541656981227,0.4991886136619074,0.3374098461633589,-0.9206689314900546,-2.1506840065693225,media-baja
-0.5459435224540315,-0.5052993229265984,-0.11172774027788097,2.1624545351986266,0.08364042491996618,0.6291483054937427,1.2735357534780243,1.4560229959065747,-1.4521207731256733,-0.11508486792312675,-1.3119548659234022,0.46496835283355087,media-alta
0.0027399709627274923,-1.115182963638611,-0.020254064514247064,-0.8724784452613094,-0.7442697707645091,-1.0757097410527057,-0.40739813840954403,-1.3642833208967688,-0.551516440762173,-0.11508486792312675,1.524868158718366,0.46496835283355087,media-alta
-0.32647012508732776,2.4678834255444633,-1.9412012555505576,-0.7539263757120932,1.9050428554258123,-0.8711267754671319,-0.44942148570673324,0.48906083014544627,0.9494907798436576,0.06591301771146751,-0.2359185462316975,-2.1506840065693225,media-baja
-1.3141004132374934,0.9431743237644317,0.437114314303922,-0.6590847200727202,-1.130627862083931,-1.2802927066382794,-1.0377483478673821,-0.9573534094723047,0.048886447480160584,-0.296082753557721,0.3510103554183248,0.46496835283355087,media-alta
-1.204363714554142,-1.115182963638611,0.16269328701302077,0.17077976677179357,-0.7994637838101408,-0.0527949131248367,-0.2393047492207872,-0.3086829566075362,0.7993900577830741,0.6089066746152493,-0.2848292880358649,0.46496835283355087,alta
2.8558941367298742,-0.1622397750260914,0.8030090173584576,-0.8961888591711527,1.2427146988782314,-1.1439040629145636,-2.1303553775943014,0.47294479404941103,-0.551516440762173,-0.024585925105829624,0.4488318390266613,-2.1506840065693225,media-alta
0.11247666964607989,-0.8102411432826048,-0.2032014160415149,-0.5168222366136607,-0.35791167944508734,0.5609539836318848,-0.008176339086246558,-1.191035932864547,-1.6022214951862566,0.7899045602498436,0.8401177734600089,0.46496835283355087,media-alta
0.2222133683294313,1.3243515992094395,0.07121961124938686,-0.01890354450695239,-0.41310569249071905,-0.8711267754671319,-0.38638646476094946,0.32790046918522836,0.19898716954074397,-0.5675795820096119,0.2531888718099866,0.46496835283355087,baja
-0.32647012508732776,-0.27659295765959346,-0.2032014160415149,1.5696941874525454,0.08364042491996618,1.37928584597418,0.5591388494258077,0.4245966857613501,-1.4521207731256733,0.6089066746152493,-0.040275579015022815,0.46496835283355087,media-alta
1.209843656479597,-0.7340056881936031,0.437114314303922,0.3604630780505395,-0.9098518099014039,-1.2802927066382794,-0.6805498958412739,0.0055797472648372705,-1.5271711341559666,-1.2010721817306913,0.05754590459331366,0.46496835283355087,alta
-1.204363714554142,-0.27659295765959346,-0.8435171463869515,1.6289702222271536,-0.13713562726256037,0.7655369492174585,0.8533022805061322,0.5293509203854896,-0.1012142745804228,-0.4770806391923148,-0.333740029840034,0.46496835283355087,media-baja
0.0027399709627274923,-0.27659295765959346,-0.2946750918051483,0.7635401145178748,-1.130627862083931,-0.39376652243412635,1.441629142666781,-0.4053791731836133,-0.40141571870158954,-0.4770806391923148,1.720511125935039,0.46496835283355087,alta
1.3195803551629504,-0.8864765983716062,1.626272099231162,-0.8487680313514662,-0.5786877316276139,0.21998237432259504,0.9793723223976999,-0.2361607941754225,-1.2269696900348,-1.2915711245479884,-0.333740029840034,0.46496835283355087,media-baja
0.11247666964607989,-0.8102411432826048,-0.2946750918051483,-0.6116638922530336,-0.9650458229470357,0.4927596617700268,-0.5965032012468955,-1.4650085464968772,-1.6772718562165467,-0.7485774676442062,1.329225191501693,0.46496835283355087,alta
0.44168676569613513,2.086706150099455,-0.8435171463869515,-0.825057617441623,1.7394608162889171,0.8337312710793164,-1.310900105299112,0.24329127968115533,-0.8517178848833398,-0.8390764104615033,-1.2141333823150657,-2.1506840065693225,media-baja
-0.7654169198207343,2.696589790811468,-2.1241486070778253,-0.7539263757120932,-0.3027176663994556,-0.802932453605274,-1.5630401890822472,0.20703019846509846,2.0752461952980346,-0.2055838107404239,0.9379392570683454,-2.1506840065693225,media-alta
-0.21673342640397533,0.028348862696412718,-0.47762244333241616,-0.7065055478924067,-1.130627862083931,-1.3484870285001374,-0.40739813840954403,-1.3401092667527161,-1.1519193290045064,-0.8390764104615033,0.6444748062433342,0.46496835283355087,media-alta
-1.0946270158707905,-1.115182963638611,-0.2032014160415149,-0.9910305148105255,-0.5234937185819821,0.08359373059887917,-0.6385265485440846,-1.622139898433064,0.34908789160132403,0.5184077317979522,0.7422962898516707,0.46496835283355087,media-alta
0.0027399709627274923,-1.1914184187276127,0.437114314303922,1.285169220534426,-0.35791167944508734,-0.7347381317434161,-0.6805498958412739,0.6099311008655761,-0.40141571870158954,-0.6580785248269091,0.4488318390266613,0.46496835283355087,alta
2.8558941367298742,-1.3438893289056157,2.5410088568675,-0.8961888591711527,-0.08194161421692865,-0.5301551661578422,0.4120571338856455,0.5696410106255329,-1.75232221724684,0.9709024458844379,-0.9206689314900546,0.46496835283355087,media-baja
-0.655680221137383,1.629293419565446,-2.307095958605093,-0.7776367896219364,0.6907745684219149,-0.12098923498669463,-1.6470868836766257,0.20300118944111203,1.2496922239648243,2.8713802450476757,-0.1380970626233593,-2.1506840065693225,media-alta
-0.5459435224540315,0.8288211411309292,-0.5690961190960501,-0.694650340937485,-0.9098518099014039,-0.5301551661578422,-0.7435849167870577,-1.436805483328838,-1.2269696900348,-0.9295753532788005,0.9379392570683454,0.46496835283355087,media-alta
-0.7105485704790587,-1.3438893289056157,0.985956368885725,-0.9673201009006824,-0.026747601171296913,1.37928584597418,0.13890537645391568,-1.2998191765126728,0.42413825263161736,1.6043950456055167,0.6444748062433342,0.46496835283355087,alta
-0.43620682377067915,-1.1914184187276127,0.528587990067556,-0.9436096869908392,-0.7994637838101408,0.9701199148030323,0.05485868185953725,-1.9122285481614292,-0.17626463561071615,-0.024585925105829624,1.9161540931517136,0.46496835283355087,alta
-0.10699672772062392,2.31541251536646,-1.209411849441487,-0.8961888591711527,0.6355805553762831,-1.6212643159475693,-1.521016841785058,0.28761037894518504,-1.001818606943923,0.7899045602498436,-1.1163118987067275,-2.1506840065693225,media-baja
-0.8751536185040868,-0.3528284127485951,1.3518510719402608,1.3800108761737993,0.1388344379655979,0.9019255929411744,1.1474657115864566,1.0168610122900403,-0.2513149966410062,1.4233971599709234,-1.018490415098391,0.46496835283355087,media-baja
-0.7654169198207343,-1.1914184187276127,-0.8435171463869515,-0.919899273080996,-0.5786877316276139,0.6973426273556006,0.5591388494258077,-0.4376112453756837,2.0752461952980346,0.6089066746152493,-0.43156151344837046,0.46496835283355087,media-alta
-0.8751536185040868,1.4768225093874428,-1.666780228259656,-0.7065055478924067,1.4082967380151268,-0.12098923498669463,-1.731133578271004,0.54546695648148,1.5498936680859912,2.1473887025092995,0.5466533226349978,-2.1506840065693225,media-alta
-0.43620682377067915,-1.1914184187276127,2.9983772356856697,-0.7539263757120932,0.46999851623938793,-0.4619608442959843,-1.4789934944878689,0.22314623456113367,0.9494907798436576,1.7853929312401111,0.7422962898516707,-2.1506840065693225,media-alta
2.307210643313115,2.3916479704554616,-0.9349908221505855,-0.6116638922530336,2.5673710119733926,-0.12098923498669463,-1.205841737056139,1.7783437178269659,0.4991886136619074,0.6089066746152493,-0.822847447881718,-2.1506840065693225,media-baja
-0.10699672772062392,0.180819772874416,-1.9412012555505576,-0.4219805809742877,-0.35791167944508734,-0.9393210973289898,-1.247865084353328,-0.2764508844154658,-1.5271711341559666,-1.1105732389133942,-1.2141333823150657,0.46496835283355087,media-baja
0.9903702591128941,0.180819772874416,1.626272099231162,0.882092184067091,-0.9650458229470357,0.5609539836318848,1.2105007325322406,-0.3167409746555091,-0.6265668017924663,-1.2010721817306913,1.8183326095433772,0.46496835283355087,alta
-0.32647012508732776,-1.0389475085496094,-0.11172774027788097,1.7830879126411348,0.6355805553762831,-0.802932453605274,1.0213956696948892,1.4882550680986004,-1.6022214951862566,0.06591301771146751,-1.4097763495317386,0.46496835283355087,alta
0.8806335604295428,0.9431743237644317,0.528587990067556,0.1352141459070286,-0.9650458229470357,-0.2573778787104105,-0.6175148748954901,-0.9613824184962912,-0.40141571870158954,0.24691090334606178,2.1117970603683864,0.46496835283355087,alta
-0.655680221137383,-0.5052993229265984,1.7177457749947957,0.5501463893292855,-0.1923296403081921,1.5838688115597537,1.2945474271266189,0.5374089384335071,-0.32636535767129954,-0.5675795820096119,-1.2141333823150657,0.46496835283355087,media-baja
-0.5459435224540315,-0.8102411432826048,0.6200616658311898,-0.7302159618022499,-1.3514039142664576,0.6291483054937427,-0.38638646476094946,-1.2031229599365958,0.27403753057103397,-1.0200742960960971,0.6444748062433342,0.46496835283355087,alta
-0.5459435224540315,-0.5815347780156,-0.38614876756878225,2.494400329936432,-0.8546577968557721,1.0383142366648903,1.3785941217209974,1.5366031763866614,0.19898716954074397,-0.024585925105829624,-1.2141333823150657,0.46496835283355087,media-baja
-0.32647012508732776,-0.8102411432826048,2.815429884158402,0.26562142241116665,-0.5234937185819821,-1.6212643159475693,-0.197281401923598,-0.3247989927035267,-1.9024229393074235,0.6994056174325465,-0.2359185462316975,0.46496835283355087,media-baja
-0.10699672772062392,2.8490607009894706,-2.215622282841459,-0.6590847200727202,2.2362069336996018,-1.0757097410527057,-2.1303553775943014,0.5374089384335071,1.2496922239648243,0.7899045602498436,0.8401177734600089,-2.1506840065693225,media-alta
-0.10699672772062392,-0.42906386783759676,-0.47762244333241616,1.3088796344442697,-0.6338817446732457,0.42456533990816886,1.2945474271266189,1.4036458785945274,1.925145473237451,0.6089066746152493,-0.1380970626233593,0.46496835283355087,alta
0.11247666964607989,-0.8102411432826048,-0.020254064514247064,1.23774839271474,-0.8546577968557721,0.3563710180463109,-0.008176339086246558,0.15868209017703758,-0.7016171628227563,-1.0200742960960971,0.15536738820165014,0.46496835283355087,media-alta
-0.9848903171874382,2.1629416051884567,-2.1241486070778253,-0.7776367896219364,2.1810129206539703,0.08359373059887917,-1.6470868836766257,0.20703019846509846,1.7750447511768679,0.6089066746152493,0.05754590459331366,-2.1506840065693225,media-baja
0.5514234643794865,-1.1914184187276127,1.1689037204129928,-0.919899273080996,-0.41310569249071905,-0.39376652243412635,-0.2813280965179764,-0.47790133561572695,-0.7766675238530497,2.1473887025092995,-0.1380970626233593,0.46496835283355087,media-alta
-0.43620682377067915,-0.27659295765959346,-1.5753065524960221,-0.919899273080996,-0.41310569249071905,2.265812030178333,0.7692555859117538,-0.9613824184962912,-0.32636535767129954,-1.1105732389133942,-0.43156151344837046,0.46496835283355087,media-baja
3.075367534096579,1.7055288746544477,1.2603773961766267,-0.7065055478924067,1.132326672786968,-1.0075154191908477,-1.731133578271004,1.8992139885470958,1.3247425849951178,0.9709024458844379,-1.018490415098391,-2.1506840065693225,media-baja
-0.5459435224540315,-0.3528284127485951,-0.2032014160415149,0.004806869402890774,-0.3027176663994556,1.7884517771453274,1.399605795369592,0.3681905594252716,0.7243396967527841,2.5093844737784883,-0.6272044806650434,0.46496835283355087,media-baja
-0.655680221137383,0.5619970483194239,-0.7520434706233177,0.7161192866981885,0.02844641187433444,-0.18918355684855256,-0.6595382221926793,0.32790046918522836,1.6999943901465744,0.3374098461633589,1.6226896423267025,-2.1506840065693225,media-alta
1.4293170538463018,-1.1914184187276127,0.16269328701302077,-0.8961888591711527,-0.9650458229470357,-1.0075154191908477,-0.5124565066525171,-0.1555806136953359,-0.551516440762173,-0.8390764104615033,-0.7250259642733816,0.46496835283355087,media-alta
-1.4238371119208457,-0.20035750257059223,0.16269328701302077,-0.37455975315460116,-1.1858218751295624,-0.0527949131248367,-0.722573243138463,-1.7913582774412546,0.27403753057103397,-0.8390764104615033,1.8183326095433772,0.46496835283355087,media-alta
0.11247666964607989,2.8871784285339714,-1.666780228259656,-0.7776367896219364,1.4082967380151268,-1.2802927066382794,-2.151367051242896,0.43265470380936777,0.5742389746922008,0.24691090334606178,-0.333740029840034,-2.1506840065693225,media-baja
0.2222133683294313,-0.42906386783759676,-0.11172774027788097,0.953223425796621,-0.026747601171296913,0.28817669618445296,0.6641972176687808,0.5736700196495192,-0.026163913550132773,-0.11508486792312675,-0.040275579015022815,0.46496835283355087,media-alta
-1.3141004132374934,2.31541251536646,-0.2946750918051483,-0.4219805809742877,-0.6338817446732457,1.6520631334216116,0.6221738703715916,-1.4851535916168987,1.6999943901465744,-0.6580785248269091,1.524868158718366,0.46496835283355087,media-alta
-1.6433105092875497,-1.0389475085496094,-0.2032014160415149,-0.7065055478924067,-0.5786877316276139,-1.757652959671285,-1.584051862730842,-1.2595290862726294,-1.0768689679742165,-0.5675795820096119,-0.333740029840034,0.46496835283355087,baja
-0.655680221137383,0.5619970483194239,0.3456406385402881,-0.8724784452613094,-0.08194161421692865,-1.4166813503619953,0.8743139541547268,0.31178443308923787,1.0245411408739509,-0.024585925105829624,-0.7250259642733816,0.46496835283355087,media-baja
0.11247666964607989,1.7817643297434493,-2.0326749313141916,-0.8961888591711527,3.1745051554753405,-1.0075154191908477,0.601162196722997,-0.2361607941754225,-1.0768689679742165,0.5184077317979522,-1.2141333823150657,0.46496835283355087,baja
-0.10699672772062392,0.028348862696412718,0.3456406385402881,-0.8961888591711527,-0.6338817446732457,-0.4619608442959843,0.05485868185953725,-1.0419625989763779,-0.32636535767129954,1.1519003315190322,1.720511125935039,0.46496835283355087,media-alta
0.11247666964607989,0.6382325034084255,1.626272099231162,-0.9910305148105255,-0.13713562726256037,-1.3484870285001374,0.3280104392912671,-0.5987716063358569,-1.5271711341559666,-0.8390764104615033,-1.1163118987067275,0.46496835283355087,media-baja
-0.7654169198207343,-0.6577702331046015,0.3456406385402881,1.1903275648950535,-0.4682997055363504,1.5838688115597537,0.3700337865884563,0.9322518227859672,0.12393680851045061,-0.38658169637501816,-1.2141333823150657,0.46496835283355087,media-baja
2.9656308354132275,2.6203543357224666,0.7115353415948238,-0.49311182270381737,1.7946548293345488,-0.6665438098815581,-1.3319117789477066,1.818633808067009,1.1746418629345343,1.7853929312401111,1.0357607406766818,-2.1506840065693225,alta
0.9903702591128941,-0.9627120534606078,-0.11172774027788097,-0.7776367896219364,0.1388344379655979,1.1747028803886062,0.3700337865884563,-0.1555806136953359,-0.2513149966410062,-0.2055838107404239,-0.822847447881718,0.46496835283355087,media-alta
0.11247666964607989,1.5530579644764444,-2.215622282841459,-0.919899273080996,1.2979087119238633,-1.757652959671285,-2.151367051242896,1.1739923642262269,0.7993900577830741,2.6903823594130825,-0.822847447881718,-2.1506840065693225,media-alta
-0.5459435224540315,2.4678834255444633,-0.020254064514247064,0.19449018068163673,1.7946548293345488,-1.6212643159475693,-1.5420285154336526,1.125644255938166,1.0245411408739509,1.5138961027882205,-0.1380970626233593,-2.1506840065693225,media-baja
0.2222133683294313,-0.42906386783759676,-0.020254064514247064,-0.8724784452613094,-0.5786877316276139,0.5609539836318848,1.0634190169920783,-1.0419625989763779,-0.17626463561071615,-0.024585925105829624,0.9379392570683454,0.46496835283355087,media-alta
0.44168676569613513,-0.9627120534606078,1.626272099231162,-0.8724784452613094,-0.1923296403081921,0.7655369492174585,0.3700337865884563,-0.47790133561572695,1.3997929460254077,-0.38658169637501816,0.2531888718099866,0.46496835283355087,media-alta
1.209843656479597,0.6382325034084255,1.534798423467528,1.9964816378297234,-0.4682997055363504,1.9248404208690433,0.9793723223976999,1.6977635373468791,-0.8517178848833398,0.06591301771146751,-1.018490415098391,0.46496835283355087,media-baja
-0.7654169198207343,-0.20035750257059223,-0.9349908221505855,1.0362098744810722,-0.5234937185819821,0.3563710180463109,-0.07121136003203037,-0.42149520927964845,-1.6772718562165467,-1.5630679529998794,0.4814389969687237,0.46496835283355087,media-alta
0.5514234643794865,0.180819772874416,0.7115353415948238,0.5501463893292855,-0.5786877316276139,0.9701199148030323,1.9459093102330516,0.8516716423058807,-0.7766675238530497,0.15641196052876463,-1.2141333823150657,0.46496835283355087,media-alta
0.11247666964607989,-0.27659295765959346,0.6200616658311898,-0.7776367896219364,0.08364042491996618,-0.5301551661578422,0.70622056496597,-1.2837031404166823,-0.6265668017924663,0.06591301771146751,0.6444748062433342,0.46496835283355087,media-baja
0.44168676569613513,0.25705522796341723,-0.2946750918051483,1.0243546675261506,0.02844641187433444,-0.32557220057226843,0.7272322386145645,1.0128320032660538,-0.7016171628227563,0.15641196052876463,-1.2141333823150657,0.46496835283355087,media-alta
0.5514234643794865,1.5530579644764444,1.626272099231162,2.0676128795592534,-0.9098518099014039,0.42456533990816886,0.70622056496597,0.5696410106255329,-0.551516440762173,-1.2010721817306913,1.329225191501693,0.46496835283355087,alta
-0.655680221137383,1.5530579644764444,-1.3008855252051206,-0.919899273080996,-0.1923296403081921,-1.757652959671285,-2.0252970093513287,-0.47790133561572695,0.34908789160132403,-1.7440658386344736,-0.43156151344837046,0.46496835283355087,baja
0.2222133683294313,-0.5052993229265984,-0.38614876756878225,-0.350849339244758,-0.1923296403081921,-1.0075154191908477,-0.9116783059758146,-1.070165662144417,-1.0768689679742165,-0.4770806391923148,0.8401177734600089,0.46496835283355087,media-alta
-0.8751536185040868,0.10458431778541437,-0.38614876756878225,-0.9673201009006824,-0.24752365335382384,0.21998237432259504,1.1054423642892675,-0.39732115513564037,1.1746418629345343,0.24691090334606178,-1.018490415098391,0.46496835283355087,media-alta
-0.7654169198207343,0.3332906830524189,-1.0264644979142192,0.09964852504226386,3.7264452859316575,2.061229064592759,1.0424073433434837,0.08615992774496858,0.19898716954074397,-0.7485774676442062,-0.9206689314900546,0.46496835283355087,media-alta
0.661160163062839,2.8490607009894706,-2.398569634368727,-0.6116638922530336,1.353102724969495,-1.0757097410527057,-2.004285335702734,1.2142824544662703,0.34908789160132403,0.8804035030671407,-1.3119548659234022,-2.1506840065693225,media-baja
0.3319500670127837,-0.8864765983716062,-0.020254064514247064,-0.8724784452613094,-0.6890757577188773,0.21998237432259504,-0.1342463809778142,-1.2837031404166823,0.27403753057103397,-1.1105732389133942,1.524868158718366,0.46496835283355087,alta
0.8806335604295428,0.2189375004189164,1.8092194507584298,2.3758482603872157,-0.1923296403081921,1.5838688115597537,1.0213956696948892,1.7380536275869225,-0.926768245913633,-0.024585925105829624,-1.3119548659234022,0.46496835283355087,media-baja
-0.10699672772062392,0.4857615932304222,1.626272099231162,-0.6590847200727202,2.5673710119733926,0.1517880524607371,-0.7856082640842469,0.730801371585706,1.3247425849951178,2.3283865881438937,0.9379392570683454,-2.1506840065693225,media-alta
0.11247666964607989,0.7144679584974267,-0.11172774027788097,-0.7539263757120932,1.7946548293345488,0.28817669618445296,-1.0587600215159767,1.053122093506097,1.6999943901465744,0.06591301771146751,-1.018490415098391,-2.1506840065693225,media-baja
-0.43620682377067915,-0.047886592392588925,0.2541669627766547,0.3604630780505395,0.46999851623938793,1.37928584597418,1.9459093102330516,0.40042263161734204,0.8744404188133675,0.42790878898065604,-0.1380970626233593,0.46496835283355087,media-baja
-0.8751536185040868,-0.8864765983716062,-1.117938173677853,1.6645358430919184,-0.13713562726256037,1.5838688115597537,0.47509215483142936,0.9241938047379497,-0.40141571870158954,-0.8390764104615033,-1.1163118987067275,0.46496835283355087,media-alta
0.661160163062839,-0.27659295765959346,0.16269328701302077,0.3367526641406964,-0.7442697707645091,0.08359373059887917,0.6852088913173754,0.28761037894518504,1.3247425849951178,0.9709024458844379,0.2531888718099866,0.46496835283355087,alta
-1.5335738106041972,-0.39094614029309593,-0.2946750918051483,0.3841734919603829,-0.7994637838101408,1.0383142366648903,0.5801505230744024,-0.5625105251198,1.099591501904241,-0.6580785248269091,0.3510103554183248,0.46496835283355087,alta
-0.32647012508732776,1.857999784832451,-2.5815169858959943,-0.8487680313514662,1.8498488423801807,-0.8711267754671319,-1.836191946513977,0.9725419130260105,1.6999943901465744,1.061401388701735,-0.43156151344837046,-2.1506840065693225,media-alta
0.5514234643794865,-0.3528284127485951,-0.6605697948596839,-0.350849339244758,0.4148045031937566,-0.802932453605274,-0.1552580546264088,0.5696410106255329,-0.47646607973188293,-0.5675795820096119,-1.5075978331400752,0.46496835283355087,media-baja
-1.204363714554142,-0.20035750257059223,-0.38614876756878225,-0.7065055478924067,-0.35791167944508734,-0.7347381317434161,-0.11323470732921957,-1.968634674497463,0.7243396967527841,-0.9295753532788005,2.209618543976723,0.46496835283355087,alta
0.9903702591128941,-0.12412204748159057,0.437114314303922,1.356300462263956,-0.9098518099014039,-1.5530699940857113,-1.100783368813166,-0.34091502879956187,-1.2269696900348,-0.9295753532788005,1.720511125935039,0.46496835283355087,media-alta
1.1001069577962457,-0.8864765983716062,0.437114314303922,1.0480650814359935,-0.35791167944508734,2.1976177083164754,0.8322906068575376,1.053122093506097,-0.8517178848833398,-0.4770806391923148,-0.43156151344837046,0.46496835283355087,media-alta
0.11247666964607989,-0.5815347780156,-1.117938173677853,0.5738568032391288,-0.3027176663994556,1.5156744896978958,1.126454037937862,0.5696410106255329,-0.32636535767129954,-1.2010721817306913,-0.9206689314900546,0.46496835283355087,media-baja
-1.0946270158707905,1.095645233942435,0.07121961124938686,0.2182005945914801,0.1388344379655979,-1.4166813503619953,-0.5965032012468955,0.3963936225933109,1.0245411408739509,-0.38658169637501816,-0.333740029840034,0.46496835283355087,media-baja
-0.10699672772062392,0.25705522796341723,-0.11172774027788097,0.28933183632100984,-1.241015888175194,-0.2573778787104105,-0.7435849167870577,-0.3167409746555091,1.3997929460254077,-0.8390764104615033,0.9379392570683454,0.46496835283355087,alta
-1.204363714554142,-0.5815347780156,0.2541669627766547,-1.014740928720369,-0.7994637838101408,1.4474801678360378,1.2945474271266189,-1.376370347968773,1.6999943901465744,-0.6580785248269091,0.9868499988725128,0.46496835283355087,media-alta
-0.7654169198207343,-1.1914184187276127,-0.020254064514247064,0.004806869402890774,-0.41310569249071905,0.7655369492174585,0.7272322386145645,0.06601488262494694,1.0245411408739509,-0.38658169637501816,0.05754590459331366,0.46496835283355087,media-baja
0.9903702591128941,0.4095261381414205,0.07121961124938686,-0.8724784452613094,-0.5786877316276139,0.08359373059887917,0.916337301451916,-0.9613824184962912,-1.6022214951862566,0.3374098461633589,0.8401177734600089,0.46496835283355087,alta
-1.5335738106041972,0.9431743237644317,-1.666780228259656,0.40788390587022605,-1.4065979273120892,-0.18918355684855256,1.0634190169920783,-1.243413050176639,0.8744404188133675,-0.296082753557721,2.0139755767600502,0.46496835283355087,media-alta
0.661160163062839,1.7055288746544477,-0.47762244333241616,-0.8013472035317797,2.1258189076083385,-0.5301551661578422,0.5171155021286186,0.7952655159698021,0.34908789160132403,0.6994056174325465,-0.7250259642733816,-2.1506840065693225,media-baja
0.8806335604295428,-0.7340056881936031,1.626272099231162,-0.350849339244758,-0.4682997055363504,-0.32557220057226843,-0.3653747911123548,-0.5584815160958135,-0.8517178848833398,-1.1105732389133942,0.05754590459331366,0.46496835283355087,media-baja
-0.10699672772062392,0.180819772874416,-0.47762244333241616,1.1903275648950535,-0.5234937185819821,1.37928584597418,0.916337301451916,-0.22810277612740487,-1.001818606943923,-1.4725690101825828,1.1335822242850184,0.46496835283355087,media-alta
0.44168676569613513,0.7907034135864284,1.2603773961766267,0.9058025979769342,-1.1858218751295624,-0.7347381317434161,0.05485868185953725,0.6502211911056194,-0.7016171628227563,-1.3820700673652857,-0.333740029840034,0.46496835283355087,media-alta
0.11247666964607989,-0.9627120534606078,-0.38614876756878225,1.4037212900836424,0.5803865423306515,1.0383142366648903,0.5591388494258077,1.3432107432344624,-1.6772718562165467,0.6994056174325465,-1.1163118987067275,0.46496835283355087,media-alta
0.11247666964607989,0.10458431778541437,-0.8435171463869515,-0.18487644187585517,-1.075433849038299,-1.4166813503619953,-1.0377483478673821,-1.4609795374728907,-1.82737257827713,0.06591301771146751,1.720511125935039,0.46496835283355087,alta
0.2222133683294313,-0.8102411432826048,-0.9349908221505855,-0.8724784452613094,-0.24752365335382384,0.28817669618445296,0.2229520710482941,0.11033398188897667,1.2496922239648243,-0.4770806391923148,-0.43156151344837046,0.46496835283355087,media-alta
0.5514234643794865,-0.27659295765959346,-1.3008855252051206,-0.8724784452613094,-0.24752365335382384,-0.18918355684855256,-0.11323470732921957,-0.6068296243838744,-1.001818606943923,-0.7485774676442062,-0.43156151344837046,0.46496835283355087,media-baja
0.7708968617461903,-0.12412204748159057,0.528587990067556,-0.9436096869908392,0.02844641187433444,-1.0075154191908477,-0.5544798539497062,-0.11529052345529262,0.7993900577830741,0.9709024458844379,-0.43156151344837046,0.46496835283355087,media-baja
-0.10699672772062392,-0.42906386783759676,2.5410088568675,-0.919899273080996,-0.7442697707645091,0.6291483054937427,-0.05019968638343576,-1.0419625989763779,0.9494907798436576,-0.9295753532788005,0.6444748062433342,0.46496835283355087,alta
-0.5459435224540315,-0.5815347780156,-0.2946750918051483,-0.825057617441623,-1.241015888175194,0.5609539836318848,0.2019403973996995,-1.0339045809283602,0.9494907798436576,-0.4770806391923148,0.9379392570683454,0.46496835283355087,media-baja
2.8558941367298742,2.8490607009894706,0.07121961124938686,-0.6590847200727202,2.0706248945627066,-0.5983494880197001,-0.6595382221926793,1.4157329056665315,0.5742389746922008,0.9709024458844379,-0.333740029840034,-2.1506840065693225,media-baja
0.2222133683294313,-0.5815347780156,0.2541669627766547,2.3995586742970594,-0.026747601171296913,0.4927596617700268,1.0844306906406729,1.5768932666267046,-1.3770704120953832,-0.8390764104615033,-1.4097763495317386,0.46496835283355087,media-alta
0.0027399709627274923,-1.2676538738166143,0.2541669627766547,-1.014740928720369,-0.9650458229470357,-0.2573778787104105,-1.0377483478673821,-1.871938457921386,0.19898716954074397,-0.9295753532788005,1.720511125935039,0.46496835283355087,media-alta
-0.9848903171874382,-0.8864765983716062,0.07121961124938686,-0.5879534783431904,-0.026747601171296913,-0.9393210973289898,0.07587035550813186,-0.3167409746555091,-0.2513149966410062,0.3374098461633589,-1.018490415098391,0.46496835283355087,media-alta
0.3319500670127837,1.629293419565446,-0.47762244333241616,-0.7776367896219364,2.788147064155919,-1.0075154191908477,-1.0587600215159767,0.5293509203854896,-0.47646607973188293,0.5184077317979522,-1.018490415098391,-2.1506840065693225,media-baja
0.7708968617461903,-0.27659295765959346,0.07121961124938686,0.882092184067091,-0.7994637838101408,0.21998237432259504,-0.1552580546264088,0.32790046918522836,-0.32636535767129954,-1.1105732389133942,-0.1380970626233593,0.46496835283355087,alta
-0.7654169198207343,0.7144679584974267,-0.6605697948596839,2.0676128795592534,-0.13713562726256037,-0.4619608442959843,-0.197281401923598,1.5366031763866614,1.6999943901465744,0.15641196052876463,-0.6272044806650434,0.46496835283355087,media-alta
-0.8751536185040868,-0.047886592392588925,0.2541669627766547,-0.7302159618022499,-0.3027176663994556,-0.7347381317434161,-0.9537016532730037,-0.6793517868159434,0.6492893357224908,-0.7485774676442062,-0.2359185462316975,0.46496835283355087,media-baja
0.3319500670127837,0.10458431778541437,-0.47762244333241616,2.4469795021167458,-0.08194161421692865,2.470394995763907,1.8408509419900787,1.8871269614750916,-1.1519193290045064,1.5138961027882205,-0.9206689314900546,0.46496835283355087,media-baja
-0.9848903171874382,-0.047886592392588925,-0.47762244333241616,-0.11374520014632547,-0.7442697707645091,0.3563710180463109,0.5381271757772131,-0.6390616965759002,-0.026163913550132773,-0.9295753532788005,-0.040275579015022815,0.46496835283355087,media-alta
-0.8751536185040868,-1.0389475085496094,-0.6605697948596839,-0.44569099488413094,0.1388344379655979,-0.7347381317434161,-0.07121136003203037,-0.26436385734346174,-0.7766675238530497,0.06591301771146751,-1.2141333823150657,0.46496835283355087,media-alta
-0.7654169198207343,0.028348862696412718,-0.020254064514247064,-0.8013472035317797,-0.7442697707645091,0.21998237432259504,0.07587035550813186,-1.7671842232972466,-1.1519193290045064,-0.5675795820096119,1.329225191501693,0.46496835283355087,media-alta
0.44168676569613513,-0.20035750257059223,-0.020254064514247064,0.8702369771121693,0.24922246405686138,-0.7347381317434161,0.601162196722997,0.9725419130260105,-1.001818606943923,0.24691090334606178,-1.1163118987067275,0.46496835283355087,media-baja
2.8558941367298742,-0.047886592392588925,1.4433247477038942,-0.8724784452613094,0.6355805553762831,-1.2120983847764215,-1.8782152938111663,1.5768932666267046,0.42413825263161736,1.3328982171536263,-0.43156151344837046,-2.1506840065693225,media-alta
-0.21673342640397533,1.3243515992094395,-0.6605697948596839,-0.9673201009006824,-0.08194161421692865,-1.2120983847764215,0.05485868185953725,-0.47790133561572695,-0.32636535767129954,-0.024585925105829624,-1.018490415098391,0.46496835283355087,media-baja
1.1001069577962457,0.10458431778541437,-0.8435171463869515,-0.01890354450695239,-0.1923296403081921,-0.4619608442959843,0.601162196722997,0.3561035323532676,0.048886447480160584,-0.38658169637501816,-0.1380970626233593,0.46496835283355087,media-baja
0.3319500670127837,-0.9627120534606078,-0.11172774027788097,1.7830879126411348,0.1388344379655979,1.208800041319535,1.8828742892872679,1.6977635373468791,-0.551516440762173,-0.2055838107404239,-1.3119548659234022,0.46496835283355087,alta
-0.7654169198207343,-0.8864765983716062,-1.4838328767323885,0.31304225023085297,-0.24752365335382384,-0.32557220057226843,-0.197281401923598,-0.12334854150331022,-1.6772718562165467,0.6089066746152493,-0.5293829970567069,0.46496835283355087,media-alta
-1.8627839066542524,2.086706150099455,-2.215622282841459,0.40788390587022605,-0.3027176663994556,0.3563710180463109,0.5171155021286186,0.0055797472648372705,0.9494907798436576,0.5184077317979522,-0.7250259642733816,0.46496835283355087,media-alta
-0.655680221137383,-0.20035750257059223,-0.020254064514247064,-0.8487680313514662,-0.8546577968557721,-0.4619608442959843,-0.9116783059758146,-1.5536467450249813,0.42413825263161736,1.6043950456055167,0.9379392570683454,0.46496835283355087,alta
-0.9848903171874382,-0.27659295765959346,1.8092194507584298,0.6212776310588154,0.30441647710249314,1.242897202250464,1.7568042473957002,0.48906083014544627,-0.2513149966410062,0.06591301771146751,-1.018490415098391,0.46496835283355087,media-baja
-0.655680221137383,-0.7340056881936031,1.2603773961766267,0.6449880449686586,0.1388344379655979,1.4474801678360378,1.5466875109097542,0.6099311008655761,0.12393680851045061,-0.296082753557721,-1.3119548659234022,0.46496835283355087,media-alta
0.2222133683294313,-0.8864765983716062,-0.47762244333241616,-0.8724784452613094,-0.5786877316276139,0.3563710180463109,0.012835334562348047,-0.8082800755840909,0.9494907798436576,-0.6580785248269091,0.3510103554183248,0.46496835283355087,media-alta
0.11247666964607989,-0.5815347780156,0.437114314303922,-0.7776367896219364,-1.1858218751295624,-0.6665438098815581,-1.247865084353328,-1.4609795374728907,-0.6265668017924663,1.061401388701735,2.0139755767600502,0.46496835283355087,media-alta
-1.4238371119208457,-0.12412204748159057,-1.75825390402329,-0.8724784452613094,-0.7994637838101408,1.7884517771453274,0.8533022805061322,-0.8042510665601045,1.2496922239648243,0.6994056174325465,0.05754590459331366,0.46496835283355087,media-alta
-0.10699672772062392,-0.8102411432826048,0.528587990067556,0.4553047336899126,-0.4682997055363504,0.3563710180463109,0.9373489751005106,0.5696410106255329,0.34908789160132403,0.42790878898065604,-0.6272044806650434,0.46496835283355087,media-alta
0.5514234643794865,1.3243515992094395,0.16269328701302077,-0.8013472035317797,1.2979087119238633,-0.2573778787104105,-0.7856082640842469,1.077296147650105,1.474843307055701,0.6089066746152493,-1.4097763495317386,-2.1506840065693225,media-baja
-0.7654169198207343,-0.27659295765959346,-1.3008855252051206,0.7161192866981885,-0.4682997055363504,2.061229064592759,1.5256758372611596,0.5575539835535288,0.048886447480160584,-0.4770806391923148,-1.018490415098391,0.46496835283355087,media-baja
-0.5459435224540315,-0.5815347780156,0.6200616658311898,0.6449880449686586,-0.4682997055363504,1.7202574552834695,1.3575824480724028,0.5575539835535288,-0.026163913550132773,-0.4770806391923148,-1.2141333823150657,0.46496835283355087,media-baja
-0.5459435224540315,-0.5815347780156,0.3456406385402881,0.5738568032391288,-1.075433849038299,0.3563710180463109,0.26497541834548327,-0.2361607941754225,-0.17626463561071615,-1.2915711245479884,0.05754590459331366,0.46496835283355087,media-baja
1.6487904512130047,0.10458431778541437,0.8030090173584576,-0.6353743061628769,1.7946548293345488,-1.0075154191908477,-1.1428067161103552,1.3835008334745058,0.6492893357224908,-0.296082753557721,-1.018490415098391,-2.1506840065693225,media-baja
-1.5335738106041972,-0.6577702331046015,-0.2946750918051483,1.0362098744810722,-1.4065979273120892,-0.32557220057226843,-0.029188012734841163,-0.7599319672960301,0.4991886136619074,-1.2010721817306913,0.8401177734600089,0.46496835283355087,media-alta
1.3195803551629504,2.5822366081779657,-1.75825390402329,-0.7065055478924067,1.7946548293345488,-1.0757097410527057,-0.197281401923598,0.8919617325459239,-0.32636535767129954,1.3328982171536263,-0.6272044806650434,-2.1506840065693225,media-baja
0.3319500670127837,0.3332906830524189,-0.11172774027788097,-0.825057617441623,1.2979087119238633,-0.9393210973289898,-2.067320356648518,-0.07902944223923575,0.19898716954074397,1.6948939884228138,0.9379392570683454,-2.1506840065693225,alta
-0.7654169198207343,-0.3528284127485951,-1.117938173677853,-0.7776367896219364,1.8498488423801807,-0.6665438098815581,1.441629142666781,0.31178443308923787,2.0752461952980346,1.061401388701735,-0.822847447881718,0.46496835283355087,baja
-0.21673342640397533,-1.1914184187276127,0.528587990067556,-0.825057617441623,-0.9098518099014039,0.3563710180463109,-0.5754915275983009,-1.9605766564494902,-2.1275740223982966,0.6994056174325465,1.524868158718366,0.46496835283355087,media-alta
0.11247666964607989,-1.1914184187276127,0.3456406385402881,-0.9673201009006824,-1.075433849038299,-0.2573778787104105,-0.8066199377328415,-0.6390616965759002,0.8744404188133675,-1.5630679529998794,-0.5293829970567069,0.46496835283355087,media-baja
-0.7654169198207343,-0.3528284127485951,1.626272099231162,0.4790151475997558,-0.24752365335382384,1.5156744896978958,1.7568042473957002,0.48906083014544627,0.19898716954074397,-0.7485774676442062,-1.2141333823150657,0.46496835283355087,media-alta
1.6487904512130047,-0.6577702331046015,0.8030090173584576,-0.2560076836053849,-0.8546577968557721,-0.9393210973289898,-0.2813280965179764,0.12645001798501188,-0.551516440762173,0.15641196052876463,-0.7250259642733816,0.46496835283355087,media-baja
-1.204363714554142,0.028348862696412718,0.07121961124938686,-0.11374520014632547,-0.5234937185819821,0.6291483054937427,1.336570774423808,-0.8203671026561397,0.048886447480160584,0.24691090334606178,0.5466533226349978,0.46496835283355087,media-alta
-1.3141004132374934,-0.27659295765959346,0.2541669627766547,-0.3982701670644444,-0.5786877316276139,1.311091524112322,1.5046641636125648,-1.2837031404166823,0.7243396967527841,0.06591301771146751,1.1335822242850184,0.46496835283355087,media-alta
0.0027399709627274923,-0.12412204748159057,1.3518510719402608,-0.8961888591711527,0.85635660755881,-0.12098923498669463,0.2229520710482941,-1.5254436818569421,-0.7016171628227563,0.24691090334606178,2.209618543976723,0.46496835283355087,media-alta
-0.21673342640397533,0.4857615932304222,-0.2032014160415149,1.9846264308748025,-0.13713562726256037,1.4474801678360378,1.399605795369592,1.3915588515224786,-1.6022214951862566,0.7899045602498436,-0.9206689314900546,0.46496835283355087,media-alta
-0.32647012508732776,-0.27659295765959346,0.437114314303922,0.6449880449686586,-0.3027176663994556,-0.18918355684855256,0.012835334562348047,-0.6390616965759002,-1.4521207731256733,-1.2915711245479884,0.9379392570683454,0.46496835283355087,media-alta
-1.0946270158707905,0.180819772874416,-0.9349908221505855,-0.06632437232663893,-0.4682997055363504,-0.9393210973289898,0.2229520710482941,-0.26436385734346174,-1.4521207731256733,0.15641196052876463,-1.018490415098391,0.46496835283355087,media-baja
-0.5459435224540315,-0.27659295765959346,0.985956368885725,0.6924088727883448,-0.35791167944508734,1.9930347427309014,1.5466875109097542,0.4971188481934191,-0.551516440762173,-0.296082753557721,-1.018490415098391,0.46496835283355087,media-baja
-0.7654169198207343,-0.27659295765959346,-0.2032014160415149,-0.8724784452613094,0.08364042491996618,0.21998237432259504,0.09688202915672646,-0.5987716063358569,2.0001958342677413,0.42790878898065604,0.05754590459331366,0.46496835283355087,alta
0.2222133683294313,-1.115182963638611,-0.6605697948596839,0.6686984588785018,3.8920273250685526,0.08359373059887917,0.8322906068575376,0.27955236089716745,-0.32636535767129954,-1.2010721817306913,-0.040275579015022815,0.46496835283355087,alta
-0.655680221137383,1.4768225093874428,-0.5690961190960501,-0.8487680313514662,-0.13713562726256037,0.5609539836318848,1.1474657115864566,-0.9130343102082303,0.4991886136619074,0.5184077317979522,0.15536738820165014,0.46496835283355087,media-baja
-1.4238371119208457,-1.2676538738166143,-0.020254064514247064,0.1470693528619504,-0.7994637838101408,-1.6212643159475693,-1.0377483478673821,-1.1547748516485348,-0.1012142745804228,-0.7485774676442062,1.4270466751100295,0.46496835283355087,media-alta
1.758527149896356,2.353530242910961,-1.3923592009687547,-0.7776367896219364,2.788147064155919,-1.2120983847764215,-1.5420285154336526,0.730801371585706,-0.551516440762173,0.5184077317979522,0.5466533226349978,-2.1506840065693225,media-baja
-0.655680221137383,-0.12412204748159057,-0.2032014160415149,-0.7183607548473283,-0.7442697707645091,-1.5530699940857113,1.8408509419900787,-0.2764508844154658,-0.17626463561071615,0.9709024458844379,-0.5293829970567069,0.46496835283355087,media-baja
-0.10699672772062392,-0.6577702331046015,0.437114314303922,0.43159431978006924,-1.241015888175194,0.015399408737021234,-0.38638646476094946,-0.8808022380162046,1.0245411408739509,-0.38658169637501816,1.6226896423267025,0.46496835283355087,alta
-1.0946270158707905,-0.5815347780156,-0.11172774027788097,-0.8961888591711527,-0.3027176663994556,-0.5983494880197001,-1.2898884316505175,-0.9613824184962912,0.7243396967527841,0.24691090334606178,-0.040275579015022815,0.46496835283355087,media-baja
-1.0946270158707905,2.1629416051884567,-2.1241486070778253,-0.825057617441623,1.132326672786968,-1.1439040629145636,-1.6260752100280311,-0.41343719123163086,1.2496922239648243,0.24691090334606178,0.5466533226349978,-2.1506840065693225,media-baja
-0.655680221137383,-0.6577702331046015,-1.0264644979142192,0.5264359754194423,-0.026747601171296913,0.9019255929411744,1.189489058883646,0.26343632480117696,-0.2513149966410062,-0.296082753557721,-0.8880617706133473,0.46496835283355087,media-baja
0.661160163062839,2.4678834255444633,-0.9349908221505855,-0.7302159618022499,1.4634907510607584,0.08359373059887917,0.2229520710482941,0.48906083014544627,0.42413825263161736,-0.5675795820096119,-0.5293829970567069,-2.1506840065693225,media-baja
1.8682638485797094,1.1718806890314362,1.626272099231162,-0.5642430644333472,1.9050428554258123,-0.9393210973289898,-0.2603164228693818,1.5366031763866614,0.5742389746922008,0.7899045602498436,-0.6272044806650434,-2.1506840065693225,media-baja
-1.3141004132374934,0.028348862696412718,-0.47762244333241616,-0.8961888591711527,0.35961049014812485,-0.9393210973289898,0.39104546023705095,-1.082252689216421,0.19898716954074397,-1.3820700673652857,0.2531888718099866,0.46496835283355087,media-baja
-0.21673342640397533,0.3332906830524189,-0.2946750918051483,1.9609160169649589,-0.13713562726256037,1.37928584597418,1.399605795369592,1.3835008334745058,-1.6022214951862566,0.7899045602498436,-0.9206689314900546,0.46496835283355087,alta
-0.9848903171874382,-0.12412204748159057,-1.0264644979142192,0.31304225023085297,-0.3027176663994556,0.7655369492174585,1.0003839960462944,0.0055797472648372705,1.099591501904241,-0.5675795820096119,-0.040275579015022815,0.46496835283355087,media-alta
1.209843656479597,2.9252961560784723,-0.7520434706233177,-0.7776367896219364,2.677759038064656,-1.1439040629145636,-0.8696549586786253,1.1739923642262269,-0.17626463561071615,1.6948939884228138,-1.018490415098391,-2.1506840065693225,media-baja
1.4293170538463018,-0.20035750257059223,0.8030090173584576,-0.8487680313514662,0.9115506206044418,-1.5530699940857113,-2.151367051242896,0.6623082181776234,1.3247425849951178,0.7899045602498436,0.05754590459331366,-2.1506840065693225,media-baja
0.2222133683294313,2.696589790811468,-2.672990661659628,-0.7302159618022499,1.1875206858325997,0.015399408737021234,-0.6385265485440846,0.5132348842894543,0.7993900577830741,1.5138961027882205,0.6118676483012718,-2.1506840065693225,media-alta
-0.10699672772062392,-1.115182963638611,-0.020254064514247064,-0.11374520014632547,-0.9098518099014039,0.21998237432259504,0.2019403973996995,0.0055797472648372705,1.099591501904241,-0.296082753557721,-0.822847447881718,0.46496835283355087,alta
0.44168676569613513,-0.047886592392588925,-0.6605697948596839,0.43159431978006924,-1.075433849038299,-0.18918355684855256,0.39104546023705095,-0.16766764076733995,-0.40141571870158954,-1.2010721817306913,0.15536738820165014,0.46496835283355087,alta
-0.10699672772062392,-0.12412204748159057,-0.2946750918051483,-0.7302159618022499,-0.4682997055363504,-0.6665438098815581,1.1474657115864566,-1.0983687253124563,-0.1012142745804228,0.5184077317979522,0.9379392570683454,0.46496835283355087,media-baja
1.3195803551629504,-1.2676538738166143,0.7115353415948238,-0.9436096869908392,0.24922246405686138,0.08359373059887917,0.49610382848002393,-0.5584815160958135,-1.001818606943923,-1.1105732389133942,0.05754590459331366,0.46496835283355087,media-alta
0.9903702591128941,0.028348862696412718,0.437114314303922,-0.161166027966012,-0.4682997055363504,1.7202574552834695,1.1684773852350512,-0.6390616965759002,0.5742389746922008,-0.38658169637501816,1.524868158718366,0.46496835283355087,media-alta
2.9656308354132275,1.4768225093874428,-1.117938173677853,-0.49311182270381737,1.6842668032432853,-1.5530699940857113,-1.9412503147569502,1.617183356866748,0.12393680851045061,0.6089066746152493,0.05754590459331366,-2.1506840065693225,media-alta
1.3195803551629504,0.10458431778541437,1.077430044649359,0.9295130118867774,-0.24752365335382384,-0.5983494880197001,0.07587035550813186,1.5366031763866614,1.2496922239648243,-0.38658169637501816,-1.1163118987067275,0.46496835283355087,media-baja
-0.21673342640397533,-0.9627120534606078,0.3456406385402881,1.949060810010037,-0.6890757577188773,1.242897202250464,-0.09222303368062497,0.43265470380936777,-1.6022214951862566,1.061401388701735,0.2531888718099866,0.46496835283355087,media-alta
-0.9848903171874382,0.10458431778541437,-1.117938173677853,0.07593811113242048,-0.4682997055363504,-0.5983494880197001,0.43306880753424015,-0.05485538809522767,-0.47646607973188293,1.061401388701735,-0.5293829970567069,0.46496835283355087,media-baja
-1.204363714554142,0.10458431778541437,-1.0264644979142192,-0.825057617441623,-1.075433849038299,1.242897202250464,0.7692555859117538,-1.0016725087363345,1.474843307055701,0.15641196052876463,0.5466533226349978,0.46496835283355087,media-alta
-0.8751536185040868,-0.3528284127485951,1.626272099231162,-0.9673201009006824,0.6907745684219149,0.28817669618445296,-0.6385265485440846,-1.3239932306567257,1.2496922239648243,-0.8390764104615033,1.720511125935039,0.46496835283355087,media-alta
0.44168676569613513,0.4857615932304222,0.16269328701302077,0.9295130118867774,-0.41310569249071905,-0.802932453605274,-0.1342463809778142,0.02169578336087248,-1.001818606943923,-0.8390764104615033,0.9379392570683454,0.46496835283355087,media-alta
-0.5459435224540315,-0.7340056881936031,-0.2032014160415149,2.1624545351986266,-0.24752365335382384,0.5609539836318848,-0.09222303368062497,1.5930093027227399,-1.2269696900348,-0.11508486792312675,-1.3119548659234022,0.46496835283355087,media-alta
0.11247666964607989,-0.8102411432826048,0.3456406385402881,2.1861649491084694,-0.13713562726256037,0.28817669618445296,1.1684773852350512,1.5366031763866614,-1.2269696900348,-0.38658169637501816,-1.5075978331400752,0.46496835283355087,media-alta
-1.3141004132374934,0.4095261381414205,-0.11172774027788097,-0.8961888591711527,-0.9650458229470357,0.28817669618445296,-0.5754915275983009,-1.823590349633325,1.099591501904241,0.42790878898065604,1.524868158718366,0.46496835283355087,alta
1.1001069577962457,-0.42906386783759676,-0.11172774027788097,0.597567217148972,-0.08194161421692865,0.5609539836318848,0.6221738703715916,0.40848064966531494,-1.6772718562165467,0.6089066746152493,-0.43156151344837046,0.46496835283355087,media-alta
-0.5459435224540315,-1.0389475085496094,-0.2946750918051483,-0.46940140879397424,-0.35791167944508734,-0.8711267754671319,-0.6595382221926793,-0.5584815160958135,1.5498936680859912,1.1519003315190322,0.3510103554183248,0.46496835283355087,media-alta
0.3319500670127837,2.086706150099455,-2.1241486070778253,-0.20858685578569836,1.9602368684714433,-1.6894586378094272,-1.9622619884055448,1.2142824544662703,1.2496922239648243,-0.11508486792312675,-1.4097763495317386,-2.1506840065693225,baja
-0.9848903171874382,-0.27659295765959346,-0.38614876756878225,1.1903275648950535,-1.130627862083931,-0.32557220057226843,-0.30233977016657104,-0.2039287219833968,-0.1012142745804228,-1.3820700673652857,0.2531888718099866,0.46496835283355087,media-alta
1.209843656479597,1.857999784832451,-0.7520434706233177,-0.44569099488413094,1.51868476410639,-1.1439040629145636,-0.38638646476094946,1.2948626349464016,0.4991886136619074,0.9709024458844379,-1.018490415098391,-2.1506840065693225,media-baja
0.3319500670127837,-1.0389475085496094,-0.38614876756878225,-0.9436096869908392,-0.13713562726256037,-0.32557220057226843,-0.3653747911123548,-0.1555806136953359,2.300397278388908,1.3328982171536263,0.15536738820165014,0.46496835283355087,media-alta
-0.8751536185040868,0.3332906830524189,-0.11172774027788097,-0.11374520014632547,-0.08194161421692865,-1.1439040629145636,-0.7856082640842469,-0.47790133561572695,0.4991886136619074,-1.1105732389133942,0.15536738820165014,0.46496835283355087,media-baja
-1.0946270158707905,-0.7340056881936031,1.7177457749947957,0.31304225023085297,-0.3027176663994556,-0.0527949131248367,-0.008176339086246558,-0.09514547833527096,0.048886447480160584,-0.2055838107404239,-0.5293829970567069,0.46496835283355087,media-alta
0.7708968617461903,0.86693886867543,1.626272099231162,1.8305087404608211,-0.9650458229470357,0.42456533990816886,0.7482439122631592,0.44877073990540295,-0.551516440762173,-1.4725690101825828,0.8401177734600089,0.46496835283355087,media-alta
-0.9848903171874382,-0.5815347780156,-0.8435171463869515,0.6212776310588154,0.1388344379655979,0.9701199148030323,0.5591388494258077,0.4286256947853366,0.12393680851045061,0.06591301771146751,-1.1163118987067275,0.46496835283355087,media-baja
0.661160163062839,-0.6577702331046015,-0.020254064514247064,1.285169220534426,-0.6890757577188773,1.9248404208690433,1.336570774423808,1.0128320032660538,-0.7016171628227563,0.3374098461633589,-0.9206689314900546,0.46496835283355087,media-alta
0.44168676569613513,-0.5815347780156,-0.020254064514247064,1.8542191543706643,-0.026747601171296913,-0.32557220057226843,1.2105007325322406,1.7944597539229563,-1.2269696900348,0.15641196052876463,-1.3119548659234022,0.46496835283355087,media-alta
0.2222133683294313,-1.0389475085496094,-0.2032014160415149,-0.9673201009006824,-0.35791167944508734,-1.2802927066382794,0.43306880753424015,-1.0419625989763779,-0.1012142745804228,-0.296082753557721,0.8401177734600089,0.46496835283355087,alta
-0.32647012508732776,-0.7340056881936031,-0.020254064514247064,-0.919899273080996,0.1388344379655979,0.21998237432259504,-0.1762697282750034,-0.5987716063358569,1.3247425849951178,2.3283865881438937,0.15536738820165014,0.46496835283355087,media-alta
0.0027399709627274923,-0.8102411432826048,0.3456406385402881,-0.6590847200727202,-0.5786877316276139,0.6973426273556006,1.336570774423808,-1.251471068224612,0.7993900577830741,0.42790878898065604,2.0139755767600502,0.46496835283355087,media-alta
-0.32647012508732776,-0.9627120534606078,0.8030090173584576,1.0836307023007585,0.24922246405686138,0.6973426273556006,-0.40739813840954403,0.37624857747328927,-1.75232221724684,0.42790878898065604,0.05754590459331366,0.46496835283355087,media-alta
0.9903702591128941,-0.20035750257059223,1.626272099231162,1.5222733596328586,-0.8546577968557721,0.6291483054937427,0.1809287237511049,0.5696410106255329,-0.551516440762173,-1.5630679529998794,0.3510103554183248,0.46496835283355087,media-baja
-0.21673342640397533,0.028348862696412718,-1.4838328767323885,0.6686984588785018,-0.24752365335382384,1.37928584597418,1.2105007325322406,0.5696410106255329,-0.6265668017924663,-0.5675795820096119,-1.5075978331400752,0.46496835283355087,media-baja
0.3319500670127837,-0.9627120534606078,0.985956368885725,0.26562142241116665,0.9115506206044418,0.5609539836318848,1.8828742892872679,0.5696410106255329,0.6492893357224908,-1.6535668958171765,-0.822847447881718,0.46496835283355087,media-alta
0.44168676569613513,0.10458431778541437,-0.2946750918051483,-0.0900347862364821,-0.4682997055363504,-0.6665438098815581,0.6852088913173754,-0.21601574905540083,1.099591501904241,0.5184077317979522,0.4488318390266613,0.46496835283355087,media-alta
-0.10699672772062392,2.5822366081779657,-1.3923592009687547,-0.7539263757120932,1.2979087119238633,-1.5530699940857113,-2.046308682999923,0.6743952452496275,1.1746418629345343,0.3374098461633589,-0.7250259642733816,-2.1506840065693225,media-baja
-0.9848903171874382,-1.1914184187276127,0.16269328701302077,-0.9910305148105255,0.35961049014812485,-0.6665438098815581,-0.8486432850300307,-1.3642833208967688,0.7993900577830741,-0.4770806391923148,0.4488318390266613,0.46496835283355087,alta
0.11247666964607989,-0.047886592392588925,0.3456406385402881,0.4553047336899126,-0.24752365335382384,0.9701199148030323,1.1684773852350512,0.44877073990540295,-0.551516440762173,0.15641196052876463,-0.7250259642733816,0.46496835283355087,media-baja
0.44168676569613513,-0.27659295765959346,0.894482693122091,-0.9436096869908392,-0.35791167944508734,-1.3484870285001374,0.07587035550813186,-0.5866845792638529,0.4991886136619074,-0.5675795820096119,-0.1380970626233593,0.46496835283355087,media-baja
0.5514234643794865,-0.9627120534606078,0.6200616658311898,1.2614588066245829,0.5251925292850197,1.1747028803886062,1.0844306906406729,0.730801371585706,-0.6265668017924663,-1.2010721817306913,0.05754590459331366,0.46496835283355087,media-alta
-0.5459435224540315,-0.6577702331046015,0.07121961124938686,-0.8961888591711527,-0.5234937185819821,-1.5530699940857113,-1.0587600215159767,-1.9726636835214941,0.048886447480160584,-1.1105732389133942,2.209618543976723,0.46496835283355087,media-alta
-0.8751536185040868,-0.42906386783759676,-0.5690961190960501,-0.01890354450695239,-0.24752365335382384,-1.3484870285001374,0.2229520710482941,-0.9533244004482736,-1.82737257827713,1.5138961027882205,0.5466533226349978,0.46496835283355087,media-alta
3.1851042327799304,0.25705522796341723,1.2603773961766267,-0.6590847200727202,2.2914009467452336,-0.7347381317434161,-0.722573243138463,1.9314460607391213,-0.47646607973188293,-0.7485774676442062,-1.018490415098391,-2.1506840065693225,media-baja
-0.21673342640397533,0.9431743237644317,-0.38614876756878225,-0.06632437232663893,-0.6890757577188773,0.1517880524607371,0.916337301451916,-1.267587104320647,-0.1012142745804228,-0.8390764104615033,1.720511125935039,0.46496835283355087,media-alta
-0.9848903171874382,0.028348862696412718,-1.75825390402329,-0.11374520014632547,0.19402845101122965,-1.6894586378094272,-0.5334681803011116,-0.05888439711921411,-0.40141571870158954,-0.11508486792312675,-1.1163118987067275,0.46496835283355087,media-baja
-0.43620682377067915,1.095645233942435,-1.209411849441487,-0.6827951339825634,-0.9098518099014039,-0.39376652243412635,-0.5124565066525171,-1.9283445842574196,-1.001818606943923,-0.6580785248269091,2.1117970603683864,0.46496835283355087,alta
-0.10699672772062392,-1.2676538738166143,0.6200616658311898,-0.7302159618022499,-0.1923296403081921,0.1517880524607371,-0.5544798539497062,-0.6390616965759002,-0.6265668017924663,-1.1105732389133942,-0.040275579015022815,0.46496835283355087,alta
-0.8751536185040868,-0.42906386783759676,-0.6605697948596839,0.4553047336899126,-0.6338817446732457,0.4927596617700268,1.0424073433434837,0.5696410106255329,2.0752461952980346,1.1519003315190322,-0.7250259642733816,0.46496835283355087,media-alta
-0.32647012508732776,-1.0389475085496094,0.3456406385402881,0.02851728331273415,0.19402845101122965,1.5156744896978958,0.43306880753424015,-0.610858633407861,-0.8517178848833398,0.24691090334606178,0.5466533226349978,0.46496835283355087,alta
-0.655680221137383,-0.42906386783759676,-0.6605697948596839,1.3088796344442697,-0.4682997055363504,1.1065085585267482,0.15991705010251028,0.6502211911056194,-1.001818606943923,-1.0200742960960971,-0.333740029840034,0.46496835283355087,media-alta
-0.9848903171874382,-0.3528284127485951,-1.209411849441487,-0.8961888591711527,-1.241015888175194,-0.7347381317434161,-0.2393047492207872,-0.8485701658241342,1.474843307055701,-0.11508486792312675,-0.43156151344837046,0.46496835283355087,media-baja
-0.7654169198207343,-0.5052993229265984,0.528587990067556,-0.18487644187585517,-0.6338817446732457,0.6973426273556006,0.5171155021286186,-0.921092328256248,-0.2513149966410062,-1.0200742960960971,0.6444748062433342,0.46496835283355087,alta
2.52668404067982,0.6382325034084255,-0.020254064514247064,-0.7302159618022499,2.1810129206539703,-1.2120983847764215,-1.268876758001923,0.8919617325459239,-1.0768689679742165,1.061401388701735,0.05754590459331366,-2.1506840065693225,media-alta
1.4293170538463018,-0.8864765983716062,-0.020254064514247064,-0.5879534783431904,0.19402845101122965,-1.0075154191908477,-0.7015615694898685,-0.09111646931123979,-1.9024229393074235,-0.5675795820096119,-0.9206689314900546,0.46496835283355087,media-alta
0.3319500670127837,-0.9627120534606078,-0.020254064514247064,2.1861649491084694,-0.3027176663994556,0.5609539836318848,1.4836524899639703,1.6977635373468791,-0.8517178848833398,-0.11508486792312675,-1.2141333823150657,0.46496835283355087,media-alta
0.5514234643794865,-0.8864765983716062,-0.11172774027788097,2.11503370737894,0.30441647710249314,1.5156744896978958,1.893380126111565,1.8589238983070524,-0.551516440762173,-0.4770806391923148,-1.5075978331400752,0.46496835283355087,alta
0.3319500670127837,-0.5052993229265984,1.626272099231162,-0.9910305148105255,-0.4682997055363504,0.28817669618445296,0.70622056496597,-1.082252689216421,-0.6265668017924663,0.3374098461633589,0.8401177734600089,0.46496835283355087,media-baja
-1.4238371119208457,-0.27659295765959346,-0.11172774027788097,-0.8961888591711527,-1.3514039142664576,0.015399408737021234,-0.1762697282750034,-1.9605766564494902,0.7993900577830741,0.7899045602498436,2.0139755767600502,0.46496835283355087,alta
1.1001069577962457,-1.115182963638611,-0.9349908221505855,-0.8724784452613094,-0.7994637838101408,-0.4619608442959843,-0.07121136003203037,-0.17169664979137111,-0.2513149966410062,0.06591301771146751,-0.333740029840034,0.46496835283355087,media-alta
-0.9848903171874382,-0.27659295765959346,0.894482693122091,-0.06632437232663893,-0.41310569249071905,1.311091524112322,1.3785941217209974,-0.4859593536637446,0.12393680851045061,1.1519003315190322,0.3510103554183248,0.46496835283355087,media-alta
-0.10699672772062392,-0.7340056881936031,-0.020254064514247064,-0.6116638922530336,-1.130627862083931,0.6973426273556006,0.2859870919940779,-1.847764403777333,-0.40141571870158954,-1.2915711245479884,2.209618543976723,0.46496835283355087,alta
-0.10699672772062392,-0.27659295765959346,0.437114314303922,-1.014740928720369,-0.8546577968557721,-1.5530699940857113,-1.100783368813166,-1.80747431353729,-0.926768245913633,-0.4770806391923148,1.6226896423267025,0.46496835283355087,media-alta
-0.43620682377067915,-0.3528284127485951,-0.020254064514247064,2.4706899160265885,-0.7994637838101408,0.9019255929411744,1.189489058883646,1.4157329056665315,0.34908789160132403,0.42790878898065604,-0.822847447881718,0.46496835283355087,media-baja
-0.7654169198207343,-0.20035750257059223,-1.209411849441487,2.3047170186576857,-0.5786877316276139,-0.6665438098815581,-0.1342463809778142,1.1981664183702798,-0.551516440762173,-0.11508486792312675,-1.2141333823150657,0.46496835283355087,media-baja
-0.32647012508732776,-0.7340056881936031,-0.47762244333241616,-0.9673201009006824,-0.5234937185819821,-0.12098923498669463,1.2525240798294297,-1.3481672848007338,-1.30202005106509,-1.4725690101825828,0.7422962898516707,0.46496835283355087,media-baja
0.9903702591128941,0.7907034135864284,0.437114314303922,-0.06632437232663893,-0.7442697707645091,0.21998237432259504,-0.44942148570673324,-0.9613824184962912,-0.6265668017924663,0.5184077317979522,1.8183326095433772,0.46496835283355087,alta
-1.204363714554142,0.3332906830524189,-2.307095958605093,-0.919899273080996,0.85635660755881,-0.2573778787104105,0.11789370280532106,-0.39732115513564037,0.34908789160132403,0.3374098461633589,-1.1163118987067275,0.46496835283355087,media-baja
-0.10699672772062392,0.180819772874416,0.7115353415948238,0.3841734919603829,0.85635660755881,0.8337312710793164,0.8322906068575376,0.49308983916943266,-0.7766675238530497,0.15641196052876463,-0.9206689314900546,0.46496835283355087,media-baja
-0.32647012508732776,-0.27659295765959346,0.437114314303922,-0.8724784452613094,-0.5786877316276139,-0.39376652243412635,-0.7435849167870577,-0.8002220575361181,0.12393680851045061,1.3328982171536263,-0.1380970626233593,0.46496835283355087,media-alta
0.8806335604295428,-1.1914184187276127,-0.11172774027788097,0.5027255615095991,-0.026747601171296913,1.8566460990071854,0.6221738703715916,0.6985692993936803,-0.7016171628227563,-1.2915711245479884,-0.9206689314900546,0.46496835283355087,media-alta
0.44168676569613513,1.9342352399214517,-2.672990661659628,-0.6353743061628769,1.4634907510607584,-1.3484870285001374,-1.836191946513977,0.4769738030733975,1.099591501904241,0.9709024458844379,0.3510103554183248,-2.1506840065693225,media-alta
-1.3141004132374934,0.4095261381414205,-1.5753065524960221,0.24191100850132327,-0.7994637838101408,0.21998237432259504,1.3155591007752134,0.0055797472648372705,-0.32636535767129954,1.061401388701735,-0.6272044806650434,0.46496835283355087,media-baja
-0.7654169198207343,-0.5815347780156,-0.47762244333241616,0.6924088727883448,0.19402845101122965,1.1065085585267482,1.2525240798294297,0.40042263161734204,-0.7016171628227563,-0.11508486792312675,-0.9206689314900546,0.46496835283355087,media-baja
0.3319500670127837,2.1629416051884567,-0.47762244333241616,-0.7539263757120932,1.7946548293345488,-0.9393210973289898,-0.6595382221926793,0.7146853354897156,0.5742389746922008,0.42790878898065604,-0.6272044806650434,-2.1506840065693225,media-alta
-0.43620682377067915,-1.3438893289056157,1.3518510719402608,-0.8724784452613094,-0.7994637838101408,-1.0757097410527057,-0.6385265485440846,-0.7035258409599963,1.1746418629345343,-0.2055838107404239,0.4488318390266613,0.46496835283355087,media-baja
-0.43620682377067915,1.7055288746544477,-0.38614876756878225,0.43159431978006924,-0.08194161421692865,-1.5530699940857113,1.1684773852350512,0.25537830675315937,-0.40141571870158954,-1.2010721817306913,-1.018490415098391,0.46496835283355087,baja
-1.8627839066542524,0.44764386568592135,0.8030090173584576,-0.46940140879397424,0.19402845101122965,-0.12098923498669463,0.5171155021286186,0.17479812627307278,1.5498936680859912,0.06591301771146751,-1.3119548659234022,0.46496835283355087,media-baja
-0.21673342640397533,-0.27659295765959346,-0.2946750918051483,1.640825429182075,-0.4682997055363504,1.4474801678360378,0.34902211293986174,0.33595848723324595,-1.3770704120953832,0.42790878898065604,-0.040275579015022815,0.46496835283355087,media-alta
0.5514234643794865,-0.3528284127485951,0.16269328701302077,-0.7776367896219364,0.46999851623938793,-0.802932453605274,1.1054423642892675,0.0055797472648372705,0.048886447480160584,0.42790878898065604,-0.5293829970567069,0.46496835283355087,media-baja
-1.4238371119208457,-0.27659295765959346,-0.2946750918051483,-0.2560076836053849,-0.35791167944508734,1.4474801678360378,0.7482439122631592,-0.9613824184962912,1.0245411408739509,-0.6580785248269091,0.2531888718099866,0.46496835283355087,alta
-1.4238371119208457,-0.6577702331046015,-1.0264644979142192,-0.7776367896219364,-0.41310569249071905,0.5609539836318848,0.6641972176687808,-0.8566281838721518,-0.026163913550132773,-1.1105732389133942,-0.2359185462316975,0.46496835283355087,media-alta
1.1001069577962457,1.095645233942435,-0.020254064514247064,-0.8487680313514662,0.08364042491996618,1.311091524112322,1.2735357534780243,-0.8405121477761613,-1.3770704120953832,-0.8390764104615033,0.7422962898516707,0.46496835283355087,media-baja
-0.655680221137383,-0.5052993229265984,0.07121961124938686,1.0954859092556803,-0.3027176663994556,0.6973426273556006,0.11789370280532106,0.7952655159698021,-0.2513149966410062,0.06591301771146751,-0.822847447881718,0.46496835283355087,media-alta
-0.655680221137383,-0.27659295765959346,-0.2032014160415149,-0.6116638922530336,-0.6890757577188773,-0.32557220057226843,-0.3233514438151656,-1.2837031404166823,0.7993900577830741,-0.9295753532788005,1.1335822242850184,0.46496835283355087,alta
1.209843656479597,-0.7340056881936031,1.626272099231162,1.0243546675261506,-0.7442697707645091,1.5156744896978958,0.6641972176687808,0.28761037894518504,-1.4521207731256733,-1.6535668958171765,0.15536738820165014,0.46496835283355087,media-alta
0.0027399709627274923,0.86693886867543,-0.11172774027788097,0.31304225023085297,-1.4065979273120892,-1.0757097410527057,0.3280104392912671,-1.2595290862726294,-0.2513149966410062,-0.4770806391923148,2.1117970603683864,0.46496835283355087,media-alta
-1.753047207970901,0.44764386568592135,0.6200616658311898,-0.8487680313514662,-0.7994637838101408,-0.9393210973289898,-0.5124565066525171,-1.1950649418885781,0.5742389746922008,-1.1105732389133942,0.05754590459331366,0.46496835283355087,media-alta
1.4293170538463018,0.4095261381414205,1.077430044649359,-0.7065055478924067,0.6907745684219149,-1.2802927066382794,-2.172378724891491,0.44877073990540295,-0.32636535767129954,2.6903823594130825,0.7422962898516707,-2.1506840065693225,alta
-0.9848903171874382,0.25705522796341723,-0.2032014160415149,-0.3271389253349147,-0.5234937185819821,-0.5983494880197001,-0.9116783059758146,-1.747039178177225,-0.8517178848833398,0.6994056174325465,1.59008248438464,0.46496835283355087,media-alta
0.2222133683294313,-1.2295361462721135,1.626272099231162,-0.9436096869908392,-0.6338817446732457,0.21998237432259504,0.2859870919940779,-0.7196418770559867,-0.551516440762173,2.3283865881438937,0.05754590459331366,0.46496835283355087,media-alta
0.11247666964607989,0.25705522796341723,-0.5690961190960501,0.07593811113242048,-1.0202398359926674,-0.5301551661578422,-0.05019968638343576,-0.42149520927964845,-2.1275740223982966,1.3328982171536263,-0.1380970626233593,0.46496835283355087,alta
0.11247666964607989,-0.20035750257059223,-1.0264644979142192,0.5738568032391288,-0.24752365335382384,1.37928584597418,1.0844306906406729,0.5776990286735504,-0.40141571870158954,0.06591301771146751,-0.9206689314900546,0.46496835283355087,media-baja
0.661160163062839,2.8490607009894706,-0.8435171463869515,-0.8013472035317797,1.8498488423801807,-0.8711267754671319,-0.5965032012468955,0.6905112813456628,0.7243396967527841,-0.296082753557721,-0.9206689314900546,-2.1506840065693225,media-baja
-0.21673342640397533,-0.5815347780156,0.3456406385402881,-1.014740928720369,0.08364042491996618,0.28817669618445296,0.49610382848002393,-0.5584815160958135,1.7750447511768679,-0.6580785248269091,-0.43156151344837046,0.46496835283355087,media-alta
0.3319500670127837,0.6382325034084255,0.894482693122091,2.091323293469097,0.1388344379655979,0.42456533990816886,1.5046641636125648,1.802517771970974,-0.1012142745804228,1.061401388701735,-1.018490415098391,0.46496835283355087,media-alta
1.8682638485797094,0.25705522796341723,1.626272099231162,-1.014740928720369,-0.7994637838101408,-1.1439040629145636,-1.3949467998934904,-0.9613824184962912,-1.9024229393074235,-1.6535668958171765,0.05754590459331366,0.46496835283355087,baja
-1.0946270158707905,0.9431743237644317,-0.2946750918051483,-0.2441524766504633,-1.0202398359926674,0.8337312710793164,0.2019403973996995,-1.1225427794564644,0.34908789160132403,-0.38658169637501816,0.8075106155179448,0.46496835283355087,alta
0.11247666964607989,-0.8864765983716062,-0.11172774027788097,-0.7776367896219364,-0.6338817446732457,0.8337312710793164,1.3785941217209974,-1.3239932306567257,0.6492893357224908,-0.9295753532788005,1.524868158718366,0.46496835283355087,media-alta
0.2222133683294313,-0.42906386783759676,0.16269328701302077,1.5459837735427022,0.35961049014812485,1.1747028803886062,0.09688202915672646,1.0249190303380578,-0.8517178848833398,0.3374098461633589,-0.43156151344837046,0.46496835283355087,media-alta
0.7708968617461903,2.9252961560784723,-2.307095958605093,-0.8013472035317797,1.573878777152022,-0.7347381317434161,-1.836191946513977,0.7630334437777764,1.3997929460254077,1.6043950456055167,0.4488318390266613,-2.1506840065693225,media-baja
-0.32647012508732776,-0.3528284127485951,0.07121961124938686,-0.8961888591711527,-0.35791167944508734,-0.802932453605274,0.4120571338856455,-0.921092328256248,-0.8517178848833398,-0.7485774676442062,-0.5293829970567069,0.46496835283355087,media-alta
-0.7654169198207343,-0.7340056881936031,0.07121961124938686,0.6212776310588154,-1.1858218751295624,0.21998237432259504,0.03384700821094265,0.16674010822505517,1.3997929460254077,-1.1105732389133942,-0.2359185462316975,0.46496835283355087,media-baja
-0.9848903171874382,-0.12412204748159057,-1.3008855252051206,-0.5879534783431904,-0.5786877316276139,-0.4619608442959843,0.05485868185953725,-0.1958707039353792,-1.5271711341559666,-0.4770806391923148,-1.4097763495317386,0.46496835283355087,media-baja
-0.21673342640397533,0.028348862696412718,-1.666780228259656,0.597567217148972,-0.4682997055363504,-1.3484870285001374,-0.11323470732921957,0.6502211911056194,0.12393680851045061,-1.2915711245479884,-1.2141333823150657,0.46496835283355087,media-baja
-1.204363714554142,-0.6577702331046015,0.2541669627766547,-0.9436096869908392,-1.4065979273120892,-0.5301551661578422,-0.2393047492207872,-1.9243155752334333,1.099591501904241,-1.2915711245479884,2.209618543976723,0.46496835283355087,media-alta
-0.10699672772062392,0.9431743237644317,-0.6605697948596839,1.6171150152722318,0.30441647710249314,2.5385893176257652,1.8408509419900787,1.125644255938166,-1.2269696900348,-0.11508486792312675,-0.9206689314900546,0.46496835283355087,media-baja
-0.5459435224540315,-0.5815347780156,-0.38614876756878225,-0.919899273080996,0.35961049014812485,0.1517880524607371,0.6221738703715916,-0.39732115513564037,0.048886447480160584,0.42790878898065604,-0.9206689314900546,0.46496835283355087,media-alta
0.44168676569613513,-1.2676538738166143,0.6200616658311898,-0.825057617441623,0.19402845101122965,-0.802932453605274,-0.44942148570673324,0.08615992774496858,0.19898716954074397,-0.6580785248269091,-0.43156151344837046,0.46496835283355087,media-baja
1.1001069577962457,-0.5815347780156,0.07121961124938686,1.23774839271474,-1.130627862083931,0.21998237432259504,-0.3653747911123548,-0.12737755052729666,-0.7766675238530497,-0.8390764104615033,1.329225191501693,0.46496835283355087,media-alta
-1.8627839066542524,-1.0008297810051086,-1.117938173677853,0.43159431978006924,-0.13713562726256037,0.3563710180463109,-0.2603164228693818,-0.002478270783135603,0.34908789160132403,-0.9295753532788005,-0.9206689314900546,0.46496835283355087,media-alta
-0.21673342640397533,-0.12412204748159057,0.16269328701302077,-0.27971809751522825,-0.8546577968557721,-0.32557220057226843,0.6852088913173754,-0.7599319672960301,0.27403753057103397,2.5093844737784883,1.8183326095433772,0.46496835283355087,alta
-0.10699672772062392,-0.7340056881936031,0.07121961124938686,-0.8724784452613094,-0.3027176663994556,0.6291483054937427,-0.05019968638343576,-1.2031229599365958,-1.75232221724684,-0.6580785248269091,0.05754590459331366,0.46496835283355087,media-alta
1.209843656479597,-0.6577702331046015,0.8030090173584576,-0.9673201009006824,-1.296209901220826,0.3563710180463109,-0.029188012734841163,-0.9613824184962912,-0.7016171628227563,-1.2010721817306913,0.2531888718099866,0.46496835283355087,media-alta
-0.21673342640397533,-0.42906386783759676,-0.38614876756878225,-0.2560076836053849,-1.075433849038299,-0.7347381317434161,-0.8906666323272199,-1.4086024201607985,-0.7016171628227563,-1.1105732389133942,1.0357607406766818,0.46496835283355087,media-alta
1.3195803551629504,-1.1914184187276127,0.528587990067556,0.6212776310588154,-1.4065979273120892,0.4927596617700268,-0.3233514438151656,-0.5343074619517607,-2.1275740223982966,-1.2915711245479884,1.4270466751100295,0.46496835283355087,media-alta
0.44168676569613513,-0.5815347780156,-0.020254064514247064,1.8542191543706643,-0.026747601171296913,-0.32557220057226843,1.2105007325322406,1.7944597539229563,-1.2269696900348,0.15641196052876463,-1.3119548659234022,0.46496835283355087,media-alta
0.9903702591128941,2.1629416051884567,-0.8435171463869515,-0.7539263757120932,1.6290727901976536,-0.39376652243412635,-0.3653747911123548,0.7025983084176668,0.6492893357224908,-0.2055838107404239,-0.5293829970567069,-2.1506840065693225,media-baja
1.209843656479597,0.9431743237644317,-0.6605697948596839,-0.7065055478924067,0.6907745684219149,-1.4166813503619953,-1.9832736620541394,0.7025983084176668,0.27403753057103397,0.15641196052876463,-0.2359185462316975,-2.1506840065693225,media-alta
-0.43620682377067915,-1.1914184187276127,0.2541669627766547,-0.8724784452613094,-1.3514039142664576,-0.2573778787104105,-0.2813280965179764,-0.39732115513564037,0.9494907798436576,0.6089066746152493,-0.333740029840034,0.46496835283355087,media-alta
0.11247666964607989,-0.6577702331046015,0.6200616658311898,2.1387441212887834,0.4148045031937566,1.6520631334216116,1.5046641636125648,1.4157329056665315,-0.926768245913633,-0.6580785248269091,-1.4097763495317386,0.46496835283355087,media-alta
-0.655680221137383,-0.27659295765959346,-0.5690961190960501,-0.11374520014632547,-1.1858218751295624,1.5838688115597537,0.11789370280532106,-1.4690375555209083,-0.32636535767129954,-0.6580785248269091,1.720511125935039,0.46496835283355087,alta
-1.6433105092875497,-0.27659295765959346,-0.2946750918051483,-0.2560076836053849,-0.35791167944508734,1.4474801678360378,0.7482439122631592,-0.9613824184962912,1.0245411408739509,-0.6580785248269091,0.2531888718099866,0.46496835283355087,alta
0.0027399709627274923,0.180819772874416,1.626272099231162,-0.8961888591711527,-1.296209901220826,-0.32557220057226843,0.07587035550813186,-1.7671842232972466,0.6492893357224908,-1.6535668958171765,1.720511125935039,0.46496835283355087,alta
0.0027399709627274923,-0.27659295765959346,-1.117938173677853,0.597567217148972,-0.5786877316276139,1.1747028803886062,1.2945474271266189,0.5656120016015017,-0.40141571870158954,-0.11508486792312675,-1.018490415098391,0.46496835283355087,media-baja
-0.5459435224540315,-0.3528284127485951,0.16269328701302077,-0.919899273080996,-0.4682997055363504,-0.4619608442959843,1.2735357534780243,-0.9009472831362263,0.5742389746922008,-0.4770806391923148,0.2531888718099866,0.46496835283355087,media-baja
-0.8751536185040868,-0.27659295765959346,-0.6605697948596839,0.751684907562953,-1.075433849038299,0.08359373059887917,1.0424073433434837,0.5696410106255329,1.3247425849951178,0.5184077317979522,-0.7250259642733816,0.46496835283355087,alta
0.11247666964607989,-0.42906386783759676,0.8030090173584576,0.24191100850132327,-0.1923296403081921,1.4474801678360378,1.0424073433434837,0.5414379474574936,-0.2513149966410062,0.15641196052876463,-0.9206689314900546,0.46496835283355087,media-alta
1.9780005472630608,3.3064734315234805,-1.5753065524960221,-0.6590847200727202,1.9602368684714433,-1.4848756722238534,-1.9412503147569502,1.5527192124826965,0.9494907798436576,1.1519003315190322,0.05754590459331366,-2.1506840065693225,media-baja
0.5514234643794865,-1.2676538738166143,0.3456406385402881,-0.23229726969554174,0.02844641187433444,-0.5301551661578422,-0.5124565066525171,-0.0669424151672317,-0.8517178848833398,-0.6580785248269091,-0.9206689314900546,0.46496835283355087,media-alta
1.3195803551629504,-1.0389475085496094,0.528587990067556,-0.9673201009006824,-0.08194161421692865,-1.6894586378094272,-0.5965032012468955,-0.2764508844154658,-0.2513149966410062,0.06591301771146751,-0.333740029840034,0.46496835283355087,media-baja
-0.7654169198207343,0.7907034135864284,-1.117938173677853,0.953223425796621,-0.41310569249071905,-0.18918355684855256,0.47509215483142936,-0.02262331590315725,0.12393680851045061,0.15641196052876463,0.5270890259133308,0.46496835283355087,media-baja
2.0877372459464123,-0.047886592392588925,1.626272099231162,0.3841734919603829,-0.9098518099014039,-0.32557220057226843,-0.6595382221926793,-0.2764508844154658,-1.6772718562165467,-1.5630679529998794,1.0357607406766818,0.46496835283355087,media-baja
-1.753047207970901,-1.2676538738166143,0.07121961124938686,2.0676128795592534,-1.075433849038299,-1.0075154191908477,-0.49144483300392244,-0.006507279807166771,0.34908789160132403,-1.2010721817306913,1.0357607406766818,0.46496835283355087,alta
2.307210643313115,-0.6577702331046015,0.3456406385402881,1.285169220534426,-0.7442697707645091,0.21998237432259504,0.47509215483142936,1.496313086146618,-0.926768245913633,-1.7440658386344736,-0.7250259642733816,0.46496835283355087,media-baja
-0.9848903171874382,0.180819772874416,-0.2946750918051483,0.5264359754194423,-0.9098518099014039,0.6291483054937427,1.5676991845583488,0.18688515334507683,-0.551516440762173,0.7899045602498436,-0.7250259642733816,0.46496835283355087,media-baja
-0.5459435224540315,-0.6577702331046015,-0.11172774027788097,-0.161166027966012,0.5251925292850197,-0.12098923498669463,0.6641972176687808,-1.1950649418885781,0.12393680851045061,-0.2055838107404239,1.720511125935039,0.46496835283355087,alta
-0.9848903171874382,-0.5052993229265984,-0.5690961190960501,-0.919899273080996,-1.130627862083931,0.28817669618445296,-0.3653747911123548,-1.2837031404166823,0.6492893357224908,-0.6580785248269091,0.6444748062433342,0.46496835283355087,alta
-1.0946270158707905,-0.12412204748159057,1.4433247477038942,-0.919899273080996,-0.08194161421692865,1.311091524112322,1.3575824480724028,-0.6793517868159434,-0.17626463561071615,-0.5675795820096119,-0.9206689314900546,0.46496835283355087,media-baja
-0.9848903171874382,-0.27659295765959346,2.358061505340232,-1.014740928720369,-0.41310569249071905,1.311091524112322,-0.6385265485440846,-1.7510681872012113,-0.32636535767129954,-1.3820700673652857,1.0357607406766818,0.46496835283355087,media-alta
-0.8751536185040868,-0.3528284127485951,1.8092194507584298,0.5501463893292855,-0.08194161421692865,0.28817669618445296,1.6307342055041325,0.44071272185738536,-0.40141571870158954,0.24691090334606178,-1.018490415098391,0.46496835283355087,baja
-0.32647012508732776,-0.12412204748159057,-0.8435171463869515,0.2182005945914801,0.5251925292850197,0.6973426273556006,1.4206174690181865,1.6897055192988617,-0.2513149966410062,-0.024585925105829624,-1.2141333823150657,0.46496835283355087,media-baja
0.0027399709627274923,-0.42906386783759676,0.2541669627766547,2.1624545351986266,0.9115506206044418,0.28817669618445296,1.399605795369592,1.6977635373468791,-1.0768689679742165,0.15641196052876463,-1.3119548659234022,0.46496835283355087,alta
0.0027399709627274923,-1.0389475085496094,-0.47762244333241616,-0.9436096869908392,-0.5234937185819821,-0.7347381317434161,-1.0797716951645713,-0.7196418770559867,-1.30202005106509,2.0568897596920026,-0.5293829970567069,0.46496835283355087,media-alta
0.0027399709627274923,-0.42906386783759676,-0.11172774027788097,-0.7776367896219364,-1.075433849038299,-1.2120983847764215,0.11789370280532106,-1.082252689216421,-0.17626463561071615,-0.2055838107404239,0.9379392570683454,0.46496835283355087,media-baja
1.4293170538463018,0.3332906830524189,0.07121961124938686,-0.7302159618022499,1.6842668032432853,0.08359373059887917,-0.9116783059758146,0.8113815520657925,0.6492893357224908,1.8758918740574082,0.5466533226349978,-2.1506840065693225,media-alta
-0.43620682377067915,-0.12412204748159057,1.2603773961766267,1.2614588066245829,-1.0202398359926674,1.7202574552834695,1.8828742892872679,1.053122093506097,0.048886447480160584,0.6994056174325465,-0.9206689314900546,0.46496835283355087,media-alta
1.4293170538463018,-0.6577702331046015,0.07121961124938686,-0.9436096869908392,-0.13713562726256037,1.9248404208690433,-0.197281401923598,-1.0500206170243953,-0.8517178848833398,0.3374098461633589,0.5466533226349978,0.46496835283355087,media-alta
0.3319500670127837,-0.5052993229265984,0.437114314303922,1.8779295682805073,0.9115506206044418,1.5156744896978958,1.1684773852350512,1.2948626349464016,-1.5271711341559666,-0.296082753557721,-1.4097763495317386,0.46496835283355087,media-alta
0.11247666964607989,-0.5815347780156,-0.2032014160415149,-0.7302159618022499,-0.7442697707645091,0.42456533990816886,-0.42840981205813866,-0.9613824184962912,0.42413825263161736,1.1519003315190322,0.5466533226349978,0.46496835283355087,alta
0.7708968617461903,0.180819772874416,-0.38614876756878225,-0.9673201009006824,-0.5786877316276139,-0.39376652243412635,-0.34436311746376025,-0.47790133561572695,-1.5271711341559666,0.3374098461633589,-0.040275579015022815,0.46496835283355087,media-baja
-1.3141004132374934,-0.6577702331046015,-0.2946750918051483,0.7872505284277179,-0.24752365335382384,0.42456533990816886,0.4120571338856455,-0.026652324927188418,0.12393680851045061,0.15641196052876463,0.15536738820165014,0.46496835283355087,media-alta
-0.655680221137383,-0.9627120534606078,0.07121961124938686,-0.919899273080996,-0.5786877316276139,0.015399408737021234,0.2019403973996995,-0.8808022380162046,1.099591501904241,0.24691090334606178,0.3510103554183248,0.46496835283355087,alta
2.4169473419964684,0.028348862696412718,2.358061505340232,-0.7776367896219364,1.2979087119238633,-0.2573778787104105,-1.205841737056139,1.0128320032660538,0.4991886136619074,2.5093844737784883,0.2531888718099866,-2.1506840065693225,media-baja
2.307210643313115,-0.27659295765959346,1.3518510719402608,-0.49311182270381737,0.4148045031937566,0.5609539836318848,0.2229520710482941,0.6502211911056194,-0.551516440762173,0.6089066746152493,-0.9206689314900546,0.46496835283355087,media-baja
0.7708968617461903,1.7436466021989485,-1.75825390402329,-0.6590847200727202,0.9667446336500736,-1.3484870285001374,-1.836191946513977,0.6502211911056194,0.9494907798436576,0.8804035030671407,1.1335822242850184,-2.1506840065693225,media-alta
-1.6433105092875497,-1.0389475085496094,2.449535181103866,-0.9554648939457608,-0.9098518099014039,-0.12098923498669463,0.13890537645391568,-1.831648367681298,2.2253469173586145,0.7899045602498436,1.524868158718366,0.46496835283355087,alta
-0.5459435224540315,-0.6577702331046015,-0.11172774027788097,2.281006604747843,0.02844641187433444,0.1517880524607371,-0.09222303368062497,1.5970383117467262,-1.30202005106509,0.24691090334606178,-1.4097763495317386,0.46496835283355087,media-alta
-1.3141004132374934,0.028348862696412718,-1.117938173677853,2.1861649491084694,-0.4682997055363504,0.42456533990816886,-0.1552580546264088,0.988657949122001,-0.40141571870158954,-0.7485774676442062,-0.1380970626233593,0.46496835283355087,media-baja
-0.32647012508732776,-0.5052993229265984,-0.6605697948596839,-0.1730212349209336,0.1388344379655979,0.6973426273556006,1.8618626156386733,0.44877073990540295,1.1746418629345343,1.4233971599709234,-0.9206689314900546,0.46496835283355087,media-alta
2.0877372459464123,-0.12412204748159057,1.626272099231162,0.4553047336899126,-0.6338817446732457,0.08359373059887917,-0.8066199377328415,-0.2361607941754225,-2.052523661368007,-1.7440658386344736,1.0357607406766818,0.46496835283355087,media-alta
1.9780005472630608,-0.7340056881936031,1.534798423467528,-0.825057617441623,1.4634907510607584,-0.12098923498669463,-1.310900105299112,0.9725419130260105,1.3247425849951178,0.15641196052876463,-1.018490415098391,-2.1506840065693225,media-alta
-0.5459435224540315,-0.9627120534606078,1.077430044649359,1.3325900483541129,-0.3027176663994556,1.5156744896978958,0.6641972176687808,1.262630562754331,2.300397278388908,2.3283865881438937,-0.040275579015022815,0.46496835283355087,media-alta
0.3319500670127837,1.7817643297434493,-0.8435171463869515,-0.7302159618022499,3.064117129384077,-1.2802927066382794,-1.0587600215159767,0.6099311008655761,-1.2269696900348,1.061401388701735,-1.2141333823150657,-2.1506840065693225,media-baja
0.11247666964607989,0.5619970483194239,0.07121961124938686,-0.825057617441623,0.8011625945131784,0.21998237432259504,-1.310900105299112,1.1095282198421756,1.8500951122071578,2.418885530961191,-0.5293829970567069,-2.1506840065693225,media-baja
0.5514234643794865,-1.115182963638611,0.437114314303922,-0.18487644187585517,-0.4682997055363504,-0.32557220057226843,-0.42840981205813866,-0.04679737004721007,-0.926768245913633,-0.38658169637501816,-0.9206689314900546,0.46496835283355087,media-baja
1.3195803551629504,1.7055288746544477,-0.2946750918051483,-0.8013472035317797,1.4634907510607584,-1.3484870285001374,-1.731133578271004,1.3754428154264882,1.3247425849951178,0.8804035030671407,-0.43156151344837046,-2.1506840065693225,media-alta
0.8806335604295428,-0.20035750257059223,1.626272099231162,-0.7302159618022499,2.5121769989277607,-0.6665438098815581,-1.3319117789477066,1.1095282198421756,0.7243396967527841,1.4233971599709234,-0.333740029840034,-2.1506840065693225,media-alta
-0.43620682377067915,-0.12412204748159057,-0.2032014160415149,-0.5879534783431904,-1.4065979273120892,0.42456533990816886,-0.3233514438151656,-1.1265717884804956,0.7243396967527841,1.061401388701735,0.8401177734600089,0.46496835283355087,alta
-1.3141004132374934,-0.8102411432826048,-0.020254064514247064,-0.825057617441623,-0.9650458229470357,0.9701199148030323,0.4120571338856455,-1.831648367681298,1.0245411408739509,-0.11508486792312675,2.209618543976723,0.46496835283355087,media-alta
-0.21673342640397533,-0.27659295765959346,-0.38614876756878225,-0.7539263757120932,-0.7994637838101408,0.7655369492174585,-0.029188012734841163,-0.7196418770559867,1.5498936680859912,-0.2055838107404239,0.3510103554183248,0.46496835283355087,alta
-1.6433105092875497,0.7144679584974267,-0.8435171463869515,0.43159431978006924,-0.026747601171296913,0.9019255929411744,0.6641972176687808,-0.5181914258557703,0.6492893357224908,-1.0200742960960971,0.05754590459331366,0.46496835283355087,media-baja
-0.21673342640397533,0.6382325034084255,1.077430044649359,0.2182005945914801,0.8011625945131784,0.7655369492174585,1.1684773852350512,0.45682875795337585,-0.7766675238530497,0.15641196052876463,-1.018490415098391,0.46496835283355087,media-baja
-0.32647012508732776,-1.0389475085496094,-0.6605697948596839,1.0717754953458372,0.4148045031937566,2.265812030178333,1.3785941217209974,0.32790046918522836,-0.6265668017924663,-0.024585925105829624,0.15536738820165014,0.46496835283355087,media-alta
-0.21673342640397533,-0.8864765983716062,0.894482693122091,-0.9910305148105255,0.5251925292850197,0.3563710180463109,-0.38638646476094946,-0.489988362687731,-1.6772718562165467,-1.1105732389133942,-1.2141333823150657,0.46496835283355087,media-baja
0.11247666964607989,-0.20035750257059223,-1.209411849441487,0.6924088727883448,-0.4682997055363504,0.6973426273556006,1.2105007325322406,0.8274975881618278,-0.40141571870158954,-0.2055838107404239,-1.3119548659234022,0.46496835283355087,media-baja
2.746157438046523,0.7144679584974267,0.528587990067556,-0.7065055478924067,2.2362069336996018,-1.4166813503619953,-2.0883320302971122,1.3996168695704962,0.19898716954074397,0.42790878898065604,0.05754590459331366,-2.1506840065693225,media-baja
-1.3141004132374934,0.9431743237644317,0.16269328701302077,-0.9673201009006824,-0.08194161421692865,-1.2802927066382794,-0.11323470732921957,-1.2272970140806039,1.8500951122071578,-0.6580785248269091,1.0357607406766818,0.46496835283355087,media-baja
-0.32647012508732776,-0.27659295765959346,0.2541669627766547,0.5264359754194423,-0.8546577968557721,0.21998237432259504,1.1474657115864566,1.0208900213140715,0.8744404188133675,-0.7485774676442062,-1.3119548659234022,0.46496835283355087,media-baja
-1.4238371119208457,-0.5052993229265984,-0.2946750918051483,1.3800108761737993,0.30441647710249314,0.9701199148030323,1.1054423642892675,1.2747175898263798,1.5498936680859912,-0.7485774676442062,-0.9206689314900546,0.46496835283355087,media-baja
-1.5335738106041972,-0.7340056881936031,-1.0264644979142192,2.5418211577561185,-0.35791167944508734,0.6973426273556006,-0.197281401923598,1.7058215553948521,0.048886447480160584,-0.4770806391923148,-1.5075978331400752,0.46496835283355087,media-alta
2.307210643313115,0.86693886867543,1.9006931265220637,-0.7065055478924067,1.7946548293345488,-1.1439040629145636,-2.0883320302971122,1.2948626349464016,1.0245411408739509,0.8804035030671407,0.8401177734600089,-2.1506840065693225,media-alta
0.11247666964607989,-0.8102411432826048,0.528587990067556,-0.8724784452613094,-0.08194161421692865,-0.5301551661578422,-0.5965032012468955,-0.8002220575361181,-0.40141571870158954,-0.296082753557721,0.4488318390266613,0.46496835283355087,alta
0.661160163062839,-0.5052993229265984,1.077430044649359,-0.18487644187585517,0.6355805553762831,-0.7347381317434161,-0.1552580546264088,0.8919617325459239,1.2496922239648243,-0.11508486792312675,-0.5293829970567069,0.46496835283355087,media-alta
0.3319500670127837,-0.42906386783759676,-0.11172774027788097,0.6212776310588154,-0.08194161421692865,0.4927596617700268,0.7272322386145645,0.7710914618257493,-0.6265668017924663,-0.296082753557721,-1.5075978331400752,0.46496835283355087,media-alta
0.661160163062839,-0.6577702331046015,0.528587990067556,-0.825057617441623,-0.24752365335382384,-0.5301551661578422,-1.310900105299112,1.0934121837461404,1.474843307055701,1.7853929312401111,1.6226896423267025,-2.1506840065693225,media-alta
-0.655680221137383,-0.7340056881936031,-1.117938173677853,-0.9910305148105255,0.7459685814675466,0.3563710180463109,1.441629142666781,-0.5705685431678176,-1.2269696900348,-0.11508486792312675,-0.9206689314900546,0.46496835283355087,media-alta
-0.9848903171874382,-0.5052993229265984,0.7115353415948238,-0.9436096869908392,0.02844641187433444,0.7655369492174585,0.26497541834548327,-1.5254436818569421,0.12393680851045061,-1.0200742960960971,0.6444748062433342,0.46496835283355087,media-alta
-0.7654169198207343,-0.42906386783759676,-0.11172774027788097,-0.7302159618022499,-1.4065979273120892,0.1517880524607371,0.2439637446968887,-0.9613824184962912,-0.026163913550132773,-0.38658169637501816,0.15536738820165014,0.46496835283355087,media-alta
-1.3141004132374934,-0.3528284127485951,-0.38614876756878225,-0.06632437232663893,-0.8546577968557721,-1.1439040629145636,-0.5334681803011116,-1.5335016999049598,-0.8517178848833398,-1.6535668958171765,1.329225191501693,0.46496835283355087,alta
0.0027399709627274923,2.544118880633465,-1.209411849441487,-0.825057617441623,1.077132659741337,-1.2120983847764215,-1.731133578271004,1.053122093506097,1.6999943901465744,0.7899045602498436,-1.3119548659234022,-2.1506840065693225,media-baja
0.44168676569613513,0.180819772874416,-0.6605697948596839,-0.33899413228983627,-1.075433849038299,-1.757652959671285,-1.8572036201625717,-1.3723413389447865,-1.5271711341559666,-1.3820700673652857,1.329225191501693,0.46496835283355087,baja
-0.8751536185040868,-0.6577702331046015,-0.9349908221505855,-0.042613958416795765,-0.8546577968557721,-0.12098923498669463,0.4120571338856455,-0.07500043321524931,1.099591501904241,-1.6535668958171765,-0.333740029840034,0.46496835283355087,alta
2.307210643313115,-0.27659295765959346,1.3518510719402608,-0.49311182270381737,0.4148045031937566,0.5609539836318848,0.2229520710482941,0.6502211911056194,-0.551516440762173,0.6089066746152493,-0.9206689314900546,0.46496835283355087,media-baja
0.9903702591128941,0.3332906830524189,1.077430044649359,1.1429067370753667,0.1388344379655979,-0.12098923498669463,0.49610382848002393,1.5366031763866614,1.3997929460254077,-0.4770806391923148,-0.9206689314900546,0.46496835283355087,media-alta
-0.32647012508732776,1.629293419565446,0.3456406385402881,-0.350849339244758,-0.9098518099014039,-0.32557220057226843,-0.2813280965179764,-1.5254436818569421,0.34908789160132403,0.5184077317979522,2.209618543976723,0.46496835283355087,alta
2.52668404067982,-1.115182963638611,2.1751141538129652,-0.8724784452613094,-0.08194161421692865,-1.1439040629145636,-0.5965032012468955,0.20703019846509846,-1.4521207731256733,0.8804035030671407,-0.1380970626233593,0.46496835283355087,media-alta
-0.9848903171874382,-0.5052993229265984,1.1689037204129928,2.494400329936432,0.35961049014812485,0.5609539836318848,0.9373489751005106,1.47213903200261,-0.551516440762173,-0.024585925105829624,-1.2141333823150657,0.46496835283355087,media-baja
0.3319500670127837,0.9431743237644317,-1.0264644979142192,1.4748525318131722,-0.08194161421692865,0.9019255929411744,0.7272322386145645,1.4560229959065747,0.42413825263161736,-0.6580785248269091,-1.4097763495317386,0.46496835283355087,media-baja
0.3319500670127837,-0.7340056881936031,0.16269328701302077,-0.7776367896219364,-0.3027176663994556,0.015399408737021234,-0.44942148570673324,-0.5181914258557703,1.5498936680859912,0.3374098461633589,0.9379392570683454,0.46496835283355087,media-baja
-1.5335738106041972,-0.5815347780156,-0.11172774027788097,-0.9436096869908392,-1.130627862083931,-0.39376652243412635,-0.5124565066525171,-1.896112512065394,1.1746418629345343,-0.7485774676442062,1.9161540931517136,0.46496835283355087,alta
-0.655680221137383,-0.20035750257059223,-0.11172774027788097,0.917657804931856,0.02844641187433444,-0.39376652243412635,0.916337301451916,-0.4013501641596268,0.19898716954074397,0.42790878898065604,0.8890285152641763,0.46496835283355087,media-alta
0.9903702591128941,-0.3528284127485951,0.16269328701302077,-0.9673201009006824,-0.026747601171296913,0.6973426273556006,-0.40739813840954403,-1.759126205249229,-1.6022214951862566,-0.5675795820096119,1.9161540931517136,0.46496835283355087,media-alta
0.5514234643794865,0.7907034135864284,-2.1241486070778253,-0.6116638922530336,1.8498488423801807,-1.0757097410527057,-1.5630401890822472,0.9725419130260105,-0.026163913550132773,0.6994056174325465,-0.43156151344837046,-2.1506840065693225,media-baja
0.0027399709627274923,-0.42906386783759676,-1.117938173677853,0.6924088727883448,0.02844641187433444,1.5156744896978958,1.3575824480724028,0.6502211911056194,-0.40141571870158954,0.06591301771146751,-0.7250259642733816,0.46496835283355087,media-baja
-0.8751536185040868,-0.12412204748159057,-1.117938173677853,0.5738568032391288,-0.08194161421692865,1.1065085585267482,1.2945474271266189,0.3037264150412203,0.048886447480160584,-0.296082753557721,-0.9206689314900546,0.46496835283355087,media-baja
0.661160163062839,0.7907034135864284,0.6200616658311898,0.6686984588785018,0.5803865423306515,1.242897202250464,0.4540804811828347,0.8919617325459239,1.3997929460254077,0.6089066746152493,0.5466533226349978,0.46496835283355087,media-alta
0.11247666964607989,-1.2676538738166143,0.6200616658311898,-0.9673201009006824,-0.6890757577188773,-0.8711267754671319,-0.2603164228693818,-1.082252689216421,-0.17626463561071615,-0.7485774676442062,0.6444748062433342,0.46496835283355087,media-alta
-0.32647012508732776,2.086706150099455,-1.9412012555505576,-0.8487680313514662,0.6907745684219149,0.21998237432259504,-1.4579818208392743,0.5696410106255329,1.474843307055701,1.4233971599709234,-0.7250259642733816,-2.1506840065693225,media-baja
-0.655680221137383,-1.115182963638611,0.16269328701302077,-0.919899273080996,-1.241015888175194,-1.1439040629145636,-0.49144483300392244,-0.6390616965759002,0.12393680851045061,0.3374098461633589,-0.333740029840034,0.46496835283355087,media-alta
-0.21673342640397533,0.180819772874416,0.437114314303922,-0.919899273080996,-1.0202398359926674,-1.2120983847764215,0.47509215483142936,-0.9049762921602127,-1.0768689679742165,0.06591301771146751,-0.6272044806650434,0.46496835283355087,media-baja
-1.204363714554142,-0.27659295765959346,1.9006931265220637,-0.06632437232663893,1.51868476410639,-0.0527949131248367,0.34902211293986174,0.22314623456113367,-0.8517178848833398,-1.3820700673652857,-1.4097763495317386,0.46496835283355087,media-alta
-0.7654169198207343,-0.27659295765959346,-0.7520434706233177,0.17077976677179357,0.02844641187433444,1.311091524112322,0.8322906068575376,-0.1555806136953359,-0.47646607973188293,0.06591301771146751,-0.2359185462316975,0.46496835283355087,media-baja
-0.7654169198207343,-1.0389475085496094,0.3456406385402881,-1.014740928720369,-0.3027176663994556,0.5609539836318848,-0.30233977016657104,-1.3239932306567257,0.7243396967527841,-1.4725690101825828,0.4488318390266613,0.46496835283355087,media-alta
-0.655680221137383,-0.20035750257059223,1.9006931265220637,-0.8487680313514662,-0.9098518099014039,0.6973426273556006,1.4836524899639703,-0.8687152109442006,0.27403753057103397,0.6994056174325465,-0.040275579015022815,0.46496835283355087,media-alta
-1.0946270158707905,0.3332906830524189,-0.38614876756878225,-0.7539263757120932,-0.8546577968557721,-1.0075154191908477,-0.47043315935532787,-1.082252689216421,1.3997929460254077,1.7853929312401111,1.0357607406766818,0.46496835283355087,alta
0.5514234643794865,0.7907034135864284,-0.5690961190960501,-0.3271389253349147,2.953729103292814,-0.18918355684855256,-0.6805498958412739,1.3915588515224786,-0.47646607973188293,0.5184077317979522,-1.3119548659234022,-2.1506840065693225,media-baja
-0.9848903171874382,-1.115182963638611,-0.11172774027788097,-0.9910305148105255,-0.7442697707645091,-1.1439040629145636,-0.9116783059758146,-0.5584815160958135,2.1502965563283247,0.24691090334606178,-0.1380970626233593,0.46496835283355087,media-alta
-0.7654169198207343,-0.3528284127485951,1.2603773961766267,0.7161192866981885,-0.026747601171296913,1.4474801678360378,1.5466875109097542,0.44877073990540295,-0.2513149966410062,-0.296082753557721,-0.9206689314900546,0.46496835283355087,media-baja
3.294840931463282,-0.047886592392588925,1.1689037204129928,-0.7065055478924067,1.6290727901976536,-0.5983494880197001,-1.6050635363794366,1.7783437178269659,0.7993900577830741,1.4233971599709234,-0.7250259642733816,-2.1506840065693225,media-alta
2.746157438046523,1.7055288746544477,0.985956368885725,-0.6827951339825634,1.6842668032432853,-0.39376652243412635,-1.4789934944878689,1.053122093506097,-0.1012142745804228,1.7853929312401111,0.9379392570683454,-2.1506840065693225,media-alta
-0.21673342640397533,-1.115182963638611,-0.5690961190960501,-0.8724784452613094,-0.1923296403081921,0.21998237432259504,0.2019403973996995,-1.2031229599365958,-0.40141571870158954,-0.296082753557721,0.9379392570683454,0.46496835283355087,media-baja
-0.655680221137383,-0.7340056881936031,1.2603773961766267,0.6449880449686586,0.1388344379655979,1.4474801678360378,1.5466875109097542,0.6099311008655761,0.12393680851045061,-0.296082753557721,-1.3119548659234022,0.46496835283355087,media-alta
0.9903702591128941,-0.42906386783759676,-0.2946750918051483,-0.11374520014632547,-0.026747601171296913,0.21998237432259504,0.5801505230744024,-0.006507279807166771,-0.6265668017924663,-0.11508486792312675,-0.43156151344837046,0.46496835283355087,media-alta
1.209843656479597,2.4297656979999624,-1.9412012555505576,-0.7539263757120932,1.2427146988782314,-0.39376652243412635,-1.310900105299112,0.8033235340178198,0.5742389746922008,2.1473887025092995,0.4488318390266613,-2.1506840065693225,media-alta
0.5514234643794865,-0.047886592392588925,1.9006931265220637,1.8779295682805073,-0.4682997055363504,2.061229064592759,0.5381271757772131,1.6131543478427615,-1.75232221724684,-0.38658169637501816,-1.3119548659234022,0.46496835283355087,media-alta
-1.3141004132374934,-1.3438893289056157,-0.5690961190960501,-0.18487644187585517,-1.296209901220826,0.21998237432259504,0.3700337865884563,-0.39732115513564037,2.0752461952980346,-0.024585925105829624,0.3510103554183248,0.46496835283355087,media-alta
0.7708968617461903,-0.42906386783759676,1.626272099231162,-0.49311182270381737,-1.296209901220826,-0.18918355684855256,-0.7435849167870577,-1.0016725087363345,-1.3770704120953832,-1.7440658386344736,0.8401177734600089,0.46496835283355087,alta
0.3319500670127837,-0.20035750257059223,0.6200616658311898,-0.8487680313514662,0.6355805553762831,-1.4848756722238534,-1.9412503147569502,0.9725419130260105,1.474843307055701,0.15641196052876463,-0.9206689314900546,-2.1506840065693225,media-alta
0.5514234643794865,-0.047886592392588925,-0.7520434706233177,1.7593774987312911,0.19402845101122965,-0.7347381317434161,0.34902211293986174,1.6010673207707575,-0.40141571870158954,-0.11508486792312675,-0.7250259642733816,0.46496835283355087,baja
0.44168676569613513,1.4768225093874428,-2.672990661659628,-0.8487680313514662,1.8498488423801807,-1.2120983847764215,-1.9202386411083556,0.40042263161734204,1.099591501904241,0.24691090334606178,0.05754590459331366,-2.1506840065693225,media-alta
-1.204363714554142,0.9431743237644317,-0.47762244333241616,-0.5168222366136607,0.1388344379655979,1.7884517771453274,0.11789370280532106,-1.8397063857293154,0.048886447480160584,-1.1105732389133942,2.209618543976723,0.46496835283355087,media-alta
0.0027399709627274923,2.4678834255444633,1.626272099231162,-0.825057617441623,-0.026747601171296913,-0.9393210973289898,0.11789370280532106,0.08615992774496858,0.7243396967527841,0.6089066746152493,0.15536738820165014,0.46496835283355087,baja
-0.655680221137383,-0.8102411432826048,0.985956368885725,-0.9910305148105255,0.46999851623938793,0.1517880524607371,-0.44942148570673324,-0.6793517868159434,-0.7016171628227563,-1.2010721817306913,-0.7250259642733816,0.46496835283355087,media-alta
-0.7654169198207343,2.77282524590047,-0.47762244333241616,-0.44569099488413094,1.0219386466957052,-0.39376652243412635,0.49610382848002393,-0.36911809196760115,-0.2513149966410062,-1.0200742960960971,-1.1163118987067275,0.46496835283355087,media-baja
-0.32647012508732776,-1.0389475085496094,-0.2946750918051483,-0.9910305148105255,-1.296209901220826,0.08359373059887917,-0.2182930755721926,-1.4086024201607985,-0.47646607973188293,-0.5675795820096119,0.5466533226349978,0.46496835283355087,alta
0.7708968617461903,-0.42906386783759676,1.1689037204129928,-0.9436096869908392,-0.7442697707645091,0.8337312710793164,0.2019403973996995,0.0055797472648372705,-0.2513149966410062,1.2423992743363292,-0.43156151344837046,0.46496835283355087,media-baja
0.44168676569613513,-0.047886592392588925,1.8092194507584298,2.2572961908379994,-0.6338817446732457,2.1294233864546173,1.714780900098511,1.5366031763866614,-1.1519193290045064,0.7899045602498436,-0.9206689314900546,0.46496835283355087,media-baja
-0.9848903171874382,-0.8864765983716062,-0.020254064514247064,-1.014740928720369,-1.075433849038299,-0.5983494880197001,-1.0377483478673821,-1.626168907457095,0.19898716954074397,0.06591301771146751,0.8401177734600089,0.46496835283355087,media-alta
-1.0946270158707905,-0.5052993229265984,-0.2946750918051483,1.1191963231655235,0.24922246405686138,1.7202574552834695,0.1809287237511049,-0.1555806136953359,0.048886447480160584,-1.4725690101825828,0.4488318390266613,0.46496835283355087,media-alta
-1.0946270158707905,-0.3528284127485951,-0.020254064514247064,-0.3271389253349147,-0.9098518099014039,0.7655369492174585,0.3069987656426725,-0.8888602560642223,0.19898716954074397,-0.4770806391923148,0.4488318390266613,0.46496835283355087,media-alta
0.5514234643794865,-0.8864765983716062,-0.11172774027788097,2.11503370737894,0.30441647710249314,1.5156744896978958,1.893380126111565,1.8589238983070524,-0.551516440762173,-0.4770806391923148,-1.5075978331400752,0.46496835283355087,alta
-1.6433105092875497,-0.5434170504710992,0.07121961124938686,-0.9910305148105255,-0.1923296403081921,-0.4619608442959843,0.6221738703715916,-0.6793517868159434,-0.7016171628227563,-0.8390764104615033,-1.1163118987067275,0.46496835283355087,media-alta
-0.10699672772062392,-1.2676538738166143,-0.2946750918051483,2.2335857769281557,0.02844641187433444,-0.12098923498669463,0.5591388494258077,1.423790923714549,-1.9024229393074235,-1.1105732389133942,-1.4097763495317386,0.46496835283355087,alta
0.661160163062839,0.5619970483194239,1.626272099231162,0.5738568032391288,-0.7994637838101408,-1.3484870285001374,-0.2603164228693818,0.8919617325459239,0.8744404188133675,2.237887645326597,-0.43156151344837046,0.46496835283355087,media-alta
-0.43620682377067915,-0.3528284127485951,-0.5690961190960501,0.6449880449686586,0.1388344379655979,1.5838688115597537,1.6727575528013219,0.6905112813456628,0.048886447480160584,-0.7485774676442062,-1.1163118987067275,0.46496835283355087,media-baja
-1.5335738106041972,0.7144679584974267,-0.9349908221505855,-0.8013472035317797,-0.13713562726256037,-0.0527949131248367,-0.2182930755721926,-1.2111809779845686,0.5742389746922008,0.3374098461633589,0.7422962898516707,0.46496835283355087,media-alta
0.9903702591128941,3.0396493387119747,-0.8435171463869515,-0.7065055478924067,1.353102724969495,-1.2120983847764215,-0.8696549586786253,1.0047739852180362,0.19898716954074397,0.24691090334606178,-0.9206689314900546,-2.1506840065693225,media-alta
0.7708968617461903,1.5530579644764444,-0.5690961190960501,-0.8013472035317797,1.6842668032432853,-1.1439040629145636,-1.7731569255681934,1.617183356866748,1.6249440291162844,1.2423992743363292,-1.4097763495317386,-2.1506840065693225,media-alta
-0.5459435224540315,-0.42906386783759676,0.437114314303922,-0.9673201009006824,-0.8546577968557721,0.8337312710793164,0.07587035550813186,-1.388457375040777,-1.5271711341559666,1.061401388701735,0.9379392570683454,0.46496835283355087,media-alta
1.3195803551629504,-1.0389475085496094,-0.11172774027788097,-0.9910305148105255,-0.9650458229470357,-0.7347381317434161,-1.3739351262448958,-1.328022239680712,-1.4521207731256733,-0.024585925105829624,0.5466533226349978,0.46496835283355087,media-alta
0.5514234643794865,0.3332906830524189,1.534798423467528,1.949060810010037,-0.6890757577188773,0.9019255929411744,-0.1342463809778142,1.5366031763866614,-1.30202005106509,-0.296082753557721,-1.2141333823150657,0.46496835283355087,media-baja
0.11247666964607989,0.6382325034084255,-0.6605697948596839,0.7635401145178748,0.24922246405686138,0.9701199148030323,0.601162196722997,0.7549754257297588,-0.1012142745804228,0.06591301771146751,-1.2141333823150657,0.46496835283355087,media-baja
-1.5335738106041972,-0.3528284127485951,-1.3923592009687547,0.882092184067091,0.1388344379655979,0.08359373059887917,-0.2393047492207872,0.14256605408100237,1.099591501904241,-1.2915711245479884,-0.040275579015022815,0.46496835283355087,media-alta
0.7708968617461903,0.7907034135864284,-0.47762244333241616,0.9295130118867774,0.4148045031937566,0.21998237432259504,1.609722531855538,1.1337022739861837,-0.551516440762173,0.3374098461633589,-1.1163118987067275,0.46496835283355087,media-alta
-0.21673342640397533,1.857999784832451,-2.5815169858959943,-0.8961888591711527,1.9602368684714433,0.3563710180463109,-1.6050635363794366,0.33595848723324595,2.375447639419198,0.5184077317979522,0.15536738820165014,-2.1506840065693225,media-baja
-0.7654169198207343,-0.9627120534606078,0.985956368885725,-0.5642430644333472,-1.0202398359926674,0.08359373059887917,-0.8276316113814361,-1.4448635013768554,0.6492893357224908,-0.9295753532788005,1.2314037078933548,0.46496835283355087,media-alta
-0.43620682377067915,0.3332906830524189,-0.2946750918051483,0.7161192866981885,-0.9098518099014039,-0.12098923498669463,-0.8696549586786253,-1.1588038606725213,-1.9024229393074235,-1.1105732389133942,2.0139755767600502,0.46496835283355087,media-alta
0.5514234643794865,1.5530579644764444,1.626272099231162,2.0676128795592534,-0.9098518099014039,0.42456533990816886,0.70622056496597,0.5696410106255329,-0.551516440762173,-1.2010721817306913,1.329225191501693,0.46496835283355087,alta
-0.8751536185040868,-0.42906386783759676,0.985956368885725,0.43159431978006924,-0.3027176663994556,2.1294233864546173,1.819839268341484,0.4245966857613501,-0.1012142745804228,0.15641196052876463,-0.9206689314900546,0.46496835283355087,media-alta
0.0027399709627274923,-0.42906386783759676,0.528587990067556,0.052227697222577314,-1.4065979273120892,0.015399408737021234,-0.3653747911123548,-1.436805483328838,-1.1519193290045064,-1.6535668958171765,2.1117970603683864,0.46496835283355087,alta
2.52668404067982,2.8109429734449707,-0.47762244333241616,-0.6827951339825634,1.7394608162889171,-0.5301551661578422,0.43306880753424015,1.3754428154264882,0.4991886136619074,0.3374098461633589,-1.018490415098391,-2.1506840065693225,media-baja
-0.5459435224540315,1.0194097788534333,1.077430044649359,0.4553047336899126,0.7459685814675466,0.015399408737021234,1.336570774423808,0.40848064966531494,-0.7016171628227563,-0.6580785248269091,-1.018490415098391,0.46496835283355087,media-baja
-1.4238371119208457,0.3332906830524189,0.07121961124938686,-0.8487680313514662,-0.9650458229470357,-0.5983494880197001,-0.5544798539497062,-1.847764403777333,-1.3770704120953832,-1.2010721817306913,0.7422962898516707,0.46496835283355087,media-alta
3.294840931463282,-0.3528284127485951,2.0836404780493316,-0.7065055478924067,0.8011625945131784,-1.6212643159475693,-2.0252970093513287,0.3722195684493028,-0.32636535767129954,0.15641196052876463,2.0139755767600502,-2.1506840065693225,media-alta
-0.9848903171874382,-0.5052993229265984,1.4433247477038942,1.4985629457230154,-0.13713562726256037,2.1294233864546173,1.8408509419900787,0.9725419130260105,-0.17626463561071615,-0.11508486792312675,-0.9206689314900546,0.46496835283355087,media-baja
1.9780005472630608,0.028348862696412718,1.626272099231162,-0.8724784452613094,-0.026747601171296913,-0.9393210973289898,0.1809287237511049,0.48906083014544627,-0.6265668017924663,-1.5630679529998794,-1.018490415098391,0.46496835283355087,media-baja
0.11247666964607989,2.6203543357224666,-2.5815169858959943,-0.7065055478924067,1.51868476410639,-1.0075154191908477,-0.7645965904356523,1.226369481538319,2.375447639419198,0.5184077317979522,-0.7250259642733816,-2.1506840065693225,media-baja
-0.32647012508732776,0.028348862696412718,-0.11172774027788097,-1.014740928720369,-0.08194161421692865,-0.5983494880197001,-0.197281401923598,-0.6028006153598433,0.19898716954074397,0.8804035030671407,-0.2359185462316975,0.46496835283355087,media-baja
-0.655680221137383,0.3332906830524189,0.07121961124938686,-0.9910305148105255,-1.075433849038299,-1.2120983847764215,-1.1848300634075444,-1.1225427794564644,-0.8517178848833398,-0.4770806391923148,0.15536738820165014,0.46496835283355087,media-baja
1.1001069577962457,2.696589790811468,2.1751141538129652,-0.825057617441623,3.6712512728860265,0.08359373059887917,0.39104546023705095,0.9725419130260105,-0.32636535767129954,0.9709024458844379,-1.018490415098391,-2.1506840065693225,media-baja
-0.7654169198207343,0.028348862696412718,-0.7520434706233177,2.589241985575805,0.24922246405686138,0.3563710180463109,1.126454037937862,1.6977635373468791,0.34908789160132403,0.24691090334606178,-1.3119548659234022,0.46496835283355087,media-baja
0.3319500670127837,0.4095261381414205,1.077430044649359,-0.6353743061628769,1.7394608162889171,-0.8711267754671319,-0.8486432850300307,1.0853541656981227,0.8744404188133675,1.5138961027882205,-0.7250259642733816,-2.1506840065693225,media-alta
3.4045776301466333,1.3243515992094395,2.9069035599220356,-0.5642430644333472,1.1875206858325997,-1.4166813503619953,-2.0252970093513287,0.9725419130260105,-0.40141571870158954,2.418885530961191,2.0139755767600502,-2.1506840065693225,alta
-0.43620682377067915,0.180819772874416,-0.11172774027788097,0.7635401145178748,0.46999851623938793,-0.4619608442959843,0.6221738703715916,0.7106563264656843,1.8500951122071578,1.1519003315190322,0.5466533226349978,0.46496835283355087,alta
1.5390537525296533,-1.2676538738166143,1.626272099231162,-0.8961888591711527,-1.075433849038299,-0.9393210973289898,-0.008176339086246558,-0.47790133561572695,-1.3770704120953832,-1.0200742960960971,-0.1380970626233593,0.46496835283355087,media-alta
0.3319500670127837,-0.5052993229265984,-0.2946750918051483,0.4671599406448342,-1.241015888175194,-1.1439040629145636,-0.9326899796244091,-0.8082800755840909,-2.052523661368007,-1.2915711245479884,1.0357607406766818,0.46496835283355087,alta
-0.7654169198207343,-0.5815347780156,-0.2032014160415149,-1.014740928720369,-0.6890757577188773,-0.8711267754671319,-0.008176339086246558,-1.5254436818569421,0.6492893357224908,-0.8390764104615033,1.0357607406766818,0.46496835283355087,media-baja
-0.9848903171874382,-0.42906386783759676,-1.117938173677853,-0.44569099488413094,-0.08194161421692865,1.1065085585267482,1.0424073433434837,-0.8002220575361181,-0.551516440762173,-0.7485774676442062,-0.040275579015022815,0.46496835283355087,media-alta
-1.4238371119208457,-1.115182963638611,0.437114314303922,-0.9436096869908392,-0.7994637838101408,-1.3484870285001374,-1.100783368813166,-0.9533244004482736,1.6249440291162844,1.5138961027882205,-0.040275579015022815,0.46496835283355087,alta
-0.32647012508732776,-1.0389475085496094,-0.11172774027788097,1.7830879126411348,0.6355805553762831,-0.802932453605274,1.0213956696948892,1.4882550680986004,-1.6022214951862566,0.06591301771146751,-1.4097763495317386,0.46496835283355087,alta
-0.32647012508732776,-0.5052993229265984,0.528587990067556,-0.5168222366136607,-1.3514039142664576,-0.12098923498669463,-0.6175148748954901,-1.626168907457095,-0.551516440762173,-0.5675795820096119,1.720511125935039,0.46496835283355087,media-alta
-1.0946270158707905,0.180819772874416,1.3518510719402608,-0.13745561405616863,-1.1858218751295624,-0.6665438098815581,-0.5965032012468955,-1.3642833208967688,0.5742389746922008,0.9709024458844379,1.8183326095433772,0.46496835283355087,media-alta
-0.5459435224540315,0.180819772874416,-1.0264644979142192,-1.014740928720369,0.1388344379655979,-0.32557220057226843,-0.2182930755721926,-0.41343719123163086,0.7993900577830741,0.3374098461633589,-1.3119548659234022,0.46496835283355087,media-baja
0.11247666964607989,-0.9627120534606078,-0.020254064514247064,0.24191100850132327,-0.9098518099014039,-0.9393210973289898,-0.40739813840954403,-0.538336470975792,-0.47646607973188293,0.06591301771146751,0.9379392570683454,0.46496835283355087,alta
-0.8751536185040868,-0.42906386783759676,-0.5690961190960501,0.597567217148972,0.4148045031937566,0.9019255929411744,0.916337301451916,0.6905112813456628,0.19898716954074397,-0.9295753532788005,-1.4097763495317386,0.46496835283355087,media-baja
-0.43620682377067915,-0.6577702331046015,0.16269328701302077,-0.825057617441623,-0.7994637838101408,-0.5301551661578422,-0.5544798539497062,-0.7599319672960301,0.7993900577830741,-1.0200742960960971,0.3510103554183248,0.46496835283355087,media-alta
-0.5459435224540315,-0.8864765983716062,-0.38614876756878225,1.3325900483541129,-0.6890757577188773,-0.12098923498669463,0.15991705010251028,0.23120425260910654,-0.7766675238530497,-0.6580785248269091,0.05754590459331366,0.46496835283355087,alta
-0.8751536185040868,-0.6577702331046015,-0.9349908221505855,-0.042613958416795765,-0.8546577968557721,-0.12098923498669463,0.4120571338856455,-0.07500043321524931,1.099591501904241,-1.6535668958171765,-0.333740029840034,0.46496835283355087,alta
-1.0946270158707905,1.2481161441204378,-2.0326749313141916,-0.8487680313514662,1.51868476410639,-0.8711267754671319,-1.9412503147569502,-0.1475225956473183,1.7750447511768679,0.24691090334606178,0.7422962898516707,-2.1506840065693225,media-alta
-0.43620682377067915,-0.5815347780156,0.437114314303922,0.7398297006080317,-0.4682997055363504,0.7655369492174585,0.012835334562348047,0.13853704505701592,0.9494907798436576,0.06591301771146751,0.4488318390266613,0.46496835283355087,media-alta
-0.5459435224540315,-0.23847523011509306,1.626272099231162,1.451142117903329,-0.8546577968557721,1.7884517771453274,0.3069987656426725,1.1820503822742445,-1.001818606943923,0.24691090334606178,-1.5075978331400752,0.46496835283355087,media-alta
0.11247666964607989,2.2391770602774583,-2.1241486070778253,-0.30342851142507143,1.7394608162889171,-0.32557220057226843,-0.30233977016657104,0.8154105610898238,0.27403753057103397,-0.024585925105829624,-1.018490415098391,-2.1506840065693225,media-baja
0.11247666964607989,-0.7340056881936031,-0.2946750918051483,0.4553047336899126,0.5251925292850197,0.6973426273556006,0.2019403973996995,-0.35703106489555236,-1.001818606943923,0.6994056174325465,0.8401177734600089,0.46496835283355087,media-alta
-0.32647012508732776,0.3332906830524189,-0.6605697948596839,-0.161166027966012,-0.6338817446732457,-0.4619608442959843,0.03384700821094265,-1.4045734111368122,0.42413825263161736,-1.5630679529998794,2.1117970603683864,0.46496835283355087,alta
2.0877372459464123,1.095645233942435,-0.7520434706233177,-0.5879534783431904,2.2914009467452336,-0.18918355684855256,-0.38638646476094946,1.5768932666267046,-0.8517178848833398,0.42790878898065604,-1.2141333823150657,-2.1506840065693225,media-baja
1.209843656479597,-0.42906386783759676,1.1689037204129928,-0.9436096869908392,-0.24752365335382384,-1.6212643159475693,-1.1217950424617606,0.0055797472648372705,-0.551516440762173,0.9709024458844379,-0.2359185462316975,0.46496835283355087,baja
0.661160163062839,0.86693886867543,-0.5690961190960501,-0.6353743061628769,1.2427146988782314,-0.12098923498669463,-1.247865084353328,0.7106563264656843,1.1746418629345343,0.6089066746152493,0.05754590459331366,-2.1506840065693225,media-alta
-0.32647012508732776,-0.9627120534606078,0.07121961124938686,0.5501463893292855,-0.08194161421692865,0.42456533990816886,-0.3233514438151656,-0.4295532273276661,-0.7016171628227563,-0.6580785248269091,0.2531888718099866,0.46496835283355087,alta
-1.5335738106041972,-0.5815347780156,1.4433247477038942,0.24191100850132327,1.0219386466957052,0.28817669618445296,1.2525240798294297,-0.19184169491139275,-0.7766675238530497,-0.4770806391923148,-0.6761152224692125,0.46496835283355087,media-baja
1.6487904512130047,-1.0389475085496094,0.8030090173584576,-0.9910305148105255,-0.5786877316276139,-0.7347381317434161,-0.3233514438151656,-0.8405121477761613,-2.052523661368007,-1.7440658386344736,-0.2359185462316975,0.46496835283355087,alta
-0.32647012508732776,-0.5052993229265984,-0.11172774027788097,1.5459837735427022,-0.41310569249071905,1.5156744896978958,0.2229520710482941,0.34401650528126354,-1.3770704120953832,0.6089066746152493,-0.040275579015022815,0.46496835283355087,media-alta
-0.9848903171874382,-0.8102411432826048,-0.38614876756878225,-0.8487680313514662,-0.6890757577188773,0.6973426273556006,0.5801505230744024,-0.4376112453756837,2.0752461952980346,1.7853929312401111,0.05754590459331366,0.46496835283355087,alta
-0.7654169198207343,0.10458431778541437,1.1689037204129928,0.8583817701572479,0.24922246405686138,1.4474801678360378,0.8743139541547268,0.19897218041708087,-0.8517178848833398,-0.296082753557721,-0.822847447881718,0.46496835283355087,media-baja
0.3319500670127837,0.10458431778541437,-0.47762244333241616,2.4469795021167458,-0.08194161421692865,2.470394995763907,1.8408509419900787,1.8871269614750916,-1.1519193290045064,1.5138961027882205,-0.9206689314900546,0.46496835283355087,media-baja
0.11247666964607989,-0.5052993229265984,-0.2946750918051483,2.1624545351986266,0.24922246405686138,1.6520631334216116,1.7357925737471056,1.6977635373468791,-0.7016171628227563,-1.2010721817306913,-1.4097763495317386,0.46496835283355087,alta
0.661160163062839,-0.27659295765959346,-0.2032014160415149,-0.23229726969554174,0.02844641187433444,-0.39376652243412635,0.4120571338856455,-0.1958707039353792,-0.40141571870158954,-1.1105732389133942,-0.2359185462316975,0.46496835283355087,media-baja
0.7708968617461903,-0.3528284127485951,2.449535181103866,1.4037212900836424,-0.7994637838101408,0.9019255929411744,0.811278933208943,1.3351527251864448,-1.1519193290045064,-0.9295753532788005,-1.5075978331400752,0.46496835283355087,media-alta
-1.4238371119208457,-0.8864765983716062,0.2541669627766547,-1.014740928720369,-0.8546577968557721,0.6291483054937427,-0.7645965904356523,-1.7953872864652858,2.1502965563283247,-0.8390764104615033,1.2314037078933548,0.46496835283355087,media-baja
-1.3141004132374934,-0.42906386783759676,-0.2032014160415149,0.02851728331273415,-0.24752365335382384,0.21998237432259504,-0.1342463809778142,-0.8646862019201694,0.19898716954074397,-0.9295753532788005,0.9379392570683454,0.46496835283355087,media-alta
2.52668404067982,-0.27659295765959346,-0.11172774027788097,-0.8724784452613094,-0.3027176663994556,0.3563710180463109,0.34902211293986174,0.38430659552130686,-0.7766675238530497,-0.2055838107404239,-1.1163118987067275,0.46496835283355087,media-baja
0.2222133683294313,0.3714084105969197,1.626272099231162,-0.6590847200727202,2.0706248945627066,0.5609539836318848,-0.34436311746376025,0.8919617325459239,1.099591501904241,2.418885530961191,0.5466533226349978,-2.1506840065693225,media-baja
-0.32647012508732776,-0.42906386783759676,1.534798423467528,0.2182005945914801,-0.08194161421692865,1.6520631334216116,1.2525240798294297,0.5776990286735504,-0.026163913550132773,-0.5675795820096119,-1.018490415098391,0.46496835283355087,media-alta
-0.32647012508732776,-0.42906386783759676,0.07121961124938686,0.40788390587022605,-0.5234937185819821,0.4927596617700268,-0.09222303368062497,-0.1958707039353792,0.27403753057103397,0.06591301771146751,0.3510103554183248,0.46496835283355087,media-alta
-0.9848903171874382,0.86693886867543,-0.8435171463869515,-0.825057617441623,1.51868476410639,-0.6665438098815581,-1.3949467998934904,0.7831784888977981,2.300397278388908,0.7899045602498436,-0.9206689314900546,-2.1506840065693225,media-alta
0.11247666964607989,0.4095261381414205,-1.4838328767323885,-0.7776367896219364,-1.1858218751295624,-0.2573778787104105,-0.7435849167870577,-1.6463139525771167,0.6492893357224908,0.6994056174325465,2.1117970603683864,0.46496835283355087,alta
-0.7654169198207343,-1.115182963638611,-0.38614876756878225,-0.8961888591711527,-0.7442697707645091,-0.7347381317434161,-0.5124565066525171,-1.1225427794564644,1.8500951122071578,-0.8390764104615033,0.5466533226349978,0.46496835283355087,alta
-1.4238371119208457,-0.20035750257059223,-1.4838328767323885,-0.9910305148105255,-1.1858218751295624,-1.2802927066382794,-0.8276316113814361,-1.847764403777333,0.6492893357224908,-1.0200742960960971,0.9379392570683454,0.46496835283355087,media-alta
-0.9848903171874382,-0.8864765983716062,-0.47762244333241616,-0.8487680313514662,2.3465949597908655,0.6291483054937427,0.811278933208943,-0.8002220575361181,1.6999943901465744,1.3328982171536263,0.5466533226349978,0.46496835283355087,media-baja
-0.21673342640397533,1.5530579644764444,2.0836404780493316,0.6212776310588154,-0.7994637838101408,-0.5301551661578422,0.9793723223976999,-0.6914388138879475,0.34908789160132403,-0.38658169637501816,1.720511125935039,0.46496835283355087,media-alta
0.5514234643794865,-0.8864765983716062,-0.11172774027788097,2.11503370737894,0.30441647710249314,1.5156744896978958,1.893380126111565,1.8589238983070524,-0.551516440762173,-0.4770806391923148,-1.5075978331400752,0.46496835283355087,alta
-0.7654169198207343,0.180819772874416,-1.0264644979142192,2.281006604747843,0.5251925292850197,0.42456533990816886,0.8322906068575376,1.5768932666267046,-0.6265668017924663,-0.5675795820096119,-1.4097763495317386,0.46496835283355087,baja
-0.21673342640397533,-0.5052993229265984,-0.6605697948596839,-0.3982701670644444,0.35961049014812485,-1.2120983847764215,-0.7856082640842469,-0.07500043321524931,-1.6772718562165467,-0.296082753557721,-0.9206689314900546,0.46496835283355087,baja
-0.32647012508732776,-0.6577702331046015,0.16269328701302077,-0.8013472035317797,-0.1923296403081921,-0.7347381317434161,-0.44942148570673324,-1.2031229599365958,-0.8517178848833398,-0.4770806391923148,0.6444748062433342,0.46496835283355087,media-alta
-1.204363714554142,-0.8864765983716062,-0.5690961190960501,-0.7776367896219364,-0.5234937185819821,-0.0527949131248367,-0.5754915275983009,-1.452921519424873,0.42413825263161736,0.42790878898065604,0.6444748062433342,0.46496835283355087,media-alta
-1.0946270158707905,-0.27659295765959346,-0.5690961190960501,0.3841734919603829,0.30441647710249314,0.9019255929411744,1.651745879152727,0.44877073990540295,-0.17626463561071615,-1.0200742960960971,-1.3119548659234022,0.46496835283355087,media-alta
0.0027399709627274923,0.86693886867543,0.985956368885725,0.052227697222577314,1.132326672786968,-0.18918355684855256,0.11789370280532106,1.1739923642262269,1.5498936680859912,1.7853929312401111,0.05754590459331366,-2.1506840065693225,media-baja
0.661160163062839,-0.8864765983716062,1.1689037204129928,2.0439024656494107,-0.026747601171296913,0.9019255929411744,0.15991705010251028,1.6776184922268575,-0.7766675238530497,-0.296082753557721,-0.43156151344837046,0.46496835283355087,media-alta
3.1851042327799304,1.857999784832451,-0.6605697948596839,-0.7302159618022499,1.573878777152022,-0.802932453605274,-1.3529234525963012,1.8992139885470958,-0.2513149966410062,0.42790878898065604,-0.333740029840034,-2.1506840065693225,media-alta
-0.32647012508732776,-0.3528284127485951,-0.6605697948596839,-0.161166027966012,2.622565025019024,0.3563710180463109,0.09688202915672646,-0.107232505407275,-0.47646607973188293,-0.2055838107404239,-0.822847447881718,0.46496835283355087,media-alta
0.5514234643794865,0.3332906830524189,-0.020254064514247064,-0.8487680313514662,1.573878777152022,-0.32557220057226843,-1.205841737056139,1.1175862378901933,1.8500951122071578,0.9709024458844379,-0.9206689314900546,-2.1506840065693225,media-alta
0.5514234643794865,-0.8864765983716062,0.7115353415948238,-0.6353743061628769,-0.35791167944508734,-0.0527949131248367,1.2105007325322406,-0.11529052345529262,1.8500951122071578,-0.6580785248269091,0.3510103554183248,0.46496835283355087,alta
-0.8751536185040868,-0.42906386783759676,-0.2032014160415149,-0.7302159618022499,-0.41310569249071905,0.28817669618445296,1.1054423642892675,-1.0419625989763779,1.2496922239648243,-0.7485774676442062,1.1335822242850184,0.46496835283355087,media-alta
-1.0946270158707905,-1.3438893289056157,-0.5690961190960501,-0.9436096869908392,-0.1923296403081921,0.42456533990816886,1.0634190169920783,-0.7599319672960301,1.0245411408739509,-0.4770806391923148,-0.43156151344837046,0.46496835283355087,media-alta
0.11247666964607989,-0.6577702331046015,-1.117938173677853,1.9964816378297234,0.08364042491996618,1.1065085585267482,1.5676991845583488,1.717908582466901,-0.7016171628227563,0.15641196052876463,-1.4097763495317386,0.46496835283355087,media-baja
2.0877372459464123,2.0104706950104534,-0.5690961190960501,-0.7776367896219364,2.953729103292814,-1.5530699940857113,-2.1303553775943014,1.3311237161624137,0.42413825263161736,1.8758918740574082,-0.822847447881718,-2.1506840065693225,media-baja
-1.3141004132374934,0.7907034135864284,0.437114314303922,-0.6827951339825634,-0.9098518099014039,-0.802932453605274,-0.9537016532730037,-1.0258465628803426,0.27403753057103397,-0.296082753557721,0.4488318390266613,0.46496835283355087,media-baja
1.209843656479597,-0.12412204748159057,1.1689037204129928,1.6882462570017616,-0.41310569249071905,1.4474801678360378,0.6641972176687808,0.05392785555289817,-1.30202005106509,-1.6535668958171765,1.524868158718366,0.46496835283355087,media-alta
-0.43620682377067915,2.31541251536646,-0.9349908221505855,-0.8013472035317797,1.573878777152022,-1.5530699940857113,-1.268876758001923,1.053122093506097,2.300397278388908,0.6089066746152493,-1.1163118987067275,-2.1506840065693225,media-alta
0.3319500670127837,-0.8864765983716062,0.3456406385402881,-0.7539263757120932,-0.6890757577188773,-0.0527949131248367,-0.1342463809778142,0.20703019846509846,2.0752461952980346,2.3283865881438937,-0.1380970626233593,0.46496835283355087,alta
-1.4238371119208457,0.10458431778541437,-1.0264644979142192,2.5536763647110403,-0.1923296403081921,-0.32557220057226843,0.916337301451916,1.2948626349464016,-0.926768245913633,-0.4770806391923148,-1.5075978331400752,0.46496835283355087,media-baja
0.9903702591128941,-0.8864765983716062,1.1689037204129928,-1.014740928720369,0.35961049014812485,-0.4619608442959843,-0.2393047492207872,-1.130600797504482,-0.926768245913633,-1.7440658386344736,0.7422962898516707,0.46496835283355087,media-alta
-0.5459435224540315,0.7144679584974267,-0.38614876756878225,1.285169220534426,3.2848931815666043,-0.7347381317434161,-0.40739813840954403,0.9403098408339848,-1.001818606943923,-0.9295753532788005,-1.4097763495317386,0.46496835283355087,media-alta
-0.43620682377067915,1.7055288746544477,-0.38614876756878225,0.43159431978006924,-0.08194161421692865,-1.5530699940857113,1.1684773852350512,0.25537830675315937,-0.40141571870158954,-1.2010721817306913,-1.018490415098391,0.46496835283355087,baja
1.5390537525296533,1.095645233942435,-0.020254064514247064,-0.7183607548473283,1.51868476410639,0.08359373059887917,-1.3529234525963012,1.4560229959065747,0.8744404188133675,0.24691090334606178,-0.6272044806650434,-2.1506840065693225,media-baja
0.0027399709627274923,1.095645233942435,-1.0264644979142192,-0.8013472035317797,1.4634907510607584,-0.18918355684855256,-1.4369701471906797,0.48906083014544627,1.1746418629345343,1.1519003315190322,-0.040275579015022815,-2.1506840065693225,media-alta
1.209843656479597,-0.8864765983716062,1.077430044649359,-0.6590847200727202,1.4082967380151268,0.015399408737021234,-1.5000051681364635,0.9403098408339848,2.375447639419198,2.6903823594130825,-0.040275579015022815,-2.1506840065693225,media-alta
0.0027399709627274923,0.5619970483194239,-0.11172774027788097,1.0954859092556803,-0.7442697707645091,-0.12098923498669463,0.03384700821094265,-0.0991744873592574,-1.0768689679742165,-0.8390764104615033,0.4488318390266613,0.46496835283355087,media-alta
1.209843656479597,1.5530579644764444,0.2541669627766547,-0.9673201009006824,-0.4682997055363504,-0.8711267754671319,0.9373489751005106,-0.292566920511501,0.19898716954074397,-1.1105732389133942,0.15536738820165014,0.46496835283355087,media-baja
-0.10699672772062392,2.1629416051884567,-1.75825390402329,-0.7302159618022499,1.7946548293345488,-1.2120983847764215,-1.9832736620541394,0.8919617325459239,2.300397278388908,0.9709024458844379,-0.2359185462316975,-2.1506840065693225,alta
-1.8627839066542524,-1.0389475085496094,-0.6605697948596839,-0.11374520014632547,-0.5234937185819821,-0.0527949131248367,-0.197281401923598,0.025724792384858915,1.5498936680859912,-1.0200742960960971,-1.018490415098391,0.46496835283355087,media-alta
-1.204363714554142,0.10458431778541437,0.6200616658311898,1.0480650814359935,-0.5786877316276139,-0.12098923498669463,0.03384700821094265,0.40848064966531494,1.925145473237451,-0.296082753557721,0.5466533226349978,0.46496835283355087,media-alta
-0.32647012508732776,-0.047886592392588925,-0.11172774027788097,0.6449880449686586,-1.241015888175194,0.1517880524607371,-0.008176339086246558,-1.106426743360474,-0.6265668017924663,1.061401388701735,2.1117970603683864,0.46496835283355087,alta
-0.9848903171874382,-0.7340056881936031,-0.2946750918051483,-0.7302159618022499,-0.5786877316276139,-0.4619608442959843,0.05485868185953725,-1.082252689216421,-0.17626463561071615,-0.296082753557721,0.05754590459331366,0.46496835283355087,media-alta
-0.7654169198207343,-0.3528284127485951,-1.3008855252051206,0.7398297006080317,-0.35791167944508734,1.9930347427309014,1.5887108582069434,0.5615829925775152,-0.026163913550132773,-0.38658169637501816,-1.018490415098391,0.46496835283355087,media-baja
-0.32647012508732776,-0.42906386783759676,1.3518510719402608,0.7161192866981885,-0.7442697707645091,1.242897202250464,1.0634190169920783,0.6542502001296059,-0.32636535767129954,-0.38658169637501816,-1.1163118987067275,0.46496835283355087,media-baja
0.3319500670127837,-0.8864765983716062,1.077430044649359,0.597567217148972,-0.3027176663994556,-0.2573778787104105,0.6431855440201861,0.8113815520657925,-0.17626463561071615,0.3374098461633589,-1.4097763495317386,0.46496835283355087,alta
0.5514234643794865,-0.8102411432826048,1.626272099231162,-0.6590847200727202,-0.1923296403081921,-0.7347381317434161,0.15991705010251028,-1.0500206170243953,-0.47646607973188293,-0.296082753557721,0.6444748062433342,0.46496835283355087,media-baja
-1.5335738106041972,-0.7340056881936031,-1.0264644979142192,2.5418211577561185,-0.35791167944508734,0.6973426273556006,-0.197281401923598,1.7058215553948521,0.048886447480160584,-0.4770806391923148,-1.5075978331400752,0.46496835283355087,media-alta
-0.655680221137383,-0.8102411432826048,-0.2946750918051483,-0.919899273080996,-0.24752365335382384,-0.32557220057226843,-1.1848300634075444,-0.9654114275202776,1.6249440291162844,-0.296082753557721,0.6444748062433342,0.46496835283355087,media-alta
0.44168676569613513,0.7907034135864284,-1.117938173677853,0.3841734919603829,-0.5234937185819821,2.1294233864546173,0.5801505230744024,0.27955236089716745,0.12393680851045061,-1.2915711245479884,-0.43156151344837046,0.46496835283355087,media-alta
-0.7654169198207343,-1.3438893289056157,-0.2946750918051483,0.6212776310588154,0.35961049014812485,-0.6665438098815581,-0.8486432850300307,-0.05485538809522767,0.34908789160132403,-1.3820700673652857,-0.43156151344837046,0.46496835283355087,media-alta
-1.4238371119208457,-0.42906386783759676,-0.6605697948596839,0.9295130118867774,-0.35791167944508734,1.6520631334216116,0.6221738703715916,0.6905112813456628,0.7243396967527841,-1.2010721817306913,-1.018490415098391,0.46496835283355087,media-baja
-0.10699672772062392,1.3243515992094395,1.626272099231162,0.07593811113242048,0.5251925292850197,-0.32557220057226843,-0.029188012734841163,1.2142824544662703,0.9494907798436576,2.237887645326597,0.05754590459331366,-2.1506840065693225,media-baja
0.0027399709627274923,-0.6577702331046015,-0.6605697948596839,0.02851728331273415,-0.6338817446732457,1.9930347427309014,1.5466875109097542,0.16674010822505517,-0.17626463561071615,2.418885530961191,-0.43156151344837046,0.46496835283355087,baja
0.2222133683294313,0.6382325034084255,-0.11172774027788097,-0.8487680313514662,1.6290727901976536,0.1517880524607371,-0.9116783059758146,1.0128320032660538,1.474843307055701,1.2423992743363292,-0.9206689314900546,-2.1506840065693225,media-alta
0.5514234643794865,-0.3528284127485951,0.2541669627766547,-0.06632437232663893,-0.5786877316276139,-0.8711267754671319,-1.3949467998934904,-1.4287474652808203,-1.1519193290045064,-0.296082753557721,1.9161540931517136,0.46496835283355087,media-alta
-0.7654169198207343,-0.20035750257059223,2.358061505340232,-1.014740928720369,0.5251925292850197,-1.0757097410527057,-0.05019968638343576,-0.8002220575361181,-1.1519193290045064,-0.9295753532788005,-0.9206689314900546,0.46496835283355087,media-baja
-0.32647012508732776,-0.5052993229265984,-0.2946750918051483,-0.06632437232663893,-0.8546577968557721,0.7655369492174585,0.07587035550813186,-1.573791790145003,-0.7016171628227563,-1.2010721817306913,2.1117970603683864,0.46496835283355087,alta
0.8806335604295428,2.8490607009894706,-0.9349908221505855,-0.7539263757120932,1.6290727901976536,0.1517880524607371,0.39104546023705095,0.730801371585706,0.27403753057103397,-0.024585925105829624,-0.5293829970567069,-2.1506840065693225,media-baja
0.3319500670127837,1.857999784832451,-2.0326749313141916,-0.8961888591711527,1.132326672786968,-0.802932453605274,-0.11323470732921957,0.23120425260910654,0.048886447480160584,0.15641196052876463,-0.6272044806650434,0.46496835283355087,media-baja
-0.10699672772062392,0.3332906830524189,-0.9349908221505855,-0.7065055478924067,1.9602368684714433,-0.7347381317434161,-1.205841737056139,0.4810028120974286,1.3997929460254077,0.24691090334606178,-0.333740029840034,-2.1506840065693225,media-alta
-0.5459435224540315,-0.12412204748159057,-0.6605697948596839,-0.9673201009006824,-0.9098518099014039,-0.9393210973289898,-0.029188012734841163,-0.4376112453756837,-0.6265668017924663,-1.3820700673652857,-1.2141333823150657,0.46496835283355087,media-baja
-1.5335738106041972,-0.8102411432826048,0.528587990067556,-0.18487644187585517,-0.5786877316276139,1.8566460990071854,0.3700337865884563,-0.4295532273276661,0.5742389746922008,0.9709024458844379,0.15536738820165014,0.46496835283355087,media-alta
-1.204363714554142,-1.1914184187276127,-0.8435171463869515,-0.8724784452613094,-0.4682997055363504,0.3563710180463109,-0.34436311746376025,-1.5657337720969853,0.19898716954074397,-1.7440658386344736,0.9379392570683454,0.46496835283355087,media-alta
-1.5335738106041972,-0.5052993229265984,-0.8435171463869515,1.0717754953458372,-0.08194161421692865,1.311091524112322,0.05485868185953725,0.533379929409476,-0.1012142745804228,-0.5675795820096119,-0.333740029840034,0.46496835283355087,media-alta
-0.7654169198207343,-0.27659295765959346,-0.2032014160415149,-0.8724784452613094,0.08364042491996618,0.21998237432259504,0.09688202915672646,-0.5987716063358569,2.0001958342677413,0.42790878898065604,0.05754590459331366,0.46496835283355087,alta
-0.7654169198207343,-1.0389475085496094,0.07121961124938686,1.0243546675261506,0.08364042491996618,-0.4619608442959843,-0.6805498958412739,0.7710914618257493,1.0245411408739509,-0.2055838107404239,-1.018490415098391,0.46496835283355087,media-alta
0.3319500670127837,1.3243515992094395,-1.117938173677853,-0.540532650523504,1.4634907510607584,-1.0075154191908477,-1.794168599216788,0.8919617325459239,1.1746418629345343,-0.024585925105829624,0.05754590459331366,-2.1506840065693225,media-baja
-0.10699672772062392,1.9342352399214517,-1.9412012555505576,0.7161192866981885,2.401788972836497,-0.5301551661578422,1.3785941217209974,1.1337022739861837,1.3997929460254077,-0.38658169637501816,-1.2141333823150657,0.46496835283355087,baja
-0.8751536185040868,-0.7340056881936031,0.16269328701302077,-0.8487680313514662,-0.5234937185819821,2.470394995763907,0.8743139541547268,-0.6390616965759002,0.7993900577830741,0.42790878898065604,-0.040275579015022815,0.46496835283355087,media-alta
-1.3141004132374934,0.10458431778541437,0.07121961124938686,0.6686984588785018,-0.6890757577188773,-1.4848756722238534,-1.8572036201625717,-1.3239932306567257,0.048886447480160584,-1.3820700673652857,2.209618543976723,0.46496835283355087,alta
-0.7654169198207343,1.857999784832451,-1.4838328767323885,-0.825057617441623,1.51868476410639,-0.9393210973289898,-1.205841737056139,-0.5826555702398216,0.8744404188133675,0.7899045602498436,0.05754590459331366,-2.1506840065693225,media-alta
0.0027399709627274923,-0.8102411432826048,0.8030090173584576,-0.9673201009006824,1.0219386466957052,-0.4619608442959843,0.70622056496597,-0.6390616965759002,1.5498936680859912,-0.7485774676442062,0.15536738820165014,0.46496835283355087,media-alta
-0.8751536185040868,0.3332906830524189,-1.0264644979142192,-0.7776367896219364,-0.13713562726256037,1.1747028803886062,1.441629142666781,-0.5987716063358569,-0.32636535767129954,-0.024585925105829624,-0.822847447881718,0.46496835283355087,media-baja
0.2222133683294313,-0.12412204748159057,-0.8435171463869515,0.26562142241116665,0.30441647710249314,0.9019255929411744,0.9583606487491052,0.12645001798501188,-0.6265668017924663,-1.4725690101825828,-0.333740029840034,0.46496835283355087,media-alta
-0.7654169198207343,-0.6577702331046015,-0.38614876756878225,-0.7539263757120932,-0.4682997055363504,0.28817669618445296,-0.47043315935532787,-1.388457375040777,-1.3770704120953832,1.061401388701735,0.4488318390266613,0.46496835283355087,media-alta
-1.0946270158707905,0.028348862696412718,-0.5690961190960501,-0.825057617441623,1.9602368684714433,-1.757652959671285,-1.8992269674597608,0.10227596384095906,1.099591501904241,-0.6580785248269091,-0.333740029840034,-2.1506840065693225,media-baja
-0.655680221137383,0.3332906830524189,-0.020254064514247064,1.9609160169649589,0.1388344379655979,-0.7347381317434161,-0.197281401923598,0.4245966857613501,-0.1012142745804228,0.42790878898065604,0.5466533226349978,0.46496835283355087,media-alta
-0.32647012508732776,-1.2676538738166143,0.16269328701302077,-0.13745561405616863,0.46999851623938793,0.015399408737021234,-0.09222303368062497,0.48906083014544627,1.6249440291162844,-1.1105732389133942,-1.4097763495317386,0.46496835283355087,alta
0.7708968617461903,0.5619970483194239,-0.47762244333241616,1.0954859092556803,0.46999851623938793,0.1517880524607371,1.2315124061808351,0.44877073990540295,-1.30202005106509,-0.8390764104615033,0.4488318390266613,0.46496835283355087,media-alta
0.3319500670127837,0.180819772874416,0.985956368885725,-0.9910305148105255,-0.9650458229470357,-0.9393210973289898,1.0213956696948892,-1.082252689216421,-0.7016171628227563,0.15641196052876463,0.8401177734600089,0.46496835283355087,media-alta
1.209843656479597,-1.0389475085496094,1.626272099231162,-0.9910305148105255,-0.9650458229470357,-0.18918355684855256,-0.8696549586786253,-0.8405121477761613,-1.6022214951862566,1.5138961027882205,-0.040275579015022815,0.46496835283355087,alta
-0.655680221137383,-0.20035750257059223,-0.11172774027788097,0.917657804931856,0.02844641187433444,-0.39376652243412635,0.916337301451916,-0.4013501641596268,0.19898716954074397,0.42790878898065604,0.8727249314020713,0.46496835283355087,media-alta
-0.5459435224540315,0.3332906830524189,-0.9349908221505855,-0.8961888591711527,-0.08194161421692865,0.5609539836318848,1.2945474271266189,-0.6390616965759002,-0.2513149966410062,-0.9295753532788005,-0.5293829970567069,0.46496835283355087,media-alta
0.5514234643794865,-0.8864765983716062,-0.020254064514247064,-0.919899273080996,-0.1923296403081921,0.6973426273556006,0.4120571338856455,-0.39732115513564037,1.6249440291162844,0.15641196052876463,-0.333740029840034,0.46496835283355087,media-alta
0.44168676569613513,-1.0389475085496094,-0.020254064514247064,0.28933183632100984,-1.1858218751295624,1.5156744896978958,0.7902672595603484,-0.6551777326719354,-1.3770704120953832,-1.2010721817306913,0.4488318390266613,0.46496835283355087,media-alta
-0.32647012508732776,-1.1914184187276127,0.8030090173584576,-0.7065055478924067,-0.7442697707645091,-0.8711267754671319,-0.42840981205813866,-0.8405121477761613,2.0752461952980346,-0.8390764104615033,0.9379392570683454,0.46496835283355087,alta
-1.204363714554142,-1.3438893289056157,-1.3008855252051206,0.07593811113242048,-0.7994637838101408,0.42456533990816886,0.09688202915672646,-0.26436385734346174,-1.2269696900348,0.5184077317979522,-0.6272044806650434,0.46496835283355087,media-alta
-1.3141004132374934,-0.3528284127485951,-0.38614876756878225,0.882092184067091,0.02844641187433444,0.8337312710793164,0.2859870919940779,-0.11529052345529262,0.27403753057103397,0.15641196052876463,0.2531888718099866,0.46496835283355087,media-alta
0.8806335604295428,2.8490607009894706,-0.9349908221505855,-0.7539263757120932,1.6290727901976536,0.1517880524607371,0.39104546023705095,0.730801371585706,0.27403753057103397,-0.024585925105829624,-0.5293829970567069,-2.1506840065693225,media-baja
0.44168676569613513,0.7144679584974267,-0.7520434706233177,2.2572961908379994,0.19402845101122965,-0.18918355684855256,1.0844306906406729,1.8508658802590348,-0.2513149966410062,-0.2055838107404239,-0.7250259642733816,0.46496835283355087,media-baja
-1.204363714554142,-0.20035750257059223,-1.0264644979142192,1.735667084821448,-0.3027176663994556,0.9701199148030323,1.3575824480724028,1.1337022739861837,0.8744404188133675,-0.8390764104615033,-0.9206689314900546,0.46496835283355087,media-baja
0.3319500670127837,0.10458431778541437,-0.47762244333241616,2.4469795021167458,-0.08194161421692865,2.470394995763907,1.8408509419900787,1.8871269614750916,-1.1519193290045064,1.5138961027882205,-0.9206689314900546,0.46496835283355087,media-baja
1.8682638485797094,0.3332906830524189,1.1689037204129928,-0.8013472035317797,-0.5786877316276139,-1.4848756722238534,-0.029188012734841163,0.3681905594252716,-0.17626463561071615,-0.296082753557721,-0.5293829970567069,0.46496835283355087,media-alta
-0.5459435224540315,-0.27659295765959346,-0.11172774027788097,0.597567217148972,-0.08194161421692865,1.7884517771453274,1.6727575528013219,0.5696410106255329,0.19898716954074397,-1.1105732389133942,-0.9206689314900546,0.46496835283355087,media-baja
-1.204363714554142,-0.047886592392588925,1.4433247477038942,-0.3982701670644444,0.9115506206044418,-0.8711267754671319,-1.6891102309738149,0.4447417308813718,1.3247425849951178,1.3328982171536263,0.5466533226349978,-2.1506840065693225,media-alta
0.5514234643794865,0.10458431778541437,0.894482693122091,1.9964816378297234,-0.3027176663994556,0.9019255929411744,1.5676991845583488,1.818633808067009,-0.2513149966410062,1.1519003315190322,-1.3119548659234022,0.46496835283355087,media-baja
-0.7654169198207343,-0.12412204748159057,-0.11172774027788097,-0.7183607548473283,-0.6890757577188773,-1.5530699940857113,1.8408509419900787,-0.2764508844154658,-0.1012142745804228,0.9709024458844379,-0.5293829970567069,0.46496835283355087,media-alta
-0.5459435224540315,0.180819772874416,0.8030090173584576,0.6686984588785018,-0.24752365335382384,2.5385893176257652,1.0003839960462944,0.22314623456113367,-0.47646607973188293,-0.11508486792312675,-0.8717581896858855,0.46496835283355087,media-alta
-0.7654169198207343,-1.3438893289056157,-0.2946750918051483,0.6212776310588154,0.35961049014812485,-0.6665438098815581,-0.8486432850300307,-0.05485538809522767,0.34908789160132403,-1.3820700673652857,-0.43156151344837046,0.46496835283355087,media-alta
0.0027399709627274923,-1.1914184187276127,0.437114314303922,-0.9673201009006824,-0.41310569249071905,-0.6665438098815581,-0.6805498958412739,-0.7599319672960301,-0.40141571870158954,-0.8390764104615033,0.5466533226349978,0.46496835283355087,alta
-0.5459435224540315,-0.3528284127485951,-0.11172774027788097,-0.8013472035317797,-1.4065979273120892,-1.1439040629145636,0.6431855440201861,-0.6390616965759002,0.5742389746922008,0.9709024458844379,0.05754590459331366,0.46496835283355087,media-alta
-0.7654169198207343,0.028348862696412718,-0.47762244333241616,0.6212776310588154,-0.026747601171296913,1.5156744896978958,1.2105007325322406,0.3037264150412203,-0.551516440762173,-0.11508486792312675,-0.822847447881718,0.46496835283355087,media-baja
-0.7654169198207343,-0.7340056881936031,2.2665878295765993,2.1861649491084694,0.24922246405686138,-0.2573778787104105,0.7692555859117538,1.4560229959065747,-1.75232221724684,-1.0200742960960971,-1.3119548659234022,0.46496835283355087,media-baja
-0.8751536185040868,-0.3528284127485951,1.8092194507584298,0.5501463893292855,-0.08194161421692865,0.28817669618445296,1.6307342055041325,0.44071272185738536,-0.40141571870158954,0.24691090334606178,-1.018490415098391,0.46496835283355087,baja
-0.8751536185040868,-0.3528284127485951,0.528587990067556,0.6212776310588154,-0.1923296403081921,1.8566460990071854,1.9459093102330516,0.41653866771333253,-0.17626463561071615,-0.296082753557721,-0.9206689314900546,0.46496835283355087,media-alta
-1.204363714554142,-0.27659295765959346,1.9006931265220637,0.2182005945914801,-1.241015888175194,0.42456533990816886,-0.38638646476094946,-1.118513770432478,0.4991886136619074,-0.024585925105829624,1.329225191501693,0.46496835283355087,alta
-0.21673342640397533,-0.047886592392588925,0.16269328701302077,1.7593774987312911,-0.6890757577188773,0.1517880524607371,-0.1342463809778142,0.40848064966531494,-1.30202005106509,1.2423992743363292,-0.040275579015022815,0.46496835283355087,media-alta
-0.21673342640397533,-1.2676538738166143,-0.2032014160415149,-0.7065055478924067,-0.9650458229470357,-1.1439040629145636,-0.8486432850300307,-1.2353550321286213,-0.8517178848833398,0.6089066746152493,0.7422962898516707,0.46496835283355087,alta
-0.43620682377067915,-1.1914184187276127,0.437114314303922,-0.7776367896219364,-0.3027176663994556,-0.4619608442959843,0.1809287237511049,-0.6229456604799096,0.6492893357224908,0.6994056174325465,0.05754590459331366,0.46496835283355087,media-alta
-0.8751536185040868,0.028348862696412718,-0.47762244333241616,1.6645358430919184,-0.35791167944508734,-0.4619608442959843,1.7357925737471056,0.6945402903696939,-0.7766675238530497,0.6089066746152493,-0.5293829970567069,0.46496835283355087,media-baja
0.44168676569613513,0.4857615932304222,1.7177457749947957,1.7830879126411348,-0.4682997055363504,1.7884517771453274,1.2945474271266189,1.617183356866748,-0.926768245913633,-0.4770806391923148,-1.4097763495317386,0.46496835283355087,media-alta
0.5514234643794865,0.86693886867543,-0.2032014160415149,-0.7539263757120932,1.353102724969495,-0.802932453605274,-1.1848300634075444,1.125644255938166,1.3997929460254077,1.1519003315190322,-0.9206689314900546,-2.1506840065693225,media-baja
0.5514234643794865,-0.3528284127485951,-0.5690961190960501,2.0439024656494107,-0.026747601171296913,0.9701199148030323,1.609722531855538,1.617183356866748,0.9494907798436576,-0.11508486792312675,-0.6272044806650434,0.46496835283355087,media-alta
-0.9848903171874382,-0.12412204748159057,1.626272099231162,1.4037212900836424,0.4148045031937566,2.5385893176257652,1.9459093102330516,0.8758456964498887,-0.17626463561071615,0.7899045602498436,-1.018490415098391,0.46496835283355087,media-alta
-0.43620682377067915,-0.5815347780156,0.894482693122091,0.8109609423375611,-0.7994637838101408,-0.12098923498669463,0.5381271757772131,0.32790046918522836,0.048886447480160584,0.9709024458844379,-0.5293829970567069,0.46496835283355087,media-alta
-0.43620682377067915,-0.42906386783759676,-0.11172774027788097,-0.825057617441623,-0.41310569249071905,-0.39376652243412635,-0.029188012734841163,0.0055797472648372705,1.6999943901465744,0.8804035030671407,-0.2359185462316975,0.46496835283355087,media-alta
2.9656308354132275,1.400587054298441,0.2541669627766547,-0.7065055478924067,2.401788972836497,-1.4166813503619953,-1.6260752100280311,1.7138795734428698,0.19898716954074397,0.7899045602498436,-0.7250259642733816,-2.1506840065693225,alta
-0.32647012508732776,0.028348862696412718,-0.9349908221505855,-0.7302159618022499,-0.35791167944508734,-1.0757097410527057,-1.1428067161103552,-0.47790133561572695,-0.32636535767129954,-1.1105732389133942,-1.018490415098391,0.46496835283355087,media-alta
0.11247666964607989,-1.2676538738166143,0.16269328701302077,-0.9910305148105255,-1.296209901220826,-1.0075154191908477,-1.247865084353328,-0.2764508844154658,1.1746418629345343,-1.0200742960960971,-0.5293829970567069,0.46496835283355087,media-baja
-0.655680221137383,-1.0389475085496094,-0.47762244333241616,-0.919899273080996,-0.5234937185819821,0.6291483054937427,0.39104546023705095,-0.11529052345529262,0.9494907798436576,1.8758918740574082,-0.9206689314900546,0.46496835283355087,media-alta
0.2222133683294313,0.7144679584974267,-0.6605697948596839,0.3604630780505395,0.35961049014812485,0.6973426273556006,0.8533022805061322,0.20703019846509846,-0.1012142745804228,-0.9295753532788005,-0.5293829970567069,0.46496835283355087,media-alta
0.0027399709627274923,2.2391770602774583,-2.672990661659628,-0.6590847200727202,1.6842668032432853,-0.9393210973289898,-0.7435849167870577,1.2344274995862918,2.0001958342677413,0.7899045602498436,-0.7250259642733816,-2.1506840065693225,media-alta
1.1001069577962457,0.10458431778541437,0.437114314303922,0.5027255615095991,-0.7442697707645091,0.3563710180463109,0.70622056496597,0.6179891189135938,-0.17626463561071615,0.24691090334606178,0.15536738820165014,0.46496835283355087,media-alta
0.5514234643794865,-0.42906386783759676,0.437114314303922,-0.8724784452613094,-1.0202398359926674,-1.6894586378094272,-0.34436311746376025,-0.5584815160958135,-0.47646607973188293,-1.0200742960960971,-0.040275579015022815,0.46496835283355087,baja
-0.10699672772062392,-0.5815347780156,0.2541669627766547,-0.540532650523504,-0.8546577968557721,0.3563710180463109,-0.42840981205813866,-1.5657337720969853,-0.2513149966410062,-0.7485774676442062,1.720511125935039,0.46496835283355087,media-alta
1.3195803551629504,2.544118880633465,-1.9412012555505576,-0.5642430644333472,2.1258189076083385,-0.9393210973289898,-1.731133578271004,1.4681100229785788,0.5742389746922008,0.3374098461633589,-0.9206689314900546,-2.1506840065693225,media-baja
0.8806335604295428,-0.5052993229265984,0.3456406385402881,0.3367526641406964,-0.6338817446732457,-0.5983494880197001,-1.2268534107047335,-0.3086829566075362,-2.1275740223982966,-0.2055838107404239,0.2531888718099866,0.46496835283355087,media-baja
0.8806335604295428,-0.20035750257059223,0.7115353415948238,0.3367526641406964,-0.7994637838101408,-1.6894586378094272,-0.11323470732921957,-0.2361607941754225,-0.7016171628227563,-0.8390764104615033,0.2531888718099866,0.46496835283355087,media-baja
0.44168676569613513,-0.42906386783759676,-0.5690961190960501,-0.8487680313514662,-0.6890757577188773,-0.12098923498669463,0.13890537645391568,-0.5101334078077526,1.7750447511768679,0.42790878898065604,-0.040275579015022815,0.46496835283355087,media-alta
0.2222133683294313,-0.9627120534606078,-0.5690961190960501,-0.919899273080996,0.02844641187433444,0.6973426273556006,-0.3233514438151656,-0.22810277612740487,2.375447639419198,1.3328982171536263,0.05754590459331366,0.46496835283355087,alta
-0.7654169198207343,-1.0389475085496094,0.07121961124938686,1.0243546675261506,0.08364042491996618,-0.4619608442959843,-0.6805498958412739,0.7710914618257493,1.0245411408739509,-0.2055838107404239,-1.018490415098391,0.46496835283355087,media-alta
1.3195803551629504,2.277294787821959,-0.8435171463869515,-0.6353743061628769,2.015430881517075,-1.6894586378094272,-2.172378724891491,1.5366031763866614,0.34908789160132403,0.8804035030671407,-1.1163118987067275,-2.1506840065693225,media-baja
-1.4238371119208457,-0.12412204748159057,0.16269328701302077,-0.4219805809742877,-0.9650458229470357,-0.39376652243412635,-0.1342463809778142,-1.537530708928991,-0.1012142745804228,-0.6580785248269091,1.2314037078933548,0.46496835283355087,media-alta
-0.21673342640397533,-0.6577702331046015,0.16269328701302077,1.7830879126411348,0.30441647710249314,0.9019255929411744,0.9793723223976999,1.4560229959065747,1.5498936680859912,-0.8390764104615033,-0.6272044806650434,0.46496835283355087,media-alta
0.11247666964607989,-0.12412204748159057,-0.11172774027788097,0.6686984588785018,-0.026747601171296913,0.6291483054937427,1.3785941217209974,0.8597296603538535,-0.47646607973188293,-0.2055838107404239,-1.3119548659234022,0.46496835283355087,media-alta
0.5514234643794865,-1.0389475085496094,-0.2946750918051483,0.43159431978006924,-0.5234937185819821,-0.12098923498669463,-0.2603164228693818,0.8597296603538535,-0.1012142745804228,-0.8390764104615033,-1.2141333823150657,0.46496835283355087,media-alta
1.4293170538463018,2.086706150099455,-0.2032014160415149,-0.6353743061628769,3.2296991685209724,0.015399408737021234,-0.07121136003203037,1.4600520049305612,-0.47646607973188293,-0.11508486792312675,-1.3119548659234022,-2.1506840065693225,media-baja
-1.0946270158707905,-0.42906386783759676,1.8092194507584298,-0.7302159618022499,-0.026747601171296913,2.061229064592759,0.6641972176687808,-0.5987716063358569,-1.001818606943923,0.7899045602498436,-0.6272044806650434,0.46496835283355087,media-alta
0.3319500670127837,2.31541251536646,-2.398569634368727,-0.8013472035317797,0.9667446336500736,-0.4619608442959843,-1.6891102309738149,0.6905112813456628,1.5498936680859912,0.5184077317979522,1.0357607406766818,-2.1506840065693225,media-alta
-1.204363714554142,-1.0389475085496094,-0.020254064514247064,-0.919899273080996,-0.7994637838101408,-1.1439040629145636,-0.995725000570193,-1.4247184562568338,0.9494907798436576,0.6089066746152493,0.6444748062433342,0.46496835283355087,alta
0.2222133683294313,-0.5815347780156,0.2541669627766547,2.3995586742970594,-0.026747601171296913,0.4927596617700268,1.0844306906406729,1.5768932666267046,-1.3770704120953832,-0.8390764104615033,-1.4097763495317386,0.46496835283355087,media-alta
1.1001069577962457,-0.8864765983716062,-0.11172774027788097,-0.9436096869908392,-0.7994637838101408,-1.6212643159475693,-1.5420285154336526,-0.7921640394881004,-1.6772718562165467,1.9663908168747053,-0.1380970626233593,0.46496835283355087,media-baja
0.8806335604295428,-1.0389475085496094,0.528587990067556,-0.9673201009006824,-0.5786877316276139,-1.0075154191908477,-0.995725000570193,-0.9613824184962912,-0.2513149966410062,1.061401388701735,0.3510103554183248,0.46496835283355087,media-baja
0.7708968617461903,3.382708886612482,-2.4900433101323607,-0.7065055478924067,2.2914009467452336,-1.0757097410527057,-1.4369701471906797,1.053122093506097,0.34908789160132403,1.2423992743363292,-0.6272044806650434,-2.1506840065693225,media-baja
-0.32647012508732776,1.4768225093874428,-0.11172774027788097,-0.2560076836053849,0.85635660755881,0.4927596617700268,0.8953256278033214,0.04586983750492529,-0.1012142745804228,-0.8390764104615033,-1.3119548659234022,0.46496835283355087,media-baja
0.44168676569613513,0.7907034135864284,-1.5753065524960221,1.285169220534426,-0.24752365335382384,-0.8711267754671319,-0.5754915275983009,0.6099311008655761,0.048886447480160584,-1.6535668958171765,0.2531888718099866,0.46496835283355087,media-baja
-0.21673342640397533,0.7144679584974267,0.16269328701302077,-0.7302159618022499,1.6842668032432853,-0.5983494880197001,-1.8151802728653825,0.20703019846509846,1.474843307055701,2.1473887025092995,0.6444748062433342,-2.1506840065693225,media-alta
0.0027399709627274923,-0.42906386783759676,0.07121961124938686,2.589241985575805,-0.35791167944508734,0.015399408737021234,1.0003839960462944,0.8274975881618278,-0.32636535767129954,-1.2915711245479884,0.7422962898516707,0.46496835283355087,media-baja
-0.655680221137383,-0.42906386783759676,-0.020254064514247064,-0.3982701670644444,-1.130627862083931,0.3563710180463109,-0.6385265485440846,-1.662429988673107,0.048886447480160584,0.9709024458844379,2.1117970603683864,0.46496835283355087,alta
-0.10699672772062392,-0.8864765983716062,0.3456406385402881,0.8346713562474047,-0.7442697707645091,0.015399408737021234,-0.40739813840954403,-0.2039287219833968,-0.6265668017924663,-0.2055838107404239,0.5466533226349978,0.46496835283355087,media-alta
0.9903702591128941,0.4857615932304222,-2.307095958605093,-0.825057617441623,1.51868476410639,-1.2802927066382794,-1.5420285154336526,0.7509464167057277,1.1746418629345343,0.06591301771146751,-0.5293829970567069,-2.1506840065693225,media-alta
2.4169473419964684,0.3332906830524189,0.7115353415948238,-0.8961888591711527,1.6290727901976536,0.6973426273556006,-1.415958473542085,0.8597296603538535,1.925145473237451,1.9663908168747053,0.4488318390266613,-2.1506840065693225,media-alta
1.1001069577962457,1.0194097788534333,0.2541669627766547,0.7161192866981885,-0.7442697707645091,0.1517880524607371,1.9669209838816462,1.2948626349464016,0.7243396967527841,1.1519003315190322,-0.7250259642733816,0.46496835283355087,media-baja
0.8806335604295428,2.1629416051884567,-2.307095958605093,-0.8724784452613094,1.0219386466957052,-1.0757097410527057,-1.3319117789477066,0.8113815520657925,0.6492893357224908,-0.4770806391923148,-1.018490415098391,-2.1506840065693225,media-baja
0.661160163062839,-0.42906386783759676,-0.47762244333241616,-0.7776367896219364,0.08364042491996618,-0.802932453605274,-0.9537016532730037,0.28761037894518504,-0.47646607973188293,2.5093844737784883,0.4488318390266613,-2.1506840065693225,media-alta
0.8806335604295428,1.4768225093874428,0.437114314303922,0.2182005945914801,0.02844641187433444,-0.0527949131248367,1.0634190169920783,1.617183356866748,-0.926768245913633,0.15641196052876463,-0.7250259642733816,0.46496835283355087,media-baja
-0.43620682377067915,0.25705522796341723,1.534798423467528,0.8346713562474047,0.30441647710249314,0.28817669618445296,0.9373489751005106,0.7630334437777764,-1.30202005106509,-0.38658169637501816,-1.018490415098391,0.46496835283355087,media-baja
-0.21673342640397533,-0.5052993229265984,-0.11172774027788097,-0.27971809751522825,0.19402845101122965,-0.5301551661578422,-0.1342463809778142,-0.1555806136953359,-1.6772718562165467,-1.2010721817306913,-1.018490415098391,0.46496835283355087,media-alta
0.9903702591128941,-0.27659295765959346,0.985956368885725,0.43159431978006924,-0.3027176663994556,0.6973426273556006,0.9793723223976999,0.6099311008655761,-0.32636535767129954,-0.7485774676442062,0.15536738820165014,0.46496835283355087,media-baja
-1.753047207970901,-1.3438893289056157,-0.38614876756878225,-0.161166027966012,-1.1858218751295624,-0.5983494880197001,-0.38638646476094946,0.20703019846509846,0.9494907798436576,-0.6580785248269091,-1.4097763495317386,0.46496835283355087,media-baja
0.2222133683294313,-0.7340056881936031,1.626272099231162,0.9769338397064642,-0.9098518099014039,-0.12098923498669463,0.2439637446968887,-0.1958707039353792,-1.6772718562165467,-1.7440658386344736,0.5466533226349978,0.46496835283355087,alta
0.3319500670127837,-0.8102411432826048,-0.38614876756878225,-0.9673201009006824,-0.5234937185819821,-0.2573778787104105,-0.49144483300392244,-0.6793517868159434,-0.17626463561071615,-1.6535668958171765,-0.6272044806650434,0.46496835283355087,media-alta
-1.4238371119208457,-0.6577702331046015,-0.020254064514247064,-0.4219805809742877,-0.35791167944508734,0.28817669618445296,0.7482439122631592,-1.7752422413452642,-0.17626463561071615,-1.2915711245479884,1.6226896423267025,0.46496835283355087,alta
0.9903702591128941,1.400587054298441,0.7115353415948238,-0.6353743061628769,1.7394608162889171,-1.2802927066382794,-1.6050635363794366,1.657473447106836,1.6249440291162844,0.9709024458844379,0.2531888718099866,-2.1506840065693225,media-alta
0.11247666964607989,-1.115182963638611,0.894482693122091,-0.8724784452613094,0.08364042491996618,-0.4619608442959843,0.07587035550813186,-0.8485701658241342,-0.17626463561071615,-0.2055838107404239,0.3510103554183248,0.46496835283355087,media-baja
-1.8627839066542524,-0.39094614029309593,-0.2946750918051483,0.597567217148972,0.08364042491996618,-0.2573778787104105,-0.6595382221926793,-0.026652324927188418,-0.17626463561071615,-1.2010721817306913,-0.040275579015022815,0.46496835283355087,media-alta
0.44168676569613513,0.10458431778541437,0.07121961124938686,1.3800108761737993,-0.7994637838101408,-0.39376652243412635,-0.07121136003203037,0.730801371585706,-0.47646607973188293,-1.5630679529998794,0.05754590459331366,0.46496835283355087,media-alta
-1.6433105092875497,2.8871784285339714,-2.307095958605093,0.3604630780505395,-0.4682997055363504,-1.4848756722238534,-0.8066199377328415,-0.026652324927188418,1.6999943901465744,-0.6580785248269091,-0.2359185462316975,0.46496835283355087,media-baja
1.5390537525296533,2.048588422554954,-1.209411849441487,-0.7539263757120932,1.51868476410639,-1.757652959671285,-1.9412503147569502,0.9322518227859672,-0.1012142745804228,-0.296082753557721,-0.6272044806650434,-2.1506840065693225,media-alta
-0.32647012508732776,1.2481161441204378,-2.1241486070778253,-0.825057617441623,1.2979087119238633,0.6291483054937427,-1.2268534107047335,0.36416155040128523,-0.7016171628227563,-0.2055838107404239,-0.822847447881718,-2.1506840065693225,media-baja
0.11247666964607989,1.3243515992094395,-1.209411849441487,-0.6116638922530336,1.0219386466957052,-1.2120983847764215,-1.8572036201625717,0.9322518227859672,0.5742389746922008,-0.296082753557721,-1.2141333823150657,-2.1506840065693225,media-alta
0.3319500670127837,-0.9627120534606078,-0.020254064514247064,2.1861649491084694,-0.3027176663994556,0.5609539836318848,1.4836524899639703,1.6977635373468791,-0.8517178848833398,-0.11508486792312675,-1.2141333823150657,0.46496835283355087,media-alta
0.44168676569613513,0.028348862696412718,1.626272099231162,-0.8487680313514662,-1.075433849038299,0.9019255929411744,-0.2813280965179764,-1.5254436818569421,-1.0768689679742165,-0.4770806391923148,2.0139755767600502,0.46496835283355087,media-alta
1.209843656479597,2.4678834255444633,-0.38614876756878225,-0.7776367896219364,2.456982985882129,-1.757652959671285,-0.9537016532730037,1.2424855176343095,-0.6265668017924663,0.9709024458844379,-1.3119548659234022,-2.1506840065693225,media-alta
-0.21673342640397533,-0.5815347780156,0.7115353415948238,-0.9436096869908392,0.6907745684219149,-0.8711267754671319,0.2859870919940779,-0.6390616965759002,0.7243396967527841,-0.296082753557721,-0.040275579015022815,0.46496835283355087,alta
-0.7654169198207343,-0.42906386783759676,-0.6605697948596839,0.26562142241116665,-0.5786877316276139,-0.2573778787104105,0.03384700821094265,-1.6463139525771167,0.048886447480160584,-0.2055838107404239,2.1117970603683864,0.46496835283355087,alta
-0.10699672772062392,-0.8864765983716062,0.528587990067556,-0.7776367896219364,-1.130627862083931,-0.32557220057226843,0.2859870919940779,-0.47790133561572695,0.4991886136619074,0.8804035030671407,-0.2359185462316975,0.46496835283355087,media-alta
-0.32647012508732776,-0.42906386783759676,1.077430044649359,1.5341285665877804,-0.3027176663994556,1.5156744896978958,1.5887108582069434,1.0128320032660538,0.34908789160132403,0.3374098461633589,-0.9206689314900546,0.46496835283355087,media-baja
3.5143143288299865,1.400587054298441,0.985956368885725,-0.7776367896219364,1.0219386466957052,-0.6665438098815581,-1.5000051681364635,1.5366031763866614,-0.40141571870158954,1.8758918740574082,1.0357607406766818,-2.1506840065693225,media-alta
-1.204363714554142,-0.8864765983716062,-0.47762244333241616,0.3604630780505395,-0.08194161421692865,-0.5983494880197001,-0.6175148748954901,-0.6390616965759002,-0.47646607973188293,-0.8390764104615033,0.5466533226349978,0.46496835283355087,media-alta
-1.6433105092875497,-0.1622397750260914,-1.0264644979142192,-0.7302159618022499,-0.08194161421692865,-0.8711267754671319,0.2439637446968887,-0.24421881222344008,-0.026163913550132773,1.5138961027882205,-0.43156151344837046,0.46496835283355087,media-baja
0.661160163062839,-0.20035750257059223,1.534798423467528,-0.7065055478924067,-0.08194161421692865,0.3563710180463109,1.1684773852350512,-0.5181914258557703,-0.32636535767129954,1.1519003315190322,0.15536738820165014,0.46496835283355087,media-alta
1.209843656479597,-0.8102411432826048,0.07121961124938686,1.2733140135795047,0.1388344379655979,1.5156744896978958,0.47509215483142936,1.1337022739861837,-0.32636535767129954,-0.296082753557721,-0.2359185462316975,0.46496835283355087,media-alta
-0.10699672772062392,-0.7340056881936031,0.7115353415948238,-0.7539263757120932,0.24922246405686138,0.5609539836318848,1.5887108582069434,0.28761037894518504,2.300397278388908,0.24691090334606178,-0.2359185462316975,0.46496835283355087,media-alta
-0.7654169198207343,2.124823877643956,-1.5753065524960221,-0.01890354450695239,0.4148045031937566,-1.0757097410527057,-0.5334681803011116,0.28761037894518504,1.2496922239648243,-1.3820700673652857,-1.4097763495317386,0.46496835283355087,baja
0.2222133683294313,-0.9627120534606078,-0.5690961190960501,-0.919899273080996,0.02844641187433444,0.6973426273556006,-0.3233514438151656,-0.22810277612740487,2.375447639419198,1.3328982171536263,0.05754590459331366,0.46496835283355087,alta
0.5514234643794865,-0.20035750257059223,-0.47762244333241616,0.28933183632100984,-0.4682997055363504,0.08359373059887917,0.7902672595603484,0.0055797472648372705,-0.551516440762173,-0.38658169637501816,0.2531888718099866,0.46496835283355087,media-baja
-1.204363714554142,0.7907034135864284,0.894482693122091,1.6882462570017616,-1.0202398359926674,1.311091524112322,1.189489058883646,0.7388593896337237,-0.551516440762173,0.7899045602498436,-0.7250259642733816,0.46496835283355087,media-baja
-0.43620682377067915,-0.20035750257059223,1.626272099231162,-0.13745561405616863,-0.9098518099014039,0.28817669618445296,0.70622056496597,0.04586983750492529,-0.6265668017924663,-0.5675795820096119,-0.5293829970567069,0.46496835283355087,media-alta
-0.7654169198207343,-0.5052993229265984,-0.11172774027788097,0.052227697222577314,-0.6890757577188773,-1.0757097410527057,0.13890537645391568,0.16674010822505517,-0.551516440762173,-0.2055838107404239,-0.822847447881718,0.46496835283355087,media-alta
-0.5459435224540315,-0.5052993229265984,1.8092194507584298,0.6449880449686586,-0.1923296403081921,2.061229064592759,1.399605795369592,0.6663372272016547,0.048886447480160584,-0.2055838107404239,-1.2141333823150657,0.46496835283355087,media-baja
-1.0946270158707905,-1.2676538738166143,0.3456406385402881,2.494400329936432,-0.4682997055363504,1.6520631334216116,0.7482439122631592,0.8194395701138102,0.19898716954074397,-1.2915711245479884,0.15536738820165014,0.46496835283355087,media-baja
-1.0946270158707905,-0.27659295765959346,-0.5690961190960501,1.806798326550978,0.19402845101122965,0.21998237432259504,1.399605795369592,1.4157329056665315,0.27403753057103397,-0.7485774676442062,-1.4097763495317386,0.46496835283355087,baja
-0.10699672772062392,-0.27659295765959346,0.7115353415948238,0.8109609423375611,0.02844641187433444,0.08359373059887917,0.39104546023705095,0.6905112813456628,1.2496922239648243,0.15641196052876463,0.05754590459331366,0.46496835283355087,media-alta
-0.43620682377067915,1.400587054298441,0.437114314303922,1.4748525318131722,2.5121769989277607,-0.8711267754671319,-0.6385265485440846,0.8194395701138102,-0.7766675238530497,-0.2055838107404239,-0.822847447881718,0.46496835283355087,media-baja
0.9903702591128941,2.696589790811468,-0.11172774027788097,-0.7776367896219364,0.5251925292850197,0.4927596617700268,-1.268876758001923,0.5696410106255329,0.34908789160132403,0.42790878898065604,-0.2359185462316975,-2.1506840065693225,media-alta
-0.32647012508732776,-1.0389475085496094,-0.2946750918051483,1.0717754953458372,-0.6338817446732457,-0.12098923498669463,-0.197281401923598,-0.13140655955128308,-0.7766675238530497,-0.5675795820096119,0.4488318390266613,0.46496835283355087,alta
1.3195803551629504,-0.3528284127485951,0.7115353415948238,-0.6827951339825634,0.4148045031937566,-1.0075154191908477,-0.3233514438151656,0.44877073990540295,0.4991886136619074,0.6994056174325465,-0.1380970626233593,0.46496835283355087,media-baja
-0.32647012508732776,-0.8102411432826048,0.8030090173584576,0.24191100850132327,-1.0202398359926674,0.6291483054937427,-0.029188012734841163,-0.9049762921602127,-0.2513149966410062,0.15641196052876463,1.524868158718366,0.46496835283355087,alta
-0.7654169198207343,-1.1914184187276127,0.985956368885725,-1.014740928720369,-0.7994637838101408,-0.12098923498669463,-0.197281401923598,-1.4448635013768554,-0.2513149966410062,0.06591301771146751,0.5466533226349978,0.46496835283355087,media-alta
-1.4238371119208457,-0.42906386783759676,-0.6605697948596839,0.9295130118867774,-0.35791167944508734,1.6520631334216116,0.6221738703715916,0.6905112813456628,0.7243396967527841,-1.2010721817306913,-1.018490415098391,0.46496835283355087,media-baja
0.44168676569613513,1.7817643297434493,-0.6605697948596839,-0.7776367896219364,1.51868476410639,-1.4166813503619953,-1.9832736620541394,1.5768932666267046,1.7750447511768679,2.418885530961191,-0.9206689314900546,-2.1506840065693225,media-alta
0.0027399709627274923,-0.20035750257059223,0.2541669627766547,0.597567217148972,-0.7994637838101408,1.242897202250464,0.11789370280532106,-0.16766764076733995,-0.026163913550132773,-1.0200742960960971,0.2531888718099866,0.46496835283355087,media-alta
-0.10699672772062392,-0.047886592392588925,0.3456406385402881,-0.8724784452613094,0.6907745684219149,-1.2120983847764215,-0.07121136003203037,-1.0258465628803426,0.048886447480160584,-0.11508486792312675,0.2531888718099866,0.46496835283355087,media-baja
-0.7654169198207343,-0.5815347780156,-0.47762244333241616,0.6924088727883448,0.19402845101122965,1.1065085585267482,1.2525240798294297,0.40042263161734204,-0.7016171628227563,-0.11508486792312675,-0.9206689314900546,0.46496835283355087,media-baja
0.0027399709627274923,0.180819772874416,-0.2946750918051483,-0.7776367896219364,1.7394608162889171,0.015399408737021234,-1.1428067161103552,1.028948039362089,1.7750447511768679,-0.296082753557721,-1.018490415098391,-2.1506840065693225,media-baja
0.0027399709627274923,-0.3528284127485951,2.632482532631134,-0.7539263757120932,1.2979087119238633,-0.9393210973289898,-2.046308682999923,1.5124291222426534,1.2496922239648243,1.8758918740574082,0.15536738820165014,-2.1506840065693225,media-alta
0.9903702591128941,-0.6577702331046015,0.3456406385402881,0.9295130118867774,-0.35791167944508734,1.5156744896978958,1.336570774423808,1.053122093506097,-0.926768245913633,0.42790878898065604,-0.9206689314900546,0.46496835283355087,alta
-0.655680221137383,-0.6577702331046015,0.16269328701302077,2.020192051739567,-0.4682997055363504,-0.39376652243412635,0.34902211293986174,1.0329770483860754,1.0245411408739509,0.42790878898065604,-0.040275579015022815,0.46496835283355087,media-alta
0.3319500670127837,0.5619970483194239,1.534798423467528,-0.7776367896219364,1.7394608162889171,-1.1439040629145636,-1.1638183897589498,1.1337022739861837,0.9494907798436576,0.3374098461633589,-1.2141333823150657,-2.1506840065693225,media-baja
-0.32647012508732776,2.4678834255444633,-2.1241486070778253,1.0480650814359935,0.6355805553762831,-0.32557220057226843,0.4120571338856455,1.1337022739861837,1.1746418629345343,-0.4770806391923148,-1.5075978331400752,0.46496835283355087,baja
0.2222133683294313,-0.42906386783759676,0.16269328701302077,1.5459837735427022,0.35961049014812485,1.1747028803886062,0.09688202915672646,1.0249190303380578,-0.8517178848833398,0.3374098461633589,-0.43156151344837046,0.46496835283355087,media-alta
0.5514234643794865,0.4857615932304222,-1.0264644979142192,-0.44569099488413094,-0.24752365335382384,-1.4848756722238534,-0.1342463809778142,0.0055797472648372705,-0.47646607973188293,-0.9295753532788005,-1.018490415098391,0.46496835283355087,media-baja
-1.204363714554142,-1.1914184187276127,0.528587990067556,-0.8961888591711527,-1.4065979273120892,0.8337312710793164,-0.11323470732921957,-0.6390616965759002,1.8500951122071578,-0.024585925105829624,-0.7250259642733816,0.46496835283355087,media-alta
-0.43620682377067915,-0.6577702331046015,-0.020254064514247064,-0.7539263757120932,-0.24752365335382384,-0.0527949131248367,-0.5544798539497062,-0.7196418770559867,0.8744404188133675,1.1519003315190322,0.2531888718099866,0.46496835283355087,alta
0.3319500670127837,-0.9627120534606078,-0.020254064514247064,2.1861649491084694,-0.3027176663994556,0.5609539836318848,1.4836524899639703,1.6977635373468791,-0.8517178848833398,-0.11508486792312675,-1.2141333823150657,0.46496835283355087,media-alta
0.5514234643794865,-0.3528284127485951,-0.2032014160415149,-0.6590847200727202,0.46999851623938793,0.42456533990816886,-0.1552580546264088,-0.44566926342365654,-0.926768245913633,-1.2915711245479884,-0.6272044806650434,0.46496835283355087,media-baja
0.44168676569613513,1.400587054298441,0.437114314303922,0.19449018068163673,1.132326672786968,-0.9393210973289898,-0.42840981205813866,1.3754428154264882,1.0245411408739509,2.599883416595785,0.05754590459331366,-2.1506840065693225,media-baja
-0.655680221137383,0.3332906830524189,-0.020254064514247064,-0.27971809751522825,0.5803865423306515,-0.7347381317434161,0.2439637446968887,0.14659506310503354,-0.2513149966410062,-0.5675795820096119,-1.4097763495317386,0.46496835283355087,media-alta
1.1001069577962457,-0.20035750257059223,1.626272099231162,0.43159431978006924,-0.4682997055363504,-0.5983494880197001,0.03384700821094265,0.0055797472648372705,-0.551516440762173,-0.9295753532788005,0.3510103554183248,0.46496835283355087,media-alta
-1.0946270158707905,-0.12412204748159057,0.07121961124938686,-0.7302159618022499,-0.4682997055363504,0.6973426273556006,0.4120571338856455,-1.9605766564494902,0.7243396967527841,-0.6580785248269091,2.209618543976723,0.46496835283355087,alta
-0.655680221137383,-0.7340056881936031,-0.38614876756878225,-0.8724784452613094,-0.6338817446732457,0.3563710180463109,-0.1342463809778142,-1.0500206170243953,1.2496922239648243,0.5184077317979522,0.5466533226349978,0.46496835283355087,alta
-0.10699672772062392,2.0104706950104534,-1.75825390402329,-0.8013472035317797,2.2362069336996018,0.21998237432259504,0.03384700821094265,0.48906083014544627,1.6999943901465744,-0.296082753557721,0.05754590459331366,-2.1506840065693225,media-baja
-0.5459435224540315,2.9252961560784723,-2.1241486070778253,-0.6353743061628769,3.064117129384077,-1.1439040629145636,-2.004285335702734,0.9121067776659456,1.6999943901465744,0.6089066746152493,-0.2359185462316975,-2.1506840065693225,media-baja
0.11247666964607989,0.180819772874416,-0.7520434706233177,0.8583817701572479,3.0089231163384453,-0.5983494880197001,0.6852088913173754,1.0208900213140715,-1.5271711341559666,0.6089066746152493,-0.9206689314900546,0.46496835283355087,media-baja
-1.4238371119208457,-0.8864765983716062,-0.11172774027788097,-0.8961888591711527,-1.075433849038299,-0.6665438098815581,-1.3739351262448958,-1.303848185536704,1.6999943901465744,0.3374098461633589,0.5466533226349978,0.46496835283355087,media-alta
-0.21673342640397533,0.86693886867543,-0.2946750918051483,0.9769338397064642,0.30441647710249314,-0.12098923498669463,1.2735357534780243,0.6260471369616113,-0.32636535767129954,-0.7485774676442062,-1.018490415098391,0.46496835283355087,media-baja
-1.0946270158707905,-0.3528284127485951,-0.5690961190960501,-0.825057617441623,-0.5234937185819821,-1.4848756722238534,-0.2813280965179764,-0.5987716063358569,-1.001818606943923,0.24691090334606178,-1.4097763495317386,0.46496835283355087,media-baja
-0.21673342640397533,-0.8864765983716062,0.437114314303922,-0.8961888591711527,-1.075433849038299,0.4927596617700268,0.5171155021286186,-0.5181914258557703,1.0245411408739509,0.42790878898065604,0.5466533226349978,0.46496835283355087,media-alta
2.0877372459464123,0.5619970483194239,0.8030090173584576,-0.9436096869908392,-0.35791167944508734,-0.39376652243412635,-1.521016841785058,0.15868209017703758,-0.1012142745804228,2.8713802450476757,0.4488318390266613,-2.1506840065693225,media-alta
-0.21673342640397533,-0.5052993229265984,-0.11172774027788097,-0.27971809751522825,0.19402845101122965,-0.5301551661578422,-0.1342463809778142,-0.1555806136953359,-1.6772718562165467,-1.2010721817306913,-1.018490415098391,0.46496835283355087,media-alta
0.44168676569613513,-0.42906386783759676,-0.11172774027788097,-0.161166027966012,-1.296209901220826,-0.12098923498669463,-0.6385265485440846,-1.4247184562568338,-0.47646607973188293,-1.2010721817306913,1.524868158718366,0.46496835283355087,alta
0.3319500670127837,0.10458431778541437,-0.47762244333241616,2.4469795021167458,-0.08194161421692865,2.470394995763907,1.8408509419900787,1.8871269614750916,-1.1519193290045064,1.5138961027882205,-0.9206689314900546,0.46496835283355087,media-baja
0.0027399709627274923,-0.3528284127485951,-0.6605697948596839,1.735667084821448,-0.35791167944508734,1.1747028803886062,-0.09222303368062497,1.1578763281302364,-1.30202005106509,0.42790878898065604,-0.43156151344837046,0.46496835283355087,alta
1.6487904512130047,-1.0389475085496094,0.437114314303922,-0.825057617441623,-0.5786877316276139,-0.4619608442959843,1.3575824480724028,0.48906083014544627,0.27403753057103397,0.3374098461633589,-0.9206689314900546,0.46496835283355087,media-alta
0.8806335604295428,0.7907034135864284,1.626272099231162,0.6924088727883448,0.30441647710249314,0.08359373059887917,0.8743139541547268,0.8516716423058807,0.5742389746922008,0.7899045602498436,0.7422962898516707,0.46496835283355087,alta
0.11247666964607989,-0.6577702331046015,0.7115353415948238,-0.8961888591711527,0.1388344379655979,-0.32557220057226843,-0.34436311746376025,-1.0983687253124563,-0.2513149966410062,-0.38658169637501816,0.6444748062433342,0.46496835283355087,media-alta
0.44168676569613513,1.5530579644764444,-1.849727579786924,-0.8961888591711527,1.573878777152022,-1.3484870285001374,-1.7521452519195988,0.9725419130260105,1.5498936680859912,0.6089066746152493,-0.822847447881718,-2.1506840065693225,media-baja
-0.655680221137383,-0.3528284127485951,-0.47762244333241616,0.6924088727883448,-0.4682997055363504,-0.6665438098815581,0.2229520710482941,0.6985692993936803,1.6249440291162844,1.1519003315190322,-0.6272044806650434,0.46496835283355087,media-alta
1.5390537525296533,-0.12412204748159057,-0.2946750918051483,-0.5168222366136607,0.19402845101122965,1.5838688115597537,1.0844306906406729,0.4205676767373637,-0.026163913550132773,-0.7485774676442062,-1.018490415098391,0.46496835283355087,media-alta
-0.8751536185040868,0.7144679584974267,-0.8435171463869515,0.4790151475997558,-0.8546577968557721,-0.5301551661578422,-0.11323470732921957,-1.0741946711684034,-0.1012142745804228,-1.1105732389133942,1.4661752685533633,0.46496835283355087,alta
-0.5459435224540315,-0.9627120534606078,-0.2946750918051483,1.5459837735427022,-0.4682997055363504,1.5838688115597537,0.3069987656426725,0.21508821651311608,-0.2513149966410062,-1.2915711245479884,0.3510103554183248,0.46496835283355087,media-alta
-0.10699672772062392,0.86693886867543,-0.11172774027788097,-0.7776367896219364,1.9050428554258123,-1.6894586378094272,-1.7521452519195988,-0.3731471009915876,0.8744404188133675,-0.4770806391923148,1.4270466751100295,-2.1506840065693225,media-alta
-0.10699672772062392,-0.8102411432826048,-0.2946750918051483,0.5264359754194423,1.077132659741337,0.9701199148030323,1.3155591007752134,0.8919617325459239,0.9494907798436576,0.3374098461633589,-1.018490415098391,0.46496835283355087,media-baja
-0.7654169198207343,-0.5815347780156,1.7177457749947957,1.4985629457230154,-0.1923296403081921,1.9930347427309014,1.8618626156386733,0.8919617325459239,-0.2513149966410062,0.5184077317979522,-1.1163118987067275,0.46496835283355087,media-baja
-0.655680221137383,-0.27659295765959346,0.2541669627766547,-0.161166027966012,0.19402845101122965,-0.5983494880197001,0.15991705010251028,-0.9895854816643305,-0.1012142745804228,-0.4770806391923148,1.524868158718366,0.46496835283355087,alta
-0.9848903171874382,0.028348862696412718,-1.75825390402329,-0.11374520014632547,0.19402845101122965,-1.6894586378094272,-0.5334681803011116,-0.05888439711921411,-0.40141571870158954,-0.11508486792312675,-1.1163118987067275,0.46496835283355087,media-baja
0.44168676569613513,0.028348862696412718,0.528587990067556,-0.9673201009006824,-0.13713562726256037,-0.5983494880197001,1.2945474271266189,-0.2361607941754225,-0.926768245913633,-0.7485774676442062,-1.1163118987067275,0.46496835283355087,media-baja
0.7708968617461903,1.629293419565446,-2.4900433101323607,-0.8487680313514662,1.4082967380151268,-0.9393210973289898,-1.9202386411083556,0.8113815520657925,0.8744404188133675,0.42790878898065604,-0.43156151344837046,-2.1506840065693225,media-alta
0.3319500670127837,-0.7340056881936031,-0.47762244333241616,-0.9673201009006824,-0.8546577968557721,-0.8711267754671319,-0.5334681803011116,-0.7800770124160517,-0.7016171628227563,-0.9295753532788005,-0.7250259642733816,0.46496835283355087,media-alta
-1.5335738106041972,0.523879320774923,-2.4900433101323607,1.735667084821448,-0.9098518099014039,-0.5983494880197001,-0.1552580546264088,0.8113815520657925,0.4991886136619074,1.061401388701735,-0.5293829970567069,0.46496835283355087,media-alta
-0.5459435224540315,1.857999784832451,-1.4838328767323885,1.1191963231655235,-0.7442697707645091,0.4927596617700268,0.7272322386145645,0.8194395701138102,0.4991886136619074,0.06591301771146751,-1.018490415098391,0.46496835283355087,media-baja
0.661160163062839,-1.0389475085496094,0.2541669627766547,-0.6116638922530336,0.85635660755881,-1.0757097410527057,-1.3529234525963012,0.12645001798501188,1.1746418629345343,2.418885530961191,1.329225191501693,-2.1506840065693225,media-alta
0.9903702591128941,0.10458431778541437,0.3456406385402881,1.1191963231655235,-0.8546577968557721,-0.5983494880197001,-0.30233977016657104,0.07407290067291981,-0.7016171628227563,-1.3820700673652857,1.1335822242850184,0.46496835283355087,media-alta
-0.32647012508732776,0.10458431778541437,1.1689037204129928,0.40788390587022605,-0.026747601171296913,-0.12098923498669463,0.6852088913173754,0.44877073990540295,-0.551516440762173,-0.8390764104615033,-0.9206689314900546,0.46496835283355087,media-baja
-0.10699672772062392,-0.8102411432826048,0.2541669627766547,0.6449880449686586,0.35961049014812485,-0.802932453605274,-0.44942148570673324,0.40848064966531494,-1.6772718562165467,0.6994056174325465,-1.018490415098391,0.46496835283355087,media-baja
-0.5459435224540315,0.180819772874416,0.2541669627766547,-0.6353743061628769,0.02844641187433444,0.6632454664246716,1.8408509419900787,-0.5020753897597351,-0.47646607973188293,0.8804035030671407,-0.43156151344837046,0.46496835283355087,media-baja
-1.0946270158707905,0.4095261381414205,0.437114314303922,-0.13745561405616863,-0.8546577968557721,0.3563710180463109,-0.1342463809778142,-1.3642833208967688,0.7243396967527841,0.9709024458844379,2.1117970603683864,0.46496835283355087,media-alta
0.11247666964607989,2.0104706950104534,-2.5815169858959943,-0.7065055478924067,1.4634907510607584,-1.6212643159475693,-1.9832736620541394,0.5212929023374719,1.0245411408739509,0.06591301771146751,-0.43156151344837046,-2.1506840065693225,media-baja
-0.21673342640397533,0.6382325034084255,-1.3008855252051206,1.806798326550978,-0.9650458229470357,1.9248404208690433,1.336570774423808,1.2706885808023487,-1.001818606943923,-0.2055838107404239,-1.018490415098391,0.46496835283355087,media-baja
0.2222133683294313,-1.3057716013611151,0.16269328701302077,-0.9910305148105255,-0.4682997055363504,-1.1439040629145636,-1.2268534107047335,-1.7188361150091855,-0.8517178848833398,-1.2915711245479884,1.329225191501693,0.46496835283355087,alta
0.7708968617461903,-0.27659295765959346,-0.020254064514247064,-0.7539263757120932,-0.24752365335382384,-0.18918355684855256,1.7988275946928893,-0.018594306879170814,0.12393680851045061,1.1519003315190322,-0.6272044806650434,0.46496835283355087,media-baja
-1.204363714554142,-1.3438893289056157,0.528587990067556,-0.9673201009006824,-1.0202398359926674,2.1976177083164754,0.5381271757772131,-1.021817553856356,0.7993900577830741,-0.6580785248269091,0.7422962898516707,0.46496835283355087,media-baja
-0.9848903171874382,0.4857615932304222,-1.209411849441487,0.5027255615095991,2.456982985882129,-0.18918355684855256,1.5256758372611596,1.347239752258449,2.375447639419198,1.7853929312401111,-1.2141333823150657,0.46496835283355087,baja
-0.10699672772062392,-1.0389475085496094,-0.47762244333241616,-0.919899273080996,-0.35791167944508734,1.0383142366648903,-0.7015615694898685,-0.735757913152022,1.3247425849951178,-0.296082753557721,0.2531888718099866,0.46496835283355087,alta
0.8806335604295428,-1.1914184187276127,-0.11172774027788097,0.5027255615095991,-0.026747601171296913,1.8566460990071854,0.6221738703715916,0.6985692993936803,-0.7016171628227563,-1.2915711245479884,-0.9206689314900546,0.46496835283355087,media-alta
0.9903702591128941,-1.3438893289056157,1.626272099231162,-0.8961888591711527,-0.8546577968557721,0.7655369492174585,-0.05019968638343576,-0.6390616965759002,0.34908789160132403,-1.0200742960960971,0.15536738820165014,0.46496835283355087,alta
-1.3141004132374934,0.3332906830524189,0.894482693122091,-0.9436096869908392,-0.1923296403081921,0.9701199148030323,-0.38638646476094946,-1.082252689216421,0.8744404188133675,-0.024585925105829624,0.15536738820165014,0.46496835283355087,media-alta
-1.0946270158707905,0.180819772874416,-0.9349908221505855,-0.06632437232663893,-0.4682997055363504,-0.9393210973289898,0.2229520710482941,-0.26436385734346174,-1.4521207731256733,0.15641196052876463,-1.018490415098391,0.46496835283355087,media-baja
-1.3141004132374934,-0.8864765983716062,-0.2946750918051483,-1.014740928720369,-0.41310569249071905,0.9701199148030323,-0.47043315935532787,-1.6342269255050679,1.3997929460254077,-0.9295753532788005,0.9379392570683454,0.46496835283355087,media-alta
0.3319500670127837,-0.20035750257059223,-0.2946750918051483,1.16661715098521,-1.0202398359926674,0.8337312710793164,0.3280104392912671,0.28761037894518504,-0.8517178848833398,-0.38658169637501816,0.15536738820165014,0.46496835283355087,media-alta
-0.21673342640397533,-0.7340056881936031,-0.2946750918051483,0.597567217148972,-0.026747601171296913,0.8337312710793164,-0.1342463809778142,-0.4537272814716742,0.048886447480160584,0.7899045602498436,1.0357607406766818,0.46496835283355087,alta
0.5514234643794865,-0.8864765983716062,0.437114314303922,-0.8013472035317797,-0.41310569249071905,-0.4619608442959843,-0.2393047492207872,-0.8123090846081221,0.5742389746922008,0.24691090334606178,0.8401177734600089,0.46496835283355087,media-alta
0.3319500670127837,-0.12412204748159057,1.626272099231162,0.6924088727883448,0.24922246405686138,1.242897202250464,1.3785941217209974,1.2142824544662703,2.300397278388908,0.6089066746152493,-0.7250259642733816,0.46496835283355087,media-alta
2.52668404067982,2.8109429734449707,-1.849727579786924,-0.6116638922530336,1.4634907510607584,-1.6894586378094272,-1.9202386411083556,1.617183356866748,-0.17626463561071615,1.6948939884228138,-0.333740029840034,-2.1506840065693225,media-alta
-0.7654169198207343,-0.5815347780156,-0.7520434706233177,0.4790151475997558,1.0219386466957052,0.015399408737021234,0.7272322386145645,0.730801371585706,0.27403753057103397,0.15641196052876463,-1.3119548659234022,0.46496835283355087,media-baja
1.758527149896356,1.7055288746544477,-0.47762244333241616,-0.6590847200727202,2.5673710119733926,-1.6212643159475693,-1.9202386411083556,1.2948626349464016,0.42413825263161736,0.7899045602498436,-1.1163118987067275,-2.1506840065693225,media-alta
0.11247666964607989,-0.5052993229265984,-0.2946750918051483,2.1624545351986266,0.24922246405686138,1.6520631334216116,1.7357925737471056,1.6977635373468791,-0.7016171628227563,-1.2010721817306913,-1.4097763495317386,0.46496835283355087,alta
0.2222133683294313,-0.8102411432826048,-0.2032014160415149,-0.8724784452613094,-0.9098518099014039,-0.12098923498669463,-0.09222303368062497,-1.082252689216421,0.6492893357224908,-0.11508486792312675,0.5466533226349978,0.46496835283355087,alta
-0.21673342640397533,0.4857615932304222,-0.2946750918051483,0.7161192866981885,0.6355805553762831,-0.5983494880197001,0.916337301451916,0.27149434284914986,-0.40141571870158954,1.8758918740574082,0.15536738820165014,0.46496835283355087,media-baja
0.3319500670127837,-0.8864765983716062,-0.2032014160415149,-0.8487680313514662,-0.1923296403081921,-1.0075154191908477,-0.47043315935532787,-0.7881350304640693,0.4991886136619074,-0.5675795820096119,0.15536738820165014,0.46496835283355087,media-alta
-1.3141004132374934,1.400587054298441,-2.398569634368727,-0.6353743061628769,0.19402845101122965,0.3563710180463109,0.49610382848002393,0.16674010822505517,1.6249440291162844,-0.11508486792312675,-1.2141333823150657,0.46496835283355087,media-alta
0.7708968617461903,-0.42906386783759676,1.626272099231162,-0.49311182270381737,-1.296209901220826,-0.18918355684855256,-0.7435849167870577,-1.0016725087363345,-1.3770704120953832,-1.7440658386344736,0.8401177734600089,0.46496835283355087,alta
0.3319500670127837,-1.0389475085496094,-0.020254064514247064,-0.919899273080996,0.4148045031937566,0.4927596617700268,0.9373489751005106,-0.5181914258557703,-0.40141571870158954,0.15641196052876463,-0.43156151344837046,0.46496835283355087,alta
0.44168676569613513,2.963413883622973,-1.9412012555505576,1.8305087404608211,-0.35791167944508734,0.9019255929411744,1.924897636584457,1.2183114634903014,-0.8517178848833398,-0.11508486792312675,-1.3119548659234022,0.46496835283355087,media-baja
-1.0946270158707905,-0.12412204748159057,1.4433247477038942,-0.919899273080996,-0.08194161421692865,1.311091524112322,1.3575824480724028,-0.6793517868159434,-0.17626463561071615,-0.5675795820096119,-0.9206689314900546,0.46496835283355087,media-baja
2.0877372459464123,2.0104706950104534,-0.5690961190960501,-0.5879534783431904,1.353102724969495,-1.4848756722238534,-0.38638646476094946,1.371413806402457,0.12393680851045061,0.5184077317979522,-0.7250259642733816,-2.1506840065693225,media-baja
1.8682638485797094,0.6382325034084255,0.8030090173584576,-0.7302159618022499,1.573878777152022,-0.802932453605274,-1.4789934944878689,1.4560229959065747,1.6999943901465744,1.1519003315190322,-1.2141333823150657,-2.1506840065693225,media-baja
0.44168676569613513,-0.7340056881936031,0.16269328701302077,0.3367526641406964,-0.7994637838101408,0.9701199148030323,0.3280104392912671,-0.1958707039353792,-0.1012142745804228,1.5138961027882205,0.9379392570683454,0.46496835283355087,media-alta
0.11247666964607989,2.4297656979999624,-2.215622282841459,-0.6353743061628769,1.4634907510607584,-1.0075154191908477,-0.7645965904356523,1.2465145266583406,2.2253469173586145,0.24691090334606178,-0.7250259642733816,-2.1506840065693225,media-baja
-0.9848903171874382,0.3332906830524189,-0.8435171463869515,-0.007048337552030808,-0.6890757577188773,0.9019255929411744,0.47509215483142936,-1.0258465628803426,0.048886447480160584,-1.0200742960960971,0.7422962898516707,0.46496835283355087,media-alta
1.1001069577962457,-0.8864765983716062,1.626272099231162,0.6686984588785018,0.02844641187433444,1.37928584597418,1.7357925737471056,0.40848064966531494,-0.8517178848833398,0.06591301771146751,0.5466533226349978,0.46496835283355087,media-alta
-1.3141004132374934,-0.3528284127485951,-0.2032014160415149,1.451142117903329,-0.7994637838101408,0.015399408737021234,-0.1552580546264088,0.20703019846509846,1.0245411408739509,-0.296082753557721,0.05754590459331366,0.46496835283355087,alta
-0.8751536185040868,-0.5052993229265984,-0.8435171463869515,-0.46940140879397424,-0.13713562726256037,0.6973426273556006,0.811278933208943,-0.735757913152022,-0.40141571870158954,-0.11508486792312675,0.05754590459331366,0.46496835283355087,media-alta
0.44168676569613513,0.4857615932304222,-0.2032014160415149,1.7593774987312911,-0.026747601171296913,-0.39376652243412635,1.819839268341484,1.6977635373468791,0.27403753057103397,0.6994056174325465,-1.1163118987067275,0.46496835283355087,media-alta
-0.8751536185040868,-0.3528284127485951,-1.209411849441487,0.5738568032391288,-0.13713562726256037,0.9701199148030323,1.336570774423808,0.730801371585706,0.12393680851045061,-0.38658169637501816,-1.4097763495317386,0.46496835283355087,media-baja
-1.0946270158707905,-0.5052993229265984,1.534798423467528,2.494400329936432,0.08364042491996618,-0.39376652243412635,-0.5965032012468955,1.3835008334745058,-1.0768689679742165,-0.5675795820096119,-1.2141333823150657,0.46496835283355087,media-alta
0.44168676569613513,-0.6577702331046015,0.07121961124938686,0.9295130118867774,-0.6890757577188773,1.5838688115597537,1.441629142666781,0.8919617325459239,-1.30202005106509,0.42790878898065604,-0.7250259642733816,0.46496835283355087,media-alta
-0.21673342640397533,-0.7340056881936031,0.07121961124938686,0.12335893895210702,-0.5234937185819821,-0.7347381317434161,-0.07121136003203037,-0.5745975521918488,-0.32636535767129954,0.3374098461633589,0.7422962898516707,0.46496835283355087,media-alta
-0.9848903171874382,1.095645233942435,-0.2032014160415149,-0.7539263757120932,1.2979087119238633,0.08359373059887917,-0.5124565066525171,0.5615829925775152,0.8744404188133675,0.9709024458844379,-0.6272044806650434,-2.1506840065693225,media-baja
0.7708968617461903,0.7907034135864284,-0.7520434706233177,0.8346713562474047,0.19402845101122965,0.7655369492174585,1.9459093102330516,1.0934121837461404,-1.4521207731256733,0.6089066746152493,-1.2141333823150657,0.46496835283355087,media-alta
-1.204363714554142,-0.42906386783759676,-1.209411849441487,0.40788390587022605,0.24922246405686138,1.311091524112322,1.5046641636125648,0.6139601098895625,-0.026163913550132773,-0.7485774676442062,-1.4097763495317386,0.46496835283355087,media-baja
2.307210643313115,-0.5052993229265984,0.2541669627766547,-0.9673201009006824,-1.3514039142664576,0.015399408737021234,-0.6175148748954901,-1.1225427794564644,-2.1275740223982966,-1.2915711245479884,0.8401177734600089,0.46496835283355087,alta
0.5514234643794865,0.5619970483194239,0.07121961124938686,-0.3982701670644444,-0.8546577968557721,-0.5983494880197001,-0.6175148748954901,-1.1870069238405605,-1.001818606943923,0.7899045602498436,2.0139755767600502,0.46496835283355087,alta
-0.8751536185040868,-0.3528284127485951,-0.7520434706233177,-0.5642430644333472,-0.1923296403081921,-1.2120983847764215,-0.47043315935532787,-0.3167409746555091,0.4991886136619074,-0.7485774676442062,-0.6272044806650434,0.46496835283355087,media-baja
-0.7654169198207343,-0.047886592392588925,-0.020254064514247064,1.806798326550978,-0.3027176663994556,1.6520631334216116,0.811278933208943,0.43265470380936777,-1.4521207731256733,0.6994056174325465,-0.2359185462316975,0.46496835283355087,media-baja
1.5390537525296533,-1.2676538738166143,1.626272099231162,-0.8961888591711527,-1.075433849038299,-0.9393210973289898,-0.008176339086246558,-0.47790133561572695,-1.3770704120953832,-1.0200742960960971,-0.1380970626233593,0.46496835283355087,media-alta
-0.5459435224540315,-1.2676538738166143,0.2541669627766547,-1.014740928720369,-0.7442697707645091,0.9701199148030323,-0.9116783059758146,-1.9726636835214941,-1.9024229393074235,-0.11508486792312675,1.2314037078933548,0.46496835283355087,media-alta
0.2222133683294313,2.696589790811468,-2.398569634368727,-0.3982701670644444,3.119311142429709,-1.6894586378094272,-2.151367051242896,1.1337022739861837,1.3997929460254077,1.061401388701735,-0.333740029840034,-2.1506840065693225,media-baja
0.9903702591128941,2.31541251536646,0.16269328701302077,-0.6116638922530336,2.0706248945627066,-1.0075154191908477,-1.794168599216788,1.1337022739861837,0.7243396967527841,0.6089066746152493,0.2531888718099866,-2.1506840065693225,media-alta
0.11247666964607989,-0.42906386783759676,0.6200616658311898,-0.8961888591711527,0.5803865423306515,-1.2802927066382794,-0.05019968638343576,-0.9936144906883169,-0.2513149966410062,-0.4770806391923148,-0.040275579015022815,0.46496835283355087,media-baja
-0.43620682377067915,-0.12412204748159057,-0.2032014160415149,-0.5879534783431904,-1.4065979273120892,0.42456533990816886,-0.3233514438151656,-1.1265717884804956,0.7243396967527841,1.061401388701735,0.8401177734600089,0.46496835283355087,alta
2.4169473419964684,0.86693886867543,1.1689037204129928,-0.8013472035317797,1.9050428554258123,-1.4848756722238534,-2.109343703945707,1.0853541656981227,0.4991886136619074,0.3374098461633589,-0.9206689314900546,-2.1506840065693225,media-baja
-0.10699672772062392,2.544118880633465,-2.672990661659628,-0.7539263757120932,0.85635660755881,-1.5530699940857113,-2.046308682999923,1.1337022739861837,1.925145473237451,1.4233971599709234,-0.9206689314900546,-2.1506840065693225,media-alta
-0.655680221137383,-1.1914184187276127,0.16269328701302077,-1.014740928720369,-1.296209901220826,-0.5301551661578422,-0.995725000570193,-1.4448635013768554,0.6492893357224908,-1.1105732389133942,0.9379392570683454,0.46496835283355087,alta
0.661160163062839,1.7055288746544477,-0.47762244333241616,-0.8013472035317797,2.1258189076083385,-0.5301551661578422,0.5171155021286186,0.7952655159698021,0.34908789160132403,0.6994056174325465,-0.7250259642733816,-2.1506840065693225,media-baja
0.8806335604295428,-0.27659295765959346,1.626272099231162,0.5738568032391288,-0.3027176663994556,1.1747028803886062,1.5256758372611596,0.40848064966531494,-1.30202005106509,0.3374098461633589,0.5466533226349978,0.46496835283355087,media-alta
0.5514234643794865,1.857999784832451,-1.75825390402329,1.2140379788048967,2.5121769989277607,-0.5983494880197001,1.1474657115864566,1.5768932666267046,0.7993900577830741,-0.5675795820096119,-1.3119548659234022,0.46496835283355087,baja
0.11247666964607989,-0.5052993229265984,-1.117938173677853,0.6449880449686586,-0.35791167944508734,1.37928584597418,1.0424073433434837,0.8113815520657925,-0.40141571870158954,-0.6580785248269091,-1.2141333823150657,0.46496835283355087,media-baja
-0.10699672772062392,2.544118880633465,-2.672990661659628,-0.7539263757120932,0.85635660755881,-1.5530699940857113,-2.046308682999923,1.1337022739861837,1.925145473237451,1.4233971599709234,-0.9206689314900546,-2.1506840065693225,media-alta
-0.8751536185040868,-0.8102411432826048,-0.2946750918051483,-0.8961888591711527,0.02844641187433444,1.0383142366648903,0.4120571338856455,-0.6390616965759002,0.12393680851045061,-0.8390764104615033,-0.333740029840034,0.46496835283355087,media-alta
1.9780005472630608,-0.12412204748159057,0.3456406385402881,-0.161166027966012,-1.0202398359926674,0.08359373059887917,0.5381271757772131,0.07810190969695098,-0.47646607973188293,-0.5675795820096119,1.0357607406766818,0.46496835283355087,alta
-1.5335738106041972,-0.7340056881936031,-1.0264644979142192,2.5418211577561185,-0.35791167944508734,0.6973426273556006,-0.197281401923598,1.7058215553948521,0.048886447480160584,-0.4770806391923148,-1.5075978331400752,0.46496835283355087,media-alta
-0.5459435224540315,0.028348862696412718,0.894482693122091,0.4553047336899126,-0.13713562726256037,1.6520631334216116,1.1684773852350512,0.3963936225933109,-0.1012142745804228,-0.4770806391923148,-1.018490415098391,0.46496835283355087,media-baja
0.8806335604295428,-0.8102411432826048,0.8030090173584576,-0.9673201009006824,-0.6338817446732457,0.4927596617700268,-0.3233514438151656,-0.9613824184962912,-0.026163913550132773,0.24691090334606178,0.3510103554183248,0.46496835283355087,media-alta
0.0027399709627274923,-0.3528284127485951,-0.38614876756878225,1.2140379788048967,-0.5234937185819821,-0.32557220057226843,-0.1762697282750034,-0.41746620025566206,-1.30202005106509,0.06591301771146751,1.0357607406766818,0.46496835283355087,alta
0.3319500670127837,-0.20035750257059223,-0.020254064514247064,-0.8487680313514662,-0.8546577968557721,-0.5301551661578422,-0.2603164228693818,-0.7196418770559867,-1.0768689679742165,-1.2010721817306913,0.4488318390266613,0.46496835283355087,media-baja
0.8806335604295428,-1.3438893289056157,1.2603773961766267,-0.825057617441623,-0.026747601171296913,-0.9393210973289898,-0.1762697282750034,0.16674010822505517,0.8744404188133675,-0.2055838107404239,0.2531888718099866,0.46496835283355087,alta
-1.5335738106041972,-0.7340056881936031,-0.8435171463869515,2.695938848170099,-0.35791167944508734,0.5609539836318848,-0.2603164228693818,1.6776184922268575,0.19898716954074397,-0.296082753557721,-1.4097763495317386,0.46496835283355087,media-alta
-0.10699672772062392,-1.2676538738166143,-0.2946750918051483,2.2335857769281557,0.02844641187433444,-0.12098923498669463,0.5591388494258077,1.423790923714549,-1.9024229393074235,-1.1105732389133942,-1.4097763495317386,0.46496835283355087,alta
1.3195803551629504,0.6382325034084255,0.894482693122091,0.6924088727883448,-0.026747601171296913,-1.0757097410527057,-0.008176339086246558,1.4157329056665315,1.3247425849951178,-0.2055838107404239,-1.1163118987067275,0.46496835283355087,media-baja
-0.10699672772062392,3.192120248889978,-2.398569634368727,-0.7776367896219364,1.6842668032432853,-1.2120983847764215,-1.4369701471906797,0.8919617325459239,1.3247425849951178,0.5184077317979522,-0.6272044806650434,-2.1506840065693225,media-baja
0.3319500670127837,-0.12412204748159057,-0.8435171463869515,-0.007048337552030808,0.1388344379655979,0.1517880524607371,1.2105007325322406,-0.7196418770559867,-0.6265668017924663,-0.5675795820096119,1.1335822242850184,0.46496835283355087,media-alta
-0.5459435224540315,-0.6577702331046015,-0.47762244333241616,-0.9436096869908392,-0.3027176663994556,-1.0075154191908477,0.11789370280532106,-0.39732115513564037,1.099591501904241,0.7899045602498436,-0.43156151344837046,0.46496835283355087,media-alta
0.0027399709627274923,0.3714084105969197,-1.5753065524960221,-0.9673201009006824,0.24922246405686138,-0.4619608442959843,-0.8066199377328415,-0.11529052345529262,-0.47646607973188293,-0.7485774676442062,-1.5075978331400752,0.46496835283355087,media-baja
0.2222133683294313,-0.27659295765959346,2.0836404780493316,1.806798326550978,-0.08194161421692865,2.1294233864546173,0.8427964436818349,1.617183356866748,-1.1519193290045064,-0.5675795820096119,-1.3119548659234022,0.46496835283355087,media-alta
1.5390537525296533,-0.6577702331046015,0.8030090173584576,1.0954859092556803,-0.7994637838101408,-0.4619608442959843,-0.722573243138463,0.28761037894518504,-1.4521207731256733,-0.8390764104615033,0.05754590459331366,0.46496835283355087,media-alta
2.6364207393631713,1.095645233942435,-0.6605697948596839,-0.6116638922530336,2.2914009467452336,-1.1439040629145636,-1.6470868836766257,1.4560229959065747,-0.7016171628227563,2.0568897596920026,-0.43156151344837046,-2.1506840065693225,media-alta
0.3319500670127837,0.7144679584974267,0.2541669627766547,-0.13745561405616863,-0.4682997055363504,-0.802932453605274,0.09688202915672646,0.3681905594252716,0.27403753057103397,-0.8390764104615033,-0.040275579015022815,0.46496835283355087,media-baja
-0.7654169198207343,-0.42906386783759676,-0.5690961190960501,1.285169220534426,-0.24752365335382384,2.402200673902049,1.189489058883646,0.6743952452496275,-0.32636535767129954,0.3374098461633589,-0.5293829970567069,0.46496835283355087,media-alta
0.3319500670127837,2.4678834255444633,-2.215622282841459,-0.825057617441623,2.7329530511102877,-1.5530699940857113,-2.0883320302971122,0.6905112813456628,0.6492893357224908,0.6089066746152493,-0.822847447881718,-2.1506840065693225,media-baja
-0.9848903171874382,-1.0389475085496094,-0.11172774027788097,-1.014740928720369,-1.075433849038299,-0.5301551661578422,-1.0377483478673821,-1.638255934529099,0.12393680851045061,0.06591301771146751,0.8401177734600089,0.46496835283355087,media-alta
0.2222133683294313,-0.27659295765959346,0.3456406385402881,-0.8724784452613094,0.19402845101122965,0.015399408737021234,0.5381271757772131,-1.0500206170243953,-0.2513149966410062,-0.38658169637501816,0.2531888718099866,0.46496835283355087,media-baja
0.3319500670127837,0.3332906830524189,0.07121961124938686,-0.8013472035317797,-0.7994637838101408,-0.2573778787104105,-0.07121136003203037,-0.9774984545923264,-0.47646607973188293,-0.2055838107404239,0.7422962898516707,0.46496835283355087,media-alta
-0.10699672772062392,-0.7340056881936031,-0.11172774027788097,-0.919899273080996,-0.5786877316276139,-1.1439040629145636,-1.247865084353328,-1.8276193586573115,-0.1012142745804228,-1.6535668958171765,1.524868158718366,0.46496835283355087,media-alta
0.5514234643794865,1.2481161441204378,-0.2946750918051483,1.2140379788048967,-0.08194161421692865,1.7884517771453274,1.7357925737471056,1.2465145266583406,0.19898716954074397,-0.5675795820096119,-1.1163118987067275,0.46496835283355087,media-baja
0.3319500670127837,-0.7340056881936031,-0.2946750918051483,0.882092184067091,-0.24752365335382384,-0.5983494880197001,-0.029188012734841163,0.11839199993699427,-0.8517178848833398,0.3374098461633589,0.3510103554183248,0.46496835283355087,media-baja
-0.32647012508732776,2.6203543357224666,-2.215622282841459,-0.8724784452613094,1.077132659741337,-1.0075154191908477,-1.2898884316505175,0.5374089384335071,0.5742389746922008,0.7899045602498436,-1.1163118987067275,-2.1506840065693225,media-baja
-0.7654169198207343,0.86693886867543,0.07121961124938686,-0.919899273080996,-0.13713562726256037,-1.4166813503619953,-1.1638183897589498,-0.9613824184962912,-1.001818606943923,-0.9295753532788005,0.9379392570683454,0.46496835283355087,media-baja
0.8806335604295428,1.9342352399214517,-0.020254064514247064,-0.7776367896219364,1.573878777152022,-1.4166813503619953,-0.9116783059758146,0.9604548859540064,0.5742389746922008,1.6043950456055167,-0.9206689314900546,-2.1506840065693225,media-alta
0.661160163062839,-1.1914184187276127,1.626272099231162,-0.7776367896219364,0.30441647710249314,-0.7347381317434161,0.03384700821094265,0.16674010822505517,0.7993900577830741,-0.2055838107404239,0.2531888718099866,0.46496835283355087,media-alta
1.3195803551629504,-0.047886592392588925,0.7115353415948238,-0.6827951339825634,1.51868476410639,-0.9393210973289898,-1.6680985573252203,0.02169578336087248,0.7243396967527841,2.3283865881438937,2.0139755767600502,-2.1506840065693225,alta
0.7708968617461903,-0.9627120534606078,-0.47762244333241616,0.8583817701572479,-0.6338817446732457,0.7655369492174585,1.2525240798294297,0.6502211911056194,-0.2513149966410062,-0.4770806391923148,-0.5293829970567069,0.46496835283355087,media-alta
-0.21673342640397533,-0.5815347780156,1.626272099231162,-0.9436096869908392,-1.0202398359926674,0.28817669618445296,0.5381271757772131,-0.47790133561572695,1.7750447511768679,0.5184077317979522,0.2531888718099866,0.46496835283355087,alta
0.661160163062839,1.4768225093874428,-0.2946750918051483,-0.7539263757120932,2.015430881517075,-0.5301551661578422,-1.4369701471906797,1.4560229959065747,1.5498936680859912,2.0568897596920026,-1.2141333823150657,-2.1506840065693225,media-baja
0.7708968617461903,1.7817643297434493,0.3456406385402881,-0.7302159618022499,1.2979087119238633,-0.6665438098815581,-1.1848300634075444,1.2142824544662703,0.27403753057103397,0.42790878898065604,-1.2141333823150657,-2.1506840065693225,media-baja
-0.10699672772062392,0.3332906830524189,-0.9349908221505855,-0.6827951339825634,1.9602368684714433,-0.4619608442959843,-1.1217950424617606,0.47294479404941103,1.3997929460254077,0.15641196052876463,-0.333740029840034,-2.1506840065693225,media-alta
1.4293170538463018,-0.8864765983716062,-0.38614876756878225,0.24191100850132327,-0.13713562726256037,-0.0527949131248367,0.43306880753424015,0.8919617325459239,0.27403753057103397,-0.11508486792312675,-1.3119548659234022,0.46496835283355087,media-alta
-0.43620682377067915,-0.27659295765959346,0.2541669627766547,0.8583817701572479,-0.13713562726256037,0.08359373059887917,-0.2393047492207872,0.06601488262494694,0.27403753057103397,0.24691090334606178,0.5466533226349978,0.46496835283355087,alta
-0.9848903171874382,-0.5052993229265984,-0.2946750918051483,0.7635401145178748,-0.8546577968557721,-0.18918355684855256,-0.30233977016657104,0.19091416236906325,1.3997929460254077,-0.8390764104615033,-0.040275579015022815,0.46496835283355087,media-alta
1.209843656479597,0.4857615932304222,1.626272099231162,1.9727712239198807,-0.4682997055363504,1.8566460990071854,0.916337301451916,1.6776184922268575,-0.8517178848833398,0.24691090334606178,-1.018490415098391,0.46496835283355087,media-baja
-0.32647012508732776,0.9431743237644317,0.528587990067556,-0.042613958416795765,-0.1923296403081921,1.0383142366648903,1.651745879152727,-0.2361607941754225,-1.001818606943923,1.2423992743363292,0.05754590459331366,0.46496835283355087,baja
0.44168676569613513,-0.8864765983716062,0.894482693122091,-0.9673201009006824,-0.026747601171296913,-0.32557220057226843,0.1809287237511049,-1.2313260231045902,-0.17626463561071615,0.06591301771146751,0.6444748062433342,0.46496835283355087,media-baja
1.8682638485797094,-0.9627120534606078,-0.11172774027788097,-0.06632437232663893,-1.241015888175194,0.21998237432259504,-0.05019968638343576,-0.7921640394881004,-2.052523661368007,-0.38658169637501816,0.7422962898516707,0.46496835283355087,media-baja
-0.9848903171874382,-0.12412204748159057,0.07121961124938686,-0.8487680313514662,-1.0202398359926674,-0.0527949131248367,0.15991705010251028,-1.3239932306567257,0.4991886136619074,-0.9295753532788005,0.7422962898516707,0.46496835283355087,alta
0.2222133683294313,-1.2676538738166143,0.8030090173584576,-0.7776367896219364,-0.026747601171296913,-0.4619608442959843,-0.6385265485440846,-0.47790133561572695,-0.551516440762173,-0.5675795820096119,0.05754590459331366,0.46496835283355087,media-baja
-0.32647012508732776,1.857999784832451,-0.8435171463869515,-0.825057617441623,1.2979087119238633,-1.0757097410527057,-2.067320356648518,-0.002478270783135603,1.3997929460254077,2.7808813022303784,0.7422962898516707,-2.1506840065693225,media-alta
-0.10699672772062392,-1.2676538738166143,-0.2032014160415149,2.636662813395491,0.4148045031937566,0.9701199148030323,-0.2603164228693818,1.3754428154264882,-0.47646607973188293,-1.2915711245479884,-0.7250259642733816,0.46496835283355087,media-alta
0.7708968617461903,1.629293419565446,0.16269328701302077,-0.6827951339825634,1.6290727901976536,-0.4619608442959843,0.4540804811828347,0.8718166874259022,0.6492893357224908,0.7899045602498436,-0.9206689314900546,-2.1506840065693225,media-baja
-0.21673342640397533,-0.9627120534606078,0.16269328701302077,-0.8724784452613094,-0.6338817446732457,-0.2573778787104105,-0.5124565066525171,-1.847764403777333,-0.926768245913633,-0.4770806391923148,1.8183326095433772,0.46496835283355087,alta
-0.8751536185040868,-0.6577702331046015,-0.11172774027788097,-0.825057617441623,-0.9650458229470357,-1.0075154191908477,-0.6595382221926793,-1.5254436818569421,0.4991886136619074,-1.0200742960960971,1.329225191501693,0.46496835283355087,media-alta
-1.4238371119208457,-0.27659295765959346,-0.38614876756878225,-0.6353743061628769,0.19402845101122965,-0.0527949131248367,0.70622056496597,-1.2031229599365958,2.375447639419198,-0.8390764104615033,1.9161540931517136,0.46496835283355087,media-baja
0.11247666964607989,-0.5815347780156,-0.38614876756878225,-0.919899273080996,-0.6890757577188773,0.015399408737021234,-0.008176339086246558,-0.6793517868159434,-0.47646607973188293,-0.4770806391923148,-0.1380970626233593,0.46496835283355087,media-alta
-0.5459435224540315,-0.20035750257059223,-0.020254064514247064,-0.3271389253349147,-1.296209901220826,0.5609539836318848,-0.5544798539497062,-1.626168907457095,0.19898716954074397,0.7899045602498436,2.1117970603683864,0.46496835283355087,alta
0.44168676569613513,2.3916479704554616,-0.38614876756878225,-0.7776367896219364,1.7946548293345488,-0.9393210973289898,-0.6595382221926793,0.7146853354897156,0.34908789160132403,0.6089066746152493,-0.6272044806650434,-2.1506840065693225,media-alta
0.44168676569613513,2.2391770602774583,-0.47762244333241616,-0.8013472035317797,1.2427146988782314,-0.4619608442959843,-0.722573243138463,0.6985692993936803,0.6492893357224908,0.15641196052876463,-0.6272044806650434,-2.1506840065693225,media-baja
-0.21673342640397533,0.10458431778541437,-0.47762244333241616,-0.06632437232663893,-1.296209901220826,1.0383142366648903,0.43306880753424015,-0.8002220575361181,0.27403753057103397,-0.7485774676442062,0.7422962898516707,0.46496835283355087,alta
-0.32647012508732776,-0.7340056881936031,0.07121961124938686,0.1470693528619504,0.19402845101122965,0.6291483054937427,0.6221738703715916,-0.2361607941754225,-0.1012142745804228,0.5184077317979522,0.3510103554183248,0.46496835283355087,media-alta
1.1001069577962457,-0.8864765983716062,1.626272099231162,1.5459837735427022,-0.13713562726256037,1.0383142366648903,1.8828742892872679,0.9725419130260105,-0.926768245913633,-0.4770806391923148,-0.43156151344837046,0.46496835283355087,alta
0.5514234643794865,2.3916479704554616,-2.5815169858959943,-0.7776367896219364,1.6290727901976536,-0.2573778787104105,-1.6680985573252203,0.5615829925775152,1.6999943901465744,1.1519003315190322,0.4488318390266613,-2.1506840065693225,media-alta
0.7708968617461903,1.857999784832451,-1.117938173677853,-0.7776367896219364,1.6842668032432853,-0.9393210973289898,-0.30233977016657104,0.730801371585706,0.7993900577830741,0.24691090334606178,-0.9206689314900546,-2.1506840065693225,media-baja
0.5514234643794865,1.2481161441204378,0.528587990067556,-0.9673201009006824,-0.9098518099014039,-1.757652959671285,-1.3739351262448958,-0.735757913152022,-1.2269696900348,0.24691090334606178,-0.040275579015022815,0.46496835283355087,baja
0.661160163062839,-0.20035750257059223,-0.2032014160415149,-0.11374520014632547,0.5251925292850197,-0.2573778787104105,0.70622056496597,0.5374089384335071,2.0752461952980346,0.6994056174325465,-0.1380970626233593,0.46496835283355087,media-alta
-0.655680221137383,-0.8102411432826048,0.3456406385402881,0.09964852504226386,-0.41310569249071905,1.1065085585267482,1.5676991845583488,-0.18781268588736158,0.19898716954074397,-0.11508486792312675,-0.333740029840034,0.46496835283355087,media-alta
-0.21673342640397533,0.028348862696412718,-0.47762244333241616,0.7161192866981885,0.1388344379655979,0.08359373059887917,1.2105007325322406,0.8516716423058807,0.27403753057103397,-0.024585925105829624,-1.2141333823150657,0.46496835283355087,media-alta
0.3319500670127837,-1.1914184187276127,0.07121961124938686,-0.919899273080996,0.8011625945131784,-0.5301551661578422,0.3700337865884563,-1.2272970140806039,-1.1519193290045064,-0.38658169637501816,0.9379392570683454,0.46496835283355087,media-alta
0.3319500670127837,-0.27659295765959346,-0.5690961190960501,1.5696941874525454,0.1388344379655979,-0.39376652243412635,0.5381271757772131,1.2948626349464016,-0.8517178848833398,0.9709024458844379,-1.2141333823150657,0.46496835283355087,media-baja
-0.21673342640397533,-0.12412204748159057,-0.9349908221505855,2.4706899160265885,0.30441647710249314,1.242897202250464,0.7692555859117538,1.5648062395547007,-0.7766675238530497,-0.296082753557721,-1.4097763495317386,0.46496835283355087,media-baja
0.0027399709627274923,-0.20035750257059223,0.2541669627766547,0.597567217148972,-0.7994637838101408,1.242897202250464,0.11789370280532106,-0.16766764076733995,-0.026163913550132773,-1.0200742960960971,0.2531888718099866,0.46496835283355087,media-alta
-0.5459435224540315,-0.5052993229265984,0.07121961124938686,0.07593811113242048,-0.6338817446732457,-1.0757097410527057,-1.1428067161103552,-1.1104557523844603,-1.9024229393074235,0.06591301771146751,0.6444748062433342,0.46496835283355087,media-alta
2.0877372459464123,-1.115182963638611,1.626272099231162,-1.014740928720369,-0.6338817446732457,1.0383142366648903,0.1809287237511049,-0.5584815160958135,-0.926768245913633,-0.024585925105829624,0.05754590459331366,0.46496835283355087,alta
0.0027399709627274923,-0.5815347780156,0.2541669627766547,-0.9673201009006824,-0.3027176663994556,-1.6894586378094272,0.2019403973996995,-1.2353550321286213,-0.40141571870158954,-0.4770806391923148,0.7422962898516707,0.46496835283355087,baja
-1.5335738106041972,-0.6577702331046015,-0.5690961190960501,0.633132838013737,-0.4682997055363504,-1.0075154191908477,-0.30233977016657104,0.19091416236906325,1.6999943901465744,0.8804035030671407,-0.1380970626233593,0.46496835283355087,media-alta
0.2222133683294313,-0.42906386783759676,1.626272099231162,-0.06632437232663893,-1.241015888175194,0.08359373059887917,-0.3233514438151656,-0.3167409746555091,0.19898716954074397,0.24691090334606178,0.3510103554183248,0.46496835283355087,media-alta
-0.5459435224540315,-1.1914184187276127,-0.11172774027788097,-0.8724784452613094,-0.9098518099014039,-1.0757097410527057,-0.9326899796244091,-0.9613824184962912,1.2496922239648243,-0.6580785248269091,0.7422962898516707,0.46496835283355087,media-alta
1.209843656479597,1.400587054298441,0.3456406385402881,-0.5642430644333472,1.4634907510607584,-0.6665438098815581,0.09688202915672646,1.2948626349464016,0.12393680851045061,0.9709024458844379,-1.018490415098391,-2.1506840065693225,media-baja
-1.6433105092875497,0.5619970483194239,-0.6605697948596839,-0.13745561405616863,-0.9098518099014039,-0.2573778787104105,-0.9537016532730037,-1.5254436818569421,0.4991886136619074,-1.3820700673652857,2.209618543976723,0.46496835283355087,media-baja
-0.5459435224540315,-0.8102411432826048,0.2541669627766547,0.07593811113242048,-0.24752365335382384,-0.0527949131248367,0.3700337865884563,-0.5625105251198,0.048886447480160584,-1.2010721817306913,0.5466533226349978,0.46496835283355087,media-baja
-1.0946270158707905,-0.047886592392588925,0.2541669627766547,-0.5879534783431904,-0.4682997055363504,1.9589375817999723,0.8322906068575376,-1.045991608000409,0.42413825263161736,-0.38658169637501816,0.3510103554183248,0.46496835283355087,media-alta
0.0027399709627274923,1.095645233942435,-1.5753065524960221,-0.5879534783431904,1.4082967380151268,-1.0757097410527057,-1.794168599216788,0.7469174076817412,1.099591501904241,-0.2055838107404239,0.2531888718099866,-2.1506840065693225,media-baja
0.5514234643794865,2.31541251536646,0.07121961124938686,-0.7302159618022499,1.7394608162889171,-1.6212643159475693,-1.4369701471906797,0.8919617325459239,1.099591501904241,0.06591301771146751,-1.018490415098391,-2.1506840065693225,media-baja
0.11247666964607989,0.028348862696412718,1.4433247477038942,-0.042613958416795765,-0.35791167944508734,-0.802932453605274,-1.205841737056139,-1.3642833208967688,-1.3770704120953832,-0.9295753532788005,2.1117970603683864,0.46496835283355087,baja
-1.204363714554142,-0.3528284127485951,0.07121961124938686,-0.3982701670644444,-0.8546577968557721,0.3563710180463109,0.2229520710482941,-0.9009472831362263,0.12393680851045061,-0.4770806391923148,0.3510103554183248,0.46496835283355087,media-alta
-0.5459435224540315,0.4095261381414205,1.4433247477038942,0.28933183632100984,0.5803865423306515,-0.5301551661578422,0.5801505230744024,0.40848064966531494,-0.551516440762173,-0.5675795820096119,-0.822847447881718,0.46496835283355087,media-alta
-0.10699672772062392,-1.115182963638611,0.437114314303922,0.26562142241116665,0.24922246405686138,0.7655369492174585,0.012835334562348047,-0.4859593536637446,-0.7766675238530497,-0.11508486792312675,0.5466533226349978,0.46496835283355087,alta
-1.204363714554142,0.10458431778541437,0.07121961124938686,1.806798326550978,0.19402845101122965,-1.6894586378094272,-0.197281401923598,0.5374089384335071,0.6492893357224908,0.42790878898065604,1.0357607406766818,-2.1506840065693225,baja
-0.43620682377067915,-0.42906386783759676,-0.47762244333241616,-0.27971809751522825,1.2427146988782314,0.3563710180463109,1.6727575528013219,0.48906083014544627,0.6492893357224908,1.4233971599709234,-0.9206689314900546,0.46496835283355087,media-baja
-0.655680221137383,-1.0389475085496094,-0.020254064514247064,-0.8487680313514662,-0.35791167944508734,-0.0527949131248367,0.09688202915672646,-0.6390616965759002,2.0752461952980346,-0.11508486792312675,-0.2359185462316975,0.46496835283355087,alta
-0.7654169198207343,-0.5052993229265984,0.894482693122091,0.7872505284277179,-0.4682997055363504,1.7884517771453274,1.0634190169920783,0.8516716423058807,-1.6022214951862566,-0.6580785248269091,-1.3119548659234022,0.46496835283355087,media-baja
-0.43620682377067915,-1.115182963638611,-0.38614876756878225,-0.919899273080996,-1.0202398359926674,0.5609539836318848,0.5591388494258077,-0.7438159312000395,1.3997929460254077,0.06591301771146751,0.05754590459331366,0.46496835283355087,media-baja
1.8682638485797094,2.8109429734449707,-0.47762244333241616,-0.8724784452613094,2.0706248945627066,-1.0075154191908477,-2.0883320302971122,1.028948039362089,0.7993900577830741,-0.38658169637501816,-1.018490415098391,-2.1506840065693225,media-baja
0.0027399709627274923,-0.6577702331046015,-0.7520434706233177,-0.4219805809742877,-0.6890757577188773,-0.5301551661578422,-0.2182930755721926,-1.1346298065285132,-1.2269696900348,-1.2915711245479884,0.905332099126283,0.46496835283355087,media-alta
1.1001069577962457,-0.27659295765959346,0.2541669627766547,-0.9436096869908392,-0.8546577968557721,-1.3484870285001374,0.07587035550813186,-0.8324541297281437,-0.551516440762173,-0.11508486792312675,-0.6272044806650434,0.46496835283355087,media-alta
0.7708968617461903,-0.7340056881936031,-0.47762244333241616,0.882092184067091,-0.1923296403081921,0.4927596617700268,0.2019403973996995,1.053122093506097,0.27403753057103397,0.15641196052876463,-0.2359185462316975,0.46496835283355087,media-alta
-0.32647012508732776,1.9342352399214517,-0.2032014160415149,-0.7302159618022499,-0.5786877316276139,-1.0757097410527057,-0.9537016532730037,-0.2361607941754225,0.7993900577830741,2.0568897596920026,-0.2359185462316975,0.46496835283355087,media-baja
-0.5459435224540315,-0.12412204748159057,1.2603773961766267,0.6449880449686586,-0.6890757577188773,1.5838688115597537,1.6307342055041325,0.48906083014544627,-0.2513149966410062,-0.296082753557721,-0.9206689314900546,0.46496835283355087,media-baja
1.8682638485797094,-0.5815347780156,0.3456406385402881,-0.8487680313514662,0.24922246405686138,-1.2120983847764215,-2.004285335702734,-0.179754667839344,-0.551516440762173,0.6994056174325465,0.8401177734600089,-2.1506840065693225,alta
-0.7654169198207343,-1.115182963638611,0.2541669627766547,-0.8961888591711527,2.2362069336996018,0.7655369492174585,0.26497541834548327,-0.2361607941754225,0.27403753057103397,-0.2055838107404239,-0.822847447881718,0.46496835283355087,alta
1.6487904512130047,-0.39094614029309593,0.437114314303922,-0.9673201009006824,-0.9098518099014039,-1.0757097410527057,-0.8906666323272199,-1.243413050176639,-1.9774733003377134,-1.3820700673652857,0.9379392570683454,0.46496835283355087,alta
-0.21673342640397533,-1.2676538738166143,-0.2032014160415149,-0.7065055478924067,-0.9650458229470357,-1.1439040629145636,-0.8486432850300307,-1.2353550321286213,-0.8517178848833398,0.6089066746152493,0.7422962898516707,0.46496835283355087,alta
0.2222133683294313,-0.5815347780156,0.894482693122091,1.9727712239198807,-0.026747601171296913,0.6973426273556006,1.1684773852350512,1.7783437178269659,1.1746418629345343,-0.7485774676442062,-0.7250259642733816,0.46496835283355087,media-baja
0.5514234643794865,-0.12412204748159057,0.985956368885725,-0.7776367896219364,0.08364042491996618,-1.6894586378094272,-2.067320356648518,0.7710914618257493,1.6999943901465744,2.7808813022303784,1.4270466751100295,-2.1506840065693225,media-alta
-0.7654169198207343,-0.5815347780156,-0.2946750918051483,1.4748525318131722,-0.026747601171296913,0.21998237432259504,0.8533022805061322,1.0128320032660538,0.7243396967527841,-0.5675795820096119,-0.9206689314900546,0.46496835283355087,media-baja
0.661160163062839,-0.12412204748159057,0.07121961124938686,-0.8724784452613094,-0.7442697707645091,-0.5301551661578422,0.03384700821094265,-1.0016725087363345,-2.1275740223982966,-1.6535668958171765,0.5466533226349978,0.46496835283355087,media-alta
-0.10699672772062392,1.095645233942435,-1.0264644979142192,2.707794055125021,-0.24752365335382384,1.311091524112322,1.2945474271266189,1.8508658802590348,-1.001818606943923,0.42790878898065604,-1.018490415098391,0.46496835283355087,media-baja
-0.9848903171874382,-0.8102411432826048,-0.2032014160415149,-0.8724784452613094,-0.6338817446732457,-0.4619608442959843,-0.6385265485440846,-1.3078771945606904,0.42413825263161736,-0.11508486792312675,0.7422962898516707,0.46496835283355087,media-alta
-0.7654169198207343,0.4857615932304222,-0.6605697948596839,0.4553047336899126,-0.1923296403081921,0.6973426273556006,0.601162196722997,0.6663372272016547,-0.7766675238530497,0.7899045602498436,-1.2141333823150657,0.46496835283355087,media-baja
-0.32647012508732776,0.25705522796341723,0.07121961124938686,-0.6827951339825634,-0.13713562726256037,0.28817669618445296,-0.40739813840954403,-1.3239932306567257,0.4991886136619074,-0.4770806391923148,1.524868158718366,0.46496835283355087,alta
0.44168676569613513,-0.9627120534606078,0.2541669627766547,-0.6353743061628769,-0.7442697707645091,0.1517880524607371,0.05485868185953725,-0.8405121477761613,-0.8517178848833398,-0.2055838107404239,0.6444748062433342,0.46496835283355087,alta
-0.32647012508732776,0.25705522796341723,1.9921668022856975,1.1429067370753667,0.1388344379655979,0.42456533990816886,0.601162196722997,0.7710914618257493,-1.0768689679742165,-1.0200742960960971,-1.018490415098391,0.46496835283355087,media-baja
-1.3141004132374934,-0.42906386783759676,-0.9349908221505855,1.7119566709116047,-0.9098518099014039,0.3563710180463109,0.6221738703715916,1.1337022739861837,0.4991886136619074,-0.7485774676442062,-0.9206689314900546,0.46496835283355087,media-alta
-0.5459435224540315,-0.3528284127485951,0.16269328701302077,-0.919899273080996,-0.4682997055363504,-0.4619608442959843,1.2735357534780243,-0.9009472831362263,0.5742389746922008,-0.4770806391923148,0.2531888718099866,0.46496835283355087,media-baja
-0.9848903171874382,0.028348862696412718,-1.3923592009687547,0.40788390587022605,-0.3027176663994556,-0.0527949131248367,0.2859870919940779,0.20703019846509846,-0.2513149966410062,-0.38658169637501816,-0.822847447881718,0.46496835283355087,media-alta
-0.21673342640397533,-0.8102411432826048,1.626272099231162,-0.919899273080996,-0.5234937185819821,-1.0757097410527057,0.8743139541547268,-0.6793517868159434,0.27403753057103397,1.061401388701735,0.5466533226349978,0.46496835283355087,media-baja
1.209843656479597,-0.27659295765959346,2.632482532631134,-0.540532650523504,2.953729103292814,-1.4166813503619953,-2.109343703945707,1.568835248578687,1.3247425849951178,1.5138961027882205,0.15536738820165014,-2.1506840065693225,media-baja
-0.32647012508732776,-0.6577702331046015,0.985956368885725,0.5027255615095991,-0.35791167944508734,1.7202574552834695,1.399605795369592,0.5696410106255329,0.048886447480160584,-0.296082753557721,-1.1163118987067275,0.46496835283355087,media-alta
0.3319500670127837,0.10458431778541437,-0.47762244333241616,2.4469795021167458,-0.08194161421692865,2.470394995763907,1.8408509419900787,1.8871269614750916,-1.1519193290045064,1.5138961027882205,-0.9206689314900546,0.46496835283355087,media-baja
-1.0946270158707905,-0.3528284127485951,0.07121961124938686,-0.9910305148105255,-0.9098518099014039,-0.4619608442959843,-0.2603164228693818,-1.847764403777333,1.099591501904241,-1.0200742960960971,2.0139755767600502,0.46496835283355087,media-alta
0.5514234643794865,-0.6577702331046015,0.2541669627766547,-0.8724784452613094,-0.41310569249071905,-0.4619608442959843,0.13890537645391568,-0.538336470975792,-0.7016171628227563,1.6948939884228138,-0.040275579015022815,0.46496835283355087,media-baja
-1.3141004132374934,-0.6577702331046015,-0.6605697948596839,-0.8724784452613094,-0.7442697707645091,0.08359373059887917,-0.1552580546264088,-1.4609795374728907,-0.026163913550132773,-0.024585925105829624,0.9379392570683454,0.46496835283355087,media-alta
1.8682638485797094,1.5530579644764444,0.2541669627766547,-0.6116638922530336,2.015430881517075,-0.4619608442959843,-0.008176339086246558,1.5366031763866614,0.34908789160132403,0.8804035030671407,-0.9206689314900546,-2.1506840065693225,media-baja
-0.9848903171874382,-0.5052993229265984,-0.5690961190960501,-0.919899273080996,-1.130627862083931,0.28817669618445296,-0.3653747911123548,-1.2837031404166823,0.6492893357224908,-0.6580785248269091,0.6444748062433342,0.46496835283355087,alta
-0.5459435224540315,0.5619970483194239,1.626272099231162,-0.8487680313514662,1.077132659741337,-0.5301551661578422,0.5591388494258077,-0.8808022380162046,-0.7016171628227563,-0.11508486792312675,1.0357607406766818,-2.1506840065693225,media-alta
3.4045776301466333,0.7144679584974267,1.077430044649359,-0.7302159618022499,3.2848931815666043,-1.3484870285001374,-1.794168599216788,1.165934346178254,-0.40141571870158954,1.4233971599709234,0.3510103554183248,-2.1506840065693225,media-baja
-0.7654169198207343,-0.047886592392588925,1.7177457749947957,0.12335893895210702,-0.6890757577188773,0.7655369492174585,-0.2393047492207872,-1.005701517760321,-0.2513149966410062,0.15641196052876463,1.4270466751100295,0.46496835283355087,alta
-0.32647012508732776,1.400587054298441,-1.849727579786924,-0.8961888591711527,1.353102724969495,-1.0075154191908477,-1.5420285154336526,0.4286256947853366,1.099591501904241,2.5093844737784883,-0.9206689314900546,-2.1506840065693225,media-baja
0.2222133683294313,0.180819772874416,0.7115353415948238,-0.01890354450695239,-0.5786877316276139,0.9701199148030323,0.8533022805061322,-0.7599319672960301,0.6492893357224908,-0.38658169637501816,1.9161540931517136,0.46496835283355087,media-alta
-0.7654169198207343,-1.2676538738166143,0.8030090173584576,-0.9436096869908392,0.1388344379655979,2.061229064592759,0.49610382848002393,-1.315935212608708,-0.32636535767129954,1.5138961027882205,0.5466533226349978,0.46496835283355087,media-alta
0.11247666964607989,-0.8864765983716062,-0.8435171463869515,-0.8724784452613094,-0.35791167944508734,-0.9393210973289898,-0.44942148570673324,0.13047902700899833,1.1746418629345343,0.15641196052876463,-0.43156151344837046,0.46496835283355087,media-baja
0.2222133683294313,1.0194097788534333,0.437114314303922,0.1470693528619504,1.2979087119238633,-1.2802927066382794,-0.7435849167870577,1.3754428154264882,0.8744404188133675,2.8713802450476757,0.05754590459331366,-2.1506840065693225,media-baja
1.209843656479597,-0.20035750257059223,1.626272099231162,-1.014740928720369,-0.35791167944508734,-0.12098923498669463,-0.09222303368062497,-0.6390616965759002,0.19898716954074397,-1.3820700673652857,0.4488318390266613,0.46496835283355087,baja
1.5390537525296533,-0.6577702331046015,0.2541669627766547,-0.9436096869908392,-0.8546577968557721,1.5838688115597537,-0.2603164228693818,-1.058078635072413,-1.0768689679742165,0.3374098461633589,0.5466533226349978,0.46496835283355087,alta
1.209843656479597,2.2391770602774583,1.2603773961766267,0.02851728331273415,-1.130627862083931,-1.0757097410527057,-0.09222303368062497,0.40848064966531494,-0.551516440762173,-1.5630679529998794,-0.822847447881718,0.46496835283355087,media-baja
-0.7654169198207343,-0.27659295765959346,-0.2946750918051483,-0.540532650523504,-0.5786877316276139,-0.802932453605274,-0.5124565066525171,-0.8969182741121952,0.27403753057103397,-0.38658169637501816,0.6444748062433342,0.46496835283355087,media-alta
-0.7654169198207343,-0.42906386783759676,-0.47762244333241616,-0.9910305148105255,0.08364042491996618,-0.5983494880197001,1.126454037937862,-0.5423654799997784,-0.926768245913633,0.24691090334606178,-1.1163118987067275,0.46496835283355087,media-baja
0.44168676569613513,1.4768225093874428,-2.672990661659628,-0.8487680313514662,1.8498488423801807,-1.2120983847764215,-1.9202386411083556,0.40042263161734204,1.099591501904241,0.24691090334606178,0.05754590459331366,-2.1506840065693225,media-alta
0.0027399709627274923,0.180819772874416,-1.4838328767323885,-0.9673201009006824,0.1388344379655979,2.061229064592759,1.2735357534780243,-0.3167409746555091,-0.926768245913633,-0.7485774676442062,-1.2141333823150657,0.46496835283355087,media-baja
-1.0946270158707905,1.7817643297434493,-1.4838328767323885,1.0717754953458372,-1.075433849038299,-0.802932453605274,0.05485868185953725,0.5293509203854896,1.099591501904241,-0.38658169637501816,-0.2359185462316975,0.46496835283355087,media-alta
-0.43620682377067915,0.7144679584974267,-0.38614876756878225,-0.6353743061628769,-0.9650458229470357,-0.39376652243412635,-0.7856082640842469,-1.4206894472328473,-1.2269696900348,-1.5630679529998794,1.2314037078933548,0.46496835283355087,media-alta
-0.21673342640397533,-0.20035750257059223,0.894482693122091,0.597567217148972,-0.24752365335382384,1.4474801678360378,1.0213956696948892,0.3963936225933109,-0.7016171628227563,-0.024585925105829624,-0.822847447881718,0.46496835283355087,media-baja
-0.655680221137383,-0.27659295765959346,0.2541669627766547,-0.3982701670644444,-0.5786877316276139,-0.12098923498669463,-0.029188012734841163,-1.3199642216326943,0.4991886136619074,-0.296082753557721,1.6226896423267025,0.46496835283355087,alta
1.3195803551629504,0.86693886867543,-0.11172774027788097,-0.44569099488413094,1.573878777152022,-1.6212643159475693,-1.8572036201625717,1.407674887618514,1.099591501904241,0.8804035030671407,0.05754590459331366,-2.1506840065693225,media-baja
0.0027399709627274923,-0.42906386783759676,-1.117938173677853,0.6924088727883448,0.02844641187433444,1.5156744896978958,1.3575824480724028,0.6502211911056194,-0.40141571870158954,0.06591301771146751,-0.7250259642733816,0.46496835283355087,media-baja
-0.655680221137383,0.86693886867543,-0.2946750918051483,1.4155764970385643,-1.0202398359926674,0.015399408737021234,-0.7435849167870577,-0.8808022380162046,-1.4521207731256733,-1.2010721817306913,1.9161540931517136,0.46496835283355087,media-alta
-0.32647012508732776,-1.115182963638611,0.437114314303922,-0.919899273080996,-0.7994637838101408,0.4927596617700268,-0.30233977016657104,-1.7430101691531936,-0.17626463561071615,1.3328982171536263,1.524868158718366,0.46496835283355087,media-alta
-0.655680221137383,0.10458431778541437,0.6200616658311898,-0.6590847200727202,-0.1923296403081921,-0.0527949131248367,0.5381271757772131,-1.9122285481614292,-0.32636535767129954,-0.7485774676442062,2.209618543976723,0.46496835283355087,media-alta
-0.43620682377067915,-0.3528284127485951,0.16269328701302077,-0.3982701670644444,-0.9098518099014039,-1.4848756722238534,-1.6260752100280311,-1.1870069238405605,-1.001818606943923,-1.0200742960960971,0.05754590459331366,0.46496835283355087,media-alta
-0.21673342640397533,0.4857615932304222,-0.2032014160415149,1.9846264308748025,-0.13713562726256037,1.4474801678360378,1.399605795369592,1.3915588515224786,-1.6022214951862566,0.7899045602498436,-0.9206689314900546,0.46496835283355087,media-alta
0.2222133683294313,1.2481161441204378,0.07121961124938686,-0.7539263757120932,0.6355805553762831,0.015399408737021234,-1.4369701471906797,1.165934346178254,0.6492893357224908,1.2423992743363292,-0.43156151344837046,-2.1506840065693225,alta
-1.5335738106041972,-0.7340056881936031,-0.8435171463869515,2.695938848170099,-0.35791167944508734,0.5609539836318848,-0.2603164228693818,1.6776184922268575,0.19898716954074397,-0.296082753557721,-1.4097763495317386,0.46496835283355087,media-alta
0.5514234643794865,-0.6577702331046015,-0.2032014160415149,0.7872505284277179,0.1388344379655979,2.3340063520401912,0.49610382848002393,0.7710914618257493,-0.7766675238530497,-1.7440658386344736,-0.6272044806650434,0.46496835283355087,media-alta
0.7708968617461903,0.5619970483194239,0.985956368885725,-0.7776367896219364,1.9602368684714433,-1.4848756722238534,-2.1303553775943014,0.3520745233292812,1.3247425849951178,1.3328982171536263,1.1335822242850184,-2.1506840065693225,media-alta
0.3319500670127837,-0.9627120534606078,-0.11172774027788097,-0.919899273080996,0.35961049014812485,0.1517880524607371,0.26497541834548327,-0.5584815160958135,-0.7016171628227563,-0.11508486792312675,-0.822847447881718,0.46496835283355087,media-alta
-0.10699672772062392,-0.6577702331046015,-0.47762244333241616,0.4553047336899126,-0.5234937185819821,-0.6665438098815581,-0.6805498958412739,0.2835813699211986,0.048886447480160584,0.3374098461633589,-0.9206689314900546,0.46496835283355087,media-alta
1.209843656479597,-0.3528284127485951,0.7115353415948238,0.597567217148972,-0.6338817446732457,1.242897202250464,1.7988275946928893,1.2948626349464016,0.7243396967527841,-0.024585925105829624,-0.9206689314900546,0.46496835283355087,media-alta
-1.4238371119208457,-0.3528284127485951,-1.0264644979142192,2.292861811702764,-0.35791167944508734,-0.5983494880197001,1.189489058883646,0.730801371585706,1.1746418629345343,-1.2915711245479884,-0.2359185462316975,0.46496835283355087,media-baja
-0.7654169198207343,0.25705522796341723,1.8092194507584298,0.597567217148972,0.24922246405686138,1.5156744896978958,1.1474657115864566,0.25537830675315937,-0.7016171628227563,-0.5675795820096119,-0.822847447881718,0.46496835283355087,media-baja
-1.6433105092875497,-0.42906386783759676,-1.209411849441487,-0.919899273080996,-0.9098518099014039,-0.8711267754671319,0.26497541834548327,-1.0661366531204306,0.7993900577830741,-1.4725690101825828,-0.2359185462316975,0.46496835283355087,media-alta
0.0027399709627274923,-0.8102411432826048,0.07121961124938686,-0.7302159618022499,-0.7442697707645091,-0.18918355684855256,0.39104546023705095,-0.5584815160958135,-0.1012142745804228,0.5184077317979522,-0.43156151344837046,0.46496835283355087,alta
-1.204363714554142,-0.6577702331046015,0.2541669627766547,-0.9436096869908392,-1.4065979273120892,-0.5301551661578422,-0.2393047492207872,-1.9243155752334333,1.099591501904241,-1.2915711245479884,2.209618543976723,0.46496835283355087,media-alta
0.9903702591128941,-0.3528284127485951,-0.6605697948596839,-0.9673201009006824,-0.35791167944508734,-0.7347381317434161,-0.42840981205813866,-0.5987716063358569,0.4991886136619074,-0.8390764104615033,0.4488318390266613,0.46496835283355087,media-baja
0.0027399709627274923,-0.8864765983716062,-0.020254064514247064,0.5027255615095991,0.1388344379655979,0.08359373059887917,1.8618626156386733,0.5978440737935721,0.7243396967527841,0.6994056174325465,-0.040275579015022815,0.46496835283355087,media-alta
0.7708968617461903,-0.20035750257059223,-0.8435171463869515,1.0006442536163074,0.30441647710249314,0.9019255929411744,1.9038859629358624,1.113557228866162,-1.001818606943923,0.8804035030671407,-1.1163118987067275,0.46496835283355087,media-alta
2.0877372459464123,-0.5434170504710992,0.6200616658311898,0.1470693528619504,-0.3027176663994556,1.4474801678360378,0.7692555859117538,0.24732028870514175,-2.1275740223982966,-1.4725690101825828,-0.2359185462316975,0.46496835283355087,media-alta
0.3319500670127837,-0.047886592392588925,-0.47762244333241616,0.7872505284277179,-0.13713562726256037,1.1065085585267482,1.7568042473957002,0.8113815520657925,0.34908789160132403,-1.3820700673652857,-1.3119548659234022,0.46496835283355087,media-baja
-0.10699672772062392,-0.5815347780156,-0.11172774027788097,0.3367526641406964,-0.6338817446732457,0.42456533990816886,0.05485868185953725,-0.010536288831153208,-0.1012142745804228,-1.1105732389133942,-0.5293829970567069,0.46496835283355087,media-baja
0.7708968617461903,0.028348862696412718,0.16269328701302077,-0.6827951339825634,-0.7442697707645091,-0.8711267754671319,-0.44942148570673324,-1.2837031404166823,-0.026163913550132773,1.2423992743363292,1.2314037078933548,0.46496835283355087,alta
-0.10699672772062392,0.5619970483194239,-0.9349908221505855,1.285169220534426,2.622565025019024,-1.2120983847764215,-0.6595382221926793,0.8798747054738751,-1.3770704120953832,-0.38658169637501816,-1.1163118987067275,0.46496835283355087,media-baja
2.6364207393631713,1.9342352399214517,-0.38614876756878225,-0.7065055478924067,1.7394608162889171,-0.5301551661578422,0.4540804811828347,1.3835008334745058,0.42413825263161736,0.3374098461633589,-1.018490415098391,-2.1506840065693225,media-baja
-0.10699672772062392,-0.12412204748159057,-0.2946750918051483,-0.7302159618022499,-0.4682997055363504,-0.6665438098815581,1.1474657115864566,-1.0983687253124563,-0.1012142745804228,0.5184077317979522,0.9379392570683454,0.46496835283355087,media-baja
-0.5459435224540315,0.180819772874416,-0.2946750918051483,-0.9436096869908392,-0.8546577968557721,0.08359373059887917,-0.6805498958412739,-1.1225427794564644,-0.8517178848833398,-0.8390764104615033,0.2531888718099866,0.46496835283355087,media-alta
0.44168676569613513,0.6382325034084255,-1.75825390402329,-0.540532650523504,2.2914009467452336,-0.12098923498669463,-1.4579818208392743,0.9322518227859672,1.1746418629345343,1.6948939884228138,-0.1380970626233593,-2.1506840065693225,media-alta
-0.8751536185040868,-0.12412204748159057,1.534798423467528,-0.825057617441623,1.0219386466957052,-0.8711267754671319,-1.2898884316505175,0.6099311008655761,1.6999943901465744,2.418885530961191,-0.1380970626233593,-2.1506840065693225,media-alta
-0.21673342640397533,0.4857615932304222,-0.2032014160415149,1.9846264308748025,-0.13713562726256037,1.4474801678360378,1.399605795369592,1.3915588515224786,-1.6022214951862566,0.7899045602498436,-0.9206689314900546,0.46496835283355087,media-alta
-0.43620682377067915,-0.3528284127485951,-0.47762244333241616,-0.7065055478924067,-0.41310569249071905,2.061229064592759,1.2315124061808351,-0.179754667839344,1.7750447511768679,1.061401388701735,0.15536738820165014,0.46496835283355087,media-alta
-0.655680221137383,-0.20035750257059223,-0.020254064514247064,-0.8487680313514662,-0.8546577968557721,-0.4619608442959843,-0.9116783059758146,-1.5536467450249813,0.42413825263161736,1.6043950456055167,0.9379392570683454,0.46496835283355087,alta
-0.32647012508732776,-0.6577702331046015,-0.020254064514247064,-0.5879534783431904,-0.1923296403081921,0.6291483054937427,-0.008176339086246558,-1.2595290862726294,-1.1519193290045064,1.1519003315190322,0.4488318390266613,0.46496835283355087,alta
0.3319500670127837,-1.1914184187276127,-0.11172774027788097,-0.919899273080996,0.7459685814675466,0.21998237432259504,0.916337301451916,-1.2192389960325862,-0.7766675238530497,-0.8390764104615033,0.9705464150104078,0.46496835283355087,media-alta
-0.655680221137383,-0.20035750257059223,1.9921668022856975,-0.8487680313514662,-0.5786877316276139,0.6973426273556006,1.4626408163153757,-0.8808022380162046,0.34908789160132403,0.6994056174325465,-0.040275579015022815,0.46496835283355087,alta
-0.8751536185040868,-0.5815347780156,-0.2032014160415149,1.9964816378297234,-0.8546577968557721,1.5156744896978958,0.2439637446968887,0.5172638933134855,-0.32636535767129954,-1.2010721817306913,0.15536738820165014,0.46496835283355087,media-alta
1.3195803551629504,-0.8864765983716062,1.626272099231162,-0.8487680313514662,-0.6890757577188773,0.4927596617700268,0.9373489751005106,-0.1958707039353792,-1.2269696900348,-1.2915711245479884,-0.333740029840034,0.46496835283355087,media-alta
-0.32647012508732776,1.3243515992094395,-0.8435171463869515,-0.7065055478924067,1.132326672786968,-1.2120983847764215,-2.067320356648518,-0.002478270783135603,1.474843307055701,2.8713802450476757,0.8401177734600089,-2.1506840065693225,media-alta
-0.43620682377067915,-1.0389475085496094,-1.117938173677853,-0.13745561405616863,-0.24752365335382384,1.7884517771453274,0.811278933208943,0.08615992774496858,0.7993900577830741,1.3328982171536263,0.05754590459331366,0.46496835283355087,media-alta
-0.7654169198207343,-0.7340056881936031,1.626272099231162,0.5264359754194423,0.19402845101122965,0.7655369492174585,0.601162196722997,0.16674010822505517,0.42413825263161736,0.06591301771146751,-0.333740029840034,0.46496835283355087,media-alta
-0.10699672772062392,0.10458431778541437,-0.2946750918051483,0.09964852504226386,-0.9650458229470357,0.5609539836318848,1.714780900098511,-1.058078635072413,-0.32636535767129954,1.1519003315190322,2.0139755767600502,0.46496835283355087,media-alta
0.9903702591128941,-0.42906386783759676,0.437114314303922,-0.7776367896219364,0.19402845101122965,-0.0527949131248367,-0.029188012734841163,-0.9613824184962912,-0.926768245913633,1.8758918740574082,1.1335822242850184,0.46496835283355087,alta
0.3319500670127837,2.1629416051884567,-0.47762244333241616,0.4790151475997558,1.077132659741337,0.3563710180463109,-0.029188012734841163,1.5366031763866614,1.1746418629345343,-0.2055838107404239,-1.018490415098391,-2.1506840065693225,media-baja
0.11247666964607989,2.1629416051884567,-2.4900433101323607,-0.6590847200727202,1.4082967380151268,-0.8711267754671319,-0.722573243138463,1.2344274995862918,2.375447639419198,0.3374098461633589,-0.9206689314900546,-2.1506840065693225,media-baja
0.3319500670127837,-0.5815347780156,-0.2032014160415149,1.1429067370753667,-0.026747601171296913,-0.6665438098815581,-0.3653747911123548,0.730801371585706,-0.6265668017924663,-1.4725690101825828,-0.9206689314900546,0.46496835283355087,media-baja
-0.9848903171874382,0.5619970483194239,-0.6605697948596839,-0.11374520014632547,-0.7442697707645091,0.9701199148030323,0.3280104392912671,-1.0661366531204306,0.12393680851045061,-0.7485774676442062,0.7422962898516707,0.46496835283355087,alta
0.11247666964607989,-1.2676538738166143,0.7115353415948238,-0.825057617441623,-0.41310569249071905,-0.6665438098815581,0.7692555859117538,0.16674010822505517,2.300397278388908,-0.38658169637501816,-0.43156151344837046,0.46496835283355087,media-baja
0.8806335604295428,-0.20035750257059223,0.437114314303922,1.3800108761737993,-0.9650458229470357,0.8337312710793164,1.7988275946928893,1.0128320032660538,-0.551516440762173,-0.4770806391923148,-0.1380970626233593,0.46496835283355087,media-baja
-0.43620682377067915,-0.3528284127485951,-0.11172774027788097,2.0439024656494107,-1.1858218751295624,0.21998237432259504,0.1809287237511049,0.3681905594252716,1.099591501904241,-0.11508486792312675,1.524868158718366,0.46496835283355087,alta
0.11247666964607989,-0.8864765983716062,0.437114314303922,-0.6590847200727202,-1.241015888175194,-0.5983494880197001,0.7272322386145645,-0.2361607941754225,2.0001958342677413,-0.2055838107404239,0.15536738820165014,0.46496835283355087,media-alta
0.3319500670127837,0.7144679584974267,-0.6605697948596839,-0.825057617441623,0.85635660755881,-0.8711267754671319,-1.584051862730842,0.48906083014544627,1.1746418629345343,0.9709024458844379,-0.040275579015022815,-2.1506840065693225,media-baja
0.5514234643794865,2.6584720632669674,-1.9412012555505576,-0.8961888591711527,0.85635660755881,-0.2573778787104105,-1.415958473542085,0.8718166874259022,1.3247425849951178,-0.024585925105829624,-1.1163118987067275,-2.1506840065693225,media-baja
0.11247666964607989,-0.9627120534606078,-0.38614876756878225,1.4037212900836424,0.5803865423306515,1.0383142366648903,0.5591388494258077,1.3432107432344624,-1.6772718562165467,0.6994056174325465,-1.1163118987067275,0.46496835283355087,media-alta
-0.9848903171874382,-1.1914184187276127,1.4433247477038942,-0.919899273080996,-1.1858218751295624,-0.5301551661578422,-0.8696549586786253,-1.7671842232972466,0.34908789160132403,-0.8390764104615033,1.720511125935039,0.46496835283355087,media-alta
-0.10699672772062392,-0.6577702331046015,0.985956368885725,-0.042613958416795765,-0.4682997055363504,0.42456533990816886,0.4540804811828347,0.3198424511372107,2.1502965563283247,0.6994056174325465,-0.2359185462316975,0.46496835283355087,media-alta
-1.3141004132374934,-0.7340056881936031,-1.209411849441487,0.26562142241116665,-0.5234937185819821,-0.18918355684855256,-0.05019968638343576,-0.14349358662333186,0.42413825263161736,-0.11508486792312675,-0.5293829970567069,0.46496835283355087,media-baja
0.0027399709627274923,1.7817643297434493,-1.666780228259656,-0.8487680313514662,1.2427146988782314,-0.6665438098815581,0.8953256278033214,-0.1555806136953359,-1.82737257827713,0.6089066746152493,-1.2141333823150657,0.46496835283355087,media-alta
-1.204363714554142,0.10458431778541437,-0.47762244333241616,-0.042613958416795765,0.02844641187433444,-1.0075154191908477,-0.07121136003203037,-0.09111646931123979,-0.47646607973188293,-0.9295753532788005,-1.2141333823150657,0.46496835283355087,media-baja
3.075367534096579,0.6382325034084255,1.9921668022856975,0.3367526641406964,2.5673710119733926,-1.6894586378094272,-2.172378724891491,1.6977635373468791,0.42413825263161736,2.7808813022303784,1.2314037078933548,-2.1506840065693225,alta
0.7708968617461903,-0.20035750257059223,0.437114314303922,0.40788390587022605,-0.4682997055363504,0.4927596617700268,0.811278933208943,-0.11529052345529262,0.34908789160132403,-1.2915711245479884,0.7422962898516707,0.46496835283355087,alta
-1.6433105092875497,0.25705522796341723,0.528587990067556,-1.014740928720369,-0.6890757577188773,-1.6894586378094272,-1.0587600215159767,-1.68660404281716,1.1746418629345343,-1.5630679529998794,0.9379392570683454,0.46496835283355087,media-baja
-1.204363714554142,-0.20035750257059223,0.894482693122091,1.3088796344442697,-0.13713562726256037,1.6520631334216116,0.5591388494258077,-0.2764508844154658,-0.926768245913633,0.6994056174325465,0.5140461646929353,0.46496835283355087,alta
1.3195803551629504,1.7055288746544477,-0.6605697948596839,-0.44569099488413094,1.4082967380151268,-1.0075154191908477,-0.2182930755721926,1.2948626349464016,0.42413825263161736,0.8804035030671407,-1.018490415098391,-2.1506840065693225,media-baja
0.11247666964607989,-0.27659295765959346,2.0836404780493316,2.707794055125021,-0.3027176663994556,1.5838688115597537,1.6307342055041325,1.8589238983070524,-1.001818606943923,-0.2055838107404239,-0.9206689314900546,0.46496835283355087,media-alta
-0.32647012508732776,-0.27659295765959346,-0.2032014160415149,1.5696941874525454,0.08364042491996618,1.37928584597418,0.5591388494258077,0.4245966857613501,-1.4521207731256733,0.6089066746152493,-0.040275579015022815,0.46496835283355087,media-alta
-0.9848903171874382,-0.6577702331046015,0.6200616658311898,-0.8724784452613094,-0.35791167944508734,-1.2802927066382794,-0.197281401923598,-1.058078635072413,0.6492893357224908,1.9663908168747053,0.9379392570683454,0.46496835283355087,media-baja
0.11247666964607989,-0.5815347780156,0.437114314303922,-0.7776367896219364,-1.1858218751295624,-0.6665438098815581,-1.247865084353328,-1.4609795374728907,-0.6265668017924663,1.061401388701735,2.0139755767600502,0.46496835283355087,media-alta
0.2222133683294313,0.7144679584974267,-0.6605697948596839,0.3604630780505395,0.35961049014812485,0.6973426273556006,0.8533022805061322,0.20703019846509846,-0.1012142745804228,-0.9295753532788005,-0.5293829970567069,0.46496835283355087,media-alta
-0.7654169198207343,-0.42906386783759676,-0.9349908221505855,0.6924088727883448,-0.026747601171296913,1.37928584597418,1.2525240798294297,0.41653866771333253,0.12393680851045061,-0.296082753557721,-0.9206689314900546,0.46496835283355087,media-baja
0.0027399709627274923,-0.3528284127485951,-0.38614876756878225,1.2140379788048967,-0.5234937185819821,-0.32557220057226843,-0.1762697282750034,-0.41746620025566206,-1.30202005106509,0.06591301771146751,1.0357607406766818,0.46496835283355087,alta
-0.21673342640397533,0.4857615932304222,0.07121961124938686,0.7635401145178748,-0.35791167944508734,0.3563710180463109,0.6221738703715916,-0.47790133561572695,1.2496922239648243,-1.4725690101825828,1.524868158718366,0.46496835283355087,alta
-0.43620682377067915,-0.42906386783759676,1.626272099231162,0.6686984588785018,0.08364042491996618,1.1747028803886062,1.5676991845583488,0.4810028120974286,-0.17626463561071615,-0.296082753557721,-0.9206689314900546,0.46496835283355087,media-baja
-0.10699672772062392,1.095645233942435,0.7115353415948238,0.2182005945914801,-0.6338817446732457,1.0383142366648903,0.8533022805061322,-0.6390616965759002,-0.026163913550132773,-1.4725690101825828,1.720511125935039,0.46496835283355087,alta
-1.0946270158707905,-1.115182963638611,-0.38614876756878225,-0.8961888591711527,0.30441647710249314,0.9701199148030323,0.26497541834548327,-0.8002220575361181,-0.1012142745804228,-0.7485774676442062,-0.2359185462316975,0.46496835283355087,media-alta
-1.3141004132374934,-0.27659295765959346,-1.5753065524960221,0.7872505284277179,-1.0202398359926674,-0.0527949131248367,0.4120571338856455,0.41653866771333253,0.4991886136619074,-0.6580785248269091,-0.9206689314900546,0.46496835283355087,media-alta
1.1001069577962457,1.9723529674659526,-0.8435171463869515,-0.7539263757120932,1.4634907510607584,-1.2802927066382794,-1.205841737056139,0.9322518227859672,0.5742389746922008,-0.024585925105829624,-1.2141333823150657,-2.1506840065693225,media-baja
-1.204363714554142,0.028348862696412718,1.3518510719402608,-0.8961888591711527,-0.026747601171296913,1.7202574552834695,1.399605795369592,-0.5262494439037879,0.19898716954074397,-0.2055838107404239,-0.822847447881718,0.46496835283355087,media-baja
-0.10699672772062392,3.2683557039789797,-1.75825390402329,-0.825057617441623,3.505669233749131,-1.0757097410527057,-1.2268534107047335,0.6018730828175585,0.048886447480160584,0.6994056174325465,-0.9206689314900546,-2.1506840065693225,media-alta
-0.9848903171874382,2.3916479704554616,-0.020254064514247064,-0.8487680313514662,2.0706248945627066,-1.0757097410527057,-1.2268534107047335,1.0128320032660538,1.8500951122071578,2.5093844737784883,-1.1163118987067275,-2.1506840065693225,media-baja
1.209843656479597,-0.12412204748159057,1.1689037204129928,1.6882462570017616,-0.41310569249071905,1.4474801678360378,0.6641972176687808,0.05392785555289817,-1.30202005106509,-1.6535668958171765,1.524868158718366,0.46496835283355087,media-alta
-0.655680221137383,0.10458431778541437,-0.11172774027788097,-0.350849339244758,-0.7994637838101408,0.21998237432259504,-0.722573243138463,-1.6543719706250894,0.27403753057103397,1.061401388701735,2.0139755767600502,0.46496835283355087,alta
0.7708968617461903,2.1629416051884567,-0.47762244333241616,-0.7776367896219364,1.6290727901976536,0.015399408737021234,0.1809287237511049,0.7388593896337237,-0.026163913550132773,0.06591301771146751,-0.5293829970567069,-2.1506840065693225,media-baja
1.9780005472630608,1.2481161441204378,-0.6605697948596839,-0.5760982713882687,2.401788972836497,0.28817669618445296,-0.34436311746376025,1.5366031763866614,-0.8517178848833398,0.15641196052876463,-1.2141333823150657,-2.1506840065693225,media-baja
-0.21673342640397533,-0.5815347780156,0.2541669627766547,-0.13745561405616863,-0.5786877316276139,0.8337312710793164,0.811278933208943,-0.35703106489555236,-0.1012142745804228,0.6994056174325465,0.15536738820165014,0.46496835283355087,media-alta
-0.7654169198207343,-0.20035750257059223,-0.9349908221505855,1.0362098744810722,-0.5234937185819821,0.3563710180463109,-0.07121136003203037,-0.42149520927964845,-1.6772718562165467,-1.5630679529998794,0.4814389969687237,0.46496835283355087,media-alta
0.9903702591128941,-0.6577702331046015,-0.2946750918051483,-0.6116638922530336,-0.13713562726256037,1.242897202250464,0.8953256278033214,0.32790046918522836,0.34908789160132403,1.8758918740574082,-0.9206689314900546,0.46496835283355087,media-alta
-1.3141004132374934,-0.27659295765959346,-1.5753065524960221,0.7872505284277179,-1.0202398359926674,-0.0527949131248367,0.4120571338856455,0.41653866771333253,0.4991886136619074,-0.6580785248269091,-0.9206689314900546,0.46496835283355087,media-alta
0.2222133683294313,-0.5052993229265984,-0.2946750918051483,-0.8961888591711527,-0.41310569249071905,-0.802932453605274,-0.197281401923598,-0.4053791731836133,1.2496922239648243,0.42790878898065604,-0.333740029840034,0.46496835283355087,media-alta
0.0027399709627274923,0.4095261381414205,0.07121961124938686,-0.919899273080996,-0.7442697707645091,-0.2573778787104105,0.07587035550813186,-1.0419625989763779,-0.17626463561071615,0.9709024458844379,1.524868158718366,0.46496835283355087,media-baja
-0.32647012508732776,-0.5052993229265984,0.2541669627766547,2.0676128795592534,-1.0202398359926674,1.1065085585267482,0.2229520710482941,0.32790046918522836,1.1746418629345343,-0.11508486792312675,1.720511125935039,0.46496835283355087,alta
-0.655680221137383,0.7144679584974267,-0.8435171463869515,-0.11374520014632547,0.08364042491996618,1.242897202250464,0.4120571338856455,0.08615992774496858,-0.551516440762173,0.9709024458844379,-1.2141333823150657,0.46496835283355087,media-baja
0.44168676569613513,-0.3528284127485951,0.437114314303922,0.40788390587022605,-0.7994637838101408,0.9701199148030323,0.8743139541547268,-0.1958707039353792,-1.3770704120953832,-1.6535668958171765,0.5466533226349978,0.46496835283355087,media-baja
-0.32647012508732776,0.028348862696412718,-0.9349908221505855,-0.7302159618022499,-0.35791167944508734,-1.0757097410527057,-1.1428067161103552,-0.47790133561572695,-0.32636535767129954,-1.1105732389133942,-1.018490415098391,0.46496835283355087,media-alta
1.8682638485797094,0.180819772874416,0.16269328701302077,1.0480650814359935,-0.7994637838101408,1.0383142366648903,1.0424073433434837,0.8919617325459239,-1.001818606943923,-1.0200742960960971,-0.2359185462316975,0.46496835283355087,media-baja
-0.5459435224540315,0.3332906830524189,1.9006931265220637,1.1429067370753667,-0.026747601171296913,-0.12098923498669463,0.3700337865884563,0.7630334437777764,-1.0768689679742165,-1.0200742960960971,-1.018490415098391,0.46496835283355087,media-baja
1.209843656479597,-0.42906386783759676,0.2541669627766547,-0.6590847200727202,1.2427146988782314,-1.0075154191908477,-1.584051862730842,0.6260471369616113,1.3997929460254077,2.418885530961191,0.8401177734600089,-2.1506840065693225,alta
-0.655680221137383,-0.8864765983716062,0.3456406385402881,-0.3271389253349147,-0.5786877316276139,-0.2573778787104105,0.3700337865884563,-1.3562253028487512,-1.75232221724684,0.15641196052876463,1.329225191501693,0.46496835283355087,media-alta
-0.32647012508732776,0.5619970483194239,-0.020254064514247064,2.1505993282437053,-0.41310569249071905,-0.18918355684855256,0.8322906068575376,1.7783437178269659,-0.32636535767129954,0.24691090334606178,-1.3119548659234022,0.46496835283355087,media-baja
-1.0946270158707905,0.028348862696412718,0.16269328701302077,1.285169220534426,-0.7994637838101408,-0.2573778787104105,-0.5124565066525171,0.3319294782092595,0.9494907798436576,0.06591301771146751,-0.2359185462316975,0.46496835283355087,media-alta
-0.8751536185040868,-0.3528284127485951,-1.209411849441487,0.5738568032391288,-0.13713562726256037,0.9701199148030323,1.336570774423808,0.730801371585706,0.12393680851045061,-0.38658169637501816,-1.4097763495317386,0.46496835283355087,media-baja
0.5514234643794865,-0.6577702331046015,0.2541669627766547,-0.8724784452613094,-0.41310569249071905,-0.4619608442959843,0.13890537645391568,-0.538336470975792,-0.7016171628227563,1.6948939884228138,-0.040275579015022815,0.46496835283355087,media-baja
0.5514234643794865,0.4095261381414205,0.2541669627766547,-0.49311182270381737,-1.241015888175194,0.7655369492174585,0.8322906068575376,-1.6463139525771167,-1.5271711341559666,-1.6535668958171765,1.9161540931517136,0.46496835283355087,media-alta
0.5514234643794865,-0.20035750257059223,1.626272099231162,1.0243546675261506,-1.130627862083931,0.9701199148030323,1.5676991845583488,-0.2361607941754225,-0.6265668017924663,-1.2010721817306913,1.8183326095433772,0.46496835283355087,alta
0.3319500670127837,-0.7340056881936031,-0.47762244333241616,0.8346713562474047,-1.296209901220826,-0.5301551661578422,-0.2182930755721926,-0.5181914258557703,-1.75232221724684,-0.9295753532788005,0.9379392570683454,0.46496835283355087,media-alta
-0.5459435224540315,-0.12412204748159057,-0.6605697948596839,-0.9673201009006824,-0.9098518099014039,-0.9393210973289898,-0.029188012734841163,-0.4376112453756837,-0.6265668017924663,-1.3820700673652857,-1.2141333823150657,0.46496835283355087,media-baja
-1.3141004132374934,-1.0389475085496094,-0.2946750918051483,-0.042613958416795765,-0.6338817446732457,1.311091524112322,0.34902211293986174,-1.1023977343364428,-0.40141571870158954,-0.6580785248269091,0.8401177734600089,0.46496835283355087,media-alta
-1.6433105092875497,-1.0389475085496094,2.449535181103866,-0.9554648939457608,-0.9098518099014039,-0.12098923498669463,0.13890537645391568,-1.831648367681298,2.2253469173586145,0.7899045602498436,1.524868158718366,0.46496835283355087,alta
-0.10699672772062392,-0.7340056881936031,-0.47762244333241616,-0.9910305148105255,-0.7442697707645091,-0.7347381317434161,-1.0797716951645713,-1.68660404281716,-0.8517178848833398,-1.2010721817306913,1.2314037078933548,0.46496835283355087,media-alta
0.5514234643794865,-1.115182963638611,0.3456406385402881,-0.8724784452613094,-0.1923296403081921,0.8337312710793164,0.6641972176687808,-0.39732115513564037,1.099591501904241,1.6043950456055167,0.6444748062433342,0.46496835283355087,media-alta
0.0027399709627274923,-0.8102411432826048,-0.2946750918051483,-0.6116638922530336,-0.9098518099014039,-0.5301551661578422,-0.2393047492207872,-0.13543556857531425,1.0245411408739509,1.1519003315190322,-0.2359185462316975,0.46496835283355087,baja
-0.43620682377067915,-0.42906386783759676,-0.2032014160415149,0.5738568032391288,-0.6890757577188773,0.6291483054937427,1.189489058883646,0.162711099201024,0.12393680851045061,0.42790878898065604,-0.040275579015022815,0.46496835283355087,media-alta
0.661160163062839,1.095645233942435,-1.209411849441487,-0.46940140879397424,0.19402845101122965,-0.8711267754671319,0.43306880753424015,-0.18781268588736158,-0.7016171628227563,-0.024585925105829624,0.3510103554183248,0.46496835283355087,media-alta
0.2222133683294313,-1.3438893289056157,1.626272099231162,-0.9910305148105255,-0.6890757577188773,-0.18918355684855256,-0.49144483300392244,-0.6390616965759002,-0.1012142745804228,1.8758918740574082,0.15536738820165014,0.46496835283355087,media-alta
0.3319500670127837,-0.3528284127485951,-0.47762244333241616,1.5459837735427022,0.1388344379655979,1.6520631334216116,1.0634190169920783,1.0490930844821107,-0.7766675238530497,0.7899045602498436,-0.6272044806650434,0.46496835283355087,media-baja
0.7708968617461903,1.3243515992094395,1.626272099231162,0.40788390587022605,-0.41310569249071905,-0.12098923498669463,0.5591388494258077,0.32790046918522836,-0.026163913550132773,-1.6535668958171765,-0.43156151344837046,0.46496835283355087,media-baja
0.3319500670127837,0.6382325034084255,-0.2032014160415149,0.02851728331273415,-0.35791167944508734,0.015399408737021234,-0.008176339086246558,-0.1555806136953359,0.6492893357224908,-0.11508486792312675,0.6444748062433342,0.46496835283355087,alta
-0.7654169198207343,-1.115182963638611,0.07121961124938686,-0.6827951339825634,-0.13713562726256037,0.6973426273556006,1.6307342055041325,-0.2361607941754225,2.1502965563283247,-0.11508486792312675,-0.7250259642733816,0.46496835283355087,media-alta
-0.8751536185040868,0.6382325034084255,-0.6605697948596839,-0.042613958416795765,-0.7994637838101408,0.8337312710793164,0.1809287237511049,-1.0177885448323698,0.19898716954074397,-0.6580785248269091,0.8401177734600089,0.46496835283355087,media-alta
0.8806335604295428,-0.8864765983716062,0.7115353415948238,-1.014740928720369,-0.5234937185819821,0.42456533990816886,0.6641972176687808,-1.392486384064808,-1.001818606943923,-0.7485774676442062,1.4270466751100295,0.46496835283355087,media-baja
0.5514234643794865,0.25705522796341723,1.3518510719402608,2.2335857769281557,-0.1923296403081921,0.1517880524607371,0.601162196722997,1.0893831747221538,-1.3770704120953832,0.15641196052876463,-0.1380970626233593,0.46496835283355087,media-baja
0.5514234643794865,0.3332906830524189,-0.020254064514247064,-0.8487680313514662,1.573878777152022,-0.32557220057226843,-1.205841737056139,1.1175862378901933,1.8500951122071578,0.9709024458844379,-0.9206689314900546,-2.1506840065693225,media-alta
-0.7654169198207343,-0.8102411432826048,-0.2946750918051483,0.1470693528619504,-0.1923296403081921,-0.12098923498669463,-0.44942148570673324,-0.6471197146239177,-0.47646607973188293,-1.0200742960960971,0.5466533226349978,0.46496835283355087,media-alta
-0.8751536185040868,-0.7340056881936031,0.2541669627766547,-0.9673201009006824,-0.7994637838101408,0.08359373059887917,-0.5544798539497062,-1.9243155752334333,-1.1519193290045064,2.0568897596920026,1.1335822242850184,0.46496835283355087,media-alta
-1.204363714554142,-0.5052993229265984,-0.2946750918051483,0.5738568032391288,0.1388344379655979,0.42456533990816886,0.2019403973996995,0.20300118944111203,-1.1519193290045064,-0.11508486792312675,-1.018490415098391,0.46496835283355087,media-alta
0.11247666964607989,1.9342352399214517,-2.398569634368727,-0.7065055478924067,1.6842668032432853,-1.0075154191908477,-1.8151802728653825,0.5051768662414368,1.2496922239648243,0.7899045602498436,-0.1380970626233593,-2.1506840065693225,media-alta
-0.8751536185040868,-1.0389475085496094,-0.8435171463869515,0.07593811113242048,-0.1923296403081921,0.9701199148030323,0.5171155021286186,-0.22407376710341845,-0.926768245913633,0.24691090334606178,-0.43156151344837046,0.46496835283355087,media-baja
-0.7654169198207343,-0.6577702331046015,0.07121961124938686,-0.8013472035317797,-0.6890757577188773,0.6291483054937427,-0.09222303368062497,-1.4690375555209083,0.7993900577830741,0.15641196052876463,1.329225191501693,0.46496835283355087,alta
-0.10699672772062392,-0.27659295765959346,-0.47762244333241616,-0.8487680313514662,-0.4682997055363504,0.21998237432259504,0.15991705010251028,-0.7599319672960301,1.6249440291162844,-0.11508486792312675,0.2531888718099866,0.46496835283355087,alta
-1.0946270158707905,-0.8102411432826048,-1.117938173677853,-0.919899273080996,-0.24752365335382384,1.37928584597418,0.1809287237511049,-1.0258465628803426,0.048886447480160584,-1.1105732389133942,0.05754590459331366,0.46496835283355087,media-baja
-0.5459435224540315,-0.7340056881936031,0.528587990067556,-0.9673201009006824,0.46999851623938793,0.9701199148030323,1.609722531855538,-0.5584815160958135,1.1746418629345343,0.3374098461633589,-0.1380970626233593,0.46496835283355087,alta
-0.9848903171874382,-0.12412204748159057,0.07121961124938686,-0.9673201009006824,0.08364042491996618,0.08359373059887917,1.3155591007752134,-0.6954678229119786,0.4991886136619074,-0.6580785248269091,-0.333740029840034,0.46496835283355087,media-baja
-1.8627839066542524,2.124823877643956,-1.9412012555505576,-0.5879534783431904,-0.4682997055363504,-0.32557220057226843,-0.8906666323272199,-0.47790133561572695,1.099591501904241,-1.2010721817306913,-1.1163118987067275,0.46496835283355087,media-baja
-0.32647012508732776,0.6382325034084255,-0.2032014160415149,-0.5879534783431904,-0.35791167944508734,-0.2573778787104105,-0.5334681803011116,-1.6060238623370733,-0.7016171628227563,-0.8390764104615033,0.7422962898516707,0.46496835283355087,media-alta
-0.43620682377067915,-0.5815347780156,0.3456406385402881,1.8542191543706643,-0.026747601171296913,2.265812030178333,1.7357925737471056,1.053122093506097,-0.47646607973188293,-0.11508486792312675,-0.9206689314900546,0.46496835283355087,media-baja
-0.5459435224540315,-1.115182963638611,-0.47762244333241616,0.5027255615095991,0.08364042491996618,0.9701199148030323,0.11789370280532106,-0.2039287219833968,-0.40141571870158954,-1.2915711245479884,-0.43156151344837046,0.46496835283355087,media-alta
-1.4238371119208457,-1.115182963638611,-0.11172774027788097,-0.919899273080996,-0.7442697707645091,1.6520631334216116,0.15991705010251028,-1.4045734111368122,0.5742389746922008,-1.2010721817306913,0.8401177734600089,0.46496835283355087,media-alta
-1.204363714554142,-0.047886592392588925,-0.38614876756878225,-0.7065055478924067,-0.4682997055363504,-0.802932453605274,-0.05019968638343576,-1.9605766564494902,0.7993900577830741,-0.9295753532788005,2.209618543976723,0.46496835283355087,alta
0.7708968617461903,-0.5052993229265984,0.894482693122091,-0.37455975315460116,-0.4682997055363504,0.42456533990816886,0.5591388494258077,0.40848064966531494,1.099591501904241,-0.5675795820096119,-0.43156151344837046,0.46496835283355087,media-alta
0.7708968617461903,0.86693886867543,1.626272099231162,1.8305087404608211,-0.9650458229470357,0.42456533990816886,0.7482439122631592,0.44877073990540295,-0.551516440762173,-1.4725690101825828,0.8401177734600089,0.46496835283355087,media-alta
-0.43620682377067915,1.095645233942435,-0.6605697948596839,-0.8487680313514662,1.4634907510607584,-0.8711267754671319,-1.8572036201625717,0.16674010822505517,1.3247425849951178,0.7899045602498436,0.15536738820165014,-2.1506840065693225,media-alta
-0.9848903171874382,-0.5815347780156,0.3456406385402881,-0.9673201009006824,-0.6890757577188773,-0.5983494880197001,0.9373489751005106,-1.2837031404166823,-0.8517178848833398,-0.296082753557721,0.15536738820165014,0.46496835283355087,media-alta
-0.7654169198207343,0.7907034135864284,1.3518510719402608,0.7398297006080317,-0.026747601171296913,1.8566460990071854,1.2105007325322406,0.22717524358512012,-0.2513149966410062,-0.4770806391923148,-0.7250259642733816,0.46496835283355087,media-alta
0.5514234643794865,1.2481161441204378,-0.2946750918051483,1.2140379788048967,-0.08194161421692865,1.7884517771453274,1.7357925737471056,1.2465145266583406,0.19898716954074397,-0.5675795820096119,-1.1163118987067275,0.46496835283355087,media-baja
-0.32647012508732776,-0.5052993229265984,0.2541669627766547,-0.13745561405616863,-1.075433849038299,0.21998237432259504,0.2439637446968887,-0.6793517868159434,-0.026163913550132773,-1.2010721817306913,0.15536738820165014,0.46496835283355087,media-alta
1.3195803551629504,-0.42906386783759676,0.985956368885725,-0.7776367896219364,1.6290727901976536,-1.3484870285001374,-2.004285335702734,1.2142824544662703,-0.026163913550132773,2.599883416595785,-1.018490415098391,-2.1506840065693225,media-alta
1.3195803551629504,0.10458431778541437,0.985956368885725,-0.7065055478924067,1.077132659741337,-1.4848756722238534,-2.151367051242896,-0.0508263790711965,1.2496922239648243,2.3283865881438937,2.209618543976723,-2.1506840065693225,alta
-1.5335738106041972,-0.047886592392588925,-0.2032014160415149,0.4790151475997558,-0.026747601171296913,0.1517880524607371,0.43306880753424015,-0.4295532273276661,0.7243396967527841,-0.11508486792312675,0.6118676483012718,0.46496835283355087,media-alta
-0.7654169198207343,-0.12412204748159057,0.6200616658311898,0.597567217148972,-0.24752365335382384,0.28817669618445296,1.4626408163153757,0.44877073990540295,-0.8517178848833398,-1.2915711245479884,-1.4097763495317386,0.46496835283355087,media-baja
0.5514234643794865,0.7144679584974267,0.16269328701302077,-0.6590847200727202,1.51868476410639,-1.6894586378094272,-2.0883320302971122,0.5293509203854896,0.6492893357224908,0.6089066746152493,0.7422962898516707,-2.1506840065693225,media-baja
0.11247666964607989,1.629293419565446,-1.5753065524960221,-0.7539263757120932,0.7459685814675466,-1.0757097410527057,-1.9622619884055448,-0.4658143085437229,1.0245411408739509,0.8804035030671407,1.6226896423267025,-2.1506840065693225,media-alta
-1.204363714554142,-0.42906386783759676,-0.6605697948596839,-0.9436096869908392,0.1388344379655979,2.402200673902049,0.5801505230744024,-0.8002220575361181,-0.026163913550132773,0.9709024458844379,-0.040275579015022815,0.46496835283355087,media-alta
-1.4238371119208457,-0.5052993229265984,-0.47762244333241616,1.8542191543706643,0.02844641187433444,0.9019255929411744,0.5381271757772131,1.1337022739861837,0.5742389746922008,-1.2010721817306913,-1.1163118987067275,0.46496835283355087,media-baja
0.9903702591128941,-0.27659295765959346,1.1689037204129928,-0.825057617441623,1.6842668032432853,-0.18918355684855256,-1.1428067161103552,0.2513492977291282,1.099591501904241,1.3328982171536263,0.7422962898516707,-2.1506840065693225,media-baja
0.661160163062839,3.3064734315234805,-0.38614876756878225,-0.350849339244758,3.2848931815666043,0.21998237432259504,-0.7015615694898685,0.9080777686419144,0.19898716954074397,-0.5675795820096119,-1.1163118987067275,-2.1506840065693225,media-baja
0.0027399709627274923,3.3445911590679813,-1.4838328767323885,-0.825057617441623,3.119311142429709,-0.7347381317434161,-0.8066199377328415,0.6220181279375802,-0.17626463561071615,-0.11508486792312675,-0.9206689314900546,-2.1506840065693225,media-baja
0.11247666964607989,-0.3528284127485951,0.985956368885725,-0.8724784452613094,-0.026747601171296913,0.28817669618445296,0.26497541834548327,-0.9613824184962912,-2.052523661368007,-0.4770806391923148,0.5466533226349978,0.46496835283355087,media-alta
1.758527149896356,0.7907034135864284,1.2603773961766267,-0.6827951339825634,1.1875206858325997,0.08359373059887917,-1.3319117789477066,0.718714344513702,0.8744404188133675,2.3283865881438937,1.524868158718366,-2.1506840065693225,media-alta
-0.21673342640397533,2.277294787821959,0.985956368885725,1.5934046013623886,0.9115506206044418,-0.4619608442959843,0.1809287237511049,1.161905337154223,-0.17626463561071615,-1.5630679529998794,-1.1163118987067275,0.46496835283355087,media-baja
-0.5459435224540315,-0.5815347780156,-0.2946750918051483,-0.825057617441623,-1.241015888175194,0.5609539836318848,0.2019403973996995,-1.0339045809283602,0.9494907798436576,-0.4770806391923148,0.9379392570683454,0.46496835283355087,media-baja
1.4293170538463018,-0.3528284127485951,1.3518510719402608,0.8109609423375611,-0.13713562726256037,0.5609539836318848,1.5676991845583488,1.2142824544662703,-0.551516440762173,0.6994056174325465,-0.822847447881718,0.46496835283355087,media-alta
-0.43620682377067915,0.10458431778541437,0.2541669627766547,0.5264359754194423,-0.7994637838101408,0.5609539836318848,0.03384700821094265,-1.2716161133446335,-1.6772718562165467,-1.7440658386344736,1.9161540931517136,0.46496835283355087,alta
1.1001069577962457,-0.42906386783759676,0.528587990067556,-0.8013472035317797,1.1875206858325997,1.1747028803886062,0.7692555859117538,0.20703019846509846,1.1746418629345343,1.6948939884228138,0.4488318390266613,0.46496835283355087,media-alta
0.11247666964607989,-0.8102411432826048,0.2541669627766547,1.5696941874525454,-0.41310569249071905,0.42456533990816886,1.9038859629358624,0.730801371585706,-0.926768245913633,-0.11508486792312675,-0.822847447881718,0.46496835283355087,media-alta
0.8806335604295428,1.3243515992094395,0.07121961124938686,-0.8013472035317797,1.7394608162889171,-0.9393210973289898,0.4540804811828347,0.9725419130260105,-0.1012142745804228,0.3374098461633589,-0.9206689314900546,-2.1506840065693225,media-baja
-1.4238371119208457,-1.2676538738166143,1.626272099231162,-0.9910305148105255,-0.13713562726256037,-0.6665438098815581,-0.5124565066525171,-0.5987716063358569,-0.17626463561071615,-0.296082753557721,-1.2141333823150657,0.46496835283355087,media-baja
1.6487904512130047,-1.1914184187276127,0.6200616658311898,-0.44569099488413094,-0.5786877316276139,0.6973426273556006,0.43306880753424015,-0.47790133561572695,-1.9774733003377134,-1.1105732389133942,-0.2359185462316975,0.46496835283355087,media-alta
-0.7654169198207343,2.31541251536646,-1.75825390402329,-0.13745561405616863,0.5251925292850197,0.1517880524607371,1.5466875109097542,0.47294479404941103,0.048886447480160584,-0.296082753557721,-1.5075978331400752,0.46496835283355087,media-baja
-0.655680221137383,0.86693886867543,-0.2946750918051483,1.4155764970385643,-1.0202398359926674,0.015399408737021234,-0.7435849167870577,-0.8808022380162046,-1.4521207731256733,-1.2010721817306913,1.9161540931517136,0.46496835283355087,media-alta
-1.6433105092875497,-0.42906386783759676,-0.47762244333241616,0.09964852504226386,-1.075433849038299,-1.2802927066382794,-0.8906666323272199,-0.8405121477761613,0.27403753057103397,-1.2010721817306913,0.3510103554183248,0.46496835283355087,media-baja
-0.655680221137383,1.4768225093874428,-0.5690961190960501,-0.8487680313514662,-0.13713562726256037,0.5609539836318848,1.1474657115864566,-0.9130343102082303,0.4991886136619074,0.5184077317979522,0.1227602302595877,0.46496835283355087,media-baja
0.44168676569613513,2.1629416051884567,-2.5815169858959943,-0.825057617441623,2.456982985882129,-0.39376652243412635,-0.49144483300392244,0.24732028870514175,1.0245411408739509,0.24691090334606178,-0.333740029840034,-2.1506840065693225,media-baja
-0.32647012508732776,-0.8864765983716062,-0.2946750918051483,1.735667084821448,-0.13713562726256037,1.5838688115597537,0.2859870919940779,0.47294479404941103,-0.17626463561071615,-1.2915711245479884,0.2531888718099866,0.46496835283355087,media-alta
-0.7654169198207343,0.180819772874416,-0.7520434706233177,0.24191100850132327,-0.6338817446732457,0.42456533990816886,0.43306880753424015,0.0055797472648372705,-0.17626463561071615,1.2423992743363292,-0.43156151344837046,0.46496835283355087,media-alta
0.3319500670127837,-0.42906386783759676,0.528587990067556,0.9769338397064642,-0.1923296403081921,0.7655369492174585,0.5171155021286186,1.5366031763866614,1.8500951122071578,1.8758918740574082,-0.43156151344837046,0.46496835283355087,media-baja
-0.9848903171874382,-0.5815347780156,-0.2032014160415149,1.9016399821903507,-0.6338817446732457,1.242897202250464,0.15991705010251028,0.32790046918522836,0.8744404188133675,-0.4770806391923148,0.5466533226349978,0.46496835283355087,alta
-0.655680221137383,0.028348862696412718,-1.75825390402329,1.4748525318131722,-0.9650458229470357,0.28817669618445296,0.8953256278033214,1.2142824544662703,0.048886447480160584,-1.7440658386344736,-1.4097763495317386,0.46496835283355087,media-baja
0.44168676569613513,-1.0389475085496094,0.7115353415948238,-0.8013472035317797,0.19402845101122965,-0.5301551661578422,-0.6595382221926793,-0.11529052345529262,0.42413825263161736,-0.5675795820096119,-0.1380970626233593,0.46496835283355087,media-alta
1.209843656479597,-0.047886592392588925,1.077430044649359,0.40788390587022605,-0.1923296403081921,-0.8711267754671319,-0.7435849167870577,0.7630334437777764,0.12393680851045061,1.1519003315190322,0.15536738820165014,0.46496835283355087,media-baja
1.8682638485797094,2.2391770602774583,-1.117938173677853,-0.30342851142507143,2.401788972836497,-0.0527949131248367,-1.1217950424617606,1.4036458785945274,0.048886447480160584,-0.11508486792312675,-0.43156151344837046,-2.1506840065693225,media-alta
0.7708968617461903,-0.8102411432826048,-0.38614876756878225,-0.9673201009006824,0.02844641187433444,-0.7347381317434161,-0.7015615694898685,-0.3167409746555091,-1.1519193290045064,-0.4770806391923148,-1.3119548659234022,0.46496835283355087,media-baja
-0.43620682377067915,0.4857615932304222,-0.47762244333241616,1.0124994605712292,-0.7994637838101408,0.28817669618445296,-0.6595382221926793,-1.0016725087363345,-1.75232221724684,-1.2915711245479884,1.9161540931517136,0.46496835283355087,media-alta
0.5514234643794865,-0.27659295765959346,0.7115353415948238,-0.9673201009006824,-0.6890757577188773,-0.6665438098815581,-0.1552580546264088,-0.1555806136953359,-0.40141571870158954,1.4233971599709234,-0.43156151344837046,0.46496835283355087,media-alta
-0.5459435224540315,0.25705522796341723,0.2541669627766547,-0.0900347862364821,-1.0202398359926674,-1.4848756722238534,0.05485868185953725,-0.747844940224026,0.7993900577830741,2.6903823594130825,1.524868158718366,0.46496835283355087,media-baja
1.5390537525296533,-0.27659295765959346,0.2541669627766547,2.020192051739567,-0.5234937185819821,0.08359373059887917,0.811278933208943,1.496313086146618,-0.6265668017924663,-1.0200742960960971,-0.5293829970567069,0.46496835283355087,media-alta
0.661160163062839,2.31541251536646,-2.4900433101323607,-0.350849339244758,1.8498488423801807,-0.39376652243412635,-1.6260752100280311,1.3754428154264882,0.9494907798436576,0.15641196052876463,-0.9206689314900546,-2.1506840065693225,media-baja
1.1001069577962457,-0.42906386783759676,0.16269328701302077,1.3800108761737993,0.08364042491996618,1.481577328766967,0.7482439122631592,1.2948626349464016,-1.3770704120953832,-0.2055838107404239,-0.2359185462316975,0.46496835283355087,alta
-0.8751536185040868,-0.8102411432826048,0.8030090173584576,-0.8487680313514662,-1.075433849038299,1.1747028803886062,0.2439637446968887,-1.082252689216421,1.5498936680859912,-0.2055838107404239,1.0357607406766818,0.46496835283355087,media-alta
-0.43620682377067915,-1.0389475085496094,-0.6605697948596839,1.1903275648950535,0.35961049014812485,2.265812030178333,1.3155591007752134,0.3238714601612419,-0.7016171628227563,-0.11508486792312675,0.15536738820165014,0.46496835283355087,media-alta
-0.21673342640397533,0.028348862696412718,-1.666780228259656,0.597567217148972,-0.4682997055363504,-1.3484870285001374,-0.11323470732921957,0.6502211911056194,0.12393680851045061,-1.2915711245479884,-1.2141333823150657,0.46496835283355087,media-baja
2.746157438046523,0.028348862696412718,1.4433247477038942,-0.919899273080996,0.30441647710249314,-1.4848756722238534,-2.067320356648518,1.0329770483860754,0.048886447480160584,2.7808813022303784,-0.1380970626233593,-2.1506840065693225,alta
0.7708968617461903,-0.8864765983716062,-0.6605697948596839,-0.8724784452613094,-1.3514039142664576,-0.32557220057226843,1.399605795369592,-1.3642833208967688,-1.001818606943923,2.0568897596920026,1.6226896423267025,0.46496835283355087,alta
-1.204363714554142,-1.115182963638611,0.437114314303922,-0.8487680313514662,-0.4682997055363504,-1.1439040629145636,-1.2898884316505175,-1.1870069238405605,0.048886447480160584,0.24691090334606178,0.3510103554183248,0.46496835283355087,media-alta
-0.5459435224540315,-0.5052993229265984,0.7115353415948238,-0.9080440661260742,-0.5786877316276139,0.6291483054937427,-0.7015615694898685,-1.3239932306567257,1.0245411408739509,-1.0200742960960971,0.9379392570683454,0.46496835283355087,alta
-1.5335738106041972,-0.8102411432826048,-0.5690961190960501,-0.9910305148105255,-0.8546577968557721,-0.32557220057226843,-0.8696549586786253,-1.68660404281716,0.7243396967527841,0.06591301771146751,0.9379392570683454,0.46496835283355087,media-alta
0.7708968617461903,1.7055288746544477,-0.47762244333241616,-0.7776367896219364,2.0706248945627066,-0.5301551661578422,-1.5630401890822472,1.496313086146618,1.474843307055701,2.0568897596920026,-1.2141333823150657,-2.1506840065693225,media-alta
0.3319500670127837,-0.27659295765959346,0.437114314303922,2.209875363018313,-0.13713562726256037,0.28817669618445296,0.811278933208943,0.9725419130260105,-0.551516440762173,0.42790878898065604,0.15536738820165014,0.46496835283355087,media-baja
-0.21673342640397533,-0.8102411432826048,0.16269328701302077,-0.825057617441623,-0.9098518099014039,1.1747028803886062,0.2859870919940779,-1.80747431353729,0.27403753057103397,-0.9295753532788005,2.1117970603683864,0.46496835283355087,alta
-1.204363714554142,0.7144679584974267,-0.7520434706233177,-0.9910305148105255,0.85635660755881,-0.5983494880197001,0.5381271757772131,-0.6954678229119786,0.6492893357224908,-0.38658169637501816,-0.7902402870050109,0.46496835283355087,media-baja
-0.7654169198207343,-0.42906386783759676,-0.9349908221505855,0.43159431978006924,-0.5786877316276139,0.28817669618445296,0.8322906068575376,0.48906083014544627,1.3247425849951178,0.6089066746152493,-0.5293829970567069,0.46496835283355087,media-alta
-0.10699672772062392,1.9342352399214517,-2.672990661659628,-0.7776367896219364,1.1875206858325997,-0.9393210973289898,-2.0252970093513287,0.5494959655055112,1.099591501904241,0.8804035030671407,-0.2359185462316975,-2.1506840065693225,media-baja
-1.6433105092875497,-0.8864765983716062,0.437114314303922,-0.6590847200727202,-0.13713562726256037,-1.0075154191908477,0.05485868185953725,-0.6310036785278825,2.0752461952980346,-0.2055838107404239,-0.43156151344837046,0.46496835283355087,media-alta
-0.32647012508732776,-0.3528284127485951,-0.2946750918051483,0.597567217148972,-0.6890757577188773,-0.32557220057226843,-0.7015615694898685,-1.1628328696965078,0.19898716954074397,-1.5630679529998794,2.0139755767600502,0.46496835283355087,media-alta
0.661160163062839,-0.5052993229265984,1.626272099231162,-0.6590847200727202,-0.1923296403081921,0.015399408737021234,0.9793723223976999,-0.7518739492480572,-1.0768689679742165,0.5184077317979522,0.15536738820165014,0.46496835283355087,media-alta
-0.32647012508732776,-0.3528284127485951,0.528587990067556,0.6924088727883448,0.24922246405686138,1.4474801678360378,1.4626408163153757,0.5938150647695409,-0.7766675238530497,0.06591301771146751,-0.9206689314900546,0.46496835283355087,media-alta
0.0027399709627274923,-0.047886592392588925,0.6200616658311898,-0.9673201009006824,-0.7994637838101408,-1.4166813503619953,0.03384700821094265,-0.8002220575361181,-0.551516440762173,-0.6580785248269091,-0.5293829970567069,0.46496835283355087,media-alta
0.44168676569613513,-0.7340056881936031,-0.2032014160415149,-0.11374520014632547,-0.026747601171296913,0.1517880524607371,-0.7435849167870577,-0.1555806136953359,-0.551516440762173,-0.8390764104615033,-0.5293829970567069,0.46496835283355087,media-baja
-1.204363714554142,-0.5815347780156,0.07121961124938686,0.24191100850132327,-1.130627862083931,0.21998237432259504,0.13890537645391568,0.08615992774496858,2.300397278388908,-0.9295753532788005,-0.040275579015022815,0.46496835283355087,media-baja
-1.204363714554142,-0.20035750257059223,-0.9349908221505855,-0.9436096869908392,0.24922246405686138,0.7655369492174585,0.9583606487491052,-1.2031229599365958,0.7993900577830741,-0.7485774676442062,0.6444748062433342,0.46496835283355087,media-alta
-1.0946270158707905,0.4857615932304222,-1.5753065524960221,-0.3271389253349147,0.5251925292850197,-0.2573778787104105,-0.197281401923598,-0.3812051190396052,-1.0768689679742165,-1.5630679529998794,-1.2141333823150657,0.46496835283355087,baja
0.3319500670127837,3.230237976434479,-2.215622282841459,-0.8487680313514662,1.9602368684714433,-1.0757097410527057,-1.5630401890822472,0.25537830675315937,-0.7016171628227563,-0.296082753557721,-0.43156151344837046,-2.1506840065693225,media-baja
0.5514234643794865,1.7055288746544477,-2.672990661659628,-0.8487680313514662,1.9050428554258123,-0.9393210973289898,-1.9202386411083556,0.6059020918415897,1.1746418629345343,-0.024585925105829624,-0.040275579015022815,-2.1506840065693225,media-alta
-1.3141004132374934,-0.8864765983716062,-0.7520434706233177,-0.8961888591711527,-0.7442697707645091,0.4927596617700268,-0.6175148748954901,-1.682575033793129,1.099591501904241,-0.2055838107404239,1.524868158718366,0.46496835283355087,media-alta
-0.5459435224540315,-0.8102411432826048,-0.2032014160415149,-0.825057617441623,-1.3514039142664576,0.28817669618445296,0.11789370280532106,-1.0298755719043737,1.1746418629345343,-0.296082753557721,0.7422962898516707,0.46496835283355087,media-alta
-1.3141004132374934,-0.5815347780156,-0.11172774027788097,-0.7776367896219364,-0.9650458229470357,-0.18918355684855256,-0.6385265485440846,-0.860657192896183,1.3247425849951178,1.6043950456055167,0.4488318390266613,0.46496835283355087,alta
-0.32647012508732776,0.10458431778541437,-0.020254064514247064,0.5027255615095991,-0.3027176663994556,0.21998237432259504,0.43306880753424015,-0.8566281838721518,-1.1519193290045064,0.3374098461633589,1.720511125935039,0.46496835283355087,media-alta
0.3319500670127837,-0.20035750257059223,-0.5690961190960501,-0.350849339244758,-0.35791167944508734,-0.0527949131248367,-0.1762697282750034,-0.9613824184962912,-0.7766675238530497,-1.0200742960960971,0.5466533226349978,0.46496835283355087,media-alta
-0.10699672772062392,-1.1914184187276127,0.07121961124938686,-0.9910305148105255,-1.0202398359926674,-0.12098923498669463,-0.8906666323272199,-1.8799964759693588,0.12393680851045061,-1.3820700673652857,1.6226896423267025,0.46496835283355087,media-alta
-0.32647012508732776,-0.047886592392588925,0.07121961124938686,0.5501463893292855,0.08364042491996618,0.28817669618445296,0.43306880753424015,0.6099311008655761,-0.551516440762173,-1.2010721817306913,-1.4097763495317386,0.46496835283355087,media-baja
0.11247666964607989,0.4095261381414205,0.07121961124938686,-0.7776367896219364,0.6355805553762831,-1.0757097410527057,-1.9832736620541394,0.12645001798501188,0.12393680851045061,1.9663908168747053,0.8401177734600089,-2.1506840065693225,alta
0.661160163062839,1.095645233942435,-1.209411849441487,-0.46940140879397424,0.19402845101122965,-0.8711267754671319,0.43306880753424015,-0.18781268588736158,-0.7016171628227563,-0.024585925105829624,0.3510103554183248,0.46496835283355087,media-alta
1.9780005472630608,3.2683557039789797,-1.209411849441487,-0.6590847200727202,1.4634907510607584,-1.0757097410527057,-1.5630401890822472,1.2102534454422837,-0.1012142745804228,-0.38658169637501816,-0.7250259642733816,-2.1506840065693225,media-alta
-0.21673342640397533,-0.12412204748159057,1.2603773961766267,-0.919899273080996,-0.6338817446732457,0.3563710180463109,-0.008176339086246558,-1.5294726908809733,-1.0768689679742165,-0.38658169637501816,0.6444748062433342,0.46496835283355087,alta
-0.43620682377067915,1.2481161441204378,-2.672990661659628,-0.7302159618022499,1.6290727901976536,0.3563710180463109,-0.2393047492207872,0.34401650528126354,-0.8517178848833398,0.15641196052876463,-0.7250259642733816,-2.1506840065693225,media-baja
-0.7654169198207343,-0.5052993229265984,0.16269328701302077,-0.8487680313514662,-0.7442697707645091,0.28817669618445296,-0.197281401923598,-1.106426743360474,0.12393680851045061,1.3328982171536263,0.15536738820165014,0.46496835283355087,media-alta
-0.32647012508732776,0.028348862696412718,0.07121961124938686,0.8109609423375611,-1.1858218751295624,0.015399408737021234,-0.3653747911123548,-1.1789489057925429,-1.6022214951862566,-1.5630679529998794,1.8183326095433772,0.46496835283355087,alta
0.5514234643794865,-0.8864765983716062,-0.47762244333241616,-0.11374520014632547,-0.9650458229470357,-0.32557220057226843,-0.9747133269215984,-1.4609795374728907,-1.75232221724684,-0.2055838107404239,1.8183326095433772,0.46496835283355087,alta
0.661160163062839,2.3916479704554616,-2.1241486070778253,-0.8013472035317797,1.4082967380151268,-1.0757097410527057,-2.004285335702734,0.9322518227859672,0.7993900577830741,0.24691090334606178,-0.9206689314900546,-2.1506840065693225,media-alta
0.5514234643794865,0.2189375004189164,-0.47762244333241616,-0.8013472035317797,-0.41310569249071905,-1.0757097410527057,0.2439637446968887,-0.3167409746555091,-1.001818606943923,-1.2010721817306913,-0.9206689314900546,0.46496835283355087,media-baja
-1.0946270158707905,-1.1914184187276127,0.2541669627766547,0.19449018068163673,-0.9098518099014039,0.015399408737021234,-0.1762697282750034,-0.2965959295354874,0.7993900577830741,0.6089066746152493,-0.2848292880358649,0.46496835283355087,alta
-0.43620682377067915,-0.047886592392588925,-1.209411849441487,0.5738568032391288,-0.41310569249071905,1.7884517771453274,1.6307342055041325,0.5132348842894543,-0.32636535767129954,-0.6580785248269091,-1.018490415098391,0.46496835283355087,media-alta
0.0027399709627274923,-0.27659295765959346,1.626272099231162,0.28933183632100984,-0.5234937185819821,-0.18918355684855256,-0.2393047492207872,-0.7196418770559867,1.474843307055701,0.6089066746152493,1.720511125935039,0.46496835283355087,alta
-0.8751536185040868,-0.8864765983716062,-1.209411849441487,1.2614588066245829,-0.3027176663994556,1.7884517771453274,0.7692555859117538,0.916135786689932,-0.926768245913633,0.24691090334606178,-1.2141333823150657,0.46496835283355087,media-baja
-0.32647012508732776,-0.8102411432826048,2.1751141538129652,2.209875363018313,0.1388344379655979,0.21998237432259504,0.7692555859117538,1.4761680410265965,-2.1275740223982966,-0.6580785248269091,-1.2141333823150657,0.46496835283355087,media-baja
-0.9848903171874382,-1.0389475085496094,1.626272099231162,-0.18487644187585517,-0.1923296403081921,-0.9393210973289898,-0.6805498958412739,-1.0016725087363345,0.42413825263161736,-1.2915711245479884,1.1335822242850184,0.46496835283355087,media-alta
0.5514234643794865,-0.12412204748159057,0.6200616658311898,-0.7539263757120932,-0.41310569249071905,-1.4166813503619953,-0.5124565066525171,-0.5745975521918488,-0.32636535767129954,1.2423992743363292,0.5466533226349978,0.46496835283355087,media-baja
1.3195803551629504,-1.3438893289056157,1.2603773961766267,-0.8961888591711527,-0.6338817446732457,-0.8711267754671319,-0.5124565066525171,-0.9009472831362263,-1.4521207731256733,0.42790878898065604,0.5466533226349978,0.46496835283355087,media-alta
0.0027399709627274923,0.180819772874416,-0.2946750918051483,-0.7776367896219364,1.7394608162889171,0.015399408737021234,-1.1428067161103552,1.028948039362089,1.7750447511768679,-0.296082753557721,-1.018490415098391,-2.1506840065693225,media-baja
-0.32647012508732776,2.3916479704554616,-1.75825390402329,-0.350849339244758,2.677759038064656,-1.0075154191908477,0.07587035550813186,1.0128320032660538,0.4991886136619074,0.8804035030671407,-0.9206689314900546,-2.1506840065693225,media-baja
-0.32647012508732776,-0.27659295765959346,1.1689037204129928,0.953223425796621,-1.075433849038299,0.28817669618445296,0.3069987656426725,0.08615992774496858,-0.40141571870158954,-1.3820700673652857,-0.040275579015022815,0.46496835283355087,media-alta
0.2222133683294313,-0.5815347780156,0.2541669627766547,2.3995586742970594,-0.026747601171296913,0.4927596617700268,1.0844306906406729,1.5768932666267046,-1.3770704120953832,-0.8390764104615033,-1.4097763495317386,0.46496835283355087,media-alta
-1.3141004132374934,-0.5052993229265984,-0.6605697948596839,0.5027255615095991,-0.35791167944508734,-0.6665438098815581,-0.197281401923598,0.09421794579294146,1.2496922239648243,0.6089066746152493,0.05754590459331366,0.46496835283355087,media-alta
-0.7654169198207343,0.180819772874416,-1.0264644979142192,2.281006604747843,0.5251925292850197,0.42456533990816886,0.8322906068575376,1.5768932666267046,-0.6265668017924663,-0.5675795820096119,-1.4097763495317386,0.46496835283355087,baja
0.8806335604295428,0.180819772874416,0.985956368885725,-0.7776367896219364,1.9602368684714433,-1.5530699940857113,-2.172378724891491,0.43265470380936777,1.0245411408739509,0.7899045602498436,0.9379392570683454,-2.1506840065693225,media-alta
0.5514234643794865,-0.047886592392588925,1.626272099231162,1.9253503961001943,0.6355805553762831,1.311091524112322,1.441629142666781,1.818633808067009,0.048886447480160584,0.15641196052876463,-1.4097763495317386,0.46496835283355087,baja
0.7708968617461903,1.857999784832451,-1.117938173677853,-0.7539263757120932,1.6842668032432853,-1.0757097410527057,-0.3653747911123548,0.730801371585706,0.8744404188133675,0.24691090334606178,-0.9206689314900546,-2.1506840065693225,media-baja
-0.7654169198207343,-0.27659295765959346,-0.8435171463869515,1.7830879126411348,-0.6338817446732457,1.37928584597418,0.5801505230744024,0.3883356045452933,0.12393680851045061,-0.7485774676442062,0.2531888718099866,0.46496835283355087,media-alta
0.661160163062839,0.25705522796341723,1.626272099231162,0.7991057353826397,-0.9650458229470357,0.7655369492174585,1.336570774423808,-0.5181914258557703,-0.551516440762173,-1.2010721817306913,1.9161540931517136,0.46496835283355087,alta
0.8806335604295428,-0.27659295765959346,0.894482693122091,-0.7776367896219364,-0.35791167944508734,1.311091524112322,0.6221738703715916,-0.39732115513564037,1.7750447511768679,-0.2055838107404239,0.2531888718099866,0.46496835283355087,alta
0.7708968617461903,-0.3528284127485951,2.449535181103866,1.4037212900836424,-0.7994637838101408,0.9019255929411744,0.811278933208943,1.3351527251864448,-1.1519193290045064,-0.9295753532788005,-1.5075978331400752,0.46496835283355087,media-alta
-1.3141004132374934,-0.5052993229265984,-1.117938173677853,1.6882462570017616,-0.1923296403081921,1.311091524112322,0.8322906068575376,1.1739923642262269,1.0245411408739509,-1.2010721817306913,-0.9206689314900546,0.46496835283355087,media-baja
1.3195803551629504,-1.115182963638611,-0.020254064514247064,-0.8961888591711527,-0.08194161421692865,1.1747028803886062,0.6431855440201861,-0.07500043321524931,-0.7016171628227563,0.6089066746152493,-1.018490415098391,0.46496835283355087,media-alta
-1.8627839066542524,0.10458431778541437,-0.020254064514247064,-0.30342851142507143,-1.130627862083931,-0.2573778787104105,-0.30233977016657104,-1.6422849435530855,0.6492893357224908,-0.7485774676442062,1.720511125935039,0.46496835283355087,alta
1.9780005472630608,-0.5815347780156,0.16269328701302077,2.4825451229815103,-0.8546577968557721,-1.0075154191908477,0.2019403973996995,0.6502211911056194,-1.6022214951862566,-1.2915711245479884,1.6226896423267025,0.46496835283355087,media-alta
-0.21673342640397533,-0.12412204748159057,-0.9349908221505855,0.4553047336899126,-0.3027176663994556,1.5838688115597537,1.4206174690181865,0.6300761459855978,0.048886447480160584,-0.296082753557721,-1.018490415098391,0.46496835283355087,media-baja
0.0027399709627274923,-0.8102411432826048,-0.2946750918051483,-0.6116638922530336,-0.9098518099014039,-0.5301551661578422,-0.2393047492207872,-0.13543556857531425,1.0245411408739509,1.1519003315190322,-0.2359185462316975,0.46496835283355087,baja
0.5514234643794865,2.696589790811468,-1.5753065524960221,-0.8961888591711527,1.2979087119238633,-0.39376652243412635,0.9583606487491052,-0.2764508844154658,-1.2269696900348,-0.024585925105829624,-1.1163118987067275,0.46496835283355087,media-baja
2.9656308354132275,0.4095261381414205,0.7115353415948238,-0.6590847200727202,1.573878777152022,-0.18918355684855256,-1.205841737056139,1.1699633552022406,-0.40141571870158954,0.6994056174325465,-0.6272044806650434,-2.1506840065693225,media-baja
0.44168676569613513,1.5530579644764444,0.8030090173584576,-0.7302159618022499,0.5251925292850197,-1.2802927066382794,-2.151367051242896,0.14256605408100237,0.34908789160132403,1.1519003315190322,1.329225191501693,-2.1506840065693225,media-alta
-0.43620682377067915,2.4678834255444633,-0.7520434706233177,-0.7539263757120932,1.6290727901976536,-1.3484870285001374,-0.07121136003203037,0.40042263161734204,1.099591501904241,1.6948939884228138,0.4488318390266613,-2.1506840065693225,media-baja
-1.3141004132374934,-0.9627120534606078,-0.9349908221505855,-0.8487680313514662,-0.3027176663994556,1.7884517771453274,0.26497541834548327,-0.39329214611160923,0.7993900577830741,-0.6580785248269091,-0.9206689314900546,0.46496835283355087,media-baja
-0.8751536185040868,0.5619970483194239,-1.3923592009687547,-0.919899273080996,1.6290727901976536,-1.3484870285001374,-2.0883320302971122,0.44877073990540295,0.9494907798436576,0.42790878898065604,-1.1163118987067275,-2.1506840065693225,media-baja
0.11247666964607989,-0.5815347780156,-0.2032014160415149,-0.7302159618022499,-0.7442697707645091,0.42456533990816886,-0.42840981205813866,-0.9613824184962912,0.42413825263161736,1.1519003315190322,0.5466533226349978,0.46496835283355087,alta
-0.655680221137383,-1.0389475085496094,0.2541669627766547,-0.8724784452613094,-0.5786877316276139,0.8337312710793164,0.5381271757772131,-1.2837031404166823,0.7993900577830741,0.6994056174325465,1.0357607406766818,0.46496835283355087,alta
0.0027399709627274923,-0.12412204748159057,1.626272099231162,-0.8724784452613094,-0.3027176663994556,0.015399408737021234,-0.47043315935532787,-0.07500043321524931,1.3997929460254077,0.6994056174325465,-0.2359185462316975,0.46496835283355087,media-baja
-0.10699672772062392,0.9431743237644317,-0.6605697948596839,1.6171150152722318,0.30441647710249314,2.5385893176257652,1.8408509419900787,1.125644255938166,-1.2269696900348,-0.11508486792312675,-0.9206689314900546,0.46496835283355087,media-baja
-1.4238371119208457,-0.6577702331046015,-0.020254064514247064,-0.18487644187585517,-0.24752365335382384,0.7655369492174585,0.03384700821094265,-0.46178529951969177,0.7243396967527841,1.1519003315190322,0.3510103554183248,0.46496835283355087,media-alta
-0.43620682377067915,-0.6577702331046015,-0.5690961190960501,-0.8724784452613094,-0.7994637838101408,-0.18918355684855256,0.43306880753424015,-0.735757913152022,0.6492893357224908,0.24691090334606178,-0.1380970626233593,0.46496835283355087,media-alta
-0.43620682377067915,-0.5815347780156,-0.2032014160415149,0.3604630780505395,-0.6890757577188773,1.5838688115597537,0.09688202915672646,-0.47790133561572695,0.8744404188133675,-0.4770806391923148,1.1335822242850184,0.46496835283355087,alta
0.9903702591128941,-0.12412204748159057,-0.2946750918051483,0.09964852504226386,-0.35791167944508734,0.015399408737021234,0.03384700821094265,0.16674010822505517,-0.40141571870158954,-0.024585925105829624,-0.2359185462316975,0.46496835283355087,media-alta
-0.7654169198207343,-0.27659295765959346,1.1689037204129928,0.43159431978006924,-0.13713562726256037,1.242897202250464,1.189489058883646,0.3601325413772988,-0.47646607973188293,-0.296082753557721,-1.2141333823150657,0.46496835283355087,media-baja
-0.5459435224540315,-0.3528284127485951,0.07121961124938686,-0.9436096869908392,-0.35791167944508734,-0.8711267754671319,-0.6175148748954901,-1.5899078262410382,-0.7766675238530497,0.42790878898065604,1.769421867739208,0.46496835283355087,media-baja
2.0877372459464123,0.6382325034084255,1.077430044649359,-0.6827951339825634,0.9667446336500736,-0.12098923498669463,-1.6050635363794366,-0.034710342975206025,-0.1012142745804228,0.7899045602498436,1.720511125935039,-2.1506840065693225,media-alta
0.2222133683294313,-0.27659295765959346,0.3456406385402881,-0.8724784452613094,0.19402845101122965,0.015399408737021234,0.5381271757772131,-1.0500206170243953,-0.2513149966410062,-0.38658169637501816,0.2531888718099866,0.46496835283355087,media-baja
-0.5459435224540315,0.028348862696412718,-0.8435171463869515,2.707794055125021,-0.24752365335382384,0.4927596617700268,0.2229520710482941,1.4157329056665315,0.048886447480160584,1.4233971599709234,-0.040275579015022815,0.46496835283355087,media-alta
0.5514234643794865,-0.42906386783759676,2.449535181103866,0.6212776310588154,-0.5234937185819821,2.1294233864546173,1.2105007325322406,0.8919617325459239,-1.0768689679742165,-1.2010721817306913,-1.4097763495317386,0.46496835283355087,media-baja
0.44168676569613513,2.3916479704554616,-0.38614876756878225,-0.7776367896219364,1.7946548293345488,-0.9393210973289898,-0.6595382221926793,0.7146853354897156,0.34908789160132403,0.6089066746152493,-0.6272044806650434,-2.1506840065693225,media-alta
-1.3141004132374934,-0.5052993229265984,-0.5690961190960501,1.427431703993486,0.08364042491996618,-0.0527949131248367,0.8953256278033214,1.053122093506097,0.19898716954074397,-0.6580785248269091,-0.9206689314900546,0.46496835283355087,media-alta
-0.32647012508732776,-1.0389475085496094,-0.11172774027788097,1.7830879126411348,0.6355805553762831,-0.802932453605274,1.0213956696948892,1.4882550680986004,-1.6022214951862566,0.06591301771146751,-1.4097763495317386,0.46496835283355087,alta
-0.32647012508732776,1.0194097788534333,0.437114314303922,-0.06632437232663893,-0.9650458229470357,-0.18918355684855256,0.70622056496597,-1.3642833208967688,-0.7766675238530497,-1.0200742960960971,1.9161540931517136,0.46496835283355087,alta
0.7708968617461903,-1.115182963638611,-0.7520434706233177,-0.8487680313514662,-1.1858218751295624,0.5609539836318848,0.11789370280532106,-0.6712937687679258,1.1746418629345343,-0.9295753532788005,0.2531888718099866,0.46496835283355087,alta
0.44168676569613513,-1.0389475085496094,-0.020254064514247064,1.5222733596328586,0.02844641187433444,-0.4619608442959843,-0.5965032012468955,1.053122093506097,-0.17626463561071615,-0.6580785248269091,-0.9206689314900546,0.46496835283355087,alta
0.2222133683294313,-0.27659295765959346,2.0836404780493316,1.806798326550978,-0.08194161421692865,2.1294233864546173,0.8427964436818349,1.617183356866748,-1.1519193290045064,-0.5675795820096119,-1.3119548659234022,0.46496835283355087,media-alta
-0.21673342640397533,-0.12412204748159057,1.626272099231162,0.5501463893292855,0.35961049014812485,-0.39376652243412635,0.70622056496597,0.730801371585706,1.6249440291162844,1.061401388701735,0.5466533226349978,0.46496835283355087,alta
-0.5459435224540315,0.7144679584974267,-0.38614876756878225,1.285169220534426,3.2848931815666043,-0.7347381317434161,-0.40739813840954403,0.9403098408339848,-1.001818606943923,-0.9295753532788005,-1.4097763495317386,0.46496835283355087,media-alta
-0.43620682377067915,1.2481161441204378,-2.1241486070778253,-0.7539263757120932,0.7459685814675466,-0.8711267754671319,-1.8572036201625717,0.45682875795337585,0.8744404188133675,1.1519003315190322,-0.7250259642733816,-2.1506840065693225,media-baja
0.8806335604295428,-0.9627120534606078,-0.47762244333241616,-0.7539263757120932,-0.6338817446732457,-1.5530699940857113,0.43306880753424015,-0.07500043321524931,-1.2269696900348,2.0568897596920026,-0.6272044806650434,0.46496835283355087,media-baja
-1.3141004132374934,-0.8102411432826048,-0.7520434706233177,0.6212776310588154,-0.9650458229470357,-0.5983494880197001,0.15991705010251028,0.0055797472648372705,1.2496922239648243,0.6994056174325465,0.4488318390266613,0.46496835283355087,media-alta
-1.3141004132374934,-0.8864765983716062,-0.7520434706233177,-0.8961888591711527,-0.7442697707645091,0.4927596617700268,-0.6175148748954901,-1.682575033793129,1.099591501904241,-0.2055838107404239,1.524868158718366,0.46496835283355087,media-alta
2.6364207393631713,2.086706150099455,1.1689037204129928,-0.7065055478924067,1.132326672786968,-0.6665438098815581,-1.1428067161103552,1.939504078787139,1.8500951122071578,1.061401388701735,-0.9206689314900546,-2.1506840065693225,media-baja
-0.5459435224540315,0.4857615932304222,0.437114314303922,0.9295130118867774,0.5803865423306515,0.7655369492174585,1.924897636584457,1.2948626349464016,0.7243396967527841,0.42790878898065604,-1.018490415098391,0.46496835283355087,media-baja
1.758527149896356,1.0194097788534333,0.8030090173584576,-0.8961888591711527,0.9115506206044418,-0.9393210973289898,-0.47043315935532787,0.5293509203854896,0.42413825263161736,0.5184077317979522,-0.333740029840034,0.46496835283355087,media-alta
-0.655680221137383,0.7144679584974267,-0.6605697948596839,2.0676128795592534,-0.13713562726256037,-0.4619608442959843,-0.197281401923598,1.5366031763866614,1.6999943901465744,0.15641196052876463,-0.6272044806650434,0.46496835283355087,media-alta
-0.21673342640397533,-0.7340056881936031,0.528587990067556,2.3047170186576857,0.1388344379655979,1.9248404208690433,1.1684773852350512,1.939504078787139,1.1746418629345343,2.7808813022303784,-0.9206689314900546,0.46496835283355087,alta
-1.0946270158707905,0.25705522796341723,-2.215622282841459,-0.919899273080996,1.0219386466957052,-0.5983494880197001,-0.30233977016657104,-0.39732115513564037,0.12393680851045061,0.06591301771146751,-1.2141333823150657,0.46496835283355087,media-baja
-0.7654169198207343,-1.2676538738166143,1.1689037204129928,-0.9673201009006824,-0.41310569249071905,2.470394995763907,0.5801505230744024,-1.4851535916168987,-0.551516440762173,1.9663908168747053,0.7422962898516707,0.46496835283355087,alta
0.0027399709627274923,-1.3057716013611151,0.16269328701302077,-0.161166027966012,-0.026747601171296913,0.1517880524607371,0.1809287237511049,-0.07500043321524931,0.4991886136619074,-1.0200742960960971,-0.822847447881718,0.46496835283355087,media-alta
0.44168676569613513,-0.8102411432826048,0.07121961124938686,-0.11374520014632547,0.30441647710249314,0.5609539836318848,-0.197281401923598,-0.18378367686337516,-0.7766675238530497,0.06591301771146751,-0.2359185462316975,0.46496835283355087,alta
1.758527149896356,1.7055288746544477,-0.47762244333241616,-0.6590847200727202,2.5673710119733926,-1.6212643159475693,-1.9202386411083556,1.2948626349464016,0.42413825263161736,0.7899045602498436,-1.1163118987067275,-2.1506840065693225,media-alta
0.44168676569613513,0.10458431778541437,0.7115353415948238,1.6882462570017616,0.8011625945131784,-0.12098923498669463,-0.07121136003203037,1.2142824544662703,-0.40141571870158954,-1.1105732389133942,-1.018490415098391,0.46496835283355087,media-baja
-1.753047207970901,-0.27659295765959346,-0.9349908221505855,-0.8724784452613094,-1.0202398359926674,-0.5301551661578422,-0.7856082640842469,-1.6584009796491208,1.5498936680859912,-0.8390764104615033,2.0139755767600502,0.46496835283355087,media-baja
0.11247666964607989,-0.42906386783759676,-0.47762244333241616,1.7593774987312911,-0.7994637838101408,1.242897202250464,1.924897636584457,1.6977635373468791,1.474843307055701,-0.11508486792312675,-0.43156151344837046,0.46496835283355087,media-alta
-0.21673342640397533,-0.5815347780156,0.528587990067556,0.19449018068163673,-1.296209901220826,0.4927596617700268,-0.2182930755721926,-1.4206894472328473,-0.17626463561071615,-1.5630679529998794,1.9161540931517136,0.46496835283355087,media-alta
0.7708968617461903,-0.27659295765959346,0.2541669627766547,-0.8724784452613094,-1.241015888175194,0.08359373059887917,-0.09222303368062497,-1.7268941330572032,-1.6022214951862566,-1.2010721817306913,1.6226896423267025,0.46496835283355087,alta
0.11247666964607989,-0.6577702331046015,0.7115353415948238,-0.7065055478924067,-0.9650458229470357,-0.12098923498669463,-0.42840981205813866,-1.4448635013768554,0.34908789160132403,0.24691090334606178,1.8183326095433772,0.46496835283355087,alta
-1.3141004132374934,-0.42906386783759676,-0.5690961190960501,1.7119566709116047,-0.9098518099014039,0.4927596617700268,0.6221738703715916,1.3351527251864448,0.8744404188133675,-0.7485774676442062,-1.018490415098391,0.46496835283355087,media-baja
-0.5459435224540315,-0.5815347780156,0.16269328701302077,1.1429067370753667,-1.0202398359926674,-1.5530699940857113,-0.8696549586786253,0.7549754257297588,-0.17626463561071615,-0.024585925105829624,-0.6272044806650434,0.46496835283355087,media-alta
1.3195803551629504,2.1629416051884567,-0.5690961190960501,-0.7302159618022499,3.7264452859316575,-1.4848756722238534,-1.7731569255681934,0.7146853354897156,-0.47646607973188293,0.15641196052876463,-0.6272044806650434,-2.1506840065693225,media-baja
0.44168676569613513,0.6382325034084255,-1.209411849441487,-0.8724784452613094,1.573878777152022,-0.4619608442959843,-1.3529234525963012,0.8516716423058807,0.9494907798436576,0.6089066746152493,-1.018490415098391,-2.1506840065693225,media-baja
-1.0946270158707905,0.6382325034084255,-1.3923592009687547,-0.825057617441623,1.0219386466957052,-1.3484870285001374,-2.046308682999923,0.44877073990540295,1.5498936680859912,2.0568897596920026,-0.333740029840034,-2.1506840065693225,alta
0.3319500670127837,-0.5815347780156,0.437114314303922,-0.7776367896219364,-1.075433849038299,-0.2573778787104105,0.34902211293986174,-1.5455887269769637,0.4991886136619074,-0.296082753557721,2.0139755767600502,0.46496835283355087,alta
1.8682638485797094,1.0194097788534333,1.077430044649359,-0.919899273080996,1.4082967380151268,-1.2802927066382794,-2.1303553775943014,0.4527997489293894,-0.026163913550132773,2.1473887025092995,-0.2359185462316975,-2.1506840065693225,media-alta
0.5514234643794865,0.180819772874416,0.7115353415948238,0.5501463893292855,-0.5786877316276139,0.9701199148030323,1.9459093102330516,0.8516716423058807,-0.7766675238530497,0.15641196052876463,-1.2141333823150657,0.46496835283355087,media-alta
1.209843656479597,0.180819772874416,0.6200616658311898,-0.6590847200727202,1.6290727901976536,-1.2802927066382794,-1.3739351262448958,1.3754428154264882,0.6492893357224908,-0.38658169637501816,-1.4097763495317386,-2.1506840065693225,media-alta
1.209843656479597,0.4095261381414205,0.437114314303922,-1.014740928720369,-0.9098518099014039,-0.9393210973289898,-0.6175148748954901,-1.5254436818569421,-1.30202005106509,-1.7440658386344736,1.2314037078933548,0.46496835283355087,alta
-0.8751536185040868,-0.12412204748159057,-0.6605697948596839,0.31304225023085297,-0.5786877316276139,0.4927596617700268,0.39104546023705095,0.24732028870514175,0.048886447480160584,-0.38658169637501816,-0.9206689314900546,0.46496835283355087,media-baja
-0.43620682377067915,-0.12412204748159057,1.7177457749947957,1.6171150152722318,-0.3027176663994556,0.4927596617700268,0.09688202915672646,1.2142824544662703,-1.30202005106509,0.15641196052876463,-1.5075978331400752,0.46496835283355087,media-alta
-0.21673342640397533,-0.5052993229265984,-0.38614876756878225,0.8939473910220128,-0.6338817446732457,0.42456533990816886,0.11789370280532106,-0.3167409746555091,0.42413825263161736,-1.5630679529998794,0.8401177734600089,0.46496835283355087,alta
-0.21673342640397533,-0.20035750257059223,-0.11172774027788097,0.6924088727883448,-1.3514039142664576,0.28817669618445296,-0.2182930755721926,-1.1870069238405605,-1.6022214951862566,-1.2915711245479884,1.8183326095433772,0.46496835283355087,media-alta
1.758527149896356,-0.12412204748159057,2.5410088568675,-0.8487680313514662,-0.24752365335382384,-1.4166813503619953,-1.100783368813166,-0.26436385734346174,-1.1519193290045064,0.42790878898065604,0.3510103554183248,0.46496835283355087,baja
0.5514234643794865,-0.20035750257059223,0.985956368885725,-0.9436096869908392,-0.8546577968557721,-0.8711267754671319,-0.7645965904356523,-1.4448635013768554,-1.6772718562165467,-1.1105732389133942,0.8401177734600089,0.46496835283355087,media-baja
-0.8751536185040868,-0.42906386783759676,-0.9349908221505855,-0.30342851142507143,-1.130627862083931,-0.4619608442959843,0.05485868185953725,-1.1628328696965078,-1.1519193290045064,-1.5630679529998794,0.2531888718099866,0.46496835283355087,media-alta
-1.3141004132374934,-0.9627120534606078,-0.47762244333241616,0.5027255615095991,-0.9098518099014039,0.1517880524607371,0.012835334562348047,0.24732028870514175,2.0752461952980346,-0.8390764104615033,-0.333740029840034,0.46496835283355087,media-alta
0.11247666964607989,-0.8864765983716062,-0.5690961190960501,-0.18487644187585517,-0.35791167944508734,0.015399408737021234,-0.2813280965179764,0.20703019846509846,0.12393680851045061,-1.3820700673652857,-1.018490415098391,0.46496835283355087,media-baja
1.1001069577962457,0.10458431778541437,0.437114314303922,0.5027255615095991,-0.7442697707645091,0.3563710180463109,0.70622056496597,0.6179891189135938,-0.17626463561071615,0.24691090334606178,0.15536738820165014,0.46496835283355087,media-alta
-0.10699672772062392,0.25705522796341723,-1.3008855252051206,-0.9910305148105255,-0.08194161421692865,-1.6212643159475693,-0.07121136003203037,-0.5705685431678176,-0.6265668017924663,-1.3820700673652857,-0.7250259642733816,0.46496835283355087,media-alta
-0.9848903171874382,-0.42906386783759676,0.528587990067556,0.43159431978006924,-0.1923296403081921,1.5838688115597537,1.651745879152727,0.3399874962572324,-0.17626463561071615,-0.296082753557721,-0.9206689314900546,0.46496835283355087,media-alta
-1.6433105092875497,-0.5052993229265984,-0.47762244333241616,-0.3982701670644444,-0.7442697707645091,-0.8711267754671319,-0.1552580546264088,-1.6060238623370733,1.5498936680859912,-0.11508486792312675,2.1117970603683864,0.46496835283355087,media-alta
1.3195803551629504,-0.3528284127485951,0.2541669627766547,1.16661715098521,-0.13713562726256037,1.311091524112322,-0.09222303368062497,1.1175862378901933,-0.2513149966410062,-0.024585925105829624,-0.1380970626233593,0.46496835283355087,media-baja
-0.10699672772062392,-1.0389475085496094,0.528587990067556,-0.8961888591711527,-0.41310569249071905,-1.0075154191908477,-0.38638646476094946,-0.8969182741121952,-0.2513149966410062,-0.11508486792312675,0.3510103554183248,0.46496835283355087,media-baja
0.5514234643794865,-0.5052993229265984,0.2541669627766547,-0.9436096869908392,0.30441647710249314,0.21998237432259504,1.126454037937862,-0.018594306879170814,-0.8517178848833398,-0.024585925105829624,-0.9206689314900546,0.46496835283355087,media-baja
0.11247666964607989,-0.8102411432826048,0.437114314303922,2.4706899160265885,-0.3027176663994556,2.5385893176257652,1.2735357534780243,1.9475620968351566,0.27403753057103397,2.237887645326597,-1.018490415098391,0.46496835283355087,media-baja
-1.5335738106041972,-0.8102411432826048,-0.5690961190960501,-0.9910305148105255,-0.8546577968557721,-0.32557220057226843,-0.8696549586786253,-1.68660404281716,0.7243396967527841,0.06591301771146751,0.9379392570683454,0.46496835283355087,media-alta
0.9903702591128941,1.0194097788534333,-0.2946750918051483,1.3088796344442697,0.02844641187433444,-0.39376652243412635,0.7272322386145645,0.5293509203854896,-1.1519193290045064,-0.38658169637501816,0.9379392570683454,0.46496835283355087,alta
0.661160163062839,-1.0389475085496094,-0.11172774027788097,-0.9673201009006824,-0.24752365335382384,1.242897202250464,1.609722531855538,-0.10320349638328857,-1.3770704120953832,-1.2010721817306913,-1.1163118987067275,0.46496835283355087,media-baja
-0.32647012508732776,-1.1914184187276127,0.437114314303922,-0.9436096869908392,-0.9098518099014039,0.08359373059887917,-0.5124565066525171,-1.5335016999049598,-1.4521207731256733,0.6089066746152493,0.8401177734600089,0.46496835283355087,media-alta
-1.204363714554142,-0.42906386783759676,-0.2032014160415149,-1.014740928720369,-1.0202398359926674,-0.2573778787104105,-0.5544798539497062,-1.9283445842574196,1.2496922239648243,-0.6580785248269091,1.8183326095433772,0.46496835283355087,media-alta
0.9903702591128941,1.0194097788534333,-0.7520434706233177,-0.7302159618022499,2.401788972836497,-1.0075154191908477,-1.9622619884055448,0.730801371585706,-0.026163913550132773,-0.2055838107404239,-0.2359185462316975,-2.1506840065693225,media-alta
2.1974739446297638,1.1718806890314362,1.626272099231162,-0.6353743061628769,2.401788972836497,0.4927596617700268,-0.34436311746376025,1.5366031763866614,-1.001818606943923,0.6994056174325465,-1.3119548659234022,-2.1506840065693225,media-baja
-0.21673342640397533,-0.6577702331046015,0.2541669627766547,-0.30342851142507143,-0.1923296403081921,-0.4619608442959843,0.11789370280532106,0.0055797472648372705,-0.1012142745804228,0.06591301771146751,-0.7250259642733816,0.46496835283355087,media-alta
0.44168676569613513,0.4857615932304222,0.16269328701302077,-0.06632437232663893,-0.3027176663994556,-0.0527949131248367,0.1809287237511049,-0.07500043321524931,0.7993900577830741,-0.6580785248269091,0.4488318390266613,0.46496835283355087,media-alta
-0.655680221137383,-1.2676538738166143,1.1689037204129928,1.735667084821448,0.08364042491996618,2.3340063520401912,0.7482439122631592,1.0047739852180362,0.34908789160132403,1.6948939884228138,-0.1380970626233593,0.46496835283355087,alta
-1.3141004132374934,-0.5815347780156,0.2541669627766547,-0.7776367896219364,-0.7442697707645091,0.6291483054937427,-0.30233977016657104,-1.9766926925454806,-0.17626463561071615,-0.11508486792312675,1.8183326095433772,0.46496835283355087,media-alta
-0.21673342640397533,-0.5052993229265984,0.2541669627766547,-0.9436096869908392,-0.8546577968557721,-0.2573778787104105,-0.8486432850300307,-1.585878817217007,-0.2513149966410062,-0.6580785248269091,1.720511125935039,0.46496835283355087,media-alta
0.661160163062839,-0.6577702331046015,-0.020254064514247064,1.285169220534426,-0.6890757577188773,1.9248404208690433,1.336570774423808,1.0128320032660538,-0.7016171628227563,0.3374098461633589,-0.9206689314900546,0.46496835283355087,media-alta
0.11247666964607989,0.180819772874416,-0.2946750918051483,1.2140379788048967,3.1745051554753405,0.8337312710793164,1.3575824480724028,1.2062244364182975,-1.9024229393074235,0.5184077317979522,-1.018490415098391,0.46496835283355087,media-baja
1.3195803551629504,2.2391770602774583,-0.11172774027788097,-0.7539263757120932,1.8498488423801807,-1.3484870285001374,-1.521016841785058,1.1337022739861837,1.3997929460254077,0.8804035030671407,-0.2359185462316975,-2.1506840065693225,media-alta
-1.204363714554142,0.86693886867543,0.2541669627766547,0.5501463893292855,-0.3027176663994556,-0.39376652243412635,-0.09222303368062497,-0.8727442199681871,-1.3770704120953832,-1.2915711245479884,0.5466533226349978,0.46496835283355087,media-alta
-1.6433105092875497,0.10458431778541437,-0.2946750918051483,-0.9673201009006824,-1.075433849038299,0.1517880524607371,-0.5334681803011116,-1.2595290862726294,2.0752461952980346,0.6089066746152493,0.4488318390266613,0.46496835283355087,media-alta
0.5514234643794865,-0.8102411432826048,0.3456406385402881,-0.9673201009006824,-0.5234937185819821,-1.6212643159475693,-0.34436311746376025,-1.2031229599365958,-1.1519193290045064,-0.5675795820096119,0.8401177734600089,0.46496835283355087,baja
-0.9848903171874382,-0.5052993229265984,0.6200616658311898,0.6212776310588154,-0.3027176663994556,1.5838688115597537,1.7988275946928893,0.5374089384335071,-0.32636535767129954,-0.4770806391923148,-1.3119548659234022,0.46496835283355087,media-baja
0.3319500670127837,-0.27659295765959346,1.7177457749947957,1.6171150152722318,-0.08194161421692865,1.1747028803886062,-0.008176339086246558,1.1739923642262269,-1.5271711341559666,-0.6580785248269091,-1.4097763495317386,0.46496835283355087,media-baja
1.6487904512130047,-0.8864765983716062,0.985956368885725,-0.8961888591711527,-0.5234937185819821,0.28817669618445296,0.05485868185953725,-0.7599319672960301,-0.7766675238530497,-0.2055838107404239,0.9379392570683454,0.46496835283355087,alta
-0.8751536185040868,0.4095261381414205,-0.2946750918051483,0.24191100850132327,-0.9098518099014039,0.9701199148030323,0.6221738703715916,-0.921092328256248,0.5742389746922008,-0.4770806391923148,1.1335822242850184,0.46496835283355087,alta
3.843524424880041,1.400587054298441,1.2603773961766267,-0.6353743061628769,3.781639298977289,0.21998237432259504,-1.1428067161103552,1.0853541656981227,0.12393680851045061,1.8758918740574082,0.4488318390266613,-2.1506840065693225,media-alta
0.2222133683294313,-0.5052993229265984,0.437114314303922,-0.7539263757120932,-0.9098518099014039,-0.0527949131248367,1.1474657115864566,-1.4247184562568338,0.27403753057103397,-1.0200742960960971,1.4270466751100295,0.46496835283355087,alta
2.6364207393631713,3.192120248889978,-1.9412012555505576,-0.7539263757120932,1.573878777152022,-1.6894586378094272,-1.9202386411083556,1.6977635373468791,0.12393680851045061,0.42790878898065604,-0.333740029840034,-2.1506840065693225,media-alta
1.8682638485797094,-0.12412204748159057,0.6200616658311898,-0.7065055478924067,0.5251925292850197,-0.802932453605274,-1.0587600215159767,0.4205676767373637,1.3247425849951178,1.8758918740574082,1.329225191501693,-2.1506840065693225,media-alta
-0.21673342640397533,-0.5052993229265984,0.3456406385402881,0.9295130118867774,-0.9098518099014039,0.7655369492174585,0.5801505230744024,0.12645001798501188,-0.026163913550132773,-1.3820700673652857,1.0357607406766818,0.46496835283355087,media-alta
-1.204363714554142,-0.27659295765959346,0.3456406385402881,-0.8013472035317797,-0.7442697707645091,-1.0075154191908477,-0.05019968638343576,-0.4376112453756837,-0.40141571870158954,1.6043950456055167,0.15536738820165014,0.46496835283355087,media-baja
-0.655680221137383,0.3332906830524189,-0.2946750918051483,-0.49311182270381737,-0.7442697707645091,-0.12098923498669463,-0.07121136003203037,-1.4448635013768554,0.27403753057103397,1.2423992743363292,1.9161540931517136,0.46496835283355087,alta
-0.43620682377067915,-0.047886592392588925,1.1689037204129928,0.3367526641406964,0.19402845101122965,-0.12098923498669463,0.7902672595603484,0.32790046918522836,-1.30202005106509,-0.6580785248269091,-0.822847447881718,0.46496835283355087,media-baja
0.2222133683294313,-0.42906386783759676,0.437114314303922,-0.01890354450695239,-0.5786877316276139,0.015399408737021234,0.39104546023705095,-0.5181914258557703,-0.40141571870158954,0.6994056174325465,0.5466533226349978,0.46496835283355087,media-alta
-0.21673342640397533,-0.7340056881936031,0.07121961124938686,0.953223425796621,-0.5786877316276139,-0.5983494880197001,-0.2603164228693818,0.5696410106255329,0.9494907798436576,0.24691090334606178,0.2531888718099866,0.46496835283355087,alta
-0.655680221137383,-0.12412204748159057,-0.38614876756878225,-0.30342851142507143,-0.6890757577188773,0.42456533990816886,-0.5334681803011116,-1.662429988673107,-0.1012142745804228,0.7899045602498436,2.1117970603683864,0.46496835283355087,alta
0.3319500670127837,-0.5052993229265984,0.437114314303922,-0.7657815826670148,-0.026747601171296913,0.015399408737021234,-0.47043315935532787,-0.9613824184962912,-0.17626463561071615,-0.6580785248269091,0.3510103554183248,0.46496835283355087,media-alta
0.9903702591128941,-0.27659295765959346,0.07121961124938686,0.5501463893292855,-0.3027176663994556,2.061229064592759,1.714780900098511,0.4205676767373637,-0.8517178848833398,0.3374098461633589,-0.333740029840034,0.46496835283355087,media-alta
-0.8751536185040868,-0.42906386783759676,1.626272099231162,-0.8961888591711527,0.08364042491996618,0.21998237432259504,0.2439637446968887,-0.8002220575361181,-1.6772718562165467,0.8804035030671407,-0.6272044806650434,0.46496835283355087,media-alta
-0.9848903171874382,-0.27659295765959346,-0.38614876756878225,1.1903275648950535,-1.130627862083931,-0.32557220057226843,-0.30233977016657104,-0.2039287219833968,-0.1012142745804228,-1.3820700673652857,0.2531888718099866,0.46496835283355087,media-alta
2.52668404067982,-0.27659295765959346,-0.11172774027788097,-0.8724784452613094,-0.3027176663994556,0.3563710180463109,0.34902211293986174,0.38430659552130686,-0.7766675238530497,-0.2055838107404239,-1.1163118987067275,0.46496835283355087,media-baja
0.11247666964607989,-0.5815347780156,-0.38614876756878225,1.451142117903329,-0.9098518099014039,0.6291483054937427,1.0844306906406729,1.347239752258449,-0.1012142745804228,-0.6580785248269091,-1.4097763495317386,0.46496835283355087,media-baja
2.1974739446297638,1.5530579644764444,0.16269328701302077,-0.9436096869908392,1.077132659741337,-1.4848756722238534,-1.9412503147569502,1.3754428154264882,0.19898716954074397,0.7899045602498436,-1.1163118987067275,-2.1506840065693225,media-baja
-0.8751536185040868,-0.8102411432826048,2.449535181103866,1.1191963231655235,1.6842668032432853,0.21998237432259504,0.07587035550813186,0.730801371585706,-1.9774733003377134,-0.4770806391923148,-1.5075978331400752,0.46496835283355087,media-baja
-0.8751536185040868,0.25705522796341723,-0.11172774027788097,0.09964852504226386,-0.8546577968557721,-1.5530699940857113,-0.5334681803011116,-0.6793517868159434,0.42413825263161736,-0.9295753532788005,0.5466533226349978,0.46496835283355087,alta
2.307210643313115,-0.9627120534606078,0.985956368885725,-0.7776367896219364,-0.1923296403081921,-1.0075154191908477,-0.38638646476094946,0.3158134421132243,-0.926768245913633,1.3328982171536263,-0.43156151344837046,0.46496835283355087,baja
0.11247666964607989,-0.3528284127485951,-0.38614876756878225,-0.6827951339825634,-0.13713562726256037,-0.0527949131248367,0.5591388494258077,-0.3167409746555091,-0.8517178848833398,-0.024585925105829624,-1.2141333823150657,0.46496835283355087,media-alta
-1.5335738106041972,-0.20035750257059223,-1.3923592009687547,0.6212776310588154,-0.35791167944508734,1.1747028803886062,1.5676991845583488,0.29566839699320263,-0.026163913550132773,-1.3820700673652857,-1.018490415098391,0.46496835283355087,media-baja
-0.21673342640397533,-0.27659295765959346,0.8030090173584576,0.6924088727883448,-0.7994637838101408,-1.0757097410527057,-0.5754915275983009,0.0055797472648372705,-0.32636535767129954,-1.6535668958171765,-0.2359185462316975,0.46496835283355087,media-baja
0.5514234643794865,1.7817643297434493,-0.9349908221505855,-0.7302159618022499,1.132326672786968,-1.6212643159475693,-1.9832736620541394,0.8113815520657925,0.4991886136619074,0.3374098461633589,-0.7250259642733816,-2.1506840065693225,media-baja
-0.7654169198207343,-0.6958879606491023,1.534798423467528,-0.7302159618022499,3.5608632467947627,-0.12098923498669463,-0.38638646476094946,-1.0419625989763779,0.19898716954074397,0.6089066746152493,1.6226896423267025,0.46496835283355087,media-alta
-1.4238371119208457,0.180819772874416,-1.3923592009687547,0.40788390587022605,-0.7442697707645091,-0.32557220057226843,-0.1342463809778142,0.20703019846509846,1.8500951122071578,-0.5675795820096119,-0.43156151344837046,0.46496835283355087,alta
0.2222133683294313,-0.27659295765959346,0.437114314303922,1.7593774987312911,-0.5786877316276139,0.4927596617700268,0.3700337865884563,1.4560229959065747,0.6492893357224908,2.5093844737784883,-0.822847447881718,0.46496835283355087,media-alta
1.3195803551629504,-0.42906386783759676,-0.020254064514247064,-0.7776367896219364,-1.1858218751295624,-1.1439040629145636,0.39104546023705095,-1.4569505284488595,-1.9774733003377134,2.3283865881438937,1.720511125935039,0.46496835283355087,media-alta
0.5514234643794865,-0.20035750257059223,-0.47762244333241616,0.28933183632100984,-0.4682997055363504,0.08359373059887917,0.7902672595603484,0.0055797472648372705,-0.551516440762173,-0.38658169637501816,0.2531888718099866,0.46496835283355087,media-baja
0.5514234643794865,2.506001153088964,-2.5815169858959943,-0.8013472035317797,1.9602368684714433,-1.1439040629145636,-1.3739351262448958,1.0128320032660538,1.1746418629345343,-0.4770806391923148,-0.1380970626233593,-2.1506840065693225,media-baja
0.7708968617461903,2.0104706950104534,-1.666780228259656,-0.7539263757120932,2.84334107720155,-0.9393210973289898,-1.8151802728653825,0.0055797472648372705,0.19898716954074397,0.15641196052876463,0.7422962898516707,-2.1506840065693225,media-alta
2.9656308354132275,0.3332906830524189,1.2603773961766267,-0.8724784452613094,-0.4682997055363504,-1.3484870285001374,0.03384700821094265,0.0055797472648372705,-2.1275740223982966,-0.4770806391923148,0.3510103554183248,0.46496835283355087,media-baja
0.661160163062839,1.857999784832451,-2.1241486070778253,-0.6590847200727202,3.505669233749131,-1.1439040629145636,-1.6050635363794366,1.0934121837461404,0.19898716954074397,1.3328982171536263,-0.822847447881718,-2.1506840065693225,media-alta
-0.21673342640397533,0.25705522796341723,0.7115353415948238,-0.6827951339825634,-0.13713562726256037,-0.39376652243412635,0.7272322386145645,-1.2313260231045902,-0.1012142745804228,0.24691090334606178,0.6444748062433342,0.46496835283355087,alta
0.44168676569613513,-0.9627120534606078,0.8030090173584576,0.43159431978006924,0.30441647710249314,1.311091524112322,-0.2603164228693818,0.40848064966531494,-1.1519193290045064,0.06591301771146751,-0.5293829970567069,0.46496835283355087,media-alta
-1.3141004132374934,-1.0389475085496094,-0.2032014160415149,-0.161166027966012,-1.0202398359926674,2.5385893176257652,0.3069987656426725,-1.1265717884804956,-0.026163913550132773,-1.2010721817306913,0.8401177734600089,0.46496835283355087,media-alta
2.1974739446297638,0.6382325034084255,2.358061505340232,-0.161166027966012,1.6290727901976536,-1.6894586378094272,-2.151367051242896,0.8597296603538535,0.4991886136619074,0.5184077317979522,2.0139755767600502,-2.1506840065693225,media-alta
-0.43620682377067915,-1.0389475085496094,-0.2946750918051483,1.16661715098521,-0.6338817446732457,-0.12098923498669463,-0.1552580546264088,0.12242100896098071,-0.7766675238530497,-0.5675795820096119,0.4488318390266613,0.46496835283355087,alta
-0.8751536185040868,-0.5815347780156,0.528587990067556,-0.825057617441623,-1.075433849038299,-1.6894586378094272,-1.2898884316505175,-1.8880544940173765,0.6492893357224908,-1.5630679529998794,1.720511125935039,0.46496835283355087,baja
0.0027399709627274923,-0.047886592392588925,1.4433247477038942,1.9727712239198807,0.30441647710249314,1.5838688115597537,1.5676991845583488,1.3754428154264882,-0.8517178848833398,-0.2055838107404239,-1.1163118987067275,0.46496835283355087,media-baja
-1.753047207970901,-1.1914184187276127,-0.47762244333241616,-0.8961888591711527,-1.0202398359926674,0.28817669618445296,-0.47043315935532787,-1.4609795374728907,1.6249440291162844,2.3283865881438937,1.524868158718366,0.46496835283355087,media-alta
-0.43620682377067915,-0.42906386783759676,1.626272099231162,0.7161192866981885,-0.1923296403081921,1.5838688115597537,1.441629142666781,0.40848064966531494,0.12393680851045061,-1.0200742960960971,-0.1380970626233593,0.46496835283355087,media-alta
-0.32647012508732776,-0.9627120534606078,2.449535181103866,2.11503370737894,-0.6890757577188773,1.37928584597418,0.8743139541547268,1.2545725447063583,-0.7016171628227563,-0.296082753557721,-0.822847447881718,0.46496835283355087,media-alta
0.0027399709627274923,-0.42906386783759676,0.07121961124938686,0.1470693528619504,-0.7442697707645091,0.5609539836318848,-0.5334681803011116,-0.39732115513564037,0.7243396967527841,-1.0200742960960971,1.1335822242850184,0.46496835283355087,media-alta
-0.655680221137383,1.095645233942435,-0.020254064514247064,-0.06632437232663893,-1.296209901220826,-1.0757097410527057,-1.0587600215159767,-1.1023977343364428,0.34908789160132403,0.7899045602498436,1.0357607406766818,0.46496835283355087,alta
0.8806335604295428,0.7144679584974267,0.528587990067556,-0.18487644187585517,-1.130627862083931,0.6291483054937427,-0.1762697282750034,-0.9613824184962912,-0.32636535767129954,0.24691090334606178,1.9161540931517136,0.46496835283355087,alta
1.8682638485797094,0.7907034135864284,-0.9349908221505855,-0.6590847200727202,2.2914009467452336,0.1517880524607371,-0.722573243138463,1.5486902034586654,-0.17626463561071615,0.06591301771146751,-1.2141333823150657,-2.1506840065693225,media-baja
1.209843656479597,0.3332906830524189,-0.2032014160415149,0.5501463893292855,-0.8546577968557721,0.42456533990816886,-0.008176339086246558,-0.1958707039353792,-0.40141571870158954,-1.5630679529998794,1.524868158718366,0.46496835283355087,media-baja
0.11247666964607989,0.3332906830524189,0.437114314303922,0.09964852504226386,-0.6890757577188773,-0.32557220057226843,-0.5124565066525171,-1.2031229599365958,-2.1275740223982966,0.6994056174325465,2.0139755767600502,0.46496835283355087,alta
1.5390537525296533,-1.1914184187276127,0.3456406385402881,-0.8724784452613094,-0.6338817446732457,-0.4619608442959843,0.5171155021286186,-0.35703106489555236,-1.9024229393074235,-1.3820700673652857,-0.43156151344837046,0.46496835283355087,media-baja
0.9903702591128941,-0.7340056881936031,-0.020254064514247064,0.07593811113242048,-0.08194161421692865,-0.4619608442959843,-0.5334681803011116,-0.5584815160958135,-0.8517178848833398,-0.8390764104615033,0.4488318390266613,0.46496835283355087,media-baja
1.9780005472630608,-0.047886592392588925,0.437114314303922,-0.6353743061628769,0.30441647710249314,-1.4166813503619953,-1.7521452519195988,0.4971188481934191,1.3997929460254077,1.6043950456055167,1.329225191501693,-2.1506840065693225,media-baja
-1.3141004132374934,0.028348862696412718,0.7115353415948238,-0.46940140879397424,3.505669233749131,-0.4619608442959843,0.3700337865884563,-0.39732115513564037,-0.926768245913633,-0.5675795820096119,-1.2141333823150657,0.46496835283355087,media-alta
-0.10699672772062392,-0.6577702331046015,0.16269328701302077,-1.014740928720369,-0.41310569249071905,1.0383142366648903,-0.2603164228693818,-1.2917611584647,-1.30202005106509,1.2423992743363292,0.3510103554183248,0.46496835283355087,media-alta
-1.0946270158707905,0.028348862696412718,0.16269328701302077,1.285169220534426,-0.7994637838101408,-0.2573778787104105,-0.5124565066525171,0.3319294782092595,0.9494907798436576,0.06591301771146751,-0.2359185462316975,0.46496835283355087,media-alta
-1.4238371119208457,0.028348862696412718,-0.020254064514247064,-0.6116638922530336,-0.08194161421692865,-0.39376652243412635,0.6431855440201861,-1.497240618688903,1.6999943901465744,1.9663908168747053,1.720511125935039,0.46496835283355087,alta
3.843524424880041,-0.047886592392588925,1.626272099231162,-0.7302159618022499,0.6907745684219149,-0.8711267754671319,-1.731133578271004,1.2948626349464016,-0.551516440762173,-0.024585925105829624,-0.6272044806650434,-2.1506840065693225,media-alta
0.9903702591128941,1.5530579644764444,-0.5690961190960501,-0.7776367896219364,1.51868476410639,-0.802932453605274,-1.3319117789477066,0.6985692993936803,0.6492893357224908,-0.296082753557721,-0.2359185462316975,-2.1506840065693225,media-baja
-1.204363714554142,-1.115182963638611,-0.2032014160415149,-0.06632437232663893,-1.241015888175194,-0.39376652243412635,-0.30233977016657104,-1.4609795374728907,-0.551516440762173,-1.5630679529998794,1.8183326095433772,0.46496835283355087,media-alta
-0.9848903171874382,-0.20035750257059223,-0.2032014160415149,0.07593811113242048,-0.24752365335382384,0.28817669618445296,1.1684773852350512,-0.5061043987837662,0.27403753057103397,-0.024585925105829624,0.0901530625353761,0.46496835283355087,media-baja
2.1974739446297638,-0.3528284127485951,1.2603773961766267,1.2614588066245829,-0.8546577968557721,-0.18918355684855256,0.03384700821094265,1.053122093506097,-0.1012142745804228,-0.4770806391923148,-0.040275579015022815,0.46496835283355087,alta
0.11247666964607989,0.4857615932304222,-0.020254064514247064,-0.7776367896219364,0.30441647710249314,-1.0757097410527057,-1.9622619884055448,0.1345080360330295,0.12393680851045061,2.237887645326597,0.8401177734600089,-2.1506840065693225,alta
-0.32647012508732776,-0.5052993229265984,-0.6605697948596839,-0.8724784452613094,-0.3027176663994556,0.5609539836318848,0.8743139541547268,-0.1475225956473183,2.375447639419198,0.6089066746152493,0.3510103554183248,0.46496835283355087,media-baja
-0.8751536185040868,-0.27659295765959346,-0.2032014160415149,0.3604630780505395,0.02844641187433444,0.6291483054937427,0.43306880753424015,-0.2603348483194753,1.6249440291162844,0.6994056174325465,0.5466533226349978,0.46496835283355087,media-alta
0.0027399709627274923,-0.8864765983716062,-0.020254064514247064,0.5027255615095991,0.1388344379655979,0.08359373059887917,1.8618626156386733,0.5978440737935721,0.7243396967527841,0.6994056174325465,-0.040275579015022815,0.46496835283355087,media-alta
0.2222133683294313,0.028348862696412718,0.2541669627766547,0.31304225023085297,-1.0202398359926674,-0.4619608442959843,-0.2182930755721926,0.2674653338251634,0.048886447480160584,-0.4770806391923148,-0.6272044806650434,0.46496835283355087,media-alta
0.9903702591128941,2.086706150099455,-2.398569634368727,-0.7776367896219364,2.1258189076083385,-1.2802927066382794,-1.8992269674597608,1.1941374093462487,1.099591501904241,0.8804035030671407,-0.43156151344837046,-2.1506840065693225,media-baja
0.11247666964607989,-0.9627120534606078,0.7115353415948238,-0.9673201009006824,-0.7994637838101408,0.08359373059887917,-0.7856082640842469,-1.0419625989763779,-0.40141571870158954,-0.11508486792312675,0.05754590459331366,0.46496835283355087,media-baja
0.8806335604295428,-0.8864765983716062,0.2541669627766547,-0.9673201009006824,-0.5786877316276139,-0.12098923498669463,-0.09222303368062497,-0.47790133561572695,-0.551516440762173,-0.9295753532788005,0.15536738820165014,0.46496835283355087,media-alta
0.2222133683294313,0.3332906830524189,2.815429884158402,0.43159431978006924,-0.9650458229470357,1.1747028803886062,1.3155591007752134,0.1345080360330295,-0.551516440762173,0.9709024458844379,0.15536738820165014,0.46496835283355087,media-alta
-0.8751536185040868,-0.5052993229265984,-0.7520434706233177,2.281006604747843,-0.6338817446732457,1.1065085585267482,0.4120571338856455,1.0732671386261188,-0.551516440762173,-1.4725690101825828,-0.7250259642733816,0.46496835283355087,media-alta
0.7708968617461903,-0.3528284127485951,-0.2946750918051483,-0.825057617441623,-0.026747601171296913,-0.6665438098815581,0.09688202915672646,-0.39732115513564037,-0.47646607973188293,-0.6580785248269091,-0.5293829970567069,0.46496835283355087,media-baja
-0.10699672772062392,-0.8864765983716062,0.2541669627766547,0.09964852504226386,-0.8546577968557721,0.08359373059887917,-0.8276316113814361,-0.6390616965759002,-0.17626463561071615,-0.4770806391923148,1.0357607406766818,0.46496835283355087,media-alta
3.843524424880041,0.3332906830524189,2.358061505340232,-0.7065055478924067,2.015430881517075,-1.6894586378094272,-2.151367051242896,0.9564258769299753,-0.551516440762173,1.8758918740574082,0.6444748062433342,-2.1506840065693225,alta
-1.3141004132374934,0.180819772874416,-0.5690961190960501,-0.7776367896219364,-0.4682997055363504,-1.2802927066382794,-0.2603164228693818,-1.6301979164810814,-1.4521207731256733,0.24691090334606178,0.9379392570683454,0.46496835283355087,media-alta
0.0027399709627274923,-0.27659295765959346,-1.117938173677853,0.597567217148972,-0.5786877316276139,1.1747028803886062,1.2945474271266189,0.5656120016015017,-0.40141571870158954,-0.11508486792312675,-1.018490415098391,0.46496835283355087,media-baja
-0.9848903171874382,0.4857615932304222,0.985956368885725,-0.6590847200727202,-0.6890757577188773,0.21998237432259504,-0.11323470732921957,-1.2353550321286213,1.099591501904241,0.6994056174325465,1.1335822242850184,0.46496835283355087,alta
-1.204363714554142,0.180819772874416,-0.2032014160415149,0.19449018068163673,-0.24752365335382384,-0.12098923498669463,0.2439637446968887,0.09421794579294146,2.0001958342677413,0.5184077317979522,0.2531888718099866,0.46496835283355087,media-alta
-0.5459435224540315,-0.9627120534606078,1.077430044649359,1.3325900483541129,-0.3027176663994556,1.5156744896978958,0.6641972176687808,1.262630562754331,2.300397278388908,2.3283865881438937,-0.040275579015022815,0.46496835283355087,media-alta
-1.5335738106041972,-1.2676538738166143,1.4433247477038942,1.451142117903329,-0.8546577968557721,1.242897202250464,0.11789370280532106,0.07004389164893338,-1.3770704120953832,-1.5630679529998794,0.05754590459331366,0.46496835283355087,alta
-0.43620682377067915,0.7144679584974267,-0.38614876756878225,-0.6353743061628769,-0.9650458229470357,-0.39376652243412635,-0.7856082640842469,-1.4206894472328473,-1.2269696900348,-1.5630679529998794,1.2314037078933548,0.46496835283355087,media-alta
-0.43620682377067915,-0.5815347780156,-0.2032014160415149,2.281006604747843,0.1388344379655979,1.6520631334216116,0.2859870919940779,1.6131543478427615,-1.3770704120953832,0.06591301771146751,-1.4097763495317386,0.46496835283355087,media-baja
-0.8751536185040868,-1.1914184187276127,0.8030090173584576,-0.8724784452613094,-0.9650458229470357,1.9248404208690433,0.5381271757772131,-1.2031229599365958,1.6999943901465744,0.15641196052876463,0.9379392570683454,0.46496835283355087,media-baja
-1.6433105092875497,-0.9627120534606078,1.3518510719402608,-0.9910305148105255,-1.0202398359926674,0.1517880524607371,-0.1552580546264088,-1.4045734111368122,1.099591501904241,-0.11508486792312675,-0.040275579015022815,0.46496835283355087,media-alta
-0.43620682377067915,-0.8102411432826048,0.2541669627766547,-0.8961888591711527,-0.8546577968557721,0.9701199148030323,0.012835334562348047,-1.9726636835214941,0.19898716954074397,-1.3820700673652857,2.1117970603683864,0.46496835283355087,alta
-0.5459435224540315,0.028348862696412718,0.2541669627766547,0.5738568032391288,-0.35791167944508734,2.1976177083164754,1.8828742892872679,0.3520745233292812,0.048886447480160584,-0.296082753557721,-0.7250259642733816,0.46496835283355087,media-alta
0.2222133683294313,-0.8102411432826048,1.626272099231162,-0.825057617441623,-0.6890757577188773,0.9019255929411744,0.6221738703715916,-1.2837031404166823,0.7993900577830741,-0.6580785248269091,2.1117970603683864,0.46496835283355087,alta
-1.5335738106041972,-0.5052993229265984,-0.47762244333241616,1.7119566709116047,-0.08194161421692865,1.481577328766967,-0.34436311746376025,1.0168610122900403,-1.001818606943923,-0.5675795820096119,-1.018490415098391,0.46496835283355087,media-alta
-0.32647012508732776,-1.0389475085496094,0.528587990067556,-0.8724784452613094,0.24922246405686138,1.1065085585267482,0.6641972176687808,-0.39732115513564037,-1.001818606943923,-0.5675795820096119,-1.3119548659234022,0.46496835283355087,media-baja
1.3195803551629504,3.0396493387119747,-1.4838328767323885,-0.825057617441623,2.1258189076083385,-1.4166813503619953,-1.4789934944878689,0.9725419130260105,0.12393680851045061,2.3283865881438937,-0.9206689314900546,-2.1506840065693225,media-baja
0.11247666964607989,-0.3528284127485951,-0.38614876756878225,-0.6827951339825634,-0.13713562726256037,-0.0527949131248367,0.5591388494258077,-0.3167409746555091,-0.8517178848833398,-0.024585925105829624,-1.2141333823150657,0.46496835283355087,media-alta
-1.4238371119208457,-0.6577702331046015,-0.9349908221505855,-0.8961888591711527,-0.35791167944508734,-0.6665438098815581,-0.2603164228693818,-1.2111809779845686,0.6492893357224908,0.5184077317979522,0.5466533226349978,0.46496835283355087,media-alta
1.8682638485797094,-0.6577702331046015,0.3456406385402881,1.285169220534426,-0.5786877316276139,-0.32557220057226843,1.2735357534780243,1.617183356866748,-2.1275740223982966,-0.2055838107404239,-1.3119548659234022,0.46496835283355087,media-alta
-0.9848903171874382,0.25705522796341723,-2.5815169858959943,-0.9673201009006824,0.7459685814675466,-0.12098923498669463,-0.05019968638343576,-0.39732115513564037,0.048886447480160584,0.24691090334606178,-1.3119548659234022,0.46496835283355087,media-baja
0.0027399709627274923,0.180819772874416,-1.0264644979142192,0.19449018068163673,0.6907745684219149,1.1065085585267482,0.8743139541547268,0.08615992774496858,-0.32636535767129954,-0.8390764104615033,-0.43156151344837046,0.46496835283355087,media-baja
-0.5459435224540315,0.10458431778541437,0.894482693122091,-0.7776367896219364,-1.296209901220826,-1.1439040629145636,-0.9116783059758146,-1.513356654784938,0.42413825263161736,1.061401388701735,1.9161540931517136,0.46496835283355087,media-alta
-0.655680221137383,-0.047886592392588925,2.723956208394768,1.8305087404608211,0.1388344379655979,0.015399408737021234,0.012835334562348047,1.0853541656981227,-0.926768245913633,-0.11508486792312675,-1.1163118987067275,0.46496835283355087,media-alta
-0.32647012508732776,-1.3438893289056157,0.3456406385402881,-0.8961888591711527,-0.1923296403081921,0.6291483054937427,-0.11323470732921957,-1.3199642216326943,-1.0768689679742165,1.8758918740574082,0.6444748062433342,0.46496835283355087,media-alta
0.0027399709627274923,-0.27659295765959346,-0.020254064514247064,-0.8961888591711527,0.1388344379655979,-0.7347381317434161,-0.5124565066525171,-1.4891826006409299,-0.47646607973188293,-0.11508486792312675,0.9379392570683454,0.46496835283355087,media-baja
0.8806335604295428,-0.047886592392588925,0.07121961124938686,-0.8013472035317797,0.85635660755881,-1.1439040629145636,-1.8151802728653825,-0.3006249385595186,1.474843307055701,0.42790878898065604,2.1117970603683864,-2.1506840065693225,media-alta
-0.10699672772062392,1.400587054298441,-1.5753065524960221,-0.825057617441623,1.51868476410639,-1.4166813503619953,-2.0883320302971122,0.7952655159698021,2.375447639419198,0.8804035030671407,-0.040275579015022815,-2.1506840065693225,media-baja
-0.9848903171874382,-0.7340056881936031,-0.38614876756878225,-0.8961888591711527,0.7459685814675466,-0.7347381317434161,0.2019403973996995,-0.2361607941754225,0.048886447480160584,-0.4770806391923148,-1.2141333823150657,0.46496835283355087,media-alta
0.8806335604295428,-1.0389475085496094,1.626272099231162,-0.01890354450695239,0.02844641187433444,0.3563710180463109,0.7272322386145645,0.3681905594252716,-0.2513149966410062,-0.296082753557721,0.15536738820165014,0.46496835283355087,media-alta
0.11247666964607989,-0.047886592392588925,1.7177457749947957,1.9016399821903507,0.30441647710249314,2.5385893176257652,1.5256758372611596,1.5366031763866614,-1.5271711341559666,-0.38658169637501816,-1.2141333823150657,0.46496835283355087,media-baja
-0.10699672772062392,-0.8864765983716062,0.2541669627766547,0.09964852504226386,-0.8546577968557721,0.08359373059887917,-0.8276316113814361,-0.6390616965759002,-0.17626463561071615,-0.4770806391923148,1.0357607406766818,0.46496835283355087,media-alta
-0.7654169198207343,0.028348862696412718,-0.47762244333241616,0.6212776310588154,-0.026747601171296913,1.5156744896978958,1.2105007325322406,0.3037264150412203,-0.551516440762173,-0.11508486792312675,-0.822847447881718,0.46496835283355087,media-baja
-0.43620682377067915,-0.047886592392588925,-0.020254064514247064,-0.0900347862364821,-1.075433849038299,-0.7347381317434161,0.601162196722997,-0.7196418770559867,1.099591501904241,2.7808813022303784,1.524868158718366,0.46496835283355087,alta
0.661160163062839,-0.047886592392588925,-0.7520434706233177,-0.7776367896219364,1.0219386466957052,-0.12098923498669463,0.2439637446968887,-0.22810277612740487,-0.7766675238530497,0.9709024458844379,-0.6272044806650434,0.46496835283355087,media-baja
-1.0946270158707905,-0.5052993229265984,-0.6605697948596839,1.6171150152722318,-0.24752365335382384,1.37928584597418,1.0424073433434837,1.4560229959065747,1.0245411408739509,-0.5675795820096119,-0.9206689314900546,0.46496835283355087,media-baja
0.44168676569613513,1.4768225093874428,-2.672990661659628,-0.8487680313514662,1.8498488423801807,-1.2120983847764215,-1.9202386411083556,0.40042263161734204,1.099591501904241,0.24691090334606178,0.05754590459331366,-2.1506840065693225,media-alta
-0.8751536185040868,-0.5052993229265984,-0.8435171463869515,-0.46940140879397424,-0.13713562726256037,0.6973426273556006,0.811278933208943,-0.735757913152022,-0.40141571870158954,-0.11508486792312675,0.05754590459331366,0.46496835283355087,media-alta
-1.6433105092875497,-1.0389475085496094,-0.020254064514247064,-0.8961888591711527,-0.6890757577188773,-1.0075154191908477,-0.8066199377328415,-0.8002220575361181,0.9494907798436576,0.6089066746152493,-0.333740029840034,0.46496835283355087,media-alta
1.8682638485797094,1.2481161441204378,0.894482693122091,-0.46940140879397424,2.2914009467452336,-0.32557220057226843,-1.4789934944878689,1.5366031763866614,0.7243396967527841,0.15641196052876463,0.05754590459331366,-2.1506840065693225,media-alta
-0.7654169198207343,0.25705522796341723,0.3456406385402881,0.07593811113242048,-0.9098518099014039,-1.4848756722238534,0.5381271757772131,0.00960875628886844,-0.32636535767129954,-0.11508486792312675,-0.6272044806650434,0.46496835283355087,baja
0.5514234643794865,-0.3528284127485951,0.07121961124938686,-0.9673201009006824,-0.41310569249071905,-0.5301551661578422,-1.0587600215159767,-0.8163380936321085,-1.1519193290045064,1.5138961027882205,0.05754590459331366,0.46496835283355087,media-baja
-1.0946270158707905,0.3332906830524189,0.16269328701302077,-0.9910305148105255,-0.026747601171296913,-0.4619608442959843,0.9793723223976999,-0.6793517868159434,-0.47646607973188293,2.418885530961191,-0.9206689314900546,0.46496835283355087,media-alta
0.9903702591128941,0.5619970483194239,-0.11172774027788097,-0.8013472035317797,1.2979087119238633,0.08359373059887917,-0.8066199377328415,1.1216152469141796,1.3247425849951178,0.8804035030671407,-1.4097763495317386,-2.1506840065693225,media-baja
-1.5335738106041972,0.028348862696412718,-1.209411849441487,-0.919899273080996,-1.1858218751295624,-0.32557220057226843,-0.38638646476094946,-1.5254436818569421,1.6999943901465744,-1.2915711245479884,0.5466533226349978,0.46496835283355087,media-alta
1.6487904512130047,-0.6577702331046015,1.3518510719402608,-1.014740928720369,0.19402845101122965,-1.4848756722238534,-1.0587600215159767,-0.11529052345529262,-1.9774733003377134,-0.2055838107404239,-1.3119548659234022,0.46496835283355087,media-alta
0.5514234643794865,-0.3528284127485951,0.985956368885725,-0.6353743061628769,-0.35791167944508734,-0.12098923498669463,-0.2603164228693818,-1.2837031404166823,0.7243396967527841,-0.024585925105829624,2.209618543976723,0.46496835283355087,media-alta
-0.8751536185040868,-0.20035750257059223,-0.7520434706233177,2.11503370737894,-0.7442697707645091,-0.4619608442959843,-0.49144483300392244,0.3601325413772988,-1.001818606943923,-1.2010721817306913,0.15536738820165014,0.46496835283355087,media-alta
-0.10699672772062392,-0.8864765983716062,-0.020254064514247064,0.6449880449686586,-0.026747601171296913,-0.12098923498669463,1.9038859629358624,0.6341051550095842,0.4991886136619074,0.5184077317979522,-0.040275579015022815,0.46496835283355087,media-alta
-0.43620682377067915,-0.047886592392588925,0.16269328701302077,-0.7776367896219364,-0.9650458229470357,-1.2802927066382794,-1.0167366742187876,-1.5093276457609517,0.5742389746922008,1.2423992743363292,2.0139755767600502,0.46496835283355087,media-alta
-1.4238371119208457,-0.9627120534606078,0.16269328701302077,-0.2560076836053849,-0.6890757577188773,1.242897202250464,0.2229520710482941,-1.3360802577287296,-0.40141571870158954,-0.8390764104615033,0.8401177734600089,0.46496835283355087,alta
0.3319500670127837,-0.6577702331046015,0.6200616658311898,0.7872505284277179,0.08364042491996618,0.6973426273556006,0.5801505230744024,0.38430659552130686,-1.1519193290045064,-0.4770806391923148,-0.1380970626233593,0.46496835283355087,media-baja
2.4169473419964684,-0.047886592392588925,1.626272099231162,-0.9436096869908392,-0.4682997055363504,0.21998237432259504,0.5171155021286186,0.16674010822505517,-0.7766675238530497,-0.4770806391923148,-0.6272044806650434,0.46496835283355087,media-baja
-0.10699672772062392,-1.2676538738166143,0.2541669627766547,-0.919899273080996,-0.6338817446732457,-0.6665438098815581,1.1474657115864566,-0.6793517868159434,0.7993900577830741,0.9709024458844379,0.3510103554183248,0.46496835283355087,media-baja
-1.204363714554142,-0.5815347780156,0.16269328701302077,-0.6590847200727202,-1.3514039142664576,0.015399408737021234,-0.7856082640842469,-1.7107780969611681,-0.6265668017924663,-0.11508486792312675,0.8401177734600089,0.46496835283355087,alta
-0.5459435224540315,0.180819772874416,-0.5690961190960501,-0.11374520014632547,-0.6890757577188773,-1.0075154191908477,-0.029188012734841163,-0.9694404365443088,1.099591501904241,1.7853929312401111,2.1117970603683864,0.46496835283355087,media-alta
0.0027399709627274923,-0.5052993229265984,-0.5690961190960501,-0.8724784452613094,-0.24752365335382384,1.311091524112322,1.2315124061808351,-0.7599319672960301,-0.1012142745804228,-0.8390764104615033,0.5466533226349978,0.46496835283355087,alta
-0.8751536185040868,-0.12412204748159057,1.534798423467528,0.5027255615095991,0.1388344379655979,0.21998237432259504,0.5591388494258077,0.1345080360330295,-0.2513149966410062,0.15641196052876463,-0.6272044806650434,0.46496835283355087,media-baja
-1.204363714554142,-0.20035750257059223,0.894482693122091,1.3088796344442697,-0.13713562726256037,1.6520631334216116,0.5591388494258077,-0.2764508844154658,-0.926768245913633,0.6994056174325465,0.5140461646929353,0.46496835283355087,alta
-0.10699672772062392,-0.12412204748159057,1.8092194507584298,1.9727712239198807,-0.026747601171296913,0.6291483054937427,0.9583606487491052,1.2948626349464016,-1.0768689679742165,0.06591301771146751,-0.822847447881718,0.46496835283355087,alta
-0.7654169198207343,0.028348862696412718,-0.47762244333241616,0.6212776310588154,-0.026747601171296913,1.5156744896978958,1.2105007325322406,0.3037264150412203,-0.551516440762173,-0.11508486792312675,-0.822847447881718,0.46496835283355087,media-baja
-0.7654169198207343,0.180819772874416,1.1689037204129928,0.6924088727883448,-0.41310569249071905,1.5838688115597537,1.651745879152727,0.4527997489293894,-0.2513149966410062,-0.296082753557721,-0.9206689314900546,0.46496835283355087,media-baja
0.11247666964607989,1.9342352399214517,-2.307095958605093,-0.8724784452613094,1.4082967380151268,-1.4848756722238534,-2.004285335702734,1.1337022739861837,1.099591501904241,1.6948939884228138,-0.822847447881718,-2.1506840065693225,media-alta
-1.6433105092875497,-1.0008297810051086,-1.117938173677853,0.43159431978006924,-0.13713562726256037,0.3563710180463109,-0.2603164228693818,-0.002478270783135603,0.34908789160132403,-0.9295753532788005,-0.9206689314900546,0.46496835283355087,media-alta
1.4293170538463018,2.0104706950104534,-0.38614876756878225,1.6289702222271536,-0.9650458229470357,0.42456533990816886,-0.1342463809778142,0.6099311008655761,-1.6772718562165467,-1.1105732389133942,0.3510103554183248,0.46496835283355087,media-alta
-0.21673342640397533,-0.5052993229265984,0.8030090173584576,-0.9436096869908392,-0.6890757577188773,-0.5983494880197001,-0.44942148570673324,-1.7268941330572032,-1.3770704120953832,-1.1105732389133942,0.9379392570683454,0.46496835283355087,media-alta
-0.10699672772062392,-0.5815347780156,-0.11172774027788097,-0.2560076836053849,-0.5786877316276139,0.6973426273556006,1.9038859629358624,-0.6793517868159434,0.4991886136619074,-0.2055838107404239,1.329225191501693,0.46496835283355087,media-alta
-0.7654169198207343,0.10458431778541437,-0.2946750918051483,-0.9910305148105255,-0.6890757577188773,-0.0527949131248367,-0.2603164228693818,-1.082252689216421,-0.7016171628227563,-0.8390764104615033,0.05754590459331366,0.46496835283355087,media-alta
-1.4238371119208457,-1.2676538738166143,0.07121961124938686,-0.9673201009006824,-0.7442697707645091,-1.1439040629145636,-0.07121136003203037,-1.2152099870085997,-0.17626463561071615,-0.11508486792312675,-0.2359185462316975,0.46496835283355087,media-alta
-1.0946270158707905,-0.047886592392588925,-0.47762244333241616,-0.7302159618022499,0.02844641187433444,-0.18918355684855256,0.9373489751005106,-0.7196418770559867,1.1746418629345343,-0.38658169637501816,-0.040275579015022815,0.46496835283355087,media-alta
0.8806335604295428,-0.3528284127485951,-0.38614876756878225,-0.8487680313514662,-0.9098518099014039,-0.39376652243412635,-0.008176339086246558,-1.4126314291848299,-1.82737257827713,-0.024585925105829624,1.4270466751100295,0.46496835283355087,media-alta
-1.0946270158707905,0.10458431778541437,0.07121961124938686,0.597567217148972,0.08364042491996618,1.4474801678360378,1.2735357534780243,0.8798747054738751,1.3247425849951178,1.2423992743363292,-0.9206689314900546,0.46496835283355087,media-baja
0.3319500670127837,-0.7340056881936031,0.16269328701302077,-0.7776367896219364,-0.3027176663994556,0.015399408737021234,-0.44942148570673324,-0.5181914258557703,1.5498936680859912,0.3374098461633589,0.9379392570683454,0.46496835283355087,media-baja
-0.9848903171874382,-0.5052993229265984,2.0836404780493316,0.40788390587022605,-0.24752365335382384,1.8566460990071854,1.126454037937862,0.06198587360091577,-0.17626463561071615,1.6948939884228138,-0.040275579015022815,0.46496835283355087,media-baja
0.0027399709627274923,2.8490607009894706,-2.4900433101323607,-0.7539263757120932,0.9667446336500736,-0.802932453605274,-2.004285335702734,1.101470201794158,1.6999943901465744,1.4233971599709234,-0.6272044806650434,-2.1506840065693225,media-baja
-0.7654169198207343,0.5619970483194239,0.16269328701302077,-0.46940140879397424,-0.24752365335382384,-1.2802927066382794,-1.4579818208392743,-0.5826555702398216,1.099591501904241,0.9709024458844379,1.720511125935039,-2.1506840065693225,media-alta
-0.10699672772062392,0.3332906830524189,0.07121961124938686,1.1310515301204453,-0.3027176663994556,0.42456533990816886,0.1809287237511049,-0.3489730468475795,-0.926768245913633,-1.6535668958171765,1.2314037078933548,0.46496835283355087,alta
-0.5459435224540315,1.857999784832451,-1.3923592009687547,-0.5168222366136607,-0.3027176663994556,-0.18918355684855256,-0.6385265485440846,-0.1555806136953359,-0.7016171628227563,-1.4725690101825828,-1.3119548659234022,0.46496835283355087,media-alta
-1.0946270158707905,-0.8864765983716062,0.2541669627766547,1.0006442536163074,-0.5234937185819821,0.4927596617700268,1.651745879152727,0.24732028870514175,-0.551516440762173,-0.6580785248269091,-0.333740029840034,0.46496835283355087,baja
-0.8751536185040868,-0.3528284127485951,-0.5690961190960501,0.12335893895210702,-0.6890757577188773,1.4474801678360378,0.6852088913173754,0.24732028870514175,0.4991886136619074,-1.2010721817306913,-1.018490415098391,0.46496835283355087,media-alta
0.2222133683294313,0.028348862696412718,1.534798423467528,1.9016399821903507,0.5251925292850197,1.7884517771453274,1.5466875109097542,1.5366031763866614,-1.30202005106509,-0.11508486792312675,-1.2141333823150657,0.46496835283355087,media-baja
1.8682638485797094,1.7817643297434493,-2.4900433101323607,-0.7302159618022499,3.781639298977289,-1.1439040629145636,-1.3949467998934904,0.730801371585706,-0.026163913550132773,0.7899045602498436,0.4488318390266613,-2.1506840065693225,media-alta
-0.43620682377067915,0.6382325034084255,-0.8435171463869515,0.8346713562474047,0.08364042491996618,-0.4619608442959843,-0.197281401923598,0.5535249745294977,0.048886447480160584,-0.5675795820096119,-1.018490415098391,0.46496835283355087,media-baja
-0.10699672772062392,0.180819772874416,-0.11172774027788097,-0.825057617441623,-0.3027176663994556,0.9019255929411744,0.4120571338856455,-1.2031229599365958,-1.6772718562165467,-0.5675795820096119,0.3510103554183248,0.46496835283355087,media-alta
0.2222133683294313,3.230237976434479,-2.1241486070778253,-0.8487680313514662,2.401788972836497,-1.4166813503619953,-1.6260752100280311,0.5535249745294977,0.19898716954074397,-0.11508486792312675,-0.6272044806650434,-2.1506840065693225,media-baja
-0.32647012508732776,-0.8102411432826048,-0.38614876756878225,-0.7539263757120932,-1.130627862083931,-0.32557220057226843,0.34902211293986174,-1.7671842232972466,-0.40141571870158954,0.8804035030671407,2.1117970603683864,0.46496835283355087,alta
-0.655680221137383,-0.5052993229265984,1.2603773961766267,0.597567217148972,-0.13713562726256037,1.4474801678360378,1.3785941217209974,0.5535249745294977,-0.1012142745804228,0.15641196052876463,-1.3119548659234022,0.46496835283355087,media-baja
-0.7654169198207343,0.028348862696412718,0.3456406385402881,-0.11374520014632547,-1.130627862083931,0.21998237432259504,-0.44942148570673324,-1.2837031404166823,1.099591501904241,0.7899045602498436,2.0139755767600502,0.46496835283355087,alta
-0.655680221137383,-0.27659295765959346,-0.38614876756878225,-0.01890354450695239,-0.5786877316276139,0.9019255929411744,1.189489058883646,0.16674010822505517,-0.17626463561071615,1.6043950456055167,-1.018490415098391,0.46496835283355087,media-alta
-1.0946270158707905,-0.9627120534606078,0.528587990067556,-0.6353743061628769,-0.5234937185819821,-0.4619608442959843,-0.49144483300392244,-1.1507458426245036,-0.2513149966410062,-0.11508486792312675,0.4488318390266613,0.46496835283355087,media-alta
-0.43620682377067915,-0.5815347780156,0.16269328701302077,1.6645358430919184,-0.24752365335382384,0.015399408737021234,0.47509215483142936,1.5768932666267046,1.099591501904241,-1.0200742960960971,-0.9206689314900546,0.46496835283355087,media-baja
1.3195803551629504,-0.6577702331046015,1.077430044649359,-0.49311182270381737,-0.8546577968557721,-1.1439040629145636,-0.44942148570673324,-0.6390616965759002,-0.47646607973188293,-1.3820700673652857,1.0357607406766818,0.46496835283355087,media-baja
1.4293170538463018,2.696589790811468,-1.117938173677853,-0.7302159618022499,2.3465949597908655,-1.3484870285001374,-0.995725000570193,1.1981664183702798,-0.1012142745804228,0.6994056174325465,-1.2141333823150657,-2.1506840065693225,baja
1.3195803551629504,2.734707518355969,-0.47762244333241616,-0.7539263757120932,1.8498488423801807,-1.3484870285001374,-1.6680985573252203,1.2948626349464016,0.7243396967527841,0.15641196052876463,-1.2141333823150657,-2.1506840065693225,baja
-0.10699672772062392,-0.6577702331046015,0.985956368885725,-0.9910305148105255,0.6355805553762831,0.28817669618445296,-0.47043315935532787,-0.4859593536637446,-1.30202005106509,-1.0200742960960971,-1.2141333823150657,0.46496835283355087,media-baja
-0.32647012508732776,-0.8102411432826048,-0.020254064514247064,-0.5642430644333472,-0.24752365335382384,0.6291483054937427,-0.029188012734841163,-1.243413050176639,-1.0768689679742165,1.2423992743363292,0.4488318390266613,0.46496835283355087,alta
0.3319500670127837,1.7817643297434493,-1.117938173677853,-0.825057617441623,1.7394608162889171,-1.0757097410527057,-1.8572036201625717,0.8718166874259022,2.0752461952980346,1.5138961027882205,0.05754590459331366,-2.1506840065693225,media-baja
-0.21673342640397533,-0.5052993229265984,-0.6605697948596839,-0.825057617441623,0.1388344379655979,-1.6894586378094272,-0.029188012734841163,-0.5584815160958135,0.12393680851045061,1.6948939884228138,0.9379392570683454,0.46496835283355087,media-baja
-0.10699672772062392,-0.20035750257059223,1.626272099231162,-0.350849339244758,-0.1923296403081921,0.42456533990816886,0.2859870919940779,-0.2361607941754225,-1.9774733003377134,-1.0200742960960971,-1.018490415098391,0.46496835283355087,media-alta
0.0027399709627274923,0.10458431778541437,-0.5690961190960501,-0.8724784452613094,-1.130627862083931,-0.39376652243412635,0.07587035550813186,-1.7268941330572032,0.048886447480160584,-1.5630679529998794,1.6226896423267025,0.46496835283355087,alta
-1.0946270158707905,-0.8864765983716062,0.8030090173584576,-0.8013472035317797,-1.241015888175194,0.08359373059887917,0.3280104392912671,-1.2031229599365958,0.34908789160132403,1.8758918740574082,1.2314037078933548,0.46496835283355087,media-baja
-0.21673342640397533,-0.27659295765959346,0.528587990067556,0.9058025979769342,-0.7442697707645091,-1.0075154191908477,-0.9747133269215984,0.16674010822505517,-1.2269696900348,0.24691090334606178,0.6444748062433342,0.46496835283355087,media-baja
-0.5459435224540315,-0.5052993229265984,0.894482693122091,0.5027255615095991,-0.41310569249071905,-0.12098923498669463,0.601162196722997,0.08615992774496858,-0.47646607973188293,0.7899045602498436,-0.2359185462316975,0.46496835283355087,alta
0.2222133683294313,-0.5815347780156,-0.11172774027788097,-0.6590847200727202,-0.4682997055363504,0.015399408737021234,-0.38638646476094946,-1.3239932306567257,-1.2269696900348,0.42790878898065604,0.8401177734600089,0.46496835283355087,alta
0.11247666964607989,-0.5815347780156,-0.11172774027788097,-0.8724784452613094,-0.13713562726256037,-0.2573778787104105,0.1809287237511049,-0.4376112453756837,0.27403753057103397,-0.5675795820096119,0.05754590459331366,0.46496835283355087,media-baja
-0.655680221137383,-0.9627120534606078,-0.38614876756878225,-0.0900347862364821,-0.7442697707645091,-1.2120983847764215,-0.44942148570673324,-1.1225427794564644,-0.32636535767129954,-0.9295753532788005,1.329225191501693,0.46496835283355087,media-alta
0.661160163062839,-0.3528284127485951,0.2541669627766547,-0.825057617441623,-1.241015888175194,-0.32557220057226843,0.9583606487491052,-1.3239932306567257,-1.6772718562165467,-0.296082753557721,1.6226896423267025,0.46496835283355087,alta
-0.10699672772062392,-0.8864765983716062,0.2541669627766547,-0.7539263757120932,-0.08194161421692865,-1.2802927066382794,0.2859870919940779,-0.8808022380162046,0.27403753057103397,-0.4770806391923148,1.1335822242850184,0.46496835283355087,alta
0.11247666964607989,-0.6577702331046015,0.7115353415948238,2.11503370737894,0.4148045031937566,1.242897202250464,1.4626408163153757,1.4157329056665315,-1.75232221724684,-0.296082753557721,-1.4097763495317386,0.46496835283355087,alta
-0.10699672772062392,-1.1914184187276127,0.07121961124938686,0.7161192866981885,-0.3027176663994556,0.4927596617700268,0.07587035550813186,0.5696410106255329,-0.026163913550132773,-1.5630679529998794,-1.2141333823150657,0.46496835283355087,media-baja
2.746157438046523,0.10458431778541437,1.9006931265220637,-0.7302159618022499,1.2979087119238633,-1.2120983847764215,-2.046308682999923,0.2835813699211986,1.099591501904241,2.237887645326597,1.9161540931517136,-2.1506840065693225,alta
-1.5335738106041972,0.10458431778541437,0.07121961124938686,-0.919899273080996,-0.41310569249071905,-0.18918355684855256,-0.6175148748954901,-1.8880544940173765,0.7243396967527841,-0.11508486792312675,1.8183326095433772,0.46496835283355087,media-alta
1.4293170538463018,2.31541251536646,-2.0326749313141916,-0.7302159618022499,1.8498488423801807,-1.3484870285001374,-0.30233977016657104,0.8113815520657925,-0.47646607973188293,1.3328982171536263,-0.6272044806650434,-2.1506840065693225,media-baja
0.11247666964607989,-0.7340056881936031,1.626272099231162,-1.014740928720369,-0.3027176663994556,0.21998237432259504,0.3700337865884563,-1.7671842232972466,-1.2269696900348,-1.5630679529998794,2.209618543976723,0.46496835283355087,media-alta
0.3319500670127837,-0.42906386783759676,-0.020254064514247064,-0.6827951339825634,-0.41310569249071905,1.8566460990071854,1.1684773852350512,-0.11529052345529262,1.5498936680859912,1.5138961027882205,0.15536738820165014,0.46496835283355087,media-alta
-1.4238371119208457,0.2189375004189164,-1.4838328767323885,1.3088796344442697,-0.9650458229470357,-0.32557220057226843,-0.05019968638343576,0.22314623456113367,0.27403753057103397,-0.2055838107404239,-0.43156151344837046,0.46496835283355087,media-alta
-0.21673342640397533,-0.27659295765959346,0.528587990067556,0.9058025979769342,-0.7442697707645091,-1.0075154191908477,-0.9747133269215984,0.16674010822505517,-1.2269696900348,0.24691090334606178,0.6444748062433342,0.46496835283355087,media-baja
2.0877372459464123,-0.42906386783759676,0.2541669627766547,0.3367526641406964,-1.1858218751295624,-0.6665438098815581,0.8322906068575376,0.2352332616331377,-1.001818606943923,-0.11508486792312675,0.15536738820165014,0.46496835283355087,media-alta
0.5514234643794865,-0.12412204748159057,-0.8435171463869515,1.16661715098521,-0.08194161421692865,1.7884517771453274,1.441629142666781,0.8919617325459239,-1.001818606943923,-1.0200742960960971,-1.1163118987067275,0.46496835283355087,media-alta
-0.5459435224540315,-0.42906386783759676,1.9006931265220637,0.6924088727883448,-0.1923296403081921,1.4474801678360378,1.441629142666781,0.4125096586893461,-0.40141571870158954,-0.38658169637501816,-0.9206689314900546,0.46496835283355087,media-alta
0.661160163062839,-0.42906386783759676,-0.11172774027788097,-0.8487680313514662,0.46999851623938793,-0.7347381317434161,-1.7731569255681934,0.20703019846509846,0.5742389746922008,-0.38658169637501816,0.3510103554183248,-2.1506840065693225,media-alta
-1.753047207970901,0.25705522796341723,0.3456406385402881,-0.9910305148105255,-0.3027176663994556,-1.1439040629145636,0.9373489751005106,-0.9613824184962912,0.9494907798436576,1.5138961027882205,-0.5293829970567069,0.46496835283355087,media-alta
0.5514234643794865,0.10458431778541437,0.437114314303922,-0.7539263757120932,-0.9098518099014039,-0.32557220057226843,1.0424073433434837,0.0055797472648372705,1.5498936680859912,-0.296082753557721,0.05754590459331366,0.46496835283355087,baja
-0.32647012508732776,-0.9627120534606078,0.16269328701302077,-0.9436096869908392,-1.075433849038299,-0.5983494880197001,-0.7435849167870577,-1.8195613406092939,-1.001818606943923,0.9709024458844379,1.8183326095433772,0.46496835283355087,alta
-0.8751536185040868,0.3332906830524189,1.7177457749947957,0.7161192866981885,0.1388344379655979,1.37928584597418,1.6727575528013219,0.44877073990540295,-0.1012142745804228,-0.024585925105829624,-0.822847447881718,0.46496835283355087,media-alta
-0.5459435224540315,-0.5052993229265984,-0.11172774027788097,2.1624545351986266,0.08364042491996618,0.6291483054937427,1.2735357534780243,1.4560229959065747,-1.4521207731256733,-0.11508486792312675,-1.3119548659234022,0.46496835283355087,media-alta
0.3319500670127837,-1.0389475085496094,0.8030090173584576,-0.8724784452613094,-0.1923296403081921,-0.5983494880197001,-0.42840981205813866,-0.2764508844154658,0.4991886136619074,-0.6580785248269091,0.2531888718099866,0.46496835283355087,media-baja
0.0027399709627274923,0.180819772874416,-0.020254064514247064,-0.01890354450695239,-1.0202398359926674,0.3563710180463109,0.3700337865884563,-1.0983687253124563,1.0245411408739509,-0.38658169637501816,1.8183326095433772,0.46496835283355087,alta
0.11247666964607989,0.4095261381414205,0.07121961124938686,-0.7776367896219364,0.6355805553762831,-1.0757097410527057,-1.9832736620541394,0.12645001798501188,0.12393680851045061,1.9663908168747053,0.8401177734600089,-2.1506840065693225,alta
-1.5335738106041972,0.3332906830524189,-0.9349908221505855,0.3367526641406964,-0.6890757577188773,1.37928584597418,0.916337301451916,-0.11529052345529262,0.5742389746922008,1.061401388701735,-0.43156151344837046,0.46496835283355087,media-alta
-1.204363714554142,0.10458431778541437,-0.47762244333241616,-0.042613958416795765,0.02844641187433444,-1.0075154191908477,-0.07121136003203037,-0.09111646931123979,-0.47646607973188293,-0.9295753532788005,-1.2141333823150657,0.46496835283355087,media-baja
-0.10699672772062392,-0.42906386783759676,0.2541669627766547,1.3325900483541129,-0.6890757577188773,-0.39376652243412635,-0.8066199377328415,-0.026652324927188418,-0.7766675238530497,-1.5630679529998794,0.4488318390266613,0.46496835283355087,media-alta
-0.32647012508732776,-1.3438893289056157,-1.209411849441487,-0.919899273080996,-0.1923296403081921,-0.0527949131248367,-0.6805498958412739,-1.106426743360474,0.42413825263161736,0.24691090334606178,0.7422962898516707,0.46496835283355087,media-alta
3.7337877261966894,0.86693886867543,0.3456406385402881,-0.46940140879397424,2.2914009467452336,-0.4619608442959843,-1.100783368813166,1.447964977858557,-0.026163913550132773,1.6043950456055167,0.05754590459331366,-2.1506840065693225,media-alta
0.3319500670127837,-0.6577702331046015,1.077430044649359,-0.919899273080996,-0.35791167944508734,-0.5983494880197001,-0.197281401923598,-0.2361607941754225,0.048886447480160584,0.9709024458844379,0.15536738820165014,0.46496835283355087,media-alta
1.9780005472630608,0.10458431778541437,0.07121961124938686,-0.8961888591711527,-0.1923296403081921,-1.3484870285001374,1.6307342055041325,0.40848064966531494,-0.17626463561071615,-0.4770806391923148,-1.018490415098391,0.46496835283355087,media-baja
-0.7654169198207343,-0.5815347780156,-0.2032014160415149,1.451142117903329,0.02844641187433444,0.08359373059887917,0.916337301451916,0.9725419130260105,0.7243396967527841,-0.5675795820096119,-0.9206689314900546,0.46496835283355087,media-baja
0.9903702591128941,-1.0389475085496094,0.528587990067556,-0.9436096869908392,-0.5786877316276139,-1.0757097410527057,-0.5544798539497062,-1.2837031404166823,-1.1519193290045064,0.8804035030671407,1.6226896423267025,0.46496835283355087,media-alta
0.2222133683294313,0.4857615932304222,-0.7520434706233177,0.28933183632100984,-0.026747601171296913,-0.8711267754671319,-0.42840981205813866,-0.5423654799997784,-0.8517178848833398,0.3374098461633589,0.7422962898516707,0.46496835283355087,baja
1.5390537525296533,-0.27659295765959346,2.2665878295765993,-0.825057617441623,2.2914009467452336,0.28817669618445296,-0.40739813840954403,1.0128320032660538,0.6492893357224908,2.1473887025092995,0.05754590459331366,-2.1506840065693225,alta
-0.43620682377067915,0.180819772874416,-0.11172774027788097,2.4469795021167458,0.19402845101122965,1.37928584597418,1.5466875109097542,1.5366031763866614,-0.17626463561071615,-0.2055838107404239,-1.1163118987067275,0.46496835283355087,media-baja
-0.7654169198207343,0.4857615932304222,-0.6605697948596839,0.4553047336899126,-0.1923296403081921,0.6973426273556006,0.601162196722997,0.6663372272016547,-0.7766675238530497,0.7899045602498436,-1.2141333823150657,0.46496835283355087,media-baja
0.11247666964607989,-0.8102411432826048,0.16269328701302077,-0.540532650523504,-0.7994637838101408,0.28817669618445296,0.2019403973996995,-0.6390616965759002,0.27403753057103397,-1.0200742960960971,0.5466533226349978,0.46496835283355087,media-alta
0.5514234643794865,-0.42906386783759676,0.07121961124938686,-0.9436096869908392,-0.13713562726256037,-0.5301551661578422,-0.9747133269215984,-1.6463139525771167,-1.9024229393074235,-0.4770806391923148,1.524868158718366,0.46496835283355087,media-alta
-1.8627839066542524,-0.8483588708271056,-1.3923592009687547,1.7238118778665266,0.02844641187433444,0.015399408737021234,-0.1552580546264088,0.5051768662414368,1.3997929460254077,-1.2010721817306913,0.3510103554183248,0.46496835283355087,media-alta
1.5390537525296533,-0.42906386783759676,-0.9349908221505855,2.589241985575805,1.2979087119238633,0.6973426273556006,1.5676991845583488,1.4560229959065747,-1.4521207731256733,-0.11508486792312675,-0.6272044806650434,0.46496835283355087,baja
-0.32647012508732776,1.1718806890314362,-2.1241486070778253,-0.7302159618022499,0.7459685814675466,-0.8711267754671319,-1.7731569255681934,0.460857766977407,0.6492893357224908,1.2423992743363292,-0.822847447881718,-2.1506840065693225,media-alta
-0.8751536185040868,-1.115182963638611,0.985956368885725,-0.5879534783431904,-1.241015888175194,0.9701199148030323,-0.3233514438151656,-1.4448635013768554,0.42413825263161736,-0.7485774676442062,1.329225191501693,0.46496835283355087,media-alta
-0.21673342640397533,1.400587054298441,-2.4900433101323607,-0.8961888591711527,1.9050428554258123,-0.802932453605274,-1.5420285154336526,0.5696410106255329,1.0245411408739509,2.418885530961191,-0.9206689314900546,-2.1506840065693225,media-baja
0.3319500670127837,-1.1914184187276127,-0.020254064514247064,0.3723182850054611,0.46999851623938793,0.015399408737021234,0.1809287237511049,0.32790046918522836,0.5742389746922008,-1.5630679529998794,-0.7250259642733816,0.46496835283355087,media-baja
-1.4238371119208457,-0.3528284127485951,-0.47762244333241616,-0.4219805809742877,1.132326672786968,-0.32557220057226843,-1.1217950424617606,-1.7913582774412546,-0.8517178848833398,-1.2010721817306913,1.0357607406766818,0.46496835283355087,media-alta
-0.10699672772062392,-1.2676538738166143,0.6200616658311898,2.3758482603872157,-0.3027176663994556,1.5838688115597537,-0.05019968638343576,1.2545725447063583,-0.2513149966410062,-0.8390764104615033,-0.6272044806650434,0.46496835283355087,media-alta
0.11247666964607989,-0.8864765983716062,-0.11172774027788097,-0.7776367896219364,-0.6338817446732457,0.8337312710793164,1.3785941217209974,-1.3239932306567257,0.6492893357224908,-0.9295753532788005,1.524868158718366,0.46496835283355087,media-alta
-0.5459435224540315,0.9431743237644317,-1.4838328767323885,-0.7539263757120932,1.4082967380151268,-0.5983494880197001,-1.4579818208392743,0.5293509203854896,0.7993900577830741,0.9709024458844379,-1.1163118987067275,-2.1506840065693225,media-baja
0.11247666964607989,-0.3528284127485951,-0.2946750918051483,2.352137846477372,-0.24752365335382384,-1.6894586378094272,-1.7101219046224094,0.9121067776659456,-0.32636535767129954,-1.1105732389133942,0.4488318390266613,0.46496835283355087,media-alta
0.7708968617461903,1.095645233942435,-0.47762244333241616,-0.8013472035317797,2.0706248945627066,-0.5301551661578422,-1.4579818208392743,1.496313086146618,1.6249440291162844,2.0568897596920026,-1.2141333823150657,-2.1506840065693225,media-alta
0.11247666964607989,-0.7340056881936031,-0.2946750918051483,0.4553047336899126,0.5251925292850197,0.6973426273556006,0.2019403973996995,-0.35703106489555236,-1.001818606943923,0.6994056174325465,0.8401177734600089,0.46496835283355087,media-alta
0.0027399709627274923,1.095645233942435,-1.0264644979142192,-0.8013472035317797,1.4634907510607584,-0.18918355684855256,-1.4369701471906797,0.48906083014544627,1.1746418629345343,1.1519003315190322,-0.040275579015022815,-2.1506840065693225,media-alta
-1.4238371119208457,-0.42906386783759676,-1.209411849441487,-0.9673201009006824,-1.075433849038299,0.6291483054937427,-0.1762697282750034,-1.4448635013768554,1.5498936680859912,-1.0200742960960971,0.5466533226349978,0.46496835283355087,alta
-0.655680221137383,0.4095261381414205,0.16269328701302077,-0.3271389253349147,-1.296209901220826,0.6291483054937427,0.15991705010251028,-1.5254436818569421,0.4991886136619074,-1.1105732389133942,2.209618543976723,0.46496835283355087,alta
-0.7654169198207343,-0.3528284127485951,-0.11172774027788097,-0.8724784452613094,-0.5786877316276139,-0.802932453605274,-0.7645965904356523,-1.4086024201607985,0.7993900577830741,1.2423992743363292,1.0357607406766818,0.46496835283355087,media-alta
-0.7654169198207343,-0.12412204748159057,-1.3923592009687547,0.5264359754194423,-0.026747601171296913,1.6520631334216116,1.441629142666781,0.6099311008655761,-0.32636535767129954,-0.2055838107404239,-1.4097763495317386,0.46496835283355087,media-baja
2.52668404067982,-1.1914184187276127,-0.7520434706233177,-0.8724784452613094,-0.4682997055363504,-1.1439040629145636,-1.1638183897589498,-0.07500043321524931,-1.0768689679742165,-1.7440658386344736,-0.9206689314900546,0.46496835283355087,media-baja
-1.8627839066542524,-0.4671815953820976,0.16269328701302077,-0.9673201009006824,0.02844641187433444,-0.12098923498669463,-0.008176339086246558,-1.573791790145003,1.1746418629345343,1.3328982171536263,0.8401177734600089,0.46496835283355087,media-alta
3.9532611235633923,1.5530579644764444,0.6200616658311898,-0.6353743061628769,0.85635660755881,-0.12098923498669463,-1.3949467998934904,0.5575539835535288,-0.47646607973188293,2.5093844737784883,1.6226896423267025,-2.1506840065693225,alta
-0.32647012508732776,-0.047886592392588925,-0.11172774027788097,0.6449880449686586,-1.241015888175194,0.1517880524607371,-0.008176339086246558,-1.106426743360474,-0.6265668017924663,1.061401388701735,2.1117970603683864,0.46496835283355087,alta
-0.5459435224540315,1.857999784832451,-1.5753065524960221,-0.6827951339825634,0.7459685814675466,-1.2120983847764215,-1.9622619884055448,-0.16766764076733995,1.5498936680859912,0.9709024458844379,1.2314037078933548,-2.1506840065693225,alta
-1.6433105092875497,0.028348862696412718,0.16269328701302077,0.5027255615095991,-0.7442697707645091,-0.39376652243412635,-0.5754915275983009,-0.6874098048639611,0.27403753057103397,-0.2055838107404239,0.6444748062433342,0.46496835283355087,media-alta
-0.21673342640397533,0.9431743237644317,-1.209411849441487,1.5459837735427022,0.02844641187433444,-0.32557220057226843,0.07587035550813186,1.2545725447063583,0.12393680851045061,-0.296082753557721,-1.3119548659234022,0.46496835283355087,media-baja
-0.21673342640397533,0.3332906830524189,0.3456406385402881,0.7872505284277179,-0.6890757577188773,0.42456533990816886,0.05485868185953725,-1.1225427794564644,-1.6022214951862566,-1.7440658386344736,1.9161540931517136,0.46496835283355087,alta
0.0027399709627274923,-0.27659295765959346,-0.47762244333241616,-0.8013472035317797,-0.08194161421692865,-1.2802927066382794,-0.7645965904356523,-0.39732115513564037,-0.47646607973188293,-1.2010721817306913,-1.018490415098391,0.46496835283355087,media-baja
1.6487904512130047,1.1718806890314362,-0.11172774027788097,-0.540532650523504,1.4082967380151268,-0.0527949131248367,0.26497541834548327,1.2948626349464016,0.6492893357224908,0.15641196052876463,-1.018490415098391,-2.1506840065693225,media-baja
-1.0946270158707905,0.028348862696412718,-0.6605697948596839,-0.8961888591711527,-0.7994637838101408,0.4927596617700268,0.03384700821094265,-1.847764403777333,0.5742389746922008,-0.8390764104615033,1.9161540931517136,0.46496835283355087,alta
-0.7654169198207343,-0.3528284127485951,-0.2032014160415149,1.3088796344442697,-1.241015888175194,-0.9393210973289898,-0.09222303368062497,-0.3328570107515443,-0.2513149966410062,-1.2915711245479884,0.7422962898516707,0.46496835283355087,media-alta
-0.5459435224540315,-0.7340056881936031,-0.11172774027788097,2.2335857769281557,-0.3027176663994556,1.311091524112322,0.2859870919940779,1.0692381296021323,-0.551516440762173,-1.2915711245479884,0.15536738820165014,0.46496835283355087,media-alta
-0.9848903171874382,-0.3528284127485951,1.626272099231162,-0.919899273080996,-0.026747601171296913,-0.7347381317434161,-1.0167366742187876,-0.5181914258557703,0.7993900577830741,-0.6580785248269091,-0.6272044806650434,0.46496835283355087,media-alta
-1.3141004132374934,0.3332906830524189,-2.4900433101323607,0.09964852504226386,-0.24752365335382384,-0.6665438098815581,-0.7435849167870577,-0.39732115513564037,0.048886447480160584,-0.024585925105829624,-0.2359185462316975,0.46496835283355087,media-baja
2.4169473419964684,0.4095261381414205,1.1689037204129928,-0.8724784452613094,-0.6890757577188773,-0.6665438098815581,-1.6891102309738149,0.3520745233292812,0.19898716954074397,2.6903823594130825,0.3510103554183248,-2.1506840065693225,alta
-0.10699672772062392,-1.2676538738166143,-0.11172774027788097,1.9016399821903507,-0.08194161421692865,1.0383142366648903,-0.05019968638343576,1.0692381296021323,-0.1012142745804228,-1.3820700673652857,-0.9206689314900546,0.46496835283355087,alta
3.075367534096579,0.25705522796341723,0.894482693122091,-0.7065055478924067,1.7946548293345488,-1.3484870285001374,-1.2898884316505175,1.5366031763866614,-0.026163913550132773,-0.11508486792312675,-0.9206689314900546,-2.1506840065693225,media-baja
0.3319500670127837,1.3243515992094395,-0.38614876756878225,-0.7539263757120932,1.132326672786968,-1.1439040629145636,-2.046308682999923,-0.2039287219833968,1.0245411408739509,1.061401388701735,1.524868158718366,-2.1506840065693225,media-alta
-0.32647012508732776,1.857999784832451,-0.8435171463869515,-0.825057617441623,1.2979087119238633,-1.0757097410527057,-2.067320356648518,-0.002478270783135603,1.3997929460254077,2.7808813022303784,0.7422962898516707,-2.1506840065693225,media-alta
-0.655680221137383,-0.42906386783759676,1.7177457749947957,0.6449880449686586,0.02844641187433444,1.0383142366648903,1.5676991845583488,0.39236461356932445,-0.2513149966410062,-0.38658169637501816,-0.9206689314900546,0.46496835283355087,media-baja
0.0027399709627274923,0.86693886867543,-1.3008855252051206,-0.825057617441623,1.7394608162889171,-0.2573778787104105,-1.5000051681364635,0.7872074979217845,2.0752461952980346,1.1519003315190322,-0.040275579015022815,-2.1506840065693225,media-baja
-0.7654169198207343,0.4095261381414205,-1.117938173677853,-0.4219805809742877,0.9667446336500736,-0.8711267754671319,-0.44942148570673324,-0.39732115513564037,-1.3770704120953832,-1.2010721817306913,-1.4097763495317386,0.46496835283355087,media-alta
0.44168676569613513,2.2391770602774583,-1.0264644979142192,-0.8487680313514662,1.4082967380151268,0.3563710180463109,-1.310900105299112,0.22314623456113367,-0.8517178848833398,-1.0200742960960971,-1.1163118987067275,-2.1506840065693225,media-baja
1.209843656479597,-0.5815347780156,-0.11172774027788097,-0.7065055478924067,-0.026747601171296913,-0.5301551661578422,-0.34436311746376025,-0.16766764076733995,-1.75232221724684,-0.11508486792312675,-0.43156151344837046,0.46496835283355087,media-baja
-0.43620682377067915,-0.5815347780156,0.16269328701302077,1.6645358430919184,-0.24752365335382384,0.015399408737021234,0.47509215483142936,1.5768932666267046,1.099591501904241,-1.0200742960960971,-0.9206689314900546,0.46496835283355087,media-baja
1.1001069577962457,-0.3528284127485951,0.16269328701302077,-0.9436096869908392,-0.3027176663994556,-0.32557220057226843,-0.47043315935532787,-1.501269627712934,-1.75232221724684,-0.6580785248269091,1.9161540931517136,0.46496835283355087,media-alta
0.7708968617461903,-0.20035750257059223,0.16269328701302077,0.8228161492924829,-0.8546577968557721,0.1517880524607371,1.2315124061808351,0.730801371585706,-0.7766675238530497,-0.4770806391923148,0.2531888718099866,0.46496835283355087,media-baja
0.661160163062839,-1.1914184187276127,0.437114314303922,0.1470693528619504,0.19402845101122965,-0.39376652243412635,0.5381271757772131,0.5615829925775152,0.27403753057103397,0.24691090334606178,-0.2359185462316975,0.46496835283355087,media-alta
0.661160163062839,0.6382325034084255,-0.38614876756878225,-0.18487644187585517,-0.9098518099014039,-0.2573778787104105,-0.5754915275983009,-1.0621076440963995,-0.026163913550132773,0.6994056174325465,1.8183326095433772,0.46496835283355087,alta
1.9780005472630608,-0.12412204748159057,0.3456406385402881,-0.161166027966012,-1.0202398359926674,0.08359373059887917,0.5381271757772131,0.07810190969695098,-0.47646607973188293,-0.5675795820096119,1.0357607406766818,0.46496835283355087,alta
-0.8751536185040868,-0.6577702331046015,0.16269328701302077,0.3841734919603829,0.08364042491996618,-0.5301551661578422,-0.09222303368062497,-0.2361607941754225,0.12393680851045061,-0.4770806391923148,-0.040275579015022815,0.46496835283355087,media-alta
-0.21673342640397533,0.4857615932304222,0.6200616658311898,1.8542191543706643,3.3952812076578676,-1.1439040629145636,-0.5965032012468955,1.423790923714549,-1.4521207731256733,-0.296082753557721,-1.2141333823150657,0.46496835283355087,media-baja
0.44168676569613513,0.028348862696412718,1.626272099231162,-0.8487680313514662,-1.075433849038299,0.9019255929411744,-0.2813280965179764,-1.5254436818569421,-1.0768689679742165,-0.4770806391923148,2.0139755767600502,0.46496835283355087,media-alta
0.8806335604295428,2.0104706950104534,-0.7520434706233177,-0.7065055478924067,1.4082967380151268,-0.5301551661578422,-0.5965032012468955,0.9967159671700185,-0.026163913550132773,0.6089066746152493,-0.9206689314900546,-2.1506840065693225,media-alta
-0.8751536185040868,0.4857615932304222,-1.3008855252051206,0.8346713562474047,1.6290727901976536,1.311091524112322,1.8828742892872679,1.4681100229785788,1.925145473237451,1.3328982171536263,-1.018490415098391,0.46496835283355087,baja
-0.655680221137383,-1.2676538738166143,0.07121961124938686,-0.9436096869908392,-0.7994637838101408,-0.802932453605274,-0.9747133269215984,-1.9122285481614292,-0.2513149966410062,-0.9295753532788005,1.8183326095433772,0.46496835283355087,media-alta
-0.21673342640397533,-0.12412204748159057,-0.11172774027788097,-0.9436096869908392,0.1388344379655979,-0.4619608442959843,1.336570774423808,-0.31271196563152265,0.5742389746922008,0.24691090334606178,-0.5293829970567069,0.46496835283355087,baja
0.7708968617461903,-0.5052993229265984,0.528587990067556,-1.014740928720369,-0.41310569249071905,-1.4166813503619953,-0.8906666323272199,-1.251471068224612,-1.001818606943923,-1.2010721817306913,0.9379392570683454,0.46496835283355087,media-baja
1.209843656479597,2.77282524590047,-0.11172774027788097,-0.7539263757120932,-0.1923296403081921,-0.9393210973289898,0.3280104392912671,0.24732028870514175,0.048886447480160584,1.7853929312401111,0.3510103554183248,0.46496835283355087,baja
-0.7654169198207343,-0.42906386783759676,-0.9349908221505855,0.43159431978006924,-0.5786877316276139,0.28817669618445296,0.8322906068575376,0.48906083014544627,1.3247425849951178,0.6089066746152493,-0.5293829970567069,0.46496835283355087,media-alta
-0.43620682377067915,1.095645233942435,-0.38614876756878225,-0.01890354450695239,-0.6338817446732457,0.28817669618445296,-0.5544798539497062,-1.2474420592006255,-0.40141571870158954,-0.6580785248269091,1.9161540931517136,0.46496835283355087,alta
-1.204363714554142,-0.5052993229265984,-0.2946750918051483,0.5738568032391288,0.1388344379655979,0.42456533990816886,0.2019403973996995,0.20300118944111203,-1.1519193290045064,-0.11508486792312675,-1.018490415098391,0.46496835283355087,media-alta
-0.5459435224540315,-0.8102411432826048,-0.2032014160415149,0.016662076357812357,-1.1858218751295624,0.8337312710793164,-0.34436311746376025,-1.315935212608708,-2.1275740223982966,-0.7485774676442062,1.0357607406766818,0.46496835283355087,alta
0.5514234643794865,-0.20035750257059223,-0.2032014160415149,-0.20858685578569836,0.02844641187433444,-0.32557220057226843,0.49610382848002393,-0.1958707039353792,-0.40141571870158954,-1.1105732389133942,-0.2359185462316975,0.46496835283355087,media-baja
-0.8751536185040868,0.6382325034084255,-0.6605697948596839,-0.042613958416795765,-0.7994637838101408,0.8337312710793164,0.1809287237511049,-1.0177885448323698,0.19898716954074397,-0.6580785248269091,0.8401177734600089,0.46496835283355087,media-alta
0.8806335604295428,1.7436466021989485,-2.307095958605093,-0.30342851142507143,2.015430881517075,-0.2573778787104105,-1.2898884316505175,0.8516716423058807,1.099591501904241,1.4233971599709234,0.2531888718099866,-2.1506840065693225,media-alta
-1.0946270158707905,-0.7340056881936031,1.626272099231162,-0.8961888591711527,0.02844641187433444,-0.8711267754671319,-0.7435849167870577,-0.6390616965759002,0.6492893357224908,-0.4770806391923148,-0.822847447881718,0.46496835283355087,media-baja
-0.43620682377067915,-0.9627120534606078,0.437114314303922,-0.9910305148105255,-1.3514039142664576,2.1976177083164754,0.43306880753424015,-1.2837031404166823,0.42413825263161736,-0.296082753557721,0.5466533226349978,0.46496835283355087,media-alta
-0.43620682377067915,-0.5052993229265984,0.16269328701302077,-0.5642430644333472,0.35961049014812485,1.4474801678360378,1.0634190169920783,-0.39732115513564037,-1.4521207731256733,-0.296082753557721,-0.9206689314900546,0.46496835283355087,alta
0.2222133683294313,2.696589790811468,-2.672990661659628,-0.7302159618022499,1.1875206858325997,0.015399408737021234,-0.6385265485440846,0.5132348842894543,0.7993900577830741,1.5138961027882205,0.6444748062433342,-2.1506840065693225,media-alta
-1.0946270158707905,0.7144679584974267,-2.4900433101323607,-0.9436096869908392,-0.7994637838101408,-0.5301551661578422,-0.029188012734841163,-0.8485701658241342,0.19898716954074397,0.8804035030671407,-0.5293829970567069,0.46496835283355087,media-alta
-0.21673342640397533,0.180819772874416,-0.11172774027788097,-0.13745561405616863,-1.1858218751295624,0.21998237432259504,0.5381271757772131,-1.1023977343364428,1.099591501904241,-0.2055838107404239,1.8183326095433772,0.46496835283355087,alta
2.4169473419964684,-0.8864765983716062,0.16269328701302077,-0.8487680313514662,-0.026747601171296913,-0.18918355684855256,1.1684773852350512,0.40848064966531494,-0.40141571870158954,-0.7485774676442062,-1.4097763495317386,0.46496835283355087,baja
0.2222133683294313,-0.5815347780156,-0.2032014160415149,-0.9673201009006824,-0.7442697707645091,0.42456533990816886,-0.5334681803011116,-0.7196418770559867,-0.17626463561071615,1.6948939884228138,-0.333740029840034,0.46496835283355087,media-alta
-0.32647012508732776,-0.6577702331046015,-0.11172774027788097,-0.8487680313514662,-0.41310569249071905,-0.802932453605274,-0.5754915275983009,-0.933179355328252,-0.32636535767129954,-0.4770806391923148,0.2531888718099866,0.46496835283355087,alta
0.0027399709627274923,-0.42906386783759676,-0.020254064514247064,-0.7302159618022499,-0.35791167944508734,-0.12098923498669463,0.11789370280532106,-0.2764508844154658,0.9494907798436576,1.1519003315190322,0.4488318390266613,0.46496835283355087,alta
-0.5459435224540315,1.857999784832451,-0.8435171463869515,0.8583817701572479,-0.9098518099014039,-0.2573778787104105,0.2229520710482941,0.9523968679059889,-0.1012142745804228,-0.024585925105829624,-1.3119548659234022,0.46496835283355087,media-baja
-0.21673342640397533,-0.7340056881936031,-0.020254064514247064,0.24191100850132327,-1.1858218751295624,0.6973426273556006,0.1809287237511049,-0.4537272814716742,-1.001818606943923,-0.2055838107404239,0.3510103554183248,0.46496835283355087,media-alta
-1.3141004132374934,-0.8864765983716062,-0.2946750918051483,1.7830879126411348,-0.6890757577188773,-0.12098923498669463,0.2019403973996995,-0.0508263790711965,0.7243396967527841,0.5184077317979522,1.329225191501693,0.46496835283355087,alta
-1.4238371119208457,0.10458431778541437,-0.7520434706233177,-0.06632437232663893,0.1388344379655979,-0.12098923498669463,-0.34436311746376025,0.07810190969695098,-0.6265668017924663,0.06591301771146751,-1.4097763495317386,0.46496835283355087,media-baja
-1.6433105092875497,-1.1914184187276127,-0.38614876756878225,-0.919899273080996,-0.35791167944508734,1.5156744896978958,0.9583606487491052,-1.0419625989763779,0.4991886136619074,-1.2915711245479884,-0.333740029840034,0.46496835283355087,media-alta
0.5514234643794865,-0.047886592392588925,-0.7520434706233177,1.7593774987312911,0.19402845101122965,-0.7347381317434161,0.34902211293986174,1.6010673207707575,-0.40141571870158954,-0.11508486792312675,-0.7250259642733816,0.46496835283355087,baja
0.5514234643794865,1.095645233942435,-1.849727579786924,-0.6353743061628769,1.573878777152022,-1.2802927066382794,-1.5420285154336526,0.9725419130260105,-0.026163913550132773,0.5184077317979522,-0.43156151344837046,-2.1506840065693225,media-baja
0.661160163062839,2.963413883622973,-1.9412012555505576,-0.6353743061628769,1.8498488423801807,-1.4848756722238534,-2.0252970093513287,1.2948626349464016,1.3247425849951178,-0.2055838107404239,-0.7250259642733816,-2.1506840065693225,media-baja
-1.4238371119208457,-0.27659295765959346,-1.209411849441487,-0.9673201009006824,0.4148045031937566,-1.6212643159475693,-0.30233977016657104,-0.6068296243838744,0.12393680851045061,0.6089066746152493,-0.8717581896858855,0.46496835283355087,baja
-1.6433105092875497,-0.27659295765959346,0.8030090173584576,0.19449018068163673,-0.9098518099014039,0.3563710180463109,-0.09222303368062497,-1.1870069238405605,-0.026163913550132773,-0.7485774676442062,1.6226896423267025,0.46496835283355087,alta
-0.32647012508732776,-0.42906386783759676,-0.6605697948596839,0.597567217148972,0.08364042491996618,1.5838688115597537,1.924897636584457,0.6905112813456628,-0.6265668017924663,-0.38658169637501816,-1.5075978331400752,0.46496835283355087,media-baja
-1.8627839066542524,-0.7340056881936031,0.3456406385402881,0.28933183632100984,-1.1858218751295624,-0.32557220057226843,-0.7435849167870577,-1.3965153930887946,0.5742389746922008,-0.6580785248269091,2.0139755767600502,0.46496835283355087,alta
-0.5459435224540315,-0.42906386783759676,2.2665878295765993,2.3995586742970594,0.1388344379655979,0.08359373059887917,0.39104546023705095,1.496313086146618,-0.7766675238530497,-0.2055838107404239,-1.1163118987067275,0.46496835283355087,media-baja
0.2222133683294313,-1.115182963638611,0.437114314303922,0.6924088727883448,-1.241015888175194,0.9019255929411744,-0.2393047492207872,-0.6712937687679258,-0.551516440762173,-0.9295753532788005,1.9161540931517136,0.46496835283355087,media-alta
-0.10699672772062392,0.6382325034084255,-0.5690961190960501,-0.825057617441623,-0.026747601171296913,1.37928584597418,1.399605795369592,-1.0661366531204306,-1.6022214951862566,0.3374098461633589,0.9379392570683454,0.46496835283355087,media-alta
