type,fixed acidity,volatile acidity,citric acid,residual sugar,chlorides,free sulfur dioxide,total sulfur dioxide,density,pH,sulphates,alcohol,quality
0.0,0.2525714593671288,0.0796968234260547,0.44831528355624084,2.931237133920251,0.2768698345388365,0.6877920891708954,0.8091596313556597,2.4899031812935473,-1.3609673753517137,-0.3136439183890222,-1.4805926223676529,0.21005529145395715
0.0,-0.6967081030443776,0.4730311977585925,0.20722859412413622,-0.9702769988913732,0.6771720987365019,-1.386621439578117,-0.11713351920520841,0.057419191414104294,0.8068919539473061,0.09019908442491001,-0.9044249810374589,0.21005529145395715
0.0,1.7442964860137808,0.21080828153690087,0.9304886624204514,0.11234210602494142,0.7772476647859181,-0.31595639248185253,-0.9702982631428501,0.43966667553801897,0.517844043374103,-0.41460466909250543,-0.41056700275443525,0.21005529145395715
0.0,0.5237941914847023,-0.4447490090173296,-0.033858095307969065,0.43917051505628163,1.5778521931812481,0.8216252200579285,1.1991778000128674,0.6134155319580012,0.012010199870999176,-0.8184476719064376,-0.575186328848776,0.21005529145395715
0.0,0.5237941914847023,-0.4447490090173296,-0.033858095307969065,0.43917051505628163,1.5778521931812481,0.8216252200579285,1.1991778000128674,0.6134155319580012,0.012010199870999176,-0.8184476719064376,-0.575186328848776,0.21005529145395715
0.0,1.7442964860137808,0.21080828153690087,0.9304886624204514,0.11234210602494142,0.7772476647859181,-0.31595639248185253,-0.9702982631428501,0.43966667553801897,0.517844043374103,-0.41460466909250543,-0.41056700275443525,0.21005529145395715
0.0,-0.8323194691031637,0.7352541139802848,-1.9625516107648096,0.13276888158940012,0.2768698345388365,-0.31595639248185253,-0.0196289770409065,0.3701671329700415,-0.06025177777229999,-0.1117224169820564,-0.8221153179902886,0.21005529145395715
0.0,0.2525714593671288,0.0796968234260547,0.44831528355624084,2.931237133920251,0.2768698345388365,0.6877920891708954,0.8091596313556597,2.4899031812935473,-1.3609673753517137,-0.3136439183890222,-1.4805926223676529,0.21005529145395715
0.0,-0.6967081030443776,0.4730311977585925,0.20722859412413622,-0.9702769988913732,0.6771720987365019,-1.386621439578117,-0.11713351920520841,0.057419191414104294,0.8068919539473061,0.09019908442491001,-0.9044249810374589,0.21005529145395715
0.0,1.7442964860137808,-0.5758604671281757,1.2921186965686087,-0.9907037744558321,0.1767942684894202,-0.4497895233688856,-0.19026192582843485,-0.012080351153873174,0.22879613280090308,-0.3136439183890222,0.3302199646701009,0.21005529145395715
0.0,1.7442964860137808,0.0796968234260547,1.0510320071365034,-1.0009171622380615,-0.924036958054158,-1.5873711359086666,-1.7990868715394164,-1.054573489673651,-1.4332293529950129,0.7969243393492924,1.1533165951418074,1.125924122804416
0.0,2.422353316307714,-0.4447490090173296,0.9304886624204514,-0.43918083421544535,-0.7238858259553254,-1.1858717432475674,-0.6777846366499444,0.30066759040206403,-0.34929968834550307,0.4940420872388428,-0.7398056549431182,1.125924122804416
0.0,1.4730737538962086,-1.10030629957156,0.5688586282722935,-1.0519841011492084,-0.2235079957082444,-1.252788308691084,-1.5065732450465106,-0.6375762342657476,-0.06025177777229999,1.5036495942736736,0.16560063857576018,1.125924122804416
0.0,-0.28987400486801806,-1.362529215793252,0.9304886624204514,-0.9907037744558321,0.1767942684894202,0.888541785501445,0.15100397174662183,-0.915574404537696,2.5411794173865245,0.3930813365353596,1.4825552473304904,-1.6216823712469601
0.0,-0.28987400486801806,-1.231417757682406,0.6894019729883462,-0.9907037744558321,-1.0241125241035742,-0.4497895233688856,-0.604656230026718,-0.8460748619697186,0.4455820657308038,0.6959635886458092,0.6594586168587838,-1.6216823712469601
0.0,0.7950169236022757,0.9974770302019772,1.171575351852556,-1.072410876713667,-0.924036958054158,-1.1858717432475674,0.8335357668967353,-0.7418255481177137,-0.49382364363210457,0.4940420872388428,0.5771489538116135,0.21005529145395715
0.0,-0.42548537092680416,0.6041426558694387,-2.2036383001969146,0.23490275941169395,0.1767942684894202,-0.048290130707786406,-0.09275738366413293,0.5786657606740124,0.22879613280090308,0.1911598351283932,-0.9044249810374589,1.125924122804416
0.0,-0.5610967369855903,0.6041426558694387,0.6894019729883462,-0.7047289165534094,-0.42365912780707704,-1.0520386123605343,-0.8484175854374727,-0.915574404537696,-0.13251375541560237,-1.3232514254238537,0.3302199646701009,-1.6216823712469601
0.0,-0.018651272750444616,-0.05141463468479146,1.171575351852556,-0.9498502233269145,0.6771720987365019,0.4201258273968293,-0.3608948746159632,-0.29007852142582163,2.0353455738834207,-0.010761666278573195,-0.08132835056575237,-1.6216823712469601
0.0,-0.28987400486801806,0.0796968234260547,1.0510320071365034,-1.0315573255847497,0.9773987968847501,-1.252788308691084,0.12662783620554635,0.43966667553801897,1.6740356856669152,-0.1117224169820564,-0.49287666580160566,0.21005529145395715
0.0,0.2525714593671288,-0.18252609279563764,-0.033858095307969065,0.5413043928785755,0.3769454005882529,1.4238743090495773,2.6373697969363206,0.5786657606740124,0.4455820657308038,0.1911598351283932,-0.16363801361292274,0.21005529145395715
0.0,0.1169600933083427,-0.3136375509064838,0.3277719388401882,-1.092837652278126,0.9773987968847501,0.01862643473573012,0.22413237836984828,-0.29007852142582163,1.8908216185968192,-0.41460466909250543,-0.49287666580160566,0.21005529145395715
0.0,0.2525714593671288,0.21080828153690087,0.8099453177043987,0.480024066185199,0.8773232308353338,-0.18212326159481948,0.10225170066447088,0.7871643883779449,1.384987775093712,0.4940420872388428,-0.08132835056575237,0.21005529145395715
0.0,0.7950169236022757,0.0796968234260547,1.894835420148871,-1.072410876713667,0.4770209666376692,-1.1858717432475674,-0.11713351920520841,-0.8460748619697186,0.012010199870999176,0.09019908442491001,0.8240779429531245,0.21005529145395715
0.0,0.5237941914847023,0.7352541139802848,0.44831528355624084,-0.8885698966335382,-0.924036958054158,0.15245956562276317,-0.555903958944567,-1.1240730322416284,-0.6383475989187061,2.3113355999015384,1.40024558428332,-1.6216823712469601
0.0,2.2867419502489277,-0.3136375509064838,0.8099453177043987,0.8272792507809983,0.1767942684894202,-0.9851220469170178,0.12662783620554635,1.238911415069837,0.08427217751430155,0.4940420872388428,-0.49287666580160566,0.21005529145395715
0.0,2.0155192181313555,-1.624752132014944,0.20722859412413622,-1.072410876713667,-0.023356863609411745,-1.8550373976827328,-2.189105040196624,-0.1510794362898667,2.0353455738834207,-0.8184476719064376,-0.3282573397072649,0.21005529145395715
0.0,0.7950169236022757,-0.18252609279563764,0.44831528355624084,-0.8783565088513089,0.7772476647859181,-0.249039827038336,-0.8971698565196237,-0.6375762342657476,0.012010199870999176,-0.41460466909250543,0.16560063857576018,0.21005529145395715
0.0,-1.3747649333383105,0.0796968234260547,-1.4803782319005994,1.7566975389638722,0.1767942684894202,-0.8512889160299848,1.028544851225339,0.8219141596619336,1.312725797450413,-1.1213299240168872,-0.3282573397072649,1.125924122804416
0.0,-0.42548537092680416,1.6530343207562073,-1.1187481977524418,-0.19405952744194008,0.8773232308353338,-0.6505392196994352,0.2972607849930747,-0.1510794362898667,0.3733200880875046,-1.3232514254238537,-0.49287666580160566,1.125924122804416
0.0,0.2525714593671288,0.866365572091131,-0.033858095307969065,-1.0519841011492084,1.0774743629341665,0.2193761310662797,0.029123294041244457,-1.1240730322416284,-0.4215616659888054,-2.029976680348235,0.4948392907644416,0.21005529145395715
0.0,0.6594055575434884,-0.3136375509064838,0.8099453177043987,2.3695008058976352,1.4777766271318318,0.6877920891708954,0.2972607849930747,2.107655697169671,0.15653415515760072,-1.2222906747203706,-1.6452119484619951,1.125924122804416
0.0,0.6594055575434884,-0.3136375509064838,0.8099453177043987,2.3695008058976352,1.4777766271318318,0.6877920891708954,0.2972607849930747,2.107655697169671,0.15653415515760072,-1.2222906747203706,-1.6452119484619951,1.125924122804416
0.0,0.2525714593671288,0.6041426558694387,-0.7571181636042842,0.21447598384723526,2.678683419724827,-0.4497895233688856,0.565398275944905,0.5439159893899852,-0.4215616659888054,-0.21268316768553905,-0.6574959918959463,0.21005529145395715
0.0,-0.28987400486801806,-0.3136375509064838,-0.6365748188882316,-1.011130550020291,1.4777766271318318,-0.11520669615130294,0.3703891916163011,-0.1510794362898667,0.22879613280090308,0.7969243393492924,-0.9044249810374589,0.21005529145395715
0.0,-0.15426263880923075,-0.4447490090173296,-0.7571181636042842,-1.011130550020291,1.77800332528008,-0.11520669615130294,0.4191414626984521,-0.1510794362898667,0.3733200880875046,0.7969243393492924,-0.9044249810374589,0.21005529145395715
0.0,0.7950169236022757,-1.10030629957156,-0.1544014400240217,-1.011130550020291,1.5778521931812481,0.2193761310662797,0.7360312247324333,-0.2553287501418329,-0.2047757330589015,0.4940420872388428,-0.49287666580160566,-1.6216823712469601
0.0,-0.8323194691031637,2.4397030694212836,-0.7571181636042842,-0.39832728308652776,2.078230023428329,1.892290267154193,1.6867005108343769,0.057419191414104294,0.5901060210174053,0.3930813365353596,-0.6574959918959463,-0.7058135398965015
0.0,-0.8323194691031637,2.57081452753213,-0.8776615083203368,-0.39832728308652776,2.378456721576578,1.8253737017106764,1.7110766463754523,0.02266942013011556,0.4455820657308038,0.3930813365353596,-0.6574959918959463,1.125924122804416
0.0,0.2525714593671288,0.6041426558694387,-0.7571181636042842,0.21447598384723526,2.678683419724827,-0.4497895233688856,0.565398275944905,0.5439159893899852,-0.4215616659888054,-0.21268316768553905,-0.6574959918959463,0.21005529145395715
0.0,0.1169600933083427,-0.9691948414607139,0.3277719388401882,-0.2757666296997752,2.478532287625994,-0.18212326159481948,0.32163692053415016,0.4049169042540302,1.2404638198071105,-0.010761666278573195,-0.6574959918959463,1.125924122804416
0.0,0.5237941914847023,-0.9691948414607139,-0.1544014400240217,-0.9702769988913732,1.9781544573789127,-0.249039827038336,0.8822880379788861,-0.7418255481177137,1.1682018421638114,-0.41460466909250543,0.9063876060002949,0.21005529145395715
0.0,-0.28987400486801806,-0.18252609279563764,-0.395488129456127,-1.072410876713667,2.5786078536754107,0.2862926965097962,-0.31214260353381224,-0.8460748619697186,1.0959398645205092,0.9988458407562577,0.3302199646701009,-1.6216823712469601
0.0,-0.8323194691031637,-1.362529215793252,0.08668524940808357,-1.072410876713667,1.4777766271318318,-0.9182054814735013,-1.3359402962589824,-0.9850739471056735,0.9514159092339075,-0.21268316768553905,0.24791030162293054,-1.6216823712469601
0.0,-0.5610967369855903,-1.10030629957156,0.3277719388401882,-1.092837652278126,0.2768698345388365,0.2862926965097962,-0.7021607721910198,-0.9503241758216847,0.8791539315906084,-1.3232514254238537,0.24791030162293054,0.21005529145395715
0.0,0.1169600933083427,-0.18252609279563764,0.3277719388401882,-1.0315573255847497,-0.32358356175766073,-0.3828729579253691,1.3210584777182448,-1.054573489673651,-0.4215616659888054,0.3930813365353596,0.3302199646701009,0.21005529145395715
0.0,0.5237941914847023,-0.706971925239022,0.20722859412413622,1.1336808842478798,0.07671870244000388,0.15245956562276317,1.8573334596219053,0.8219141596619336,-0.7106095765620085,0.1911598351283932,-0.8221153179902886,0.21005529145395715
0.0,-1.1035422012207372,-0.9691948414607139,-0.7571181636042842,1.2358147620701736,0.5770965326870855,1.022374916388478,0.24850851391092374,1.1694118725018596,0.8068919539473061,-1.2222906747203706,-1.3982829593204826,0.21005529145395715
0.0,-0.28987400486801806,1.5219228626453611,-2.0830949554808624,-0.3574737319576104,0.1767942684894202,-0.6505392196994352,-1.433444838423284,-0.2553287501418329,-0.566085621275407,-1.0203691733134042,-0.3282573397072649,0.21005529145395715
0.0,0.7950169236022757,-0.8380833833498678,0.44831528355624084,-1.0519841011492084,-0.42365912780707704,0.6208755237273789,-0.6290323655677934,-0.42907760656177657,1.2404638198071105,-1.4242121761273363,-0.575186328848776,0.21005529145395715
0.0,-1.1035422012207372,-0.9691948414607139,-0.7571181636042842,1.2358147620701736,0.5770965326870855,1.022374916388478,0.24850851391092374,1.1694118725018596,0.8068919539473061,-1.2222906747203706,-1.3982829593204826,0.21005529145395715
0.0,-0.28987400486801806,1.5219228626453611,-2.0830949554808624,-0.3574737319576104,0.1767942684894202,-0.6505392196994352,-1.433444838423284,-0.2553287501418329,-0.566085621275407,-1.0203691733134042,-0.3282573397072649,0.21005529145395715
0.0,0.5237941914847023,-0.3136375509064838,-0.6365748188882316,-1.011130550020291,-0.42365912780707704,-0.249039827038336,-0.3608948746159632,-0.39432783527778786,-0.2770377107022039,-0.21268316768553905,-0.2459476766600931,0.21005529145395715
0.0,-0.5610967369855903,-0.05141463468479146,-0.9982048530363895,0.010208228202647584,-0.2235079957082444,-0.5167060888124021,-0.31214260353381224,-1.2283223460936332,0.22879613280090308,0.09019908442491001,1.647174573424831,-1.6216823712469601
0.0,-0.15426263880923075,-0.4447490090173296,-0.1544014400240217,-0.8681431210690794,0.3769454005882529,-0.31595639248185253,-0.9946743986839256,-0.42907760656177657,1.0236778868772098,1.604610344977157,0.08329097552858834,-1.6216823712469601
0.0,0.7950169236022757,-0.3136375509064838,-0.395488129456127,0.7659989240876218,0.7772476647859181,-0.9182054814735013,-0.7752891788142463,0.8219141596619336,-0.4215616659888054,-1.3232514254238537,-0.9044249810374589,1.125924122804416
0.0,-0.8323194691031637,0.0796968234260547,1.2921186965686087,0.2961830861050702,1.3777010610824154,0.888541785501445,2.612993661395245,0.6134155319580012,-0.6383475989187061,0.2921205858318764,-1.3159732962733122,0.21005529145395715
0.0,-0.018651272750444616,0.4730311977585925,-1.1187481977524418,-0.3574737319576104,1.8780788913294963,1.0558331991102363,2.47892491591933,0.6829150745259787,0.9514159092339075,1.2007673421632241,-0.9044249810374589,1.125924122804416
0.0,2.422353316307714,-0.4447490090173296,1.6537487307167666,-1.092837652278126,1.1775499289835827,-1.7212042667956997,-1.579701651669737,0.09216896269809303,-1.722277263568216,0.09019908442491001,-1.2336636332261417,0.21005529145395715
0.0,-0.15426263880923075,-0.4447490090173296,-0.1544014400240217,-0.8681431210690794,0.3769454005882529,-0.31595639248185253,-0.9946743986839256,-0.42907760656177657,1.0236778868772098,1.604610344977157,0.08329097552858834,-1.6216823712469601
0.0,0.7950169236022757,-0.3136375509064838,-0.395488129456127,0.7659989240876218,0.7772476647859181,-0.9182054814735013,-0.7752891788142463,0.8219141596619336,-0.4215616659888054,-1.3232514254238537,-0.9044249810374589,1.125924122804416
0.0,0.3881828254259149,-1.10030629957156,0.44831528355624084,-1.011130550020291,0.07671870244000388,-0.249039827038336,-1.2140596185536048,-1.4020712025135769,0.517844043374103,-1.1213299240168872,1.7294842364720013,-1.6216823712469601
0.0,0.2525714593671288,0.7352541139802848,0.20722859412413622,-1.0315573255847497,-0.023356863609411745,-0.9851220469170178,-1.6528300582929634,-0.915574404537696,0.8791539315906084,1.70557109568064,1.1533165951418074,-1.6216823712469601
0.0,0.7950169236022757,-1.10030629957156,-0.27494478474007433,0.500450841749658,2.178305589477745,-0.5836226542559186,-0.8240414498963973,0.7871643883779449,-1.7945392412115184,0.7969243393492924,-1.0690443071317997,1.125924122804416
0.0,0.3881828254259149,-0.8380833833498678,0.20722859412413622,1.9711786823906894,0.7772476647859181,1.0892914818319945,0.7116550891913578,1.6211588991937902,0.15653415515760072,1.2007673421632241,-1.1513539701789715,0.21005529145395715
0.0,0.3881828254259149,0.9974770302019772,-1.4803782319005994,-0.051072098490728864,2.078230023428329,0.8216252200579285,0.6629028181092068,0.26591781911807527,-0.13251375541560237,-0.6165261704994719,-0.49287666580160566,1.125924122804416
0.0,0.6594055575434884,-0.5758604671281757,-0.27494478474007433,0.37789018836290517,0.4770209666376692,0.48704239284034584,1.7110766463754523,0.9609132447979272,1.0236778868772098,-0.21268316768553905,-0.9044249810374589,0.21005529145395715
0.0,-0.018651272750444616,-0.18252609279563764,-0.1544014400240217,1.4196557421503027,0.7772476647859181,2.293789659815292,1.589195968670075,1.1694118725018596,0.22879613280090308,-0.010761666278573195,-0.7398056549431182,0.21005529145395715
0.0,-0.967930835161951,0.0796968234260547,1.2921186965686087,0.23490275941169395,0.6771720987365019,2.026123398041226,2.5886175258541697,0.64816530324199,-0.49382364363210457,-0.1117224169820564,-1.3159732962733122,1.125924122804416
0.0,0.1169600933083427,-0.3136375509064838,0.08668524940808357,-0.9498502233269145,-0.7238858259553254,0.8216252200579285,-0.0196289770409065,-1.3325716599455995,0.517844043374103,-0.8184476719064376,1.647174573424831,-1.6216823712469601
0.0,0.1169600933083427,-0.706971925239022,0.08668524940808357,-0.9294234477624558,-0.8239613920047416,0.888541785501445,-0.0196289770409065,-1.3673214312295883,0.4455820657308038,-0.717486921202955,1.647174573424831,-1.6216823712469601
0.0,0.9306282896610618,-1.231417757682406,-0.033858095307969065,-0.9498502233269145,-0.2235079957082444,1.0892914818319945,0.27288464945199925,-0.7765753194017025,0.15653415515760072,-0.41460466909250543,0.7417682799059542,-1.6216823712469601
0.0,0.3881828254259149,-0.05141463468479146,-0.395488129456127,1.2358147620701736,0.1767942684894202,1.8253737017106764,2.515489119230943,1.0651625586498934,-1.0719194647785106,-0.6165261704994719,-1.1513539701789715,0.21005529145395715
0.0,2.422353316307714,0.014141094370631628,0.44831528355624084,-1.0519841011492084,-0.8239613920047416,-1.3197048741346005,-1.3846925673411332,-0.8808246332537073,-1.722277263568216,-1.2222906747203706,0.6594586168587838,-1.6216823712469601
0.0,0.7950169236022757,-0.18252609279563764,0.5688586282722935,1.46050929327922,1.77800332528008,1.1562080472755112,1.3454346132593202,1.2736611863538643,-1.3609673753517137,-0.41460466909250543,-1.2336636332261417,1.125924122804416
0.0,0.3881828254259149,-1.8869750482366363,-0.033858095307969065,0.6638650462653279,1.1775499289835827,1.9592068325977094,0.614150547027056,0.8219141596619336,1.5295117303803136,-0.717486921202955,-0.9867346440846293,1.125924122804416
0.0,-1.1035422012207372,-0.706971925239022,-0.9982048530363895,1.1745344353767972,0.7772476647859181,1.3569577436060607,0.6629028181092068,1.099912329933882,1.0959398645205092,-0.9194084226099208,-0.9867346440846293,1.125924122804416
0.0,0.9306282896610618,0.5385869268140155,0.9304886624204514,2.5635551737599935,1.6779277592306636,0.6208755237273789,0.8091596313556597,2.14240546845366,-1.4332293529950129,-0.21268316768553905,-1.3159732962733122,1.125924122804416
0.0,0.7950169236022757,-0.18252609279563764,0.5688586282722935,1.46050929327922,1.77800332528008,1.1562080472755112,1.3454346132593202,1.2736611863538643,-1.3609673753517137,-0.41460466909250543,-1.2336636332261417,1.125924122804416
0.0,0.6594055575434884,-1.7558635901257902,-0.033858095307969065,1.6443502733593487,0.8773232308353338,-0.048290130707786406,-0.6777846366499444,1.238911415069837,0.08427217751430155,-1.3232514254238537,-1.1513539701789715,0.21005529145395715
0.0,0.3881828254259149,-1.8869750482366363,-0.033858095307969065,0.6638650462653279,1.1775499289835827,1.9592068325977094,0.614150547027056,0.8219141596619336,1.5295117303803136,-0.717486921202955,-0.9867346440846293,1.125924122804416
0.0,0.3881828254259149,-0.4447490090173296,0.3277719388401882,2.073312560212983,-0.2235079957082444,1.6915405708236433,0.8335357668967353,1.794907755613734,-0.2047757330589015,1.0998065914597408,-1.2336636332261417,0.21005529145395715
0.0,0.3881828254259149,-0.4447490090173296,0.3277719388401882,2.073312560212983,-0.2235079957082444,1.6915405708236433,0.8335357668967353,1.794907755613734,-0.2047757330589015,1.0998065914597408,-1.2336636332261417,0.21005529145395715
0.0,0.1169600933083427,0.866365572091131,-0.516031474172179,-1.0315573255847497,0.8773232308353338,0.15245956562276317,1.2235539355539429,-0.39432783527778786,0.5901060210174053,1.2007673421632241,-0.2459476766600931,1.125924122804416
0.0,0.5237941914847023,0.6041426558694387,2.1359221095809766,1.4196557421503027,1.3777010610824154,2.2268730943717756,1.4185630198825467,1.5169095853417855,-1.2887053977084146,-0.1117224169820564,-1.1513539701789715,1.125924122804416
0.0,-0.15426263880923075,1.9152572369778988,0.20722859412413622,0.5821579440074929,0.6771720987365019,-0.3828729579253691,0.32163692053415016,1.0304127873659046,0.22879613280090308,0.2921205858318764,-1.2336636332261417,1.125924122804416
0.0,-0.15426263880923075,1.9152572369778988,0.20722859412413622,0.5821579440074929,0.6771720987365019,-0.3828729579253691,0.32163692053415016,1.0304127873659046,0.22879613280090308,0.2921205858318764,-1.2336636332261417,1.125924122804416
0.0,-1.1035422012207372,0.6041426558694387,-0.9982048530363895,-0.6230218142955743,-0.12343242965882807,-0.6505392196994352,0.15100397174662183,-0.8460748619697186,0.8791539315906084,-0.41460466909250543,0.5771489538116135,0.21005529145395715
0.0,0.2525714593671288,-1.624752132014944,0.9304886624204514,-0.9498502233269145,-0.7238858259553254,-1.252788308691084,-1.2628118896357559,-0.9503241758216847,0.012010199870999176,-0.6165261704994719,0.9886972690474667,0.21005529145395715
0.0,0.5237941914847023,0.6041426558694387,2.1359221095809766,1.4196557421503027,1.3777010610824154,2.2268730943717756,1.4185630198825467,1.5169095853417855,-1.2887053977084146,-0.1117224169820564,-1.1513539701789715,1.125924122804416
0.0,0.6594055575434884,0.7352541139802848,1.894835420148871,1.4196557421503027,1.77800332528008,1.4907908744930938,1.4429391554236222,1.5169095853417855,-1.0719194647785106,0.1911598351283932,-1.1513539701789715,1.125924122804416
0.0,1.3374623878374214,-0.3136375509064838,-0.033858095307969065,1.194961210941256,1.1775499289835827,0.48704239284034584,0.029123294041244457,1.586409127909763,-1.2887053977084146,0.595002837942326,-1.4805926223676529,1.125924122804416
0.0,0.7950169236022757,-1.362529215793252,-0.1544014400240217,0.10212871824271189,1.6779277592306636,-0.249039827038336,-0.14150965474628388,0.4744164468220077,0.7346299763040068,-1.4242121761273363,-0.7398056549431182,1.125924122804416
0.0,0.1169600933083427,-0.9691948414607139,-0.516031474172179,-0.2757666296997752,1.5778521931812481,-1.386621439578117,0.22413237836984828,0.4744164468220077,0.7346299763040068,-1.2222906747203706,-1.2336636332261417,0.21005529145395715
0.0,-0.15426263880923075,-0.9691948414607139,0.44831528355624084,-1.072410876713667,-1.624565920400072,1.892290267154193,0.15100397174662183,-0.915574404537696,0.5901060210174053,-0.010761666278573195,0.3302199646701009,0.21005529145395715
0.0,0.7950169236022757,1.6530343207562073,-1.1187481977524418,0.13276888158940012,-0.924036958054158,-0.3828729579253691,-0.26339033245166127,0.057419191414104294,-0.34929968834550307,-0.6165261704994719,-0.08132835056575237,1.125924122804416
0.0,-0.42548537092680416,-0.3136375509064838,-0.033858095307969065,0.25532953497615263,-0.42365912780707704,0.888541785501445,1.6135721042111504,0.6829150745259787,1.8908216185968192,0.595002837942326,-0.7398056549431182,-1.6216823712469601
0.0,-1.5103762993970966,-0.05141463468479146,-0.8776615083203368,0.8272792507809983,-2.225019316696569,-1.8550373976827328,-1.9453436847858692,0.057419191414104294,1.4572497527370145,-1.1213299240168872,0.000981312481417987,1.125924122804416
0.0,-0.42548537092680416,-0.3136375509064838,-0.033858095307969065,0.25532953497615263,-0.42365912780707704,0.888541785501445,1.6135721042111504,0.6829150745259787,1.8908216185968192,0.595002837942326,-0.7398056549431182,-1.6216823712469601
0.0,-0.42548537092680416,2.1119244241441684,0.9304886624204514,1.3788021910213848,-0.42365912780707704,1.6246240053801269,2.5398652547720184,1.4126602714898193,0.3010581104442022,0.8978850900527745,-1.3159732962733122,1.125924122804416
0.0,-0.28987400486801806,-0.3136375509064838,-0.6365748188882316,1.930325131261772,-0.7238858259553254,0.754708654614412,1.2479300710950183,1.5169095853417855,0.3733200880875046,0.2921205858318764,-1.1513539701789715,1.125924122804416
0.0,-0.018651272750444616,0.0796968234260547,-1.2392915424684945,0.35746341279844646,-0.8239613920047416,1.3569577436060607,1.6135721042111504,0.7871643883779449,0.012010199870999176,0.3930813365353596,-1.3982829593204826,1.125924122804416
0.0,-0.15426263880923075,0.0796968234260547,-0.1544014400240217,1.9098983556973128,-0.6238102599059097,0.6208755237273789,1.028544851225339,1.4126602714898193,0.517844043374103,0.7969243393492924,-0.8221153179902886,1.125924122804416
0.0,1.879907852072567,-0.4447490090173296,0.9304886624204514,-1.0519841011492084,-1.5244903543506556,0.08554300017924665,-0.38527101015703863,-0.6375762342657476,-0.49382364363210457,-1.0203691733134042,0.08329097552858834,0.21005529145395715
0.0,-0.018651272750444616,-0.9691948414607139,0.44831528355624084,-0.9089966721979972,-0.7238858259553254,-0.31595639248185253,-0.9946743986839256,-0.7418255481177137,-0.2770377107022039,0.595002837942326,0.16560063857576018,-1.6216823712469601
0.0,-0.6967081030443776,0.6041426558694387,0.20722859412413622,-0.8477163455046207,0.2768698345388365,-0.9851220469170178,-1.4578209739643597,-0.39432783527778786,0.8068919539473061,-0.5155654197959887,-0.3282573397072649,1.125924122804416
0.0,1.4730737538962086,-0.706971925239022,0.9304886624204514,-1.0519841011492084,-0.32358356175766073,0.2193761310662797,-0.7265369077320953,-0.6375762342657476,0.15653415515760072,0.595002837942326,0.16560063857576018,0.21005529145395715
0.0,2.2867419502489277,-0.706971925239022,1.0510320071365034,-0.41875405865098664,-0.6238102599059097,-0.7174557851429517,-0.9215459920606991,0.30066759040206403,-0.06025177777229999,0.4940420872388428,-0.7398056549431182,0.21005529145395715
0.0,1.7442964860137808,-0.8380833833498678,0.9304886624204514,-0.8885698966335382,-0.5237346938564934,-1.0520386123605343,-1.2140596185536048,-0.6028264629817588,-0.49382364363210457,0.595002837942326,0.4948392907644416,0.21005529145395715
0.0,-0.6967081030443776,-0.11697036374021454,0.5688586282722935,-1.072410876713667,-0.2235079957082444,0.15245956562276317,-0.555903958944567,-1.1588228035256172,-1.3609673753517137,-0.9194084226099208,0.24791030162293054,0.21005529145395715
0.0,-1.645987665455884,-1.362529215793252,-0.6365748188882316,-1.011130550020291,0.1767942684894202,1.2231246127190276,0.7604073602735087,-0.707075776833725,0.6623679986607045,-1.1213299240168872,-0.41056700275443525,0.21005529145395715
0.0,-0.6967081030443776,0.9974770302019772,0.08668524940808357,-0.3574737319576104,-0.8239613920047416,-1.0520386123605343,-1.3846925673411332,-0.7418255481177137,1.384987775093712,0.9988458407562577,1.1533165951418074,-1.6216823712469601
0.0,0.1169600933083427,-0.18252609279563764,-0.27494478474007433,-0.4596076097799042,1.1775499289835827,-0.7843723505864683,-0.507151687862416,0.057419191414104294,-1.4332293529950129,-1.0203691733134042,-0.9867346440846293,0.21005529145395715
0.0,1.4730737538962086,-0.5758604671281757,0.6894019729883462,0.3370366372339878,0.07671870244000388,0.754708654614412,0.3703891916163011,-0.1510794362898667,-0.49382364363210457,-1.6261336775343027,0.7417682799059542,-1.6216823712469601
0.0,1.066239655719848,-1.10030629957156,1.6537487307167666,0.7864256996520805,1.277625495032999,1.5577074399366102,-0.044005112581981976,1.0304127873659046,-0.34929968834550307,-0.5155654197959887,-0.575186328848776,0.21005529145395715
0.0,0.1169600933083427,-0.18252609279563764,-0.27494478474007433,-0.4596076097799042,1.1775499289835827,-0.7843723505864683,-0.507151687862416,0.057419191414104294,-1.4332293529950129,-1.0203691733134042,-0.9867346440846293,0.21005529145395715
0.0,0.5237941914847023,-1.10030629957156,1.0510320071365034,-1.0519841011492084,0.5770965326870855,0.4201258273968293,-0.9702982631428501,-0.6723260055497363,-0.34929968834550307,-0.3136439183890222,-0.16363801361292274,1.125924122804416
0.0,0.7950169236022757,-0.3136375509064838,1.171575351852556,1.5626431711015139,2.378456721576578,0.888541785501445,1.491691426505773,1.4126602714898193,-2.1558491294280206,-0.6165261704994719,-1.3982829593204826,0.21005529145395715
0.0,0.7950169236022757,-0.3136375509064838,1.171575351852556,1.5626431711015139,2.378456721576578,0.888541785501445,1.491691426505773,1.4126602714898193,-2.1558491294280206,-0.6165261704994719,-1.3982829593204826,0.21005529145395715
0.0,-0.967930835161951,0.7352541139802848,-0.9982048530363895,-0.9907037744558321,-0.6238102599059097,0.2193761310662797,-0.31214260353381224,-1.4020712025135769,0.7346299763040068,-0.6165261704994719,1.4825552473304904,-1.6216823712469601
0.0,-0.967930835161951,0.7352541139802848,-0.9982048530363895,-0.9907037744558321,-0.6238102599059097,0.2193761310662797,-0.31214260353381224,-1.4020712025135769,0.7346299763040068,-0.6165261704994719,1.4825552473304904,-1.6216823712469601
0.0,-0.6967081030443776,1.259699946423669,-0.27494478474007433,-0.3166201808286928,0.6771720987365019,-1.386621439578117,-1.2628118896357559,-0.22057897885784417,0.6623679986607045,-0.9194084226099208,0.000981312481417987,1.125924122804416
0.0,0.7950169236022757,-0.3136375509064838,1.171575351852556,1.5626431711015139,2.378456721576578,0.888541785501445,1.491691426505773,1.4126602714898193,-2.1558491294280206,-0.6165261704994719,-1.3982829593204826,0.21005529145395715
0.0,-0.15426263880923075,-0.3136375509064838,0.3277719388401882,1.3788021910213848,0.7772476647859181,1.9592068325977094,1.6623243752933015,1.099912329933882,-0.2770377107022039,0.1911598351283932,-0.9044249810374589,1.125924122804416
0.0,0.2525714593671288,-0.4447490090173296,0.44831528355624084,1.358375415456926,0.8773232308353338,2.4945393561458418,0.979792580143188,1.1694118725018596,-0.2047757330589015,0.09019908442491001,-0.6574959918959463,1.125924122804416
0.0,2.151130584190142,0.0796968234260547,1.6537487307167666,0.480024066185199,0.5770965326870855,0.2862926965097962,1.4673152909646976,1.238911415069837,-0.34929968834550307,1.0998065914597408,-0.8221153179902886,0.21005529145395715
0.0,-0.15426263880923075,2.57081452753213,-1.7214649213327047,-0.8068627943757032,-0.8239613920047416,-0.6505392196994352,-0.9459221276017746,-1.4715707450815543,-0.7828715542053076,-0.41460466909250543,1.647174573424831,-1.6216823712469601
0.0,0.9306282896610618,0.3419197396477463,-0.1544014400240217,0.5310910050963459,1.277625495032999,-0.9851220469170178,0.34601305607522564,1.0304127873659046,-0.7828715542053076,0.595002837942326,-1.0690443071317997,1.125924122804416
0.0,0.3881828254259149,0.4730311977585925,1.6537487307167666,-0.9907037744558321,2.378456721576578,-0.3828729579253691,-0.09275738366413293,-1.1240730322416284,-0.49382364363210457,0.595002837942326,1.7294842364720013,0.21005529145395715
0.0,1.4730737538962086,-0.9691948414607139,1.533205386000714,-0.9907037744558321,0.2768698345388365,-1.1858717432475674,-0.9946743986839256,-0.7418255481177137,-0.4215616659888054,-0.9194084226099208,0.3302199646701009,0.21005529145395715
0.0,1.066239655719848,2.8330374437538213,0.5688586282722935,-1.1336912034070434,-0.5237346938564934,-2.055787094013282,-0.8971698565196237,-1.263072117377622,-1.144181442421813,-0.9194084226099208,0.6594586168587838,-0.7058135398965015
0.0,-0.6967081030443776,-0.5758604671281757,1.2921186965686087,-0.3676871197398397,-0.42365912780707704,-0.249039827038336,-0.16588579028735936,-0.707075776833725,1.1682018421638114,-1.5251729268308196,0.7417682799059542,-1.6216823712469601
0.0,0.1169600933083427,-0.4447490090173296,0.9304886624204514,0.23490275941169395,-0.2235079957082444,1.022374916388478,0.34601305607522564,-0.39432783527778786,-0.566085621275407,-2.130937431051718,0.6594586168587838,0.21005529145395715
0.0,0.5237941914847023,0.7352541139802848,1.7742920754328186,-0.2553398541353165,0.1767942684894202,-1.0520386123605343,-1.7503346004572653,-0.9850739471056735,-1.144181442421813,-0.717486921202955,1.647174573424831,-0.7058135398965015
0.0,-1.2391535672795233,-0.4447490090173296,-0.27494478474007433,1.3379486398924674,1.1775499289835827,1.4907908744930938,0.8091596313556597,1.1694118725018596,0.6623679986607045,-0.9194084226099208,-0.9867346440846293,1.125924122804416
0.0,-0.5610967369855903,-0.18252609279563764,-0.033858095307969065,-0.1736327518774814,0.6771720987365019,0.4201258273968293,0.9554164446021126,0.4049169042540302,0.012010199870999176,2.0084533477910895,-1.1513539701789715,0.21005529145395715
0.0,-0.5610967369855903,0.866365572091131,-0.1544014400240217,-0.1736327518774814,0.5770965326870855,0.48704239284034584,0.8822880379788861,0.43966667553801897,0.012010199870999176,1.8065318463841233,-1.0690443071317997,0.21005529145395715
0.0,0.3881828254259149,0.9974770302019772,-2.0830949554808624,-1.0519841011492084,1.0774743629341665,1.75845713626716,1.126049393389641,-0.08157989372185065,-0.7106095765620085,-0.5155654197959887,-1.1513539701789715,1.125924122804416
0.0,0.1169600933083427,0.0796968234260547,0.9304886624204514,1.5626431711015139,0.7772476647859181,1.9592068325977094,2.198599357196962,1.4126602714898193,-0.06025177777229999,0.9988458407562577,-0.8221153179902886,0.21005529145395715
0.0,-0.15426263880923075,-0.3136375509064838,1.0510320071365034,0.6230114951364106,-0.2235079957082444,0.9554583509449616,0.7116550891913578,0.5439159893899852,-0.49382364363210457,1.3017280928667072,-0.575186328848776,0.21005529145395715
0.0,-1.2391535672795233,0.4730311977585925,-1.1187481977524418,-0.43918083421544535,-0.42365912780707704,0.48704239284034584,-0.4340232812391896,-0.4985771491297926,-0.2770377107022039,0.1911598351283932,0.3302199646701009,1.125924122804416
0.0,-0.42548537092680416,0.21080828153690087,-0.516031474172179,0.43917051505628163,0.4770209666376692,1.2900411781625443,1.7842050529986788,0.8219141596619336,-0.7106095765620085,0.595002837942326,-1.3982829593204826,-0.7058135398965015
0.0,-0.28987400486801806,0.21080828153690087,-0.516031474172179,0.43917051505628163,0.9773987968847501,1.3569577436060607,1.8085811885397542,0.8219141596619336,-0.7106095765620085,0.6959635886458092,-1.3982829593204826,0.21005529145395715
0.0,-0.018651272750444616,0.21080828153690087,0.44831528355624084,0.3370366372339878,0.2768698345388365,-0.4497895233688856,-0.3365187390748877,-0.3595780639937991,-1.2164434200651122,-1.1213299240168872,0.6594586168587838,0.21005529145395715
0.0,-0.28987400486801806,-1.4936406739040982,0.20722859412413622,-0.2553398541353165,1.277625495032999,-0.048290130707786406,-0.28776646799273675,0.12691873398208176,1.2404638198071105,-0.6165261704994719,-0.8221153179902886,1.125924122804416
0.0,-0.018651272750444616,-0.05141463468479146,-0.9982048530363895,0.2961830861050702,0.9773987968847501,1.2900411781625443,1.8817095951629808,0.7871643883779449,-0.4215616659888054,-0.1117224169820564,-1.3982829593204826,1.125924122804416
0.0,0.3881828254259149,0.7352541139802848,-0.9982048530363895,1.3788021910213848,0.7772476647859181,1.1562080472755112,1.637948239752226,1.4474100427738081,-0.6383475989187061,0.09019908442491001,-1.4805926223676529,1.125924122804416
0.0,-0.018651272750444616,-0.05141463468479146,-0.9982048530363895,0.2961830861050702,0.9773987968847501,1.2900411781625443,1.8817095951629808,0.7871643883779449,-0.4215616659888054,-0.1117224169820564,-1.3982829593204826,1.125924122804416
0.0,-0.018651272750444616,0.0796968234260547,-0.7571181636042842,1.9916054579551483,0.6771720987365019,1.3569577436060607,1.4429391554236222,1.586409127909763,-0.2770377107022039,0.1911598351283932,-1.0690443071317997,1.125924122804416
0.0,0.3881828254259149,0.7352541139802848,-0.9982048530363895,1.3788021910213848,0.7772476647859181,1.1562080472755112,1.637948239752226,1.4474100427738081,-0.6383475989187061,0.09019908442491001,-1.4805926223676529,1.125924122804416
0.0,-0.018651272750444616,-0.05141463468479146,0.20722859412413622,1.5422163955370551,-0.8239613920047416,0.2862926965097962,-0.06838124812305746,0.3701671329700415,1.0236778868772098,0.4940420872388428,1.1533165951418074,0.21005529145395715
0.0,-1.3747649333383105,0.21080828153690087,0.3277719388401882,-0.827289569940162,1.0774743629341665,0.08554300017924665,-0.555903958944567,-0.4985771491297926,0.6623679986607045,0.1911598351283932,-0.3282573397072649,-0.7058135398965015
0.0,-0.5610967369855903,-0.706971925239022,2.1359221095809766,1.0724005575545033,-0.023356863609411745,0.6877920891708954,0.3947653271573766,1.1694118725018596,-0.2770377107022039,-0.5155654197959887,-1.4805926223676529,1.125924122804416
0.0,0.2525714593671288,-1.362529215793252,-0.033858095307969065,0.3983169639273642,0.2768698345388365,0.2193761310662797,-0.26339033245166127,0.6829150745259787,0.15653415515760072,-1.4242121761273363,-1.1513539701789715,1.125924122804416
0.0,-1.645987665455884,-0.2480818218510607,-0.8776615083203368,0.6842918218297867,-1.0241125241035742,-1.52045457046515,-1.677206193834039,0.057419191414104294,0.8791539315906084,-1.4242121761273363,-0.08132835056575237,1.125924122804416
0.0,-0.018651272750444616,-1.10030629957156,0.6894019729883462,-1.011130550020291,-0.42365912780707704,0.01862643473573012,-0.6290323655677934,-0.707075776833725,0.9514159092339075,1.0998065914597408,0.4948392907644416,-1.6216823712469601
0.0,0.2525714593671288,-1.362529215793252,-0.033858095307969065,0.3983169639273642,0.2768698345388365,0.2193761310662797,-0.26339033245166127,0.6829150745259787,0.15653415515760072,-1.4242121761273363,-1.1513539701789715,1.125924122804416
0.0,-0.15426263880923075,-1.7558635901257902,-0.395488129456127,-0.21448630300639895,0.8773232308353338,-0.249039827038336,-0.3608948746159632,0.19641827655005925,1.8185596409535167,-1.1213299240168872,-0.7398056549431182,0.21005529145395715
0.0,-0.8323194691031637,-0.18252609279563764,-0.8776615083203368,-1.011130550020291,-1.224263656202407,0.01862643473573012,-0.7752891788142463,-0.915574404537696,0.8068919539473061,-0.41460466909250543,0.41252962771727125,-1.6216823712469601
0.0,-1.3747649333383105,-0.05141463468479146,-0.9982048530363895,0.5821579440074929,0.1767942684894202,1.3569577436060607,0.3703891916163011,0.7871643883779449,0.8791539315906084,-1.0203691733134042,-0.9867346440846293,1.125924122804416
0.0,0.9306282896610618,0.0796968234260547,0.44831528355624084,0.13276888158940012,-0.6238102599059097,0.6877920891708954,0.6629028181092068,0.02266942013011556,-1.144181442421813,-1.5251729268308196,0.3302199646701009,1.125924122804416
0.0,-1.3747649333383105,-0.05141463468479146,-0.9982048530363895,0.5821579440074929,0.1767942684894202,1.3569577436060607,0.3703891916163011,0.7871643883779449,0.8791539315906084,-1.0203691733134042,-0.9867346440846293,1.125924122804416
0.0,-1.5103762993970966,0.21080828153690087,-0.9982048530363895,2.2775803158575707,0.1767942684894202,1.6915405708236433,0.7360312247324333,1.7601579843297452,0.8791539315906084,-0.41460466909250543,-0.9867346440846293,1.125924122804416
0.0,0.9306282896610618,-0.4447490090173296,0.44831528355624084,0.13276888158940012,-0.6238102599059097,0.5539589582838623,0.5897744114859804,-0.012080351153873174,-1.0719194647785106,-1.6261336775343027,0.3302199646701009,1.125924122804416
0.0,0.9306282896610618,0.0796968234260547,0.44831528355624084,0.13276888158940012,-0.6238102599059097,0.6877920891708954,0.6629028181092068,0.02266942013011556,-1.144181442421813,-1.5251729268308196,0.3302199646701009,1.125924122804416
0.0,-0.8323194691031637,-0.18252609279563764,-0.8776615083203368,-1.011130550020291,-1.224263656202407,0.01862643473573012,-0.7752891788142463,-0.915574404537696,0.8068919539473061,-0.41460466909250543,0.41252962771727125,-1.6216823712469601
0.0,-0.42548537092680416,-0.9691948414607139,-0.27494478474007433,-1.1336912034070434,0.07671870244000388,-0.11520669615130294,0.17538010728769732,-0.08157989372185065,1.6740356856669152,-0.9194084226099208,-1.2336636332261417,0.21005529145395715
0.0,0.3881828254259149,-0.3136375509064838,1.0510320071365034,2.3388606425509475,0.3769454005882529,0.2862926965097962,0.1997562428287728,2.0729059258856823,0.9514159092339075,-0.9194084226099208,-1.5629022854148247,1.125924122804416
0.0,-0.5610967369855903,-1.231417757682406,-0.033858095307969065,-0.8068627943757032,0.5770965326870855,0.4201258273968293,1.540443697587924,-0.012080351153873174,2.2521315068133214,0.1911598351283932,-0.7398056549431182,0.21005529145395715
0.0,-0.5610967369855903,-1.231417757682406,-0.033858095307969065,-0.8068627943757032,0.5770965326870855,0.4201258273968293,1.540443697587924,-0.012080351153873174,2.2521315068133214,0.1911598351283932,-0.7398056549431182,0.21005529145395715
0.0,0.3881828254259149,-0.3136375509064838,1.0510320071365034,2.3388606425509475,0.3769454005882529,0.2862926965097962,0.1997562428287728,2.0729059258856823,0.9514159092339075,-0.9194084226099208,-1.5629022854148247,1.125924122804416
0.0,2.0155192181313555,0.21080828153690087,0.9304886624204514,0.2961830861050702,-0.12343242965882807,0.2193761310662797,1.394186884341471,1.308410957637853,1.0959398645205092,0.2921205858318764,-0.8221153179902886,0.21005529145395715
0.0,1.879907852072567,0.0796968234260547,0.8099453177043987,0.2961830861050702,-0.32358356175766073,0.9554583509449616,1.7354527819165277,1.308410957637853,0.8791539315906084,0.2921205858318764,-0.9044249810374589,0.21005529145395715
0.0,0.5237941914847023,-0.4447490090173296,0.6894019729883462,1.6239234977948902,1.5778521931812481,1.3569577436060607,1.394186884341471,1.4126602714898193,-0.7106095765620085,-0.41460466909250543,-1.3159732962733122,0.21005529145395715
0.0,0.5237941914847023,-0.4447490090173296,0.6894019729883462,1.6239234977948902,1.5778521931812481,1.3569577436060607,1.394186884341471,1.4126602714898193,-0.7106095765620085,-0.41460466909250543,-1.3159732962733122,0.21005529145395715
0.0,0.5237941914847023,-0.4447490090173296,0.6894019729883462,1.6239234977948902,1.5778521931812481,1.3569577436060607,1.394186884341471,1.4126602714898193,-0.7106095765620085,-0.41460466909250543,-1.3159732962733122,0.21005529145395715
0.0,0.5237941914847023,-0.4447490090173296,0.6894019729883462,1.6239234977948902,1.5778521931812481,1.3569577436060607,1.394186884341471,1.4126602714898193,-0.7106095765620085,-0.41460466909250543,-1.3159732962733122,0.21005529145395715
0.0,-0.8323194691031637,-0.18252609279563764,-1.3598348871845471,1.879258192350625,-0.32358356175766073,-0.4497895233688856,0.5410221404038295,1.5169095853417855,2.1076075515267196,1.604610344977157,-0.8221153179902886,0.21005529145395715
0.0,0.6594055575434884,0.7352541139802848,-1.1187481977524418,1.5013628444081373,0.7772476647859181,0.9554583509449616,1.4673152909646976,1.6211588991937902,0.08427217751430155,-0.21268316768553905,-1.5629022854148247,1.125924122804416
0.0,1.2018510217786353,0.6041426558694387,-0.7571181636042842,0.2961830861050702,-1.1241880901529906,-0.7843723505864683,-1.1409312119303785,0.19641827655005925,-0.4215616659888054,0.1911598351283932,-0.16363801361292274,1.125924122804416
0.0,0.3881828254259149,-0.706971925239022,0.5688586282722935,-0.8068627943757032,-1.624565920400072,-0.7843723505864683,-0.8971698565196237,-1.2283223460936332,-0.2770377107022039,-1.0203691733134042,0.6594586168587838,-1.6216823712469601
0.0,-0.018651272750444616,-0.3136375509064838,0.20722859412413622,-0.7455824676823268,0.4770209666376692,1.9926651153194677,1.9914022050978204,-0.1510794362898667,0.8068919539473061,0.9988458407562577,-0.7398056549431182,0.21005529145395715
0.0,-0.018651272750444616,-0.706971925239022,-0.6365748188882316,-0.8681431210690794,-1.224263656202407,-0.5836226542559186,0.053499429582319936,-1.3325716599455995,-0.2047757330589015,1.3017280928667072,1.647174573424831,-1.6216823712469601
0.0,-1.3747649333383105,-0.8380833833498678,-0.6365748188882316,-1.011130550020291,-1.1241880901529906,-1.52045457046515,-1.4578209739643597,-1.1588228035256172,0.4455820657308038,-1.2222906747203706,0.24791030162293054,-1.6216823712469601
0.0,-1.645987665455884,-0.9691948414607139,-0.7571181636042842,-1.011130550020291,-1.224263656202407,-1.52045457046515,-1.4821971095054352,-1.1588228035256172,0.4455820657308038,-1.1213299240168872,0.24791030162293054,-1.6216823712469601
0.0,-1.3747649333383105,-0.3136375509064838,1.4126620412846613,-0.5821682631666567,-1.3243392222518229,-1.9888705285697659,-0.6777846366499444,-0.8808246332537073,2.468917439743222,-0.5155654197959887,0.9063876060002949,-0.7058135398965015
0.0,-1.3747649333383105,-0.3136375509064838,0.8099453177043987,-0.9907037744558321,1.1775499289835827,0.15245956562276317,0.516646004862754,-0.22057897885784417,0.15653415515760072,0.3930813365353596,-1.0690443071317997,0.21005529145395715
0.0,-0.15426263880923075,-0.05141463468479146,0.8099453177043987,-1.072410876713667,-0.2235079957082444,0.6877920891708954,0.24850851391092374,-0.11632966500583938,0.9514159092339075,0.9988458407562577,-0.8221153179902886,-1.6216823712469601
0.0,-0.6967081030443776,1.1285884883128225,-0.27494478474007433,-0.13277920074856384,-0.7238858259553254,-1.7881208322392161,-0.9702982631428501,-0.39432783527778786,0.5901060210174053,-0.717486921202955,0.3302199646701009,-1.6216823712469601
0.0,-0.6967081030443776,1.1285884883128225,-0.27494478474007433,-0.13277920074856384,-0.7238858259553254,-1.7881208322392161,-0.9702982631428501,-0.39432783527778786,0.5901060210174053,-0.717486921202955,0.3302199646701009,-1.6216823712469601
0.0,-0.5610967369855903,-0.4447490090173296,0.8099453177043987,-0.9294234477624558,-1.0241125241035742,-0.7843723505864683,-0.4583994167802651,-0.915574404537696,0.9514159092339075,0.1911598351283932,0.9886972690474667,0.21005529145395715
0.0,-1.3747649333383105,1.259699946423669,0.6894019729883462,-1.1132644278425847,-0.5237346938564934,-2.122703659456799,-1.5065732450465106,-1.1935725748096444,0.6623679986607045,-1.4242121761273363,0.6594586168587838,-0.7058135398965015
0.0,0.1169600933083427,-1.9525307772920595,0.3277719388401882,-0.19405952744194008,0.5770965326870855,0.08554300017924665,-0.7021607721910198,0.02266942013011556,0.9514159092339075,-0.6165261704994719,-0.3282573397072649,0.21005529145395715
0.0,0.1169600933083427,0.3419197396477463,0.9304886624204514,2.6759024393645165,0.07671870244000388,0.08554300017924665,0.46789373378060306,2.003406383317705,-1.8668012188548175,-0.1117224169820564,-1.3982829593204826,1.125924122804416
0.0,0.1169600933083427,0.21080828153690087,0.9304886624204514,0.37789018836290517,-0.6238102599059097,-1.3197048741346005,-1.0190505342250011,0.19641827655005925,-0.13251375541560237,-1.5251729268308196,-0.3282573397072649,1.125924122804416
0.0,0.5237941914847023,0.3419197396477463,0.9304886624204514,1.4809360688436788,0.2768698345388365,2.0930399634847427,2.2961038993612637,1.343160728921842,-0.7828715542053076,1.0998065914597408,-0.8221153179902886,0.21005529145395715
0.0,-0.8323194691031637,-0.3136375509064838,0.3277719388401882,-1.0519841011492084,-0.42365912780707704,-0.8512889160299848,0.7360312247324333,-0.915574404537696,-0.6383475989187061,-0.010761666278573195,0.000981312481417987,0.21005529145395715
0.0,0.1169600933083427,0.3419197396477463,0.9304886624204514,2.6759024393645165,0.07671870244000388,0.08554300017924665,0.46789373378060306,2.003406383317705,-1.8668012188548175,-0.1117224169820564,-1.3982829593204826,1.125924122804416
0.0,0.1169600933083427,0.7352541139802848,-0.7571181636042842,0.3983169639273642,1.0774743629341665,-0.18212326159481948,1.0529209867664144,0.9261634735139385,0.4455820657308038,0.2921205858318764,-1.1513539701789715,0.21005529145395715
0.0,0.1169600933083427,0.7352541139802848,-0.7571181636042842,0.3983169639273642,1.0774743629341665,-0.18212326159481948,1.0529209867664144,0.9261634735139385,0.4455820657308038,0.2921205858318764,-1.1513539701789715,0.21005529145395715
0.0,-1.3747649333383105,-0.18252609279563764,-0.7571181636042842,1.3788021910213848,0.8773232308353338,0.6208755237273789,0.27288464945199925,1.1694118725018596,0.7346299763040068,-1.0203691733134042,-1.0690443071317997,1.125924122804416
0.0,0.2525714593671288,0.3419197396477463,2.6180954884451872,0.8885595774743743,0.3769454005882529,1.6246240053801269,2.3692323059844904,0.9609132447979272,-0.9996574871352115,1.3017280928667072,-0.9044249810374589,1.125924122804416
0.0,-0.28987400486801806,-0.9691948414607139,1.0510320071365034,0.5208776173141167,0.3769454005882529,1.0892914818319945,0.7847834958145843,0.5439159893899852,-0.34929968834550307,0.8978850900527745,-0.6574959918959463,0.21005529145395715
0.0,-0.15426263880923075,-0.8380833833498678,1.0510320071365034,0.5617311684430342,0.1767942684894202,1.022374916388478,0.7116550891913578,0.5439159893899852,-0.34929968834550307,0.9988458407562577,-0.6574959918959463,0.21005529145395715
0.0,1.2018510217786353,-0.05141463468479146,0.9304886624204514,-1.072410876713667,-0.023356863609411745,-1.7212042667956997,-1.8722152781626427,-0.8113250906856913,-2.1558491294280206,0.1911598351283932,0.000981312481417987,1.125924122804416
0.0,-0.018651272750444616,0.7352541139802848,0.20722859412413622,-1.0519841011492084,0.1767942684894202,-1.386621439578117,-1.7015823293751144,-0.6723260055497363,-0.9996574871352115,-0.1117224169820564,0.000981312481417987,-0.7058135398965015
0.0,0.2525714593671288,0.4730311977585925,2.015378764864924,-0.3370469563931515,-0.6238102599059097,-1.1858717432475674,-0.7752891788142463,-0.7765753194017025,0.517844043374103,2.0084533477910895,1.4825552473304904,-1.6216823712469601
0.0,0.2525714593671288,-0.3136375509064838,0.44831528355624084,-0.7251556921178681,-0.8239613920047416,-0.8512889160299848,-0.604656230026718,-1.3325716599455995,0.012010199870999176,-1.0203691733134042,1.647174573424831,-1.6216823712469601
0.0,-0.018651272750444616,2.308591611310437,0.5688586282722935,-0.2553398541353165,0.4770209666376692,0.754708654614412,1.5648198331289995,-0.012080351153873174,-0.7828715542053076,1.70557109568064,-0.08132835056575237,-0.7058135398965015
0.0,-0.15426263880923075,0.9974770302019772,-0.27494478474007433,1.8894715801328539,1.1775499289835827,1.0892914818319945,1.4429391554236222,1.5169095853417855,0.012010199870999176,0.09019908442491001,-1.0690443071317997,1.125924122804416
0.0,0.3881828254259149,1.1285884883128225,-0.9982048530363895,1.8486180290039365,1.277625495032999,0.754708654614412,1.491691426505773,1.7254082130457564,-0.49382364363210457,0.09019908442491001,-1.4805926223676529,1.125924122804416
0.0,0.6594055575434884,0.7352541139802848,-0.8776615083203368,0.17362243271831768,1.3777010610824154,0.8216252200579285,1.0529209867664144,0.7871643883779449,-0.7828715542053076,-0.1117224169820564,-1.4805926223676529,1.125924122804416
0.0,-0.42548537092680416,0.21080828153690087,0.08668524940808357,1.9098983556973128,1.0774743629341665,1.0892914818319945,1.2966823421771692,1.3779105002058305,0.22879613280090308,0.2921205858318764,-0.7398056549431182,0.21005529145395715
0.0,0.5237941914847023,-0.4447490090173296,0.8099453177043987,1.6034967222304313,1.5778521931812481,0.9554583509449616,1.3454346132593202,1.4126602714898193,-1.5054913306383153,-0.010761666278573195,-1.3159732962733122,-1.6216823712469601
0.0,0.5237941914847023,-0.4447490090173296,0.8099453177043987,1.6034967222304313,1.5778521931812481,0.9554583509449616,1.3454346132593202,1.4126602714898193,-1.5054913306383153,-0.010761666278573195,-1.3159732962733122,-1.6216823712469601
0.0,0.5237941914847023,-0.4447490090173296,0.8099453177043987,1.6034967222304313,1.5778521931812481,0.9554583509449616,1.3454346132593202,1.4126602714898193,-1.5054913306383153,-0.010761666278573195,-1.3159732962733122,-1.6216823712469601
0.0,0.5237941914847023,-0.4447490090173296,0.8099453177043987,1.6034967222304313,1.5778521931812481,0.9554583509449616,1.3454346132593202,1.4126602714898193,-1.5054913306383153,-0.010761666278573195,-1.3159732962733122,-1.6216823712469601
0.0,-1.2391535672795233,-1.4936406739040982,-0.1544014400240217,-0.11235242518410513,-0.12343242965882807,1.2231246127190276,0.4435175982395276,0.23116804783408657,2.3966554620999228,-0.21268316768553905,-0.08132835056575237,0.21005529145395715
0.0,0.7950169236022757,0.21080828153690087,1.171575351852556,2.7473961538401226,2.378456721576578,1.2231246127190276,1.4185630198825467,2.14240546845366,-1.6500152859249169,-0.41460466909250543,-1.2336636332261417,1.125924122804416
0.0,-0.8323194691031637,0.21080828153690087,-1.2392915424684945,0.1940492082827764,-0.12343242965882807,-0.5836226542559186,0.49226986932167854,0.64816530324199,1.8185596409535167,1.604610344977157,-0.6574959918959463,-1.6216823712469601
0.0,-0.6967081030443776,0.866365572091131,-0.6365748188882316,-1.0519841011492084,0.3769454005882529,-0.048290130707786406,0.9310403090610371,-0.1510794362898667,1.312725797450413,0.595002837942326,-0.9867346440846293,0.21005529145395715
0.0,0.9306282896610618,-1.231417757682406,1.4126620412846613,1.0111202308611273,0.3769454005882529,2.026123398041226,0.22413237836984828,1.099912329933882,-0.13251375541560237,-0.3136439183890222,-0.49287666580160566,0.21005529145395715
0.0,-0.15426263880923075,-1.231417757682406,2.1359221095809766,-0.8681431210690794,0.07671870244000388,-0.5167060888124021,-0.3608948746159632,-0.5333269204137814,-0.2770377107022039,-0.3136439183890222,-0.2459476766600931,0.21005529145395715
0.0,2.0155192181313555,-0.8380833833498678,0.3277719388401882,-1.1132644278425847,0.7772476647859181,-1.52045457046515,-1.530949380587586,-0.6375762342657476,-0.4215616659888054,-1.0203691733134042,-0.08132835056575237,0.21005529145395715
0.0,-1.1035422012207372,0.3419197396477463,-1.3598348871845471,-1.0315573255847497,1.277625495032999,0.48704239284034584,0.7604073602735087,-0.8460748619697186,0.9514159092339075,-0.5155654197959887,0.41252962771727125,0.21005529145395715
0.0,0.6594055575434884,1.9152572369778988,-0.9982048530363895,0.09191533046048254,1.4777766271318318,0.4201258273968293,0.6385266825681314,0.3701671329700415,0.08427217751430155,-0.717486921202955,-0.575186328848776,0.21005529145395715
0.0,0.6594055575434884,1.9152572369778988,-0.9982048530363895,0.09191533046048254,1.4777766271318318,0.4201258273968293,0.6385266825681314,0.3701671329700415,0.08427217751430155,-0.717486921202955,-0.575186328848776,0.21005529145395715
0.0,0.5237941914847023,2.1774801531995913,-0.9982048530363895,0.07148855489602385,1.5778521931812481,0.35320926195331276,0.6385266825681314,0.4049169042540302,0.08427217751430155,-0.717486921202955,-0.575186328848776,1.125924122804416
0.0,0.6594055575434884,1.7841457788670534,-0.9982048530363895,0.07148855489602385,1.5778521931812481,0.4201258273968293,0.7116550891913578,0.4049169042540302,0.08427217751430155,-0.717486921202955,-0.575186328848776,0.21005529145395715
0.0,-0.8323194691031637,0.866365572091131,-0.6365748188882316,-0.29619340526423393,-0.6238102599059097,-0.31595639248185253,-0.06838124812305746,-0.39432783527778786,0.08427217751430155,-0.6165261704994719,-0.16363801361292274,-1.6216823712469601
0.0,-0.8323194691031637,0.6041426558694387,-0.7571181636042842,-0.3166201808286928,-0.5237346938564934,0.08554300017924665,0.27288464945199925,-0.3595780639937991,0.15653415515760072,-0.717486921202955,-0.16363801361292274,0.21005529145395715
0.0,-0.967930835161951,1.259699946423669,-0.6365748188882316,-0.8681431210690794,-0.7238858259553254,-1.252788308691084,-0.8971698565196237,-0.7418255481177137,1.5295117303803136,2.3113355999015384,0.7417682799059542,-1.6216823712469601
0.0,1.3374623878374214,-0.18252609279563764,1.0510320071365034,-0.5413147120377392,-0.023356863609411745,0.15245956562276317,0.2972607849930747,0.5439159893899852,1.2404638198071105,-0.3136439183890222,-0.49287666580160566,0.21005529145395715
0.0,-1.5103762993970966,1.259699946423669,-1.3598348871845471,0.07148855489602385,-0.42365912780707704,1.0892914818319945,0.7116550891913578,0.09216896269809303,0.7346299763040068,1.5036495942736736,-0.49287666580160566,0.21005529145395715
0.0,-1.3747649333383105,0.9974770302019772,-1.3598348871845471,0.05106177933156497,-0.2235079957082444,1.022374916388478,0.7360312247324333,0.09216896269809303,0.7346299763040068,1.4026888435701905,-0.49287666580160566,1.125924122804416
0.0,-0.018651272750444616,-0.18252609279563764,0.20722859412413622,-0.3370469563931515,-1.1241880901529906,-0.048290130707786406,-0.06838124812305746,-0.39432783527778786,0.15653415515760072,-1.0203691733134042,0.000981312481417987,0.21005529145395715
0.0,-0.28987400486801806,-0.3136375509064838,0.3277719388401882,0.2757563105406115,-1.1241880901529906,0.08554300017924665,-0.044005112581981976,-0.012080351153873174,0.012010199870999176,-1.1213299240168872,-0.08132835056575237,1.125924122804416
0.0,-1.2391535672795233,0.4730311977585925,1.7742920754328186,0.30639647388729957,-1.224263656202407,-1.0520386123605343,-0.09275738366413293,-0.18582920757385543,2.3966554620999228,-0.5155654197959887,0.7417682799059542,-1.6216823712469601
0.0,-0.967930835161951,-1.8214193191812134,-0.8776615083203368,-0.6230218142955743,-0.2235079957082444,-1.654287701352183,-1.6528300582929634,-0.1510794362898667,2.5411794173865245,1.0998065914597408,-0.41056700275443525,0.21005529145395715
0.0,-0.28987400486801806,-0.3136375509064838,0.3277719388401882,0.2757563105406115,-1.1241880901529906,0.08554300017924665,-0.044005112581981976,-0.012080351153873174,0.012010199870999176,-1.1213299240168872,-0.08132835056575237,1.125924122804416
0.0,-0.018651272750444616,-0.18252609279563764,0.20722859412413622,-0.3370469563931515,-1.1241880901529906,-0.048290130707786406,-0.06838124812305746,-0.39432783527778786,0.15653415515760072,-1.0203691733134042,0.000981312481417987,0.21005529145395715
0.0,-0.018651272750444616,0.21080828153690087,1.4126620412846613,0.6025847195719519,-1.1241880901529906,0.01862643473573012,0.004747158500168979,0.26591781911807527,-0.2047757330589015,-1.2222906747203706,-0.16363801361292274,0.21005529145395715
0.0,2.0155192181313555,1.9152572369778988,2.2564654542970293,-0.8885698966335382,0.3769454005882529,-1.5873711359086666,1.7110766463754523,-0.29007852142582163,-1.2164434200651122,0.6959635886458092,0.6594586168587838,1.125924122804416
0.0,1.4730737538962086,-0.05141463468479146,1.0510320071365034,1.7975510900927896,-0.2235079957082444,0.2193761310662797,1.9304618662451316,1.308410957637853,-1.6500152859249169,1.2007673421632241,-0.49287666580160566,0.21005529145395715
0.0,-0.5610967369855903,0.9974770302019772,-1.1187481977524418,-0.010218547361811292,-0.32358356175766073,0.15245956562276317,0.15100397174662183,0.19641827655005925,0.012010199870999176,1.70557109568064,-0.49287666580160566,0.21005529145395715
0.0,-0.42548537092680416,0.21080828153690087,0.3277719388401882,1.8486180290039365,-0.023356863609411745,1.3569577436060607,1.4185630198825467,1.3779105002058305,0.3010581104442022,0.1911598351283932,-0.8221153179902886,0.21005529145395715
0.0,0.5237941914847023,-0.706971925239022,1.0510320071365034,-1.0315573255847497,-0.6238102599059097,-0.11520669615130294,-1.2628118896357559,-0.6375762342657476,-0.13251375541560237,0.2921205858318764,-0.16363801361292274,1.125924122804416
0.0,-0.5610967369855903,0.7352541139802848,0.3277719388401882,-0.3166201808286928,-1.224263656202407,-0.048290130707786406,-0.8727937209785482,-0.915574404537696,1.2404638198071105,1.2007673421632241,1.5648649103776606,-1.6216823712469601
0.0,-0.018651272750444616,-0.3136375509064838,0.20722859412413622,-0.3574737319576104,-1.0241125241035742,0.15245956562276317,-0.044005112581981976,-0.39432783527778786,0.08427217751430155,-0.9194084226099208,0.000981312481417987,1.125924122804416
0.0,-0.6967081030443776,-0.4447490090173296,-0.27494478474007433,-0.9294234477624558,-0.924036958054158,-1.252788308691084,-1.116555076389303,-1.1240730322416284,0.6623679986607045,-0.8184476719064376,0.9886972690474667,0.21005529145395715
0.0,-0.42548537092680416,0.21080828153690087,0.20722859412413622,0.7251453729587044,-0.42365912780707704,-0.31595639248185253,-0.09275738366413293,0.5439159893899852,-0.566085621275407,-0.41460466909250543,-0.6574959918959463,1.125924122804416
0.0,-1.645987665455884,-0.05141463468479146,-0.7571181636042842,-0.13277920074856384,-1.1241880901529906,-1.52045457046515,-1.3846925673411332,-0.5333269204137814,0.4455820657308038,-1.0203691733134042,0.16560063857576018,1.125924122804416
0.0,-0.6967081030443776,-0.4447490090173296,-0.27494478474007433,-0.9294234477624558,-0.924036958054158,-1.252788308691084,-1.116555076389303,-1.1240730322416284,0.6623679986607045,-0.8184476719064376,0.9886972690474667,0.21005529145395715
0.0,-0.6967081030443776,-0.4447490090173296,0.08668524940808357,-0.9907037744558321,-0.6238102599059097,-1.3197048741346005,-0.7752891788142463,-0.9850739471056735,0.9514159092339075,-0.6165261704994719,0.4948392907644416,0.21005529145395715
0.0,-1.3747649333383105,0.0796968234260547,-0.6365748188882316,1.215387986505715,0.2768698345388365,1.3569577436060607,0.8091596313556597,1.1694118725018596,0.6623679986607045,-0.6165261704994719,-1.0690443071317997,0.21005529145395715
0.0,-1.2391535672795233,-0.05141463468479146,0.9304886624204514,-1.0315573255847497,0.4770209666376692,-1.52045457046515,0.053499429582319936,0.23116804783408657,1.8908216185968192,0.4940420872388428,-0.16363801361292274,1.125924122804416
0.0,0.7950169236022757,-0.8380833833498678,1.2921186965686087,0.2961830861050702,0.2768698345388365,-0.5167060888124021,0.3947653271573766,0.8914137022299111,0.012010199870999176,0.6959635886458092,-1.3159732962733122,-1.6216823712469601
0.0,1.6086851199549947,-0.3136375509064838,0.44831528355624084,-0.9907037744558321,0.4770209666376692,-1.1858717432475674,-0.19026192582843485,0.33541736168605274,0.08427217751430155,0.595002837942326,-0.49287666580160566,0.21005529145395715
0.0,-0.5610967369855903,-0.05141463468479146,1.171575351852556,0.6842918218297867,0.1767942684894202,-0.31595639248185253,0.07787556512339541,0.8219141596619336,-0.06025177777229999,-0.1117224169820564,-1.2336636332261417,0.21005529145395715
0.0,-1.9172103975734562,0.6041426558694387,1.7742920754328186,-0.6843021409889506,1.0774743629341665,0.754708654614412,0.17538010728769732,-0.2553287501418329,0.7346299763040068,2.8161393534189543,-0.49287666580160566,1.125924122804416
0.0,-1.9172103975734562,0.3419197396477463,1.7742920754328186,-0.6843021409889506,0.9773987968847501,0.8216252200579285,0.1997562428287728,-0.29007852142582163,0.7346299763040068,2.715178602715471,-0.49287666580160566,0.21005529145395715
0.0,0.3881828254259149,-1.5591964029595213,0.08668524940808357,-0.3574737319576104,0.7772476647859181,-0.11520669615130294,-0.14150965474628388,0.12691873398208176,0.6623679986607045,-0.8184476719064376,-0.8221153179902886,0.21005529145395715
0.0,-0.15426263880923075,-0.9691948414607139,1.0510320071365034,1.8894715801328539,1.3777010610824154,2.6952890524763915,0.4435175982395276,1.9686566120337161,0.08427217751430155,-0.41460466909250543,-1.4805926223676529,0.21005529145395715
0.0,1.3374623878374214,-1.10030629957156,1.6537487307167666,1.4809360688436788,0.9773987968847501,0.2193761310662797,-0.4583994167802651,1.4474100427738081,-0.2770377107022039,0.1911598351283932,-0.49287666580160566,0.21005529145395715
0.0,1.066239655719848,-1.231417757682406,1.533205386000714,0.9906934552966682,1.1775499289835827,1.4238743090495773,0.004747158500168979,1.099912329933882,-0.2770377107022039,-0.1117224169820564,-0.49287666580160566,1.125924122804416
0.0,-0.6967081030443776,-1.8869750482366363,0.44831528355624084,-0.8681431210690794,0.1767942684894202,0.8216252200579285,0.22413237836984828,-0.8460748619697186,0.5901060210174053,2.6142178520119876,0.6594586168587838,-1.6216823712469601
0.0,0.6594055575434884,0.866365572091131,0.9304886624204514,0.10212871824271189,-0.42365912780707704,-0.18212326159481948,0.029123294041244457,-0.6375762342657476,-1.144181442421813,-1.8280551789412691,1.0710069320946372,-1.6216823712469601
0.0,-1.7815990315146701,0.9319213011465541,-0.27494478474007433,-0.7864360188112444,2.878834551823658,-0.5167060888124021,-0.2146380613695103,-0.4985771491297926,-0.34929968834550307,0.2921205858318764,-0.8221153179902886,0.21005529145395715
0.0,0.6594055575434884,0.866365572091131,0.9304886624204514,0.10212871824271189,-0.42365912780707704,-0.18212326159481948,0.029123294041244457,-0.6375762342657476,-1.144181442421813,-1.8280551789412691,1.0710069320946372,-1.6216823712469601
0.0,-1.3747649333383105,1.7841457788670534,1.171575351852556,-0.39832728308652776,0.4770209666376692,0.25283441378803795,2.6373697969363206,-0.04683012243786191,0.4455820657308038,0.8978850900527745,-0.8221153179902886,0.21005529145395715
0.0,0.6594055575434884,-0.5758604671281757,0.5688586282722935,1.6239234977948902,2.078230023428329,0.888541785501445,1.3210584777182448,1.3779105002058305,-2.1558491294280206,-1.0203691733134042,-1.3159732962733122,0.21005529145395715
0.0,0.6594055575434884,-0.5758604671281757,0.5688586282722935,1.6239234977948902,2.078230023428329,0.888541785501445,1.3210584777182448,1.3779105002058305,-2.1558491294280206,-1.0203691733134042,-1.3159732962733122,0.21005529145395715
0.0,0.1169600933083427,-0.3136375509064838,0.20722859412413622,-0.3370469563931515,-0.2235079957082444,0.5539589582838623,0.5897744114859804,-0.11632966500583938,0.08427217751430155,1.0998065914597408,0.000981312481417987,0.21005529145395715
0.0,-0.5610967369855903,-0.3136375509064838,-0.033858095307969065,1.7464841511816427,0.4770209666376692,1.2900411781625443,0.614150547027056,1.0304127873659046,0.6623679986607045,0.1911598351283932,-0.3282573397072649,0.21005529145395715
0.0,0.3881828254259149,1.3252556754790918,-2.2036383001969146,-1.0519841011492084,1.277625495032999,-0.7174557851429517,-1.2871880251768313,0.09216896269809303,-0.2770377107022039,-0.5155654197959887,-1.3982829593204826,1.125924122804416
0.0,-0.018651272750444616,-1.4936406739040982,-0.27494478474007433,-0.21448630300639895,0.7772476647859181,0.35320926195331276,-0.23901419691058579,0.12691873398208176,1.5295117303803136,-0.9194084226099208,-0.7398056549431182,0.21005529145395715
0.0,0.6594055575434884,-0.5758604671281757,0.5688586282722935,1.6239234977948902,2.078230023428329,0.888541785501445,1.3210584777182448,1.3779105002058305,-2.1558491294280206,-1.0203691733134042,-1.3159732962733122,0.21005529145395715
0.0,-0.018651272750444616,-1.362529215793252,0.9304886624204514,-0.827289569940162,-0.5237346938564934,-1.118955177804051,-0.8484175854374727,-0.5333269204137814,2.179869529170022,-0.6165261704994719,0.6594586168587838,-1.6216823712469601
0.0,-1.1035422012207372,-0.05141463468479146,-0.033858095307969065,-0.5821682631666567,-1.4244147883012392,-0.3828729579253691,-0.5802800944856424,-0.915574404537696,1.5295117303803136,2.3113355999015384,1.40024558428332,-1.6216823712469601
0.0,0.1169600933083427,0.866365572091131,-1.3598348871845471,-1.092837652278126,1.0774743629341665,0.2862926965097962,0.27288464945199925,-0.39432783527778786,-0.49382364363210457,-0.3136439183890222,-0.9867346440846293,0.21005529145395715
0.0,0.3881828254259149,1.6530343207562073,0.3277719388401882,1.2562415376346323,0.1767942684894202,-0.5836226542559186,-1.579701651669737,0.09216896269809303,-0.13251375541560237,-1.9290159296447522,0.8240779429531245,1.125924122804416
0.0,0.1169600933083427,0.866365572091131,-1.3598348871845471,-1.092837652278126,1.0774743629341665,0.2862926965097962,0.27288464945199925,-0.39432783527778786,-0.49382364363210457,-0.3136439183890222,-0.9867346440846293,0.21005529145395715
0.0,1.2018510217786353,0.3419197396477463,1.894835420148871,-0.827289569940162,0.6771720987365019,0.08554300017924665,1.0041687156842636,-0.2553287501418329,-0.13251375541560237,1.604610344977157,0.000981312481417987,0.21005529145395715
0.0,0.5237941914847023,0.0796968234260547,-0.6365748188882316,-0.8068627943757032,0.5770965326870855,-0.31595639248185253,0.2972607849930747,-0.08157989372185065,-0.6383475989187061,0.2921205858318764,-1.1513539701789715,0.21005529145395715
0.0,-2.324044495749817,0.866365572091131,-1.2392915424684945,-0.9702769988913732,-1.5244903543506556,-1.118955177804051,-1.165307347471454,-1.5758200589335591,2.3243934844566203,-1.0203691733134042,1.5648649103776606,-1.6216823712469601
0.0,-2.324044495749817,0.866365572091131,-1.2392915424684945,-0.9702769988913732,-1.5244903543506556,-1.118955177804051,-1.165307347471454,-1.5758200589335591,2.3243934844566203,-1.0203691733134042,1.5648649103776606,-1.6216823712469601
0.0,-0.5610967369855903,0.6041426558694387,-0.516031474172179,-0.9907037744558321,-0.5237346938564934,-1.52045457046515,-0.4340232812391896,-0.6723260055497363,0.9514159092339075,0.2921205858318764,-0.16363801361292274,-1.6216823712469601
0.0,0.6594055575434884,-0.8380833833498678,1.4126620412846613,-1.011130550020291,0.2768698345388365,-0.9182054814735013,-0.9459221276017746,-0.4985771491297926,-0.2770377107022039,-0.21268316768553905,-0.49287666580160566,-1.6216823712469601
0.0,-1.5103762993970966,0.7352541139802848,2.1359221095809766,-0.7660092432467857,0.6771720987365019,-1.1858717432475674,0.4435175982395276,-0.39432783527778786,0.22879613280090308,1.604610344977157,-0.49287666580160566,0.21005529145395715
0.0,-0.5610967369855903,0.6041426558694387,-0.516031474172179,-0.9907037744558321,-0.5237346938564934,-1.52045457046515,-0.4340232812391896,-0.6723260055497363,0.9514159092339075,0.2921205858318764,-0.16363801361292274,-1.6216823712469601
0.0,0.6594055575434884,-0.8380833833498678,1.4126620412846613,-1.011130550020291,0.2768698345388365,-0.9182054814735013,-0.9459221276017746,-0.4985771491297926,-0.2770377107022039,-0.21268316768553905,-0.49287666580160566,-1.6216823712469601
0.0,0.5237941914847023,0.21080828153690087,-0.7571181636042842,1.2562415376346323,0.3769454005882529,0.888541785501445,1.028544851225339,1.2736611863538643,-0.6383475989187061,0.3930813365353596,-1.3159732962733122,0.21005529145395715
0.0,0.9306282896610618,1.1285884883128225,-0.516031474172179,0.6638650462653279,0.8773232308353338,-0.5836226542559186,0.49226986932167854,1.0651625586498934,-0.49382364363210457,0.4940420872388428,-1.1513539701789715,0.21005529145395715
0.0,0.5237941914847023,0.0796968234260547,-0.6365748188882316,-0.8068627943757032,0.5770965326870855,-0.31595639248185253,0.2972607849930747,-0.08157989372185065,-0.6383475989187061,0.2921205858318764,-1.1513539701789715,0.21005529145395715
0.0,-1.1035422012207372,1.259699946423669,0.8099453177043987,-0.6434485898600331,-1.5244903543506556,-0.9851220469170178,-0.28776646799273675,-0.9850739471056735,1.384987775093712,-0.9194084226099208,0.5771489538116135,-1.6216823712469601
0.0,-2.324044495749817,0.866365572091131,-1.2392915424684945,-0.9702769988913732,-1.5244903543506556,-1.118955177804051,-1.165307347471454,-1.5758200589335591,2.3243934844566203,-1.0203691733134042,1.5648649103776606,-1.6216823712469601
0.0,-0.15426263880923075,-0.706971925239022,-0.033858095307969065,-0.19405952744194008,0.4770209666376692,-0.3828729579253691,0.07787556512339541,0.4049169042540302,1.4572497527370145,-0.21268316768553905,-0.7398056549431182,0.21005529145395715
0.0,0.2525714593671288,0.4730311977585925,0.6894019729883462,1.7464841511816427,-1.0241125241035742,1.6915405708236433,1.0772971223074899,1.5516593566257741,-0.06025177777229999,1.3017280928667072,-1.0690443071317997,-1.6216823712469601
0.0,0.2525714593671288,0.4730311977585925,0.6894019729883462,1.7464841511816427,-1.0241125241035742,1.6915405708236433,1.0772971223074899,1.5516593566257741,-0.06025177777229999,1.3017280928667072,-1.0690443071317997,-1.6216823712469601
0.0,-0.42548537092680416,1.259699946423669,-0.033858095307969065,-1.072410876713667,-1.1241880901529906,-1.4535380050216336,-1.7259584649161899,-0.7765753194017025,-0.6383475989187061,-0.21268316768553905,0.000981312481417987,1.125924122804416
0.0,0.6594055575434884,-0.3136375509064838,1.2921186965686087,-0.8885698966335382,-2.124943750647153,-0.9851220469170178,-1.6528300582929634,-1.3325716599455995,-0.7828715542053076,0.7969243393492924,1.3179359212361481,0.21005529145395715
0.0,-0.018651272750444616,1.390811404534515,2.2564654542970293,1.1132541086834211,0.1767942684894202,1.8253737017106764,0.6385266825681314,1.308410957637853,0.012010199870999176,-0.41460466909250543,-1.4805926223676529,1.125924122804416
0.0,1.879907852072567,0.21080828153690087,1.171575351852556,-0.9294234477624558,-1.1241880901529906,-0.31595639248185253,-1.067802805307152,-0.7418255481177137,-0.7106095765620085,-0.9194084226099208,0.6594586168587838,1.125924122804416
0.0,-0.6967081030443776,-0.8380833833498678,0.9304886624204514,-0.9907037744558321,-0.5237346938564934,0.01862643473573012,-0.7265369077320953,-0.7418255481177137,1.9630835962401183,0.1911598351283932,0.6594586168587838,0.21005529145395715
0.0,-1.2391535672795233,-0.05141463468479146,-0.6365748188882316,2.420567744808782,0.5770965326870855,1.1562080472755112,0.7604073602735087,1.8991570694657,1.1682018421638114,-0.41460466909250543,-0.9867346440846293,1.125924122804416
0.0,-0.5610967369855903,-0.9691948414607139,1.171575351852556,-0.7047289165534094,-1.0241125241035742,-0.18212326159481948,-1.3115641607179067,-1.054573489673651,0.8068919539473061,-0.717486921202955,0.9063876060002949,0.21005529145395715
0.0,-0.6967081030443776,-0.8380833833498678,0.9304886624204514,-0.9907037744558321,-0.5237346938564934,0.01862643473573012,-0.7265369077320953,-0.7418255481177137,1.9630835962401183,0.1911598351283932,0.6594586168587838,0.21005529145395715
0.0,-0.018651272750444616,1.390811404534515,2.2564654542970293,1.1132541086834211,0.1767942684894202,1.8253737017106764,0.6385266825681314,1.308410957637853,0.012010199870999176,-0.41460466909250543,-1.4805926223676529,1.125924122804416
0.0,0.3881828254259149,0.0796968234260547,-0.1544014400240217,2.420567744808782,0.3769454005882529,1.3569577436060607,2.808002745723849,2.14240546845366,-0.8551335318486101,0.7969243393492924,-1.5629022854148247,1.125924122804416
0.0,-0.018651272750444616,-0.5758604671281757,-0.1544014400240217,-0.010218547361811292,-0.7238858259553254,-0.11520669615130294,0.8091596313556597,-0.707075776833725,0.3733200880875046,1.8065318463841233,1.647174573424831,0.21005529145395715
0.0,-1.3747649333383105,0.21080828153690087,0.20722859412413622,-0.4800343853443629,-1.1241880901529906,0.35320926195331276,-0.9215459920606991,-1.4715707450815543,1.4572497527370145,-0.9194084226099208,1.8117938995191731,-1.6216823712469601
0.0,-0.6967081030443776,-1.624752132014944,0.8099453177043987,-1.0519841011492084,0.1767942684894202,-0.5836226542559186,-0.507151687862416,-0.6375762342657476,0.517844043374103,0.4940420872388428,-0.2459476766600931,0.21005529145395715
0.0,1.879907852072567,0.21080828153690087,1.171575351852556,-0.9294234477624558,-1.1241880901529906,-0.31595639248185253,-1.067802805307152,-0.7418255481177137,-0.7106095765620085,-0.9194084226099208,0.6594586168587838,1.125924122804416
0.0,0.5237941914847023,-0.18252609279563764,0.8099453177043987,2.5737685615422228,-0.42365912780707704,0.48704239284034584,0.4435175982395276,2.107655697169671,-1.5777533082816144,-0.1117224169820564,-1.3159732962733122,0.21005529145395715
0.0,0.5237941914847023,-0.9691948414607139,0.8099453177043987,-1.0519841011492084,-0.6238102599059097,-0.18212326159481948,-1.2628118896357559,-0.707075776833725,-0.2047757330589015,0.1911598351283932,-0.08132835056575237,1.125924122804416
0.0,0.5237941914847023,-0.9691948414607139,0.8099453177043987,-1.0519841011492084,-0.6238102599059097,-0.18212326159481948,-1.2628118896357559,-0.707075776833725,-0.2047757330589015,0.1911598351283932,-0.08132835056575237,1.125924122804416
0.0,0.5237941914847023,-0.18252609279563764,0.8099453177043987,2.5737685615422228,-0.42365912780707704,0.48704239284034584,0.4435175982395276,2.107655697169671,-1.5777533082816144,-0.1117224169820564,-1.3159732962733122,0.21005529145395715
0.0,0.7950169236022757,-0.706971925239022,-0.6365748188882316,-1.0519841011492084,-0.12343242965882807,-0.5167060888124021,-0.9215459920606991,-0.39432783527778786,0.012010199870999176,-1.5251729268308196,-0.6574959918959463,0.21005529145395715
0.0,-0.018651272750444616,-0.05141463468479146,-1.2392915424684945,0.2757563105406115,0.4770209666376692,1.4907908744930938,1.7842050529986788,0.7176648458099675,-0.6383475989187061,-0.1117224169820564,-1.3159732962733122,1.125924122804416
0.0,0.7950169236022757,-0.706971925239022,-0.6365748188882316,-1.0519841011492084,-0.12343242965882807,-0.5167060888124021,-0.9215459920606991,-0.39432783527778786,0.012010199870999176,-1.5251729268308196,-0.6574959918959463,0.21005529145395715
0.0,0.7950169236022757,0.6041426558694387,-0.516031474172179,-0.9702769988913732,0.7772476647859181,-0.11520669615130294,0.004747158500168979,-0.3248282927098104,0.8791539315906084,0.7969243393492924,-0.08132835056575237,0.21005529145395715
0.0,0.2525714593671288,-0.5758604671281757,-0.1544014400240217,-0.7455824676823268,-1.224263656202407,0.4201258273968293,-0.0196289770409065,-1.4020712025135769,-0.2047757330589015,-1.1213299240168872,1.7294842364720013,-1.6216823712469601
0.0,0.2525714593671288,-0.706971925239022,-0.516031474172179,0.480024066185199,0.2768698345388365,0.15245956562276317,2.0767186794915844,0.5439159893899852,0.4455820657308038,0.595002837942326,-0.16363801361292274,0.21005529145395715
0.0,0.2525714593671288,-0.706971925239022,-0.516031474172179,0.45959729062074034,0.2768698345388365,0.15245956562276317,2.052342543950509,0.5439159893899852,0.4455820657308038,0.595002837942326,-0.16363801361292274,0.21005529145395715
0.0,0.2525714593671288,-0.706971925239022,-0.516031474172179,0.45959729062074034,0.2768698345388365,0.15245956562276317,2.052342543950509,0.5439159893899852,0.4455820657308038,0.595002837942326,-0.16363801361292274,0.21005529145395715
0.0,0.1169600933083427,-0.4447490090173296,0.6894019729883462,0.3983169639273642,0.4770209666376692,0.8216252200579285,0.614150547027056,0.5439159893899852,1.0959398645205092,0.3930813365353596,-0.08132835056575237,-1.6216823712469601
0.0,0.2525714593671288,-0.706971925239022,-0.516031474172179,0.480024066185199,0.2768698345388365,0.15245956562276317,2.0767186794915844,0.5439159893899852,0.4455820657308038,0.595002837942326,-0.16363801361292274,0.21005529145395715
0.0,0.2525714593671288,-0.706971925239022,-0.516031474172179,0.45959729062074034,0.2768698345388365,0.15245956562276317,2.052342543950509,0.5439159893899852,0.4455820657308038,0.595002837942326,-0.16363801361292274,0.21005529145395715
0.0,-0.018651272750444616,0.3419197396477463,2.1359221095809766,1.4196557421503027,1.0774743629341665,0.888541785501445,1.394186884341471,1.238911415069837,-0.7106095765620085,-0.3136439183890222,-0.9867346440846293,1.125924122804416
0.0,1.3374623878374214,-0.706971925239022,-0.6365748188882316,-1.0519841011492084,0.8773232308353338,-0.9851220469170178,-1.165307347471454,-0.08157989372185065,-0.9273955094919092,-0.21268316768553905,-1.2336636332261417,1.125924122804416
0.0,0.3881828254259149,0.6041426558694387,1.7742920754328186,1.4809360688436788,1.3777010610824154,1.2900411781625443,1.4673152909646976,1.3779105002058305,-0.6383475989187061,0.09019908442491001,-1.0690443071317997,1.125924122804416
0.0,-0.018651272750444616,0.3419197396477463,2.1359221095809766,1.4196557421503027,1.0774743629341665,0.888541785501445,1.394186884341471,1.238911415069837,-0.7106095765620085,-0.3136439183890222,-0.9867346440846293,1.125924122804416
0.0,0.7950169236022757,-1.4280849448486752,0.20722859412413622,-0.827289569940162,0.2768698345388365,2.5949142043111166,1.8817095951629808,-0.1510794362898667,-0.06025177777229999,1.3017280928667072,-0.575186328848776,-1.6216823712469601
0.0,0.2525714593671288,-0.4447490090173296,0.44831528355624084,0.1531956571538588,-1.4244147883012392,-0.249039827038336,-0.7996653143553217,-0.5680766916977701,1.1682018421638114,-0.1117224169820564,1.2356262581889779,-1.6216823712469601
0.0,0.1169600933083427,-0.8380833833498678,0.5688586282722935,-0.030645322926269987,-1.5244903543506556,-0.7174557851429517,-0.9702982631428501,-0.6375762342657476,1.384987775093712,0.09019908442491001,1.3179359212361481,-1.6216823712469601
0.0,-0.967930835161951,0.21080828153690087,-0.033858095307969065,-0.7864360188112444,-0.023356863609411745,-0.7843723505864683,1.9914022050978204,-0.11632966500583938,0.5901060210174053,1.2007673421632241,-0.6574959918959463,1.125924122804416
0.0,-0.28987400486801806,-1.362529215793252,-0.033858095307969065,-1.011130550020291,-0.7238858259553254,0.9554583509449616,1.1991778000128674,-1.1240730322416284,1.1682018421638114,1.604610344977157,1.4825552473304904,-1.6216823712469601
0.0,-0.967930835161951,1.5219228626453611,-1.4803782319005994,0.05106177933156497,-0.924036958054158,-0.6505392196994352,0.004747158500168979,-0.012080351153873174,0.8068919539473061,2.1094140984945717,-0.16363801361292274,0.21005529145395715
0.0,-1.1035422012207372,-0.18252609279563764,-0.516031474172179,-0.8477163455046207,-1.624565920400072,1.2900411781625443,-0.26339033245166127,-1.4020712025135769,1.7462976633102176,1.70557109568064,1.8941035625663436,-1.6216823712469601
0.0,0.1169600933083427,-0.3136375509064838,0.44831528355624084,2.95166390948471,-1.1241880901529906,0.35320926195331276,0.053499429582319936,1.2736611863538643,0.08427217751430155,-1.5251729268308196,0.3302199646701009,0.21005529145395715
0.0,0.3881828254259149,0.7352541139802848,-0.033858095307969065,0.9498399041677508,-0.42365912780707704,-1.252788308691084,-1.7259584649161899,-0.04683012243786191,0.3733200880875046,-0.8184476719064376,0.7417682799059542,-0.7058135398965015
0.0,-1.3747649333383105,0.21080828153690087,-0.6365748188882316,-0.7660092432467857,1.1775499289835827,-0.31595639248185253,0.46789373378060306,-0.8460748619697186,2.468917439743222,-0.6165261704994719,1.4825552473304904,1.125924122804416
0.0,-0.42548537092680416,1.9152572369778988,-0.9982048530363895,1.5626431711015139,0.5770965326870855,-0.7174557851429517,-0.5802800944856424,1.5169095853417855,1.8185596409535167,0.4940420872388428,-0.6574959918959463,0.21005529145395715
0.0,-0.42548537092680416,1.9152572369778988,-0.9982048530363895,1.5626431711015139,0.5770965326870855,-0.7174557851429517,-0.5802800944856424,1.5169095853417855,1.8185596409535167,0.4940420872388428,-0.6574959918959463,0.21005529145395715
0.0,-0.5610967369855903,0.21080828153690087,-0.395488129456127,-0.9702769988913732,0.9773987968847501,-0.048290130707786406,-0.23901419691058579,-0.3248282927098104,2.1076075515267196,0.7969243393492924,-0.08132835056575237,-1.6216823712469601
0.0,-0.967930835161951,-0.8380833833498678,-0.8776615083203368,-1.0519841011492084,-0.42365912780707704,-0.048290130707786406,-0.2146380613695103,-0.6028264629817588,0.3733200880875046,-0.41460466909250543,-0.41056700275443525,1.125924122804416
0.0,-1.2391535672795233,2.57081452753213,-2.2036383001969146,-0.7455824676823268,-0.023356863609411745,-0.5167060888124021,0.565398275944905,-0.2553287501418329,1.9630835962401183,0.2921205858318764,0.000981312481417987,-1.6216823712469601
0.0,-1.1035422012207372,0.0796968234260547,-0.6365748188882316,-0.9702769988913732,0.3769454005882529,-0.18212326159481948,-0.5802800944856424,-0.4985771491297926,1.601773708023616,0.2921205858318764,-0.08132835056575237,-1.6216823712469601
0.0,-0.5610967369855903,0.21080828153690087,-0.395488129456127,-0.9702769988913732,0.9773987968847501,-0.048290130707786406,-0.23901419691058579,-0.3248282927098104,2.1076075515267196,0.7969243393492924,-0.08132835056575237,-1.6216823712469601
0.0,-0.5610967369855903,1.9152572369778988,-0.9982048530363895,1.5626431711015139,0.5770965326870855,-0.7174557851429517,-0.5802800944856424,1.5169095853417855,1.8185596409535167,0.4940420872388428,-0.6574959918959463,0.21005529145395715
0.0,-0.6967081030443776,-0.4447490090173296,-0.1544014400240217,-0.9907037744558321,-2.0248681845977368,-1.5873711359086666,-1.3359402962589824,-1.610569830217548,0.8068919539473061,-0.8184476719064376,1.8941035625663436,-1.6216823712469601
0.0,0.3881828254259149,-0.706971925239022,-0.6365748188882316,0.45959729062074034,1.3777010610824154,-0.5836226542559186,-0.6290323655677934,0.6134155319580012,-1.722277263568216,0.3930813365353596,-0.9044249810374589,1.125924122804416
0.0,-1.1035422012207372,1.390811404534515,-0.033858095307969065,-1.092837652278126,1.0774743629341665,-0.249039827038336,1.9914022050978204,-0.4985771491297926,0.7346299763040068,2.4122963506050215,-0.6574959918959463,0.21005529145395715
0.0,0.3881828254259149,-0.706971925239022,-0.6365748188882316,0.45959729062074034,1.3777010610824154,-0.5836226542559186,-0.6290323655677934,0.6134155319580012,-1.722277263568216,0.3930813365353596,-0.9044249810374589,1.125924122804416
0.0,0.2525714593671288,-0.18252609279563764,-0.395488129456127,1.807764477875019,0.4770209666376692,0.35320926195331276,0.8335357668967353,1.5169095853417855,0.22879613280090308,-0.3136439183890222,-1.0690443071317997,1.125924122804416
0.0,-1.2391535672795233,-0.18252609279563764,-1.600921576616652,1.2358147620701736,0.4770209666376692,1.022374916388478,0.614150547027056,1.2041616437858482,1.1682018421638114,-1.0203691733134042,-0.9044249810374589,1.125924122804416
0.0,-0.018651272750444616,0.7352541139802848,-1.3598348871845471,-0.8477163455046207,0.1767942684894202,-1.3197048741346005,-1.677206193834039,-0.22057897885784417,-0.13251375541560237,-0.9194084226099208,-0.9867346440846293,0.21005529145395715
0.0,0.2525714593671288,-1.624752132014944,-0.033858095307969065,0.5413043928785755,-0.32358356175766073,1.2900411781625443,0.10225170066447088,0.6134155319580012,0.22879613280090308,-0.5155654197959887,-0.9867346440846293,0.21005529145395715
0.0,-0.018651272750444616,0.7352541139802848,-1.3598348871845471,-0.8477163455046207,0.1767942684894202,-1.3197048741346005,-1.677206193834039,-0.22057897885784417,-0.13251375541560237,-0.9194084226099208,-0.9867346440846293,0.21005529145395715
0.0,0.5237941914847023,0.3419197396477463,2.4975521437291346,2.4103543570265527,0.4770209666376692,1.6246240053801269,1.1016732578485655,1.8644072981817115,-0.7106095765620085,0.3930813365353596,-0.8221153179902886,1.125924122804416
0.0,-0.42548537092680416,1.5219228626453611,0.20722859412413622,-0.6025950387311155,-0.6238102599059097,-0.048290130707786406,1.540443697587924,-0.04683012243786191,-0.34929968834550307,2.8161393534189543,-0.49287666580160566,1.125924122804416
0.0,-0.28987400486801806,-0.3136375509064838,-0.395488129456127,-0.8885698966335382,-1.9247926185483206,-1.0520386123605343,-1.2384357540946804,-1.3325716599455995,0.4455820657308038,-0.3136439183890222,1.5648649103776606,0.21005529145395715
0.0,0.2525714593671288,-1.231417757682406,-0.1544014400240217,-0.3166201808286928,-0.8239613920047416,-0.048290130707786406,-0.11713351920520841,0.19641827655005925,1.2404638198071105,-0.010761666278573195,-0.8221153179902886,-1.6216823712469601
0.0,-1.7815990315146701,-1.362529215793252,-1.2392915424684945,-0.37790050752206905,-1.224263656202407,-0.31595639248185253,-0.8484175854374727,-0.012080351153873174,0.3733200880875046,-1.2222906747203706,-0.9867346440846293,0.21005529145395715
0.0,0.2525714593671288,-0.3136375509064838,2.2564654542970293,0.9498399041677508,-1.3243392222518229,1.3569577436060607,2.198599357196962,0.9261634735139385,-1.144181442421813,1.3017280928667072,-0.9044249810374589,1.125924122804416
0.0,0.7950169236022757,0.21080828153690087,0.44831528355624084,-1.072410876713667,-1.4244147883012392,0.48704239284034584,-0.7752891788142463,-1.5758200589335591,-1.4332293529950129,-0.9194084226099208,1.4825552473304904,-1.6216823712469601
0.0,0.2525714593671288,-0.5758604671281757,-0.516031474172179,-0.9907037744558321,-0.5237346938564934,-0.3828729579253691,-0.5315278234034915,-0.39432783527778786,-0.566085621275407,0.6959635886458092,-0.08132835056575237,0.21005529145395715
0.0,-0.6967081030443776,-0.5758604671281757,0.08668524940808357,-0.9498502233269145,-0.12343242965882807,2.159956528928259,0.6629028181092068,-0.3595780639937991,0.9514159092339075,0.7969243393492924,-0.16363801361292274,0.21005529145395715
0.0,-0.15426263880923075,2.7019259856429754,0.20722859412413622,0.5208776173141167,0.07671870244000388,-0.249039827038336,0.8579119024378107,0.8914137022299111,0.22879613280090308,1.2007673421632241,-1.1513539701789715,1.125924122804416
0.0,-1.2391535672795233,1.259699946423669,1.0510320071365034,-1.0315573255847497,0.4770209666376692,0.6877920891708954,-0.7996653143553217,-0.7418255481177137,1.0236778868772098,0.2921205858318764,0.000981312481417987,0.21005529145395715
0.0,-1.3747649333383105,-0.18252609279563764,-0.9982048530363895,1.4196557421503027,0.1767942684894202,0.4201258273968293,0.004747158500168979,1.1694118725018596,1.0959398645205092,-0.6165261704994719,-0.9044249810374589,1.125924122804416
0.0,-0.15426263880923075,2.7019259856429754,0.20722859412413622,0.5208776173141167,0.07671870244000388,-0.249039827038336,0.8579119024378107,0.8914137022299111,0.22879613280090308,1.2007673421632241,-1.1513539701789715,1.125924122804416
0.0,-0.8323194691031637,-1.10030629957156,0.6894019729883462,-0.9907037744558321,-1.4244147883012392,0.08554300017924665,-0.48277555232134056,-0.29007852142582163,2.0353455738834207,0.595002837942326,-0.7398056549431182,0.21005529145395715
0.0,-1.1035422012207372,-1.362529215793252,0.5688586282722935,-0.9907037744558321,-1.724641486449488,0.5539589582838623,-0.48277555232134056,-0.3595780639937991,1.9630835962401183,0.2921205858318764,-0.7398056549431182,0.21005529145395715
0.0,-0.28987400486801806,0.9974770302019772,-0.516031474172179,-1.0315573255847497,-0.7238858259553254,-0.18212326159481948,-1.1409312119303785,-0.7765753194017025,-0.6383475989187061,-0.6165261704994719,0.08329097552858834,0.21005529145395715
0.0,0.7950169236022757,0.3419197396477463,-0.395488129456127,-0.9702769988913732,0.2768698345388365,1.2231246127190276,1.0529209867664144,-0.08157989372185065,1.0959398645205092,2.0084533477910895,-0.08132835056575237,0.21005529145395715
0.0,0.7950169236022757,-0.05141463468479146,-0.1544014400240217,0.25532953497615263,0.4770209666376692,1.1562080472755112,0.979792580143188,0.8219141596619336,-0.4215616659888054,-0.3136439183890222,-1.3982829593204826,0.21005529145395715
0.0,0.2525714593671288,0.21080828153690087,0.44831528355624084,-1.092837652278126,-0.7238858259553254,-1.7881208322392161,-1.628453922751888,-1.3673214312295883,-0.7106095765620085,-0.21268316768553905,1.2356262581889779,0.21005529145395715
0.0,0.3881828254259149,-0.4447490090173296,0.8099453177043987,-0.9702769988913732,-1.0241125241035742,-1.52045457046515,-1.7503346004572653,-1.4020712025135769,0.4455820657308038,-0.8184476719064376,1.7294842364720013,-1.6216823712469601
0.0,1.3374623878374214,-0.9691948414607139,-0.7571181636042842,0.5208776173141167,-0.32358356175766073,0.48704239284034584,1.1016732578485655,0.7524146170939562,-0.06025177777229999,-0.21268316768553905,-0.575186328848776,0.21005529145395715
0.0,-0.6967081030443776,-0.9691948414607139,-0.516031474172179,-0.9294234477624558,-2.0248681845977368,-0.4497895233688856,0.516646004862754,-1.0893232609576398,0.08427217751430155,1.604610344977157,0.6594586168587838,0.21005529145395715
0.0,-0.018651272750444616,-0.8380833833498678,0.6894019729883462,-0.3370469563931515,-0.2235079957082444,-0.5167060888124021,-0.8240414498963973,0.057419191414104294,1.312725797450413,0.9988458407562577,0.08329097552858834,0.21005529145395715
0.0,-1.5103762993970966,2.308591611310437,-2.3241816449129673,0.13276888158940012,-1.724641486449488,-0.4497895233688856,0.8822880379788861,-0.8808246332537073,1.0236778868772098,-0.010761666278573195,1.5648649103776606,0.21005529145395715
0.0,-0.018651272750444616,-0.4447490090173296,-0.033858095307969065,-0.9702769988913732,-1.624565920400072,0.5539589582838623,0.24850851391092374,-1.1935725748096444,0.7346299763040068,0.595002837942326,1.5648649103776606,0.21005529145395715
0.0,-1.5103762993970966,0.9319213011465541,0.20722859412413622,-1.092837652278126,-0.2235079957082444,-1.4535380050216336,0.9066641735199616,-0.6375762342657476,0.5901060210174053,1.8065318463841233,-0.49287666580160566,1.125924122804416
0.0,0.5237941914847023,0.21080828153690087,2.6180954884451872,2.1141661113419006,0.2768698345388365,1.2900411781625443,1.540443697587924,1.794907755613734,-0.7828715542053076,0.09019908442491001,-0.9044249810374589,0.21005529145395715
0.0,-0.5610967369855903,0.4730311977585925,-0.27494478474007433,-0.8375029577223914,-0.42365912780707704,-1.7881208322392161,1.7842050529986788,-0.04683012243786191,0.08427217751430155,1.4026888435701905,-0.575186328848776,0.21005529145395715
0.0,-0.42548537092680416,0.4730311977585925,-0.395488129456127,-0.8375029577223914,-0.5237346938564934,-1.7881208322392161,1.7842050529986788,-0.04683012243786191,0.012010199870999176,1.4026888435701905,-0.575186328848776,1.125924122804416
0.0,1.3374623878374214,-1.10030629957156,-0.1544014400240217,1.194961210941256,1.0774743629341665,0.754708654614412,0.07787556512339541,1.4474100427738081,-0.9273955094919092,0.4940420872388428,-1.3982829593204826,0.21005529145395715
0.0,1.3374623878374214,-1.10030629957156,-0.1544014400240217,1.194961210941256,1.0774743629341665,0.754708654614412,0.07787556512339541,1.4474100427738081,-0.9273955094919092,0.4940420872388428,-1.3982829593204826,0.21005529145395715
0.0,-0.15426263880923075,0.0796968234260547,-2.44472498962902,-1.0315573255847497,-0.12343242965882807,1.8253737017106764,0.029123294041244457,-0.6028264629817588,0.15653415515760072,-0.6165261704994719,-0.49287666580160566,0.21005529145395715
0.0,1.3374623878374214,0.9974770302019772,0.3277719388401882,-0.9294234477624558,-0.023356863609411745,-1.7881208322392161,0.7360312247324333,-1.054573489673651,-0.566085621275407,-0.717486921202955,1.2356262581889779,0.21005529145395715
0.0,0.6594055575434884,-0.05141463468479146,0.44831528355624084,-0.23491307857085766,-0.2235079957082444,-0.249039827038336,0.10225170066447088,-0.2553287501418329,-0.2047757330589015,1.0998065914597408,0.3302199646701009,0.21005529145395715
0.0,0.7950169236022757,1.259699946423669,0.08668524940808357,-1.011130550020291,-1.724641486449488,-0.5167060888124021,-1.9940959558680202,-0.8113250906856913,0.15653415515760072,-1.5251729268308196,0.4948392907644416,0.21005529145395715
0.0,1.3374623878374214,0.21080828153690087,-0.033858095307969065,0.5413043928785755,-0.6238102599059097,-0.048290130707786406,-0.5315278234034915,0.4744164468220077,-0.13251375541560237,-0.9194084226099208,-0.2459476766600931,-1.6216823712469601
0.0,-0.967930835161951,0.6041426558694387,-0.7571181636042842,-0.8477163455046207,0.8773232308353338,-0.4497895233688856,0.7360312247324333,-0.42907760656177657,1.312725797450413,-0.1117224169820564,-0.16363801361292274,0.21005529145395715
0.0,-0.018651272750444616,-1.10030629957156,0.5688586282722935,-0.9702769988913732,1.277625495032999,0.8216252200579285,0.4191414626984521,-0.1510794362898667,-0.7828715542053076,-0.3136439183890222,-1.2336636332261417,1.125924122804416
0.0,0.7950169236022757,-1.4936406739040982,1.171575351852556,-0.9498502233269145,0.2768698345388365,0.9554583509449616,0.4191414626984521,-0.6375762342657476,-1.3609673753517137,1.2007673421632241,-0.16363801361292274,0.21005529145395715
0.0,0.5237941914847023,0.9974770302019772,0.20722859412413622,1.276668313199091,0.5770965326870855,-1.8550373976827328,-2.335361853443077,0.12691873398208176,0.012010199870999176,-0.8184476719064376,0.9063876060002949,1.125924122804416
0.0,1.4730737538962086,-0.9691948414607139,-0.7571181636042842,-0.8681431210690794,-0.32358356175766073,-1.7881208322392161,0.15100397174662183,0.12691873398208176,-0.9996574871352115,2.6142178520119876,-0.6574959918959463,1.125924122804416
0.0,0.1169600933083427,-0.18252609279563764,0.9304886624204514,-1.0315573255847497,-0.42365912780707704,-0.8512889160299848,-0.8727937209785482,-1.2978218886616106,-1.144181442421813,-0.9194084226099208,0.6594586168587838,0.21005529145395715
0.0,-1.3747649333383105,1.259699946423669,-0.033858095307969065,-0.9498502233269145,-0.924036958054158,-0.8512889160299848,-0.9946743986839256,-1.4020712025135769,-1.144181442421813,-1.0203691733134042,0.4948392907644416,0.21005529145395715
0.0,-1.645987665455884,1.1285884883128225,0.5688586282722935,-1.092837652278126,-0.42365912780707704,-1.9219539631262492,-1.579701651669737,-1.263072117377622,1.312725797450413,-1.4242121761273363,0.6594586168587838,1.125924122804416
0.0,0.5237941914847023,0.6041426558694387,1.6537487307167666,-0.2757666296997752,-0.2235079957082444,-2.122703659456799,-2.6278754799359825,-1.1240730322416284,-1.0719194647785106,0.4940420872388428,1.5648649103776606,-0.7058135398965015
0.0,-0.967930835161951,0.21080828153690087,-1.2392915424684945,-0.9294234477624558,-0.8239613920047416,-0.18212326159481948,-0.507151687862416,-1.4020712025135769,1.2404638198071105,-0.41460466909250543,1.647174573424831,0.21005529145395715
0.0,-1.645987665455884,-0.9691948414607139,1.7742920754328186,-0.37790050752206905,-1.224263656202407,-1.0520386123605343,-0.604656230026718,-0.5680766916977701,2.685703372673126,-0.3136439183890222,0.4948392907644416,0.21005529145395715
0.0,0.7950169236022757,-0.18252609279563764,0.44831528355624084,1.3992289665858435,2.478532287625994,1.2231246127190276,1.0041687156842636,1.308410957637853,-1.2887053977084146,-0.010761666278573195,-1.3159732962733122,0.21005529145395715
0.0,0.7950169236022757,-0.18252609279563764,0.44831528355624084,1.3992289665858435,2.478532287625994,1.2231246127190276,1.0041687156842636,1.308410957637853,-1.2887053977084146,-0.010761666278573195,-1.3159732962733122,0.21005529145395715
0.0,0.7950169236022757,-0.18252609279563764,0.44831528355624084,1.3992289665858435,2.478532287625994,1.2231246127190276,1.0041687156842636,1.308410957637853,-1.2887053977084146,-0.010761666278573195,-1.3159732962733122,0.21005529145395715
0.0,1.4730737538962086,1.0630327592573996,2.2564654542970293,1.8281912534394782,0.4770209666376692,1.2900411781625443,0.8335357668967353,1.6906584417617678,-0.7106095765620085,0.2921205858318764,-1.2336636332261417,1.125924122804416
0.0,1.4730737538962086,1.0630327592573996,2.2564654542970293,1.8281912534394782,0.4770209666376692,1.2900411781625443,0.8335357668967353,1.6906584417617678,-0.7106095765620085,0.2921205858318764,-1.2336636332261417,1.125924122804416
0.0,0.7950169236022757,-0.18252609279563764,0.44831528355624084,1.3992289665858435,2.478532287625994,1.2231246127190276,1.0041687156842636,1.308410957637853,-1.2887053977084146,-0.010761666278573195,-1.3159732962733122,0.21005529145395715
0.0,-0.967930835161951,-0.3136375509064838,-0.27494478474007433,-0.9907037744558321,0.2768698345388365,-0.8512889160299848,-1.8478391426215672,-0.6375762342657476,0.8791539315906084,0.595002837942326,-0.16363801361292274,1.125924122804416
0.0,-0.018651272750444616,-0.18252609279563764,-0.9982048530363895,-0.3676871197398397,1.0774743629341665,0.4201258273968293,1.8085811885397542,0.5786657606740124,1.312725797450413,1.9074925970876064,-0.9044249810374589,0.21005529145395715
0.0,-0.15426263880923075,0.6041426558694387,-0.1544014400240217,0.7251453729587044,-0.2235079957082444,-1.654287701352183,0.9310403090610371,0.5091662181059964,1.9630835962401183,0.6959635886458092,0.6594586168587838,-0.7058135398965015
0.0,-1.7815990315146701,1.1285884883128225,0.3277719388401882,-1.072410876713667,0.2768698345388365,-1.386621439578117,0.7360312247324333,-0.6375762342657476,1.0959398645205092,2.0084533477910895,-0.575186328848776,0.21005529145395715
0.0,-0.15426263880923075,-0.3136375509064838,1.0510320071365034,0.480024066185199,-0.6238102599059097,-0.3828729579253691,0.27288464945199925,0.4744164468220077,0.22879613280090308,1.4026888435701905,-0.575186328848776,0.21005529145395715
0.0,-0.018651272750444616,0.21080828153690087,-1.842008266048757,1.5422163955370551,0.4770209666376692,0.9554583509449616,0.614150547027056,1.5516593566257741,0.15653415515760072,0.2921205858318764,-1.3159732962733122,0.21005529145395715
0.0,-0.5610967369855903,-1.362529215793252,-1.2392915424684945,-1.011130550020291,-0.2235079957082444,0.4201258273968293,0.2972607849930747,-0.18582920757385543,2.179869529170022,0.9988458407562577,-0.49287666580160566,0.21005529145395715
0.0,-0.6967081030443776,-0.05141463468479146,-0.9982048530363895,0.17362243271831768,-0.32358356175766073,0.2193761310662797,0.8579119024378107,0.6829150745259787,2.179869529170022,1.604610344977157,-0.7398056549431182,0.21005529145395715
0.0,1.2018510217786353,-0.5758604671281757,1.171575351852556,-0.9089966721979972,0.9773987968847501,-1.654287701352183,-1.2140596185536048,-0.5680766916977701,0.8068919539473061,0.09019908442491001,0.9886972690474667,0.21005529145395715
0.0,-0.42548537092680416,-1.10030629957156,-0.1544014400240217,-0.9498502233269145,0.1767942684894202,-0.31595639248185253,-0.23901419691058579,-0.3595780639937991,2.179869529170022,0.1911598351283932,-0.3282573397072649,-1.6216823712469601
0.0,0.2525714593671288,0.4730311977585925,2.2564654542970293,1.4809360688436788,0.7772476647859181,0.35320926195331276,0.7604073602735087,1.308410957637853,-0.8551335318486101,0.3930813365353596,-0.8221153179902886,-1.6216823712469601
0.0,1.3374623878374214,0.21080828153690087,0.20722859412413622,-0.9702769988913732,-1.4244147883012392,-0.18212326159481948,-0.4583994167802651,-1.2978218886616106,-1.3609673753517137,-1.0203691733134042,1.2356262581889779,-1.6216823712469601
0.0,0.2525714593671288,0.4730311977585925,2.2564654542970293,1.4809360688436788,0.7772476647859181,0.35320926195331276,0.7604073602735087,1.308410957637853,-0.8551335318486101,0.3930813365353596,-0.8221153179902886,-1.6216823712469601
0.0,1.3374623878374214,0.21080828153690087,0.20722859412413622,-0.9702769988913732,-1.4244147883012392,-0.18212326159481948,-0.4583994167802651,-1.2978218886616106,-1.3609673753517137,-1.0203691733134042,1.2356262581889779,-1.6216823712469601
0.0,-0.967930835161951,1.9152572369778988,-0.9982048530363895,-0.9702769988913732,0.6771720987365019,-1.252788308691084,0.004747158500168979,-0.29007852142582163,0.9514159092339075,0.1911598351283932,-0.16363801361292274,0.21005529145395715
0.0,-1.2391535672795233,-0.706971925239022,-0.9982048530363895,1.1745344353767972,0.1767942684894202,1.2231246127190276,0.6872789536502824,1.0651625586498934,0.4455820657308038,-0.9194084226099208,-0.9044249810374589,1.125924122804416
0.0,0.5237941914847023,0.9974770302019772,1.4126620412846613,-0.43918083421544535,0.4770209666376692,1.0892914818319945,0.17538010728769732,-0.9850739471056735,-1.2887053977084146,2.8161393534189543,1.40024558428332,0.21005529145395715
0.0,-0.15426263880923075,-0.706971925239022,1.171575351852556,0.5617311684430342,0.6771720987365019,-0.249039827038336,0.32163692053415016,0.5091662181059964,-0.49382364363210457,2.6142178520119876,-0.575186328848776,-1.6216823712469601
0.0,1.2018510217786353,0.9974770302019772,-0.6365748188882316,0.500450841749658,2.078230023428329,0.2862926965097962,1.1504255289307164,1.0651625586498934,-0.7106095765620085,1.5036495942736736,-1.1513539701789715,0.21005529145395715
0.0,1.3374623878374214,-0.5758604671281757,0.6894019729883462,0.8068524752165396,1.6779277592306636,-0.4497895233688856,-0.9215459920606991,0.9956630160819159,-0.49382364363210457,-0.1117224169820564,-0.49287666580160566,0.21005529145395715
0.0,0.5237941914847023,1.1285884883128225,0.20722859412413622,1.2358147620701736,0.8773232308353338,-1.9219539631262492,-2.4328663956073786,0.19641827655005925,-0.4215616659888054,-0.9194084226099208,0.7417682799059542,0.21005529145395715
0.0,-1.1035422012207372,-0.05141463468479146,2.1359221095809766,-0.8477163455046207,0.5770965326870855,1.6246240053801269,0.3947653271573766,-0.3595780639937991,-0.7828715542053076,1.3017280928667072,-0.6574959918959463,1.125924122804416
0.0,-0.967930835161951,-0.05141463468479146,2.2564654542970293,-0.8477163455046207,0.7772476647859181,1.75845713626716,0.4191414626984521,-0.3248282927098104,-0.7828715542053076,1.2007673421632241,-0.6574959918959463,0.21005529145395715
0.0,-0.42548537092680416,0.21080828153690087,-0.6365748188882316,-0.23491307857085766,-0.2235079957082444,0.6208755237273789,1.028544851225339,0.33541736168605274,0.012010199870999176,2.1094140984945717,-0.9867346440846293,0.21005529145395715
0.0,-0.42548537092680416,0.21080828153690087,-0.395488129456127,-0.7455824676823268,-0.42365912780707704,-0.5836226542559186,-0.7265369077320953,-0.915574404537696,0.9514159092339075,-0.717486921202955,0.8240779429531245,-1.6216823712469601
0.0,-0.15426263880923075,0.9974770302019772,2.6180954884451872,2.0324590090840657,0.4770209666376692,0.6208755237273789,1.0772971223074899,1.6906584417617678,-1.0719194647785106,0.7969243393492924,-1.4805926223676529,1.125924122804416
0.0,0.5237941914847023,-0.8380833833498678,0.20722859412413622,-0.7455824676823268,-1.0241125241035742,0.9554583509449616,0.34601305607522564,-1.3325716599455995,-0.2047757330589015,-0.9194084226099208,1.7294842364720013,-1.6216823712469601
0.0,0.7950169236022757,-0.8380833833498678,0.08668524940808357,-0.9089966721979972,-0.7238858259553254,0.2862926965097962,0.029123294041244457,-0.9850739471056735,-0.13251375541560237,-0.41460466909250543,0.9063876060002949,-1.6216823712469601
0.0,1.879907852072567,-0.5758604671281757,-0.27494478474007433,-0.9294234477624558,0.4770209666376692,0.8216252200579285,1.1748016644717918,-0.18582920757385543,-0.4215616659888054,0.1911598351283932,-0.3282573397072649,0.21005529145395715
0.0,1.879907852072567,-0.4447490090173296,-0.395488129456127,-0.9294234477624558,0.4770209666376692,0.8216252200579285,1.2235539355539429,-0.18582920757385543,-0.4215616659888054,0.1911598351283932,-0.3282573397072649,0.21005529145395715
0.0,0.3881828254259149,-0.5758604671281757,0.08668524940808357,-0.7251556921178681,-0.924036958054158,0.888541785501445,0.3947653271573766,-1.3673214312295883,-0.2770377107022039,-1.0203691733134042,1.7294842364720013,-1.6216823712469601
0.0,-0.42548537092680416,0.21080828153690087,-0.395488129456127,-0.7455824676823268,-0.42365912780707704,-0.5836226542559186,-0.7265369077320953,-0.915574404537696,0.9514159092339075,-0.717486921202955,0.8240779429531245,-1.6216823712469601
0.0,-1.1035422012207372,1.5219228626453611,-0.7571181636042842,-0.07149887405518755,-0.8239613920047416,0.48704239284034584,-0.06838124812305746,-0.915574404537696,1.384987775093712,-1.0203691733134042,1.40024558428332,-1.6216823712469601
0.0,-1.5103762993970966,-1.10030629957156,-1.2392915424684945,-0.43918083421544535,-0.023356863609411745,-0.6505392196994352,-0.6290323655677934,0.057419191414104294,1.1682018421638114,-0.9194084226099208,-0.9867346440846293,1.125924122804416
0.0,0.6594055575434884,0.4730311977585925,-1.2392915424684945,0.010208228202647584,1.3777010610824154,0.6208755237273789,0.7604073602735087,0.30066759040206403,-0.4215616659888054,-1.3232514254238537,-0.41056700275443525,0.21005529145395715
0.0,0.7950169236022757,-0.3136375509064838,-1.2392915424684945,0.8885595774743743,-0.023356863609411745,-0.5836226542559186,-1.3603164318000578,0.5439159893899852,-2.3726350623579244,-1.2222906747203706,-0.7398056549431182,0.21005529145395715
0.0,-0.28987400486801806,-0.18252609279563764,-0.27494478474007433,-0.9702769988913732,0.3769454005882529,-0.18212326159481948,-0.06838124812305746,-0.29007852142582163,1.6740356856669152,0.2921205858318764,-0.41056700275443525,-1.6216823712469601
0.0,0.7950169236022757,-0.3136375509064838,-1.2392915424684945,0.8885595774743743,-0.023356863609411745,-0.5836226542559186,-1.3603164318000578,0.5439159893899852,-2.3726350623579244,-1.2222906747203706,-0.7398056549431182,0.21005529145395715
0.0,0.7950169236022757,-0.05141463468479146,-0.27494478474007433,0.3166098616695291,0.6771720987365019,0.2193761310662797,0.49226986932167854,0.8566639309459224,-0.4215616659888054,-0.010761666278573195,-1.3982829593204826,0.21005529145395715
0.0,0.1169600933083427,0.21080828153690087,-0.6365748188882316,-0.8681431210690794,-0.6238102599059097,0.48704239284034584,-0.38527101015703863,-0.42907760656177657,1.6740356856669152,0.09019908442491001,0.16560063857576018,-1.6216823712469601
0.0,0.2525714593671288,-0.4447490090173296,0.08668524940808357,-0.11235242518410513,-0.2235079957082444,-0.6505392196994352,-0.0196289770409065,0.4049169042540302,0.012010199870999176,0.9988458407562577,-0.9044249810374589,0.21005529145395715
0.0,0.3881828254259149,0.6041426558694387,2.1359221095809766,1.6647770489238078,1.6779277592306636,-1.9219539631262492,0.27288464945199925,1.5516593566257741,-1.7945392412115184,-0.41460466909250543,-1.2336636332261417,1.125924122804416
0.0,0.6594055575434884,-0.8380833833498678,0.5688586282722935,-1.0519841011492084,-0.5237346938564934,0.888541785501445,-0.4340232812391896,-0.6375762342657476,0.9514159092339075,0.09019908442491001,0.24791030162293054,0.21005529145395715
0.0,0.1169600933083427,1.9152572369778988,0.08668524940808357,0.7659989240876218,0.07671870244000388,-0.4497895233688856,0.3703891916163011,1.0304127873659046,0.08427217751430155,0.3930813365353596,-0.9867346440846293,1.125924122804416
0.0,-0.6967081030443776,0.0796968234260547,0.6894019729883462,-1.1132644278425847,0.8773232308353338,-1.8550373976827328,0.07787556512339541,-0.42907760656177657,1.8908216185968192,0.1911598351283932,-0.08132835056575237,-1.6216823712469601
0.0,0.1169600933083427,1.9152572369778988,0.08668524940808357,0.7659989240876218,0.07671870244000388,-0.4497895233688856,0.3703891916163011,1.0304127873659046,0.08427217751430155,0.3930813365353596,-0.9867346440846293,1.125924122804416
0.0,0.2525714593671288,0.3419197396477463,0.5688586282722935,-0.29619340526423393,-0.8239613920047416,-0.5836226542559186,-0.23901419691058579,-0.3595780639937991,-0.13251375541560237,-0.41460466909250543,0.16560063857576018,0.21005529145395715
0.0,-1.2391535672795233,0.0796968234260547,-0.395488129456127,1.031547006425586,-0.6238102599059097,-0.249039827038336,-0.5315278234034915,0.3701671329700415,1.1682018421638114,-0.010761666278573195,-0.08132835056575237,-1.6216823712469601
0.0,0.1169600933083427,-0.9691948414607139,0.9304886624204514,-1.011130550020291,-0.6238102599059097,-1.386621439578117,-1.9940959558680202,-1.0198237183896623,-0.7828715542053076,2.0084533477910895,0.7417682799059542,-1.6216823712469601
0.0,0.5237941914847023,-0.3136375509064838,0.9304886624204514,-1.011130550020291,0.2768698345388365,-0.249039827038336,-0.7509130432731708,-0.8460748619697186,-2.228111107071323,-1.0203691733134042,0.16560063857576018,0.21005529145395715
0.0,-0.6967081030443776,-0.05141463468479146,2.015378764864924,-0.9907037744558321,0.9773987968847501,-0.048290130707786406,-0.06838124812305746,-0.4985771491297926,-1.4332293529950129,1.3017280928667072,-0.6574959918959463,0.21005529145395715
0.0,-0.6967081030443776,-0.05141463468479146,2.015378764864924,-0.9907037744558321,0.9773987968847501,-0.048290130707786406,-0.06838124812305746,-0.4985771491297926,-1.4332293529950129,1.3017280928667072,-0.6574959918959463,0.21005529145395715
0.0,0.6594055575434884,-0.18252609279563764,-0.395488129456127,0.23490275941169395,0.6771720987365019,0.2193761310662797,0.516646004862754,0.9261634735139385,1.7462976633102176,-1.0203691733134042,-0.8221153179902886,1.125924122804416
0.0,0.6594055575434884,-0.18252609279563764,-0.395488129456127,0.23490275941169395,0.6771720987365019,0.2193761310662797,0.516646004862754,0.9261634735139385,1.7462976633102176,-1.0203691733134042,-0.8221153179902886,1.125924122804416
0.0,-0.967930835161951,0.21080828153690087,-0.8776615083203368,2.328647254768718,0.1767942684894202,0.888541785501445,0.5897744114859804,1.8991570694657,1.0959398645205092,-0.010761666278573195,-0.9044249810374589,1.125924122804416
0.0,0.7950169236022757,1.390811404534515,0.3277719388401882,-0.13277920074856384,1.8780788913294963,-1.52045457046515,-1.0434266697660766,0.9261634735139385,2.1076075515267196,2.1094140984945717,0.08329097552858834,0.21005529145395715
0.0,-0.42548537092680416,1.259699946423669,-0.516031474172179,-0.6434485898600331,-0.5237346938564934,-0.3828729579253691,-0.4340232812391896,-1.054573489673651,0.4455820657308038,1.70557109568064,1.4825552473304904,-1.6216823712469601
0.0,0.7950169236022757,-0.3136375509064838,0.9304886624204514,-0.41875405865098664,-1.0241125241035742,-1.7212042667956997,-1.0190505342250011,-0.6375762342657476,-0.7106095765620085,-0.9194084226099208,0.41252962771727125,0.21005529145395715
0.0,1.3374623878374214,0.7352541139802848,0.08668524940808357,-0.8068627943757032,-0.5237346938564934,-1.118955177804051,-0.8727937209785482,-0.915574404537696,0.15653415515760072,1.70557109568064,0.9063876060002949,-1.6216823712469601
0.0,1.3374623878374214,-0.05141463468479146,-0.6365748188882316,-0.9089966721979972,0.8773232308353338,1.1562080472755112,1.4185630198825467,-0.3595780639937991,0.3010581104442022,0.1911598351283932,0.24791030162293054,0.21005529145395715
0.0,1.2018510217786353,-0.3136375509064838,-0.6365748188882316,-0.9294234477624558,0.8773232308353338,1.1562080472755112,1.2966823421771692,-0.3595780639937991,0.3010581104442022,0.1911598351283932,0.16560063857576018,0.21005529145395715
0.0,0.7950169236022757,-0.9691948414607139,-0.27494478474007433,-1.011130550020291,1.4777766271318318,-0.11520669615130294,-0.044005112581981976,-0.29007852142582163,-0.49382364363210457,0.1911598351283932,-0.8221153179902886,0.21005529145395715
0.0,-2.0528217636322434,0.7352541139802848,-2.44472498962902,0.05106177933156497,0.07671870244000388,-0.8512889160299848,0.10225170066447088,-0.04683012243786191,1.2404638198071105,1.2007673421632241,-0.16363801361292274,0.21005529145395715
0.0,0.5237941914847023,-0.3136375509064838,0.20722859412413622,-1.072410876713667,0.2768698345388365,-2.122703659456799,-1.774710735998341,-0.8808246332537073,0.3010581104442022,0.2921205858318764,0.6594586168587838,1.125924122804416
0.0,-0.8323194691031637,-0.3136375509064838,-0.395488129456127,1.4196557421503027,-0.32358356175766073,0.9554583509449616,-0.16588579028735936,0.4744164468220077,1.0236778868772098,-0.21268316768553905,0.3302199646701009,-1.6216823712469601
0.0,0.2525714593671288,0.7352541139802848,-0.9982048530363895,-0.030645322926269987,0.5770965326870855,-0.249039827038336,2.2229754927380374,0.64816530324199,0.3010581104442022,1.4026888435701905,-0.9867346440846293,0.21005529145395715
0.0,0.2525714593671288,0.7352541139802848,-0.9982048530363895,-0.030645322926269987,0.5770965326870855,-0.249039827038336,2.2229754927380374,0.64816530324199,0.3010581104442022,1.4026888435701905,-0.9867346440846293,0.21005529145395715
0.0,-1.3747649333383105,0.6041426558694387,0.08668524940808357,-1.0519841011492084,-0.6238102599059097,-0.7843723505864683,-0.9215459920606991,-0.7765753194017025,-0.06025177777229999,1.2007673421632241,-0.08132835056575237,0.21005529145395715
0.0,0.2525714593671288,-0.4447490090173296,1.171575351852556,2.389927581462094,0.7772476647859181,0.01862643473573012,0.17538010728769732,2.107655697169671,0.22879613280090308,-0.6165261704994719,-1.4805926223676529,1.125924122804416
0.0,0.2525714593671288,-0.4447490090173296,1.171575351852556,2.389927581462094,0.7772476647859181,0.01862643473573012,0.17538010728769732,2.107655697169671,0.22879613280090308,-0.6165261704994719,-1.4805926223676529,1.125924122804416
0.0,0.1169600933083427,-0.3136375509064838,0.08668524940808357,-0.3166201808286928,-0.2235079957082444,-1.252788308691084,-0.14150965474628388,-0.08157989372185065,0.517844043374103,1.604610344977157,0.08329097552858834,0.21005529145395715
0.0,-1.1035422012207372,0.3419197396477463,-1.4803782319005994,1.276668313199091,0.2768698345388365,0.6877920891708954,1.2235539355539429,1.1694118725018596,1.0236778868772098,-0.6165261704994719,-0.9044249810374589,1.125924122804416
0.0,-0.967930835161951,-1.231417757682406,-0.516031474172179,-0.37790050752206905,-0.924036958054158,0.754708654614412,0.32163692053415016,-0.18582920757385543,1.7462976633102176,0.09019908442491001,0.24791030162293054,0.21005529145395715
0.0,-1.2391535672795233,-1.624752132014944,-0.8776615083203368,-0.37790050752206905,-1.5244903543506556,-0.048290130707786406,0.07787556512339541,-0.1510794362898667,2.179869529170022,0.2921205858318764,0.16560063857576018,0.21005529145395715
0.0,-0.8323194691031637,-1.231417757682406,-0.516031474172179,-0.3370469563931515,-0.5237346938564934,0.2862926965097962,-0.09275738366413293,-0.2553287501418329,1.601773708023616,-0.21268316768553905,0.16560063857576018,-1.6216823712469601
0.0,0.7950169236022757,0.21080828153690087,-0.8776615083203368,1.1336808842478798,1.0774743629341665,-0.6505392196994352,0.27288464945199925,1.308410957637853,-0.6383475989187061,1.4026888435701905,-1.1513539701789715,1.125924122804416
0.0,-1.645987665455884,1.1285884883128225,-2.2036383001969146,-0.2757666296997752,0.3769454005882529,0.888541785501445,1.491691426505773,-0.04683012243786191,0.8068919539473061,2.3113355999015384,-0.2459476766600931,1.125924122804416
0.0,-1.3747649333383105,0.9319213011465541,-2.2036383001969146,-0.11235242518410513,0.3769454005882529,0.9554583509449616,1.4673152909646976,-0.04683012243786191,0.8068919539473061,2.3113355999015384,-0.2459476766600931,1.125924122804416
0.0,-1.645987665455884,-0.3791932799619069,-0.395488129456127,-1.0519841011492084,0.4770209666376692,-0.11520669615130294,-0.23901419691058579,-0.9850739471056735,1.0959398645205092,0.1911598351283932,0.3302199646701009,-1.6216823712469601
0.0,-0.967930835161951,0.21080828153690087,-0.8776615083203368,1.3379486398924674,1.1775499289835827,-0.048290130707786406,1.2723062066360937,1.4126602714898193,0.4455820657308038,-0.5155654197959887,-1.3159732962733122,-0.7058135398965015
0.0,-0.6967081030443776,-0.706971925239022,0.08668524940808357,1.5422163955370551,0.3769454005882529,2.2268730943717756,1.028544851225339,1.1346621012178708,1.2404638198071105,0.1911598351283932,-0.16363801361292274,0.21005529145395715
0.0,-0.5610967369855903,-0.3136375509064838,-0.516031474172179,1.0519737819900445,0.7772476647859181,-0.048290130707786406,0.6385266825681314,1.0651625586498934,0.8791539315906084,-0.3136439183890222,-0.9044249810374589,1.125924122804416
0.0,-0.5610967369855903,-0.3136375509064838,-0.395488129456127,1.031547006425586,0.8773232308353338,-0.18212326159481948,0.7116550891913578,1.0304127873659046,0.8791539315906084,-0.3136439183890222,-0.9044249810374589,1.125924122804416
0.0,-0.6967081030443776,-0.05141463468479146,-0.8776615083203368,0.2961830861050702,1.5778521931812481,0.6208755237273789,0.7116550891913578,0.7871643883779449,0.3733200880875046,-0.717486921202955,-1.3159732962733122,1.125924122804416
0.0,0.7950169236022757,-2.083642235402906,0.20722859412413622,1.194961210941256,0.7772476647859181,1.4907908744930938,0.22413237836984828,1.2041616437858482,-0.2047757330589015,-1.1213299240168872,-1.3159732962733122,0.21005529145395715
0.0,-1.1035422012207372,0.7352541139802848,-2.44472498962902,-0.09192564961964625,-0.12343242965882807,-0.048290130707786406,1.2966823421771692,0.19641827655005925,-0.2047757330589015,2.4122963506050215,-0.49287666580160566,1.125924122804416
0.0,0.3881828254259149,-0.05141463468479146,0.20722859412413622,1.6443502733593487,2.478532287625994,0.01862643473573012,1.2723062066360937,1.655908670477779,-0.8551335318486101,0.4940420872388428,-1.2336636332261417,-1.6216823712469601
0.0,0.3881828254259149,-0.05141463468479146,0.20722859412413622,1.6443502733593487,2.478532287625994,0.01862643473573012,1.2723062066360937,1.655908670477779,-0.8551335318486101,0.4940420872388428,-1.2336636332261417,-1.6216823712469601
0.0,0.3881828254259149,-0.05141463468479146,0.20722859412413622,1.6443502733593487,2.478532287625994,0.01862643473573012,1.2723062066360937,1.655908670477779,-0.8551335318486101,0.4940420872388428,-1.2336636332261417,-1.6216823712469601
0.0,0.3881828254259149,-0.05141463468479146,0.20722859412413622,1.6443502733593487,2.478532287625994,0.01862643473573012,1.2723062066360937,1.655908670477779,-0.8551335318486101,0.4940420872388428,-1.2336636332261417,-1.6216823712469601
0.0,-1.2391535672795233,-0.3136375509064838,-0.7571181636042842,1.215387986505715,1.0774743629341665,-0.048290130707786406,-0.06838124812305746,1.1694118725018596,1.0959398645205092,-0.3136439183890222,-0.9044249810374589,0.21005529145395715
0.0,-0.42548537092680416,-0.706971925239022,0.5688586282722935,-0.7864360188112444,0.5770965326870855,2.3607062252588085,0.029123294041244457,-0.7418255481177137,1.0236778868772098,2.715178602715471,0.6594586168587838,-1.6216823712469601
0.0,1.2018510217786353,0.0796968234260547,0.3277719388401882,-0.21448630300639895,-1.224263656202407,-0.31595639248185253,-0.48277555232134056,-0.6375762342657476,-0.566085621275407,-0.6165261704994719,1.3179359212361481,0.21005529145395715
0.0,0.6594055575434884,0.9974770302019772,-1.3598348871845471,-0.6434485898600331,0.7772476647859181,-1.386621439578117,-0.0196289770409065,-0.08157989372185065,0.4455820657308038,-0.41460466909250543,-0.3282573397072649,1.125924122804416
0.0,-0.28987400486801806,0.0796968234260547,-0.8776615083203368,-0.6638753654244918,0.9773987968847501,0.4201258273968293,1.2479300710950183,-0.8113250906856913,0.3733200880875046,-0.8184476719064376,0.5771489538116135,1.125924122804416
0.0,0.3881828254259149,0.21080828153690087,-0.7571181636042842,-0.9089966721979972,0.6771720987365019,-1.52045457046515,-1.2384357540946804,-0.1510794362898667,-0.2770377107022039,-1.0203691733134042,-0.9867346440846293,1.125924122804416
0.0,-0.018651272750444616,-0.18252609279563764,0.20722859412413622,1.5626431711015139,-1.0241125241035742,0.8216252200579285,-0.09275738366413293,0.4744164468220077,1.312725797450413,0.1911598351283932,1.3179359212361481,-1.6216823712469601
0.0,0.3881828254259149,0.21080828153690087,-0.7571181636042842,-0.9089966721979972,0.6771720987365019,-1.52045457046515,-1.2384357540946804,-0.1510794362898667,-0.2770377107022039,-1.0203691733134042,-0.9867346440846293,1.125924122804416
0.0,0.3881828254259149,-1.231417757682406,0.6894019729883462,0.21447598384723526,0.9773987968847501,0.9554583509449616,1.1016732578485655,0.6829150745259787,1.1682018421638114,0.3930813365353596,-0.8221153179902886,0.21005529145395715
0.0,1.3374623878374214,0.21080828153690087,-1.2392915424684945,-1.011130550020291,1.3777010610824154,-0.7174557851429517,-0.16588579028735936,0.19641827655005925,0.6623679986607045,-0.010761666278573195,-0.9044249810374589,1.125924122804416
0.0,-0.018651272750444616,-0.5758604671281757,0.5688586282722935,-0.9498502233269145,-0.6238102599059097,0.2193761310662797,1.4185630198825467,-1.054573489673651,1.1682018421638114,2.4122963506050215,1.5648649103776606,0.21005529145395715
0.0,0.3881828254259149,-1.231417757682406,0.6894019729883462,0.21447598384723526,0.9773987968847501,0.9554583509449616,1.1016732578485655,0.6829150745259787,1.1682018421638114,0.3930813365353596,-0.8221153179902886,0.21005529145395715
0.0,-0.967930835161951,-1.624752132014944,-0.8776615083203368,-1.0315573255847497,0.4770209666376692,0.15245956562276317,0.8822880379788861,-0.46382737784576533,1.1682018421638114,-0.21268316768553905,-0.49287666580160566,0.21005529145395715
0.0,-0.5610967369855903,-0.3136375509064838,2.1359221095809766,1.0724005575545033,0.4770209666376692,1.6915405708236433,1.8085811885397542,0.9609132447979272,-0.06025177777229999,0.8978850900527745,-1.0690443071317997,1.125924122804416
0.0,1.3374623878374214,2.046368695088745,-0.7571181636042842,0.5821579440074929,1.5778521931812481,-0.048290130707786406,1.5160675620468484,1.1694118725018596,-0.34929968834550307,0.6959635886458092,-1.0690443071317997,0.21005529145395715
0.0,-0.28987400486801806,0.21080828153690087,0.44831528355624084,-0.9498502233269145,-0.42365912780707704,-0.8512889160299848,-0.8727937209785482,-0.915574404537696,0.7346299763040068,0.8978850900527745,0.8240779429531245,0.21005529145395715
0.0,0.3881828254259149,0.7352541139802848,0.20722859412413622,1.6647770489238078,-0.32358356175766073,0.754708654614412,0.32163692053415016,0.4049169042540302,1.384987775093712,0.1911598351283932,1.5648649103776606,-1.6216823712469601
0.0,-0.15426263880923075,0.6041426558694387,-0.27494478474007433,-0.8681431210690794,-0.42365912780707704,-1.118955177804051,-0.16588579028735936,-0.3595780639937991,1.2404638198071105,1.5036495942736736,0.000981312481417987,0.21005529145395715
0.0,-0.5610967369855903,0.7352541139802848,2.1359221095809766,0.8885595774743743,0.4770209666376692,1.4907908744930938,1.6867005108343769,1.0304127873659046,-0.7828715542053076,1.2007673421632241,-0.9867346440846293,1.125924122804416
0.0,-0.967930835161951,0.21080828153690087,-0.8776615083203368,0.11234210602494142,1.3777010610824154,0.6208755237273789,1.5648198331289995,0.5786657606740124,0.012010199870999176,-0.8184476719064376,-1.2336636332261417,0.21005529145395715
0.0,-1.2391535672795233,0.3419197396477463,-0.8776615083203368,1.1541076598123385,1.4777766271318318,0.888541785501445,2.1254709505737357,1.4821598140577967,0.3010581104442022,-0.717486921202955,-1.3159732962733122,0.21005529145395715
0.0,-1.3747649333383105,0.7352541139802848,0.6894019729883462,-0.32683356861092216,-0.924036958054158,-0.7843723505864683,-1.0434266697660766,-0.9850739471056735,1.6740356856669152,-0.6165261704994719,0.9886972690474667,-1.6216823712469601
0.0,-1.3747649333383105,0.7352541139802848,0.6894019729883462,-0.32683356861092216,-0.924036958054158,-0.7843723505864683,-1.0434266697660766,-0.9850739471056735,1.6740356856669152,-0.6165261704994719,0.9886972690474667,-1.6216823712469601
0.0,-1.5103762993970966,0.7352541139802848,0.6894019729883462,-0.32683356861092216,-0.924036958054158,-0.7843723505864683,-1.0434266697660766,-0.9850739471056735,1.6740356856669152,-0.6165261704994719,0.9886972690474667,-1.6216823712469601
0.0,-0.15426263880923075,0.21080828153690087,-2.2036383001969146,-1.011130550020291,0.07671870244000388,1.9592068325977094,0.5410221404038295,-0.6375762342657476,-0.13251375541560237,-0.9194084226099208,-0.49287666580160566,1.125924122804416
0.0,-1.2391535672795233,-0.18252609279563764,-0.8776615083203368,1.0111202308611273,0.9773987968847501,-0.31595639248185253,0.6872789536502824,1.099912329933882,0.3733200880875046,-0.41460466909250543,-0.9044249810374589,0.21005529145395715
0.0,1.7442964860137808,2.57081452753213,-0.1544014400240217,-0.9498502233269145,0.9773987968847501,1.022374916388478,1.126049393389641,-0.5333269204137814,-1.144181442421813,-0.6165261704994719,0.4948392907644416,1.125924122804416
0.0,-0.8323194691031637,1.259699946423669,-0.7571181636042842,1.3992289665858435,0.8773232308353338,1.2900411781625443,1.5648198331289995,1.308410957637853,0.4455820657308038,-0.21268316768553905,-1.3159732962733122,1.125924122804416
0.0,-0.018651272750444616,-0.5758604671281757,0.3277719388401882,-0.1736327518774814,0.07671870244000388,-0.9182054814735013,-0.555903958944567,-0.012080351153873174,0.8068919539473061,0.4940420872388428,0.08329097552858834,-1.6216823712469601
0.0,0.5237941914847023,0.21080828153690087,-0.27494478474007433,0.8885595774743743,0.1767942684894202,1.75845713626716,2.0767186794915844,1.1694118725018596,-0.34929968834550307,0.1911598351283932,-1.2336636332261417,0.21005529145395715
0.0,-0.15426263880923075,-1.231417757682406,0.5688586282722935,-0.8885698966335382,-0.32358356175766073,-0.048290130707786406,-0.28776646799273675,-0.5680766916977701,0.517844043374103,1.2007673421632241,0.16560063857576018,-1.6216823712469601
0.0,0.1169600933083427,-0.8380833833498678,0.20722859412413622,-0.9089966721979972,0.07671870244000388,-0.6505392196994352,-0.0196289770409065,-0.11632966500583938,0.8791539315906084,1.2007673421632241,-0.41056700275443525,-0.7058135398965015
0.0,-0.967930835161951,1.259699946423669,-1.9625516107648096,0.010208228202647584,-0.5237346938564934,0.08554300017924665,1.491691426505773,0.19641827655005925,-0.13251375541560237,1.4026888435701905,-0.575186328848776,0.21005529145395715
0.0,-1.1035422012207372,1.259699946423669,-1.9625516107648096,-0.010218547361811292,-0.6238102599059097,0.08554300017924665,1.3210584777182448,0.12691873398208176,-0.13251375541560237,1.4026888435701905,-0.6574959918959463,1.125924122804416
0.0,-1.2391535672795233,1.390811404534515,-2.2036383001969146,-0.010218547361811292,-0.6238102599059097,-0.048290130707786406,1.1748016644717918,0.19641827655005925,-0.13251375541560237,1.5036495942736736,-0.6574959918959463,1.125924122804416
0.0,-0.6967081030443776,0.9974770302019772,-0.516031474172179,1.7056306000527253,0.4770209666376692,0.9554583509449616,1.491691426505773,1.343160728921842,0.3010581104442022,-0.21268316768553905,-0.9044249810374589,1.125924122804416
0.0,-0.15426263880923075,-0.9691948414607139,0.20722859412413622,-1.092837652278126,-2.0248681845977368,-0.8512889160299848,-1.0434266697660766,-0.915574404537696,0.3010581104442022,0.8978850900527745,0.41252962771727125,0.21005529145395715
0.0,0.9306282896610618,0.6041426558694387,2.2564654542970293,1.7260573756171842,-0.32358356175766073,1.8253737017106764,1.637948239752226,1.5169095853417855,-0.9273955094919092,1.2007673421632241,-0.9044249810374589,1.125924122804416
0.0,0.7950169236022757,0.6041426558694387,1.894835420148871,1.6034967222304313,-0.023356863609411745,1.8253737017106764,1.637948239752226,1.5516593566257741,-0.9273955094919092,1.0998065914597408,-0.9867346440846293,1.125924122804416
0.0,-0.28987400486801806,1.5219228626453611,-1.7214649213327047,-1.0519841011492084,-0.023356863609411745,-0.9851220469170178,-1.2871880251768313,-0.39432783527778786,0.22879613280090308,-0.3136439183890222,-0.41056700275443525,-0.7058135398965015
0.0,-0.5610967369855903,0.866365572091131,-0.516031474172179,-1.072410876713667,-0.42365912780707704,-0.31595639248185253,-0.6534085011088689,-0.7418255481177137,-0.49382364363210457,-0.6165261704994719,-0.08132835056575237,0.21005529145395715
0.0,-1.645987665455884,-0.18252609279563764,-0.7571181636042842,-0.561741487602198,-0.5237346938564934,-1.118955177804051,-0.5315278234034915,-1.1935725748096444,1.6740356856669152,0.1911598351283932,1.647174573424831,0.21005529145395715
0.0,2.422353316307714,0.0796968234260547,1.6537487307167666,-0.051072098490728864,-1.0241125241035742,-1.4535380050216336,-2.335361853443077,-0.29007852142582163,-2.1558491294280206,-1.4242121761273363,0.24791030162293054,1.125924122804416
0.0,-0.8323194691031637,0.6041426558694387,-1.3598348871845471,-0.010218547361811292,-0.12343242965882807,1.022374916388478,1.9792141373272827,0.09216896269809303,-0.2770377107022039,1.2007673421632241,-0.49287666580160566,1.125924122804416
0.0,0.5237941914847023,-1.10030629957156,1.533205386000714,-0.39832728308652776,0.3769454005882529,1.4907908744930938,0.7116550891913578,0.1616685052660705,-0.4215616659888054,1.4026888435701905,0.4948392907644416,0.21005529145395715
0.0,1.2018510217786353,-0.8380833833498678,1.4126620412846613,1.5422163955370551,0.7772476647859181,0.6208755237273789,-0.16588579028735936,1.6385337848357846,-0.566085621275407,-0.010761666278573195,-0.49287666580160566,0.21005529145395715
0.0,-0.8323194691031637,2.7019259856429754,-1.3598348871845471,-1.092837652278126,0.1767942684894202,-1.4535380050216336,-0.9459221276017746,-0.13370455064783374,-0.34929968834550307,-0.21268316768553905,-1.1513539701789715,1.125924122804416
0.0,-0.967930835161951,-0.18252609279563764,-0.9982048530363895,1.1745344353767972,0.3769454005882529,1.0892914818319945,0.8579119024378107,1.4474100427738081,1.1682018421638114,-0.3136439183890222,-0.9044249810374589,1.125924122804416
0.0,1.879907852072567,0.0796968234260547,1.2921186965686087,-0.9702769988913732,-0.7238858259553254,-0.249039827038336,-0.2146380613695103,-0.7765753194017025,-0.6383475989187061,0.1911598351283932,1.40024558428332,0.21005529145395715
0.0,1.879907852072567,0.0796968234260547,1.2921186965686087,-0.9702769988913732,-0.7238858259553254,-0.249039827038336,-0.2146380613695103,-0.7765753194017025,-0.6383475989187061,0.1911598351283932,1.40024558428332,0.21005529145395715
0.0,-0.5610967369855903,0.6041426558694387,0.8099453177043987,0.23490275941169395,-0.2235079957082444,1.4907908744930938,1.8573334596219053,0.3180424760440584,0.9514159092339075,-0.5155654197959887,-0.49287666580160566,1.125924122804416
0.0,-1.1035422012207372,1.6530343207562073,-0.7571181636042842,-0.7455824676823268,-0.42365912780707704,0.2862926965097962,1.2235539355539429,-0.20320409321584978,1.601773708023616,0.1911598351283932,0.16560063857576018,0.21005529145395715
0.0,-0.8323194691031637,-0.706971925239022,-0.6365748188882316,-0.9498502233269145,-0.42365912780707704,0.4201258273968293,0.32163692053415016,-0.18582920757385543,2.179869529170022,2.3113355999015384,-0.08132835056575237,-1.6216823712469601
0.0,1.2018510217786353,2.046368695088745,-0.1544014400240217,0.5821579440074929,0.5770965326870855,-0.8512889160299848,2.052342543950509,1.0651625586498934,-0.9273955094919092,1.3017280928667072,-1.1513539701789715,0.21005529145395715
0.0,0.2525714593671288,0.0796968234260547,1.0510320071365034,2.5329150104133054,-0.023356863609411745,-0.048290130707786406,0.49226986932167854,2.211905011021637,-1.6500152859249169,0.1911598351283932,-1.2336636332261417,1.125924122804416
0.0,-0.8323194691031637,-0.706971925239022,-0.6365748188882316,-0.9498502233269145,-0.42365912780707704,0.4201258273968293,0.32163692053415016,-0.18582920757385543,2.179869529170022,2.3113355999015384,-0.08132835056575237,-1.6216823712469601
0.0,0.7950169236022757,0.3419197396477463,2.1359221095809766,-0.9294234477624558,-0.023356863609411745,0.01862643473573012,-0.23901419691058579,-0.04683012243786191,1.8908216185968192,0.1911598351283932,-0.3282573397072649,-1.6216823712469601
0.0,-0.28987400486801806,0.3419197396477463,1.4126620412846613,0.5413043928785755,1.0774743629341665,1.8253737017106764,1.0041687156842636,1.047787673007899,-1.2164434200651122,-0.3136439183890222,-1.3982829593204826,1.125924122804416
0.0,-1.1035422012207372,0.4730311977585925,1.4126620412846613,-0.9907037744558321,0.3769454005882529,-1.3197048741346005,1.1016732578485655,0.24854293347608092,2.2521315068133214,0.3930813365353596,-0.16363801361292274,1.125924122804416
0.0,0.1169600933083427,0.6041426558694387,0.20722859412413622,-0.9702769988913732,-1.0241125241035742,-0.7843723505864683,-0.2146380613695103,-0.7418255481177137,1.312725797450413,-0.1117224169820564,0.9063876060002949,0.21005529145395715
0.0,-0.28987400486801806,0.866365572091131,-0.1544014400240217,-1.0315573255847497,-2.225019316696569,-0.3828729579253691,-1.165307347471454,-1.2109474604516388,0.517844043374103,-0.41460466909250543,1.4825552473304904,-1.6216823712469601
0.0,1.3374623878374214,0.4730311977585925,0.9304886624204514,-0.9294234477624558,-1.4244147883012392,-0.7843723505864683,-0.3608948746159632,-0.8460748619697186,-0.34929968834550307,-0.9194084226099208,0.24791030162293054,-1.6216823712469601
0.0,-0.5610967369855903,1.6530343207562073,-1.3598348871845471,-1.0519841011492084,-0.12343242965882807,0.01862643473573012,-0.0196289770409065,-0.5507018060557757,-0.2770377107022039,-0.21268316768553905,-0.3282573397072649,1.125924122804416
0.0,-0.5610967369855903,-0.3136375509064838,-0.1544014400240217,-0.7251556921178681,-0.42365912780707704,0.4201258273968293,-0.555903958944567,-0.7939502050436968,1.312725797450413,1.8065318463841233,0.9063876060002949,-1.6216823712469601
0.0,0.2525714593671288,-0.706971925239022,0.20722859412413622,0.3370366372339878,1.4777766271318318,-1.0520386123605343,-0.8727937209785482,0.5439159893899852,-1.4332293529950129,1.0998065914597408,-0.9867346440846293,1.125924122804416
0.0,-0.5610967369855903,-1.362529215793252,-0.1544014400240217,-0.21448630300639895,0.07671870244000388,0.48704239284034584,0.49226986932167854,0.24854293347608092,1.1682018421638114,-0.1117224169820564,-0.08132835056575237,1.125924122804416
0.0,-0.42548537092680416,-0.4447490090173296,0.08668524940808357,1.5217896199725964,-0.023356863609411745,-0.6505392196994352,0.053499429582319936,1.0825374442918878,1.1682018421638114,0.7969243393492924,-0.16363801361292274,0.21005529145395715
0.0,-0.8323194691031637,-0.18252609279563764,1.894835420148871,0.7455721485231631,0.1767942684894202,2.896038748806941,2.515489119230943,0.9435383591559328,0.4455820657308038,-0.1117224169820564,-0.9044249810374589,0.21005529145395715
0.0,2.6935760484252884,0.21080828153690087,1.533205386000714,-0.07149887405518755,-2.0248681845977368,-1.386621439578117,-2.140352769114473,-0.1510794362898667,-1.2887053977084146,-1.5251729268308196,0.41252962771727125,-1.6216823712469601
0.0,-0.28987400486801806,-0.18252609279563764,-0.27494478474007433,1.6443502733593487,0.9773987968847501,0.35320926195331276,1.126049393389641,1.4474100427738081,-1.2164434200651122,0.1911598351283932,-1.2336636332261417,0.21005529145395715
0.0,0.1169600933083427,1.5219228626453611,-0.8776615083203368,0.7047185973942457,-0.2235079957082444,-0.4497895233688856,1.3210584777182448,1.1346621012178708,0.6623679986607045,1.3017280928667072,-1.1513539701789715,1.125924122804416
0.0,-0.5610967369855903,-0.18252609279563764,-0.27494478474007433,-0.1736327518774814,-0.42365912780707704,-1.3197048741346005,-0.19026192582843485,0.33541736168605274,-0.34929968834550307,0.09019908442491001,-0.8221153179902886,0.21005529145395715
0.0,-0.28987400486801806,-0.18252609279563764,-0.27494478474007433,1.6443502733593487,0.9773987968847501,0.35320926195331276,1.126049393389641,1.4474100427738081,-1.2164434200651122,0.1911598351283932,-1.2336636332261417,0.21005529145395715
0.0,0.1169600933083427,1.5219228626453611,-0.8776615083203368,0.7047185973942457,-0.2235079957082444,-0.4497895233688856,1.3210584777182448,1.1346621012178708,0.6623679986607045,1.3017280928667072,-1.1513539701789715,1.125924122804416
0.0,0.3881828254259149,-0.706971925239022,-0.1544014400240217,-0.5208879364732805,-2.124943750647153,0.35320926195331276,0.12662783620554635,-0.5854515773397645,-0.13251375541560237,-0.9194084226099208,0.16560063857576018,-1.6216823712469601
0.0,-0.5610967369855903,-0.18252609279563764,-0.27494478474007433,-0.1736327518774814,-0.42365912780707704,-1.3197048741346005,-0.19026192582843485,0.33541736168605274,-0.34929968834550307,0.09019908442491001,-0.8221153179902886,0.21005529145395715
0.0,0.1169600933083427,1.6530343207562073,0.9304886624204514,-0.3574737319576104,-2.0248681845977368,-1.9888705285697659,-2.871636835346737,-0.8113250906856913,0.8791539315906084,-1.1213299240168872,1.647174573424831,-0.7058135398965015
0.0,-1.3747649333383105,-0.8380833833498678,-0.27494478474007433,-0.9907037744558321,-1.1241880901529906,-0.9182054814735013,-1.9453436847858692,-0.9329492901796904,1.8185596409535167,0.6959635886458092,0.3302199646701009,0.21005529145395715
0.0,0.2525714593671288,-0.8380833833498678,0.5688586282722935,-0.8885698966335382,-1.224263656202407,-0.5836226542559186,-0.0196289770409065,-0.22057897885784417,0.6623679986607045,1.3017280928667072,-0.3282573397072649,0.21005529145395715
0.0,-1.2391535672795233,-0.05141463468479146,-0.8776615083203368,1.2562415376346323,-0.8239613920047416,0.2193761310662797,0.3703891916163011,1.343160728921842,1.0236778868772098,-0.5155654197959887,-0.9867346440846293,1.125924122804416
0.0,0.7950169236022757,1.5219228626453611,-0.6365748188882316,0.23490275941169395,-0.12343242965882807,-0.7174557851429517,0.565398275944905,0.5265411037479908,-0.13251375541560237,-0.5155654197959887,-0.49287666580160566,1.125924122804416
0.0,0.2525714593671288,-0.706971925239022,0.20722859412413622,0.43917051505628163,-0.924036958054158,-0.249039827038336,2.8323788812649244,0.5091662181059964,0.22879613280090308,0.7969243393492924,-0.08132835056575237,0.21005529145395715
0.0,0.1169600933083427,-1.10030629957156,0.6894019729883462,0.35746341279844646,0.6771720987365019,0.6208755237273789,0.9554164446021126,0.6829150745259787,0.8068919539473061,0.595002837942326,-0.6574959918959463,0.21005529145395715
0.0,0.6594055575434884,0.4730311977585925,1.171575351852556,0.20426259606500574,-1.724641486449488,1.0892914818319945,0.9310403090610371,-0.3595780639937991,-1.0719194647785106,-1.6261336775343027,0.6594586168587838,0.21005529145395715
0.0,0.5237941914847023,0.3419197396477463,0.9304886624204514,0.25532953497615263,-1.8247170524989043,1.4238743090495773,0.979792580143188,-0.3595780639937991,-1.0719194647785106,-1.6261336775343027,0.7417682799059542,0.21005529145395715
0.0,0.1169600933083427,-0.8380833833498678,2.1359221095809766,0.7455721485231631,-0.6238102599059097,2.896038748806941,0.7360312247324333,0.8914137022299111,-0.2770377107022039,0.6959635886458092,-0.3282573397072649,0.21005529145395715
0.0,0.2525714593671288,-0.706971925239022,0.20722859412413622,0.43917051505628163,-0.924036958054158,-0.249039827038336,2.8323788812649244,0.5091662181059964,0.22879613280090308,0.7969243393492924,-0.08132835056575237,0.21005529145395715
0.0,0.3881828254259149,0.21080828153690087,1.4126620412846613,-0.9294234477624558,-1.0241125241035742,-0.18212326159481948,-0.7265369077320953,-1.0893232609576398,0.4455820657308038,-0.010761666278573195,1.3179359212361481,-1.6216823712469601
0.0,-1.3747649333383105,-0.18252609279563764,-0.516031474172179,0.9702666797322095,1.3777010610824154,0.6877920891708954,0.9310403090610371,1.2910360719958587,1.6740356856669152,-0.5155654197959887,-0.9044249810374589,1.125924122804416
0.0,0.1169600933083427,-1.10030629957156,0.6894019729883462,0.35746341279844646,0.6771720987365019,0.6208755237273789,0.9554164446021126,0.6829150745259787,0.8068919539473061,0.595002837942326,-0.6574959918959463,0.21005529145395715
0.0,0.2525714593671288,-0.8380833833498678,0.6894019729883462,0.35746341279844646,0.7772476647859181,0.48704239284034584,0.8822880379788861,0.7002899601679731,0.8068919539473061,0.595002837942326,-0.6574959918959463,0.21005529145395715
0.0,-0.018651272750444616,-0.3136375509064838,2.015378764864924,2.645262276017829,1.4777766271318318,1.3569577436060607,2.6861220680184714,2.3335292105156364,-1.3609673753517137,0.7969243393492924,-1.5629022854148247,1.125924122804416
0.0,-0.6967081030443776,0.4730311977585925,-0.516031474172179,-0.2757666296997752,-0.023356863609411745,0.08554300017924665,0.7604073602735087,0.4222917898960246,0.22879613280090308,2.1094140984945717,-0.9044249810374589,0.21005529145395715
0.0,0.5237941914847023,0.0796968234260547,1.171575351852556,-0.9702769988913732,0.7772476647859181,0.01862643473573012,-0.044005112581981976,-0.6375762342657476,-1.7945392412115184,-0.21268316768553905,0.3302199646701009,0.21005529145395715
0.0,-0.018651272750444616,-0.8380833833498678,0.44831528355624084,-0.9702769988913732,-1.4244147883012392,-1.8550373976827328,-2.2134811757376993,-0.7244506624757194,0.15653415515760072,1.2007673421632241,0.24791030162293054,0.21005529145395715
0.0,-0.15426263880923075,-2.0180865063474824,0.20722859412413622,0.500450841749658,0.07671870244000388,0.4201258273968293,-0.5802800944856424,0.8219141596619336,1.6740356856669152,-0.8184476719064376,-1.0690443071317997,-1.6216823712469601
0.0,-0.15426263880923075,-2.0180865063474824,0.20722859412413622,0.500450841749658,0.07671870244000388,0.4201258273968293,-0.5802800944856424,0.8219141596619336,1.6740356856669152,-0.8184476719064376,-1.0690443071317997,-1.6216823712469601
0.0,-0.018651272750444616,-1.8869750482366363,-0.1544014400240217,-0.23491307857085766,0.2768698345388365,-0.3828729579253691,-0.4096471456981141,0.12691873398208176,1.601773708023616,-0.21268316768553905,-0.6574959918959463,-1.6216823712469601
0.0,-0.967930835161951,0.0796968234260547,-0.27494478474007433,2.1141661113419006,-0.32358356175766073,0.9554583509449616,0.8579119024378107,2.090280811527677,1.5295117303803136,-0.3136439183890222,-0.9867346440846293,1.125924122804416
0.0,2.0155192181313555,-1.624752132014944,1.533205386000714,-0.9907037744558321,-0.32358356175766073,-1.118955177804051,-0.9459221276017746,-0.5854515773397645,-1.2164434200651122,0.7969243393492924,0.3302199646701009,0.21005529145395715
0.0,0.5237941914847023,-0.4447490090173296,-1.600921576616652,1.5013628444081373,0.9773987968847501,0.8216252200579285,1.4673152909646976,1.6732835561197734,-0.49382364363210457,0.4940420872388428,-1.3159732962733122,1.125924122804416
0.0,1.7442964860137808,-1.231417757682406,1.4126620412846613,1.5830699466659726,1.0774743629341665,0.5539589582838623,0.1997562428287728,2.3509040961575924,0.6623679986607045,2.715178602715471,-1.4805926223676529,-1.6216823712469601
0.0,1.3374623878374214,0.3419197396477463,-1.2392915424684945,0.6434382707008693,1.3777010610824154,0.6208755237273789,1.8573334596219053,1.1520369868598652,-0.7828715542053076,1.3017280928667072,-1.0690443071317997,0.21005529145395715
0.0,1.7442964860137808,-1.231417757682406,1.4126620412846613,1.5830699466659726,1.0774743629341665,0.5539589582838623,0.1997562428287728,2.3509040961575924,0.6623679986607045,2.715178602715471,-1.4805926223676529,-1.6216823712469601
0.0,0.5237941914847023,-0.4447490090173296,-1.600921576616652,1.5013628444081373,0.9773987968847501,0.8216252200579285,1.4673152909646976,1.6732835561197734,-0.49382364363210457,0.4940420872388428,-1.3159732962733122,1.125924122804416
0.0,1.066239655719848,0.4730311977585925,-0.6365748188882316,0.8681328019099157,-0.32358356175766073,-0.249039827038336,-0.4340232812391896,1.4995346996997911,0.5901060210174053,-1.8280551789412691,-1.0690443071317997,0.21005529145395715
0.0,1.2018510217786353,0.9974770302019772,-0.516031474172179,0.9498399041677508,-0.2235079957082444,-0.249039827038336,-0.48277555232134056,1.4995346996997911,0.5901060210174053,-1.9290159296447522,-1.1513539701789715,0.21005529145395715
0.0,1.2018510217786353,0.9974770302019772,-0.516031474172179,0.9498399041677508,-0.2235079957082444,-0.249039827038336,-0.48277555232134056,1.4995346996997911,0.5901060210174053,-1.9290159296447522,-1.1513539701789715,0.21005529145395715
0.0,-1.3747649333383105,0.9974770302019772,-1.9625516107648096,0.13276888158940012,-0.5237346938564934,-0.5836226542559186,-0.507151687862416,0.3701671329700415,1.9630835962401183,-0.3136439183890222,-0.49287666580160566,-1.6216823712469601
0.0,1.066239655719848,0.4730311977585925,-0.6365748188882316,0.8681328019099157,-0.32358356175766073,-0.249039827038336,-0.4340232812391896,1.4995346996997911,0.5901060210174053,-1.8280551789412691,-1.0690443071317997,0.21005529145395715
0.0,1.2018510217786353,0.9974770302019772,-0.516031474172179,0.9498399041677508,-0.2235079957082444,-0.249039827038336,-0.48277555232134056,1.4995346996997911,0.5901060210174053,-1.9290159296447522,-1.1513539701789715,0.21005529145395715
0.0,-1.2391535672795233,-0.3136375509064838,-0.27494478474007433,-0.8885698966335382,-0.924036958054158,-0.4497895233688856,-1.0921789408482274,-0.5507018060557757,1.4572497527370145,2.1094140984945717,0.24791030162293054,-1.6216823712469601
0.0,-1.2391535672795233,-0.3136375509064838,-0.27494478474007433,-0.8885698966335382,-0.924036958054158,-0.4497895233688856,-1.0921789408482274,-0.5507018060557757,1.4572497527370145,2.1094140984945717,0.24791030162293054,-1.6216823712469601
0.0,0.7950169236022757,0.7352541139802848,-0.6365748188882316,-1.011130550020291,0.6771720987365019,0.2193761310662797,0.8822880379788861,-0.16845432193186105,-1.144181442421813,0.3930813365353596,-1.0690443071317997,1.125924122804416
0.0,0.5237941914847023,0.6041426558694387,-0.7571181636042842,0.1940492082827764,0.7772476647859181,0.15245956562276317,0.49226986932167854,0.839289045303928,-0.7106095765620085,-0.5155654197959887,-1.3159732962733122,1.125924122804416
0.0,1.3374623878374214,2.046368695088745,-1.1187481977524418,0.500450841749658,1.1775499289835827,0.48704239284034584,1.9060857307040562,1.1346621012178708,-1.2164434200651122,0.9988458407562577,-1.1513539701789715,0.21005529145395715
0.0,-1.9172103975734562,-1.10030629957156,-0.9982048530363895,-0.3166201808286928,-0.12343242965882807,-0.31595639248185253,-0.5802800944856424,0.2137931621920536,1.6740356856669152,-0.8184476719064376,-0.9867346440846293,0.21005529145395715
0.0,-1.1035422012207372,-1.10030629957156,-0.1544014400240217,-1.011130550020291,-0.6238102599059097,-1.386621439578117,-1.5065732450465106,-1.0371986040316565,1.0959398645205092,0.9988458407562577,0.41252962771727125,-1.6216823712469601
0.0,-1.1035422012207372,0.21080828153690087,2.015378764864924,0.09191533046048254,0.5770965326870855,1.75845713626716,2.0767186794915844,0.5091662181059964,0.012010199870999176,-0.1117224169820564,-1.0690443071317997,1.125924122804416
0.0,-0.018651272750444616,1.6530343207562073,0.3277719388401882,1.0724005575545033,0.1767942684894202,1.4907908744930938,2.0279664084094335,1.360535614563836,-0.8551335318486101,0.4940420872388428,-1.0690443071317997,1.125924122804416
0.0,-0.28987400486801806,-0.706971925239022,-0.1544014400240217,1.031547006425586,-0.32358356175766073,0.754708654614412,0.6872789536502824,1.4300351571318137,1.601773708023616,-0.41460466909250543,-0.6574959918959463,-1.6216823712469601
0.0,0.6594055575434884,0.7352541139802848,0.20722859412413622,0.05106177933156497,-1.0241125241035742,-0.7174557851429517,-0.604656230026718,0.4222917898960246,0.22879613280090308,-0.21268316768553905,-0.6574959918959463,0.21005529145395715
0.0,-0.5610967369855903,0.6041426558694387,-0.7571181636042842,1.3992289665858435,0.3769454005882529,1.4907908744930938,1.6623243752933015,1.2736611863538643,-0.13251375541560237,-0.717486921202955,-0.8221153179902886,1.125924122804416
0.0,-0.8323194691031637,0.3419197396477463,-0.7571181636042842,1.3788021910213848,0.3769454005882529,1.3569577436060607,1.637948239752226,1.2562863007118314,-0.2047757330589015,-0.717486921202955,-0.8221153179902886,0.21005529145395715
0.0,-1.1035422012207372,1.6530343207562073,-1.842008266048757,1.1541076598123385,0.3769454005882529,2.026123398041226,2.661745932477396,1.308410957637853,-0.2770377107022039,-1.0203691733134042,-1.3159732962733122,0.21005529145395715
0.0,-0.8323194691031637,0.4730311977585925,-0.7571181636042842,1.4400825177147614,0.3769454005882529,1.4907908744930938,1.6867005108343769,1.360535614563836,-0.13251375541560237,-0.5155654197959887,-0.9044249810374589,0.21005529145395715
0.0,-1.1035422012207372,0.21080828153690087,2.015378764864924,0.09191533046048254,0.5770965326870855,1.75845713626716,2.0767186794915844,0.5091662181059964,0.012010199870999176,-0.1117224169820564,-1.0690443071317997,1.125924122804416
0.0,-0.42548537092680416,-0.05141463468479146,-0.033858095307969065,2.073312560212983,0.2768698345388365,0.6208755237273789,0.7116550891913578,2.14240546845366,1.384987775093712,-0.21268316768553905,-0.9044249810374589,0.21005529145395715
0.0,1.4730737538962086,1.1285884883128225,-0.9982048530363895,1.8894715801328539,2.9789101178730744,0.6208755237273789,2.247351628279113,1.395285385847825,-1.144181442421813,1.0998065914597408,-0.08132835056575237,0.21005529145395715
0.0,-0.8323194691031637,0.4730311977585925,-1.842008266048757,-0.7251556921178681,-0.2235079957082444,-0.7174557851429517,-0.28776646799273675,0.02266942013011556,-1.2887053977084146,-0.21268316768553905,-1.3159732962733122,1.125924122804416
0.0,2.151130584190142,-1.10030629957156,1.171575351852556,-0.2553398541353165,-0.6238102599059097,-1.8550373976827328,-1.4578209739643597,0.02266942013011556,-0.2047757330589015,0.3930813365353596,0.9063876060002949,1.125924122804416
0.0,-0.8323194691031637,0.4730311977585925,-1.842008266048757,-0.7251556921178681,-0.2235079957082444,-0.7174557851429517,-0.28776646799273675,0.02266942013011556,-1.2887053977084146,-0.21268316768553905,-1.3159732962733122,1.125924122804416
0.0,-0.28987400486801806,1.259699946423669,-0.395488129456127,-0.9702769988913732,-2.124943750647153,-0.7174557851429517,-1.2628118896357559,-1.45419585943956,1.601773708023616,1.3017280928667072,1.4825552473304904,-1.6216823712469601
0.0,-0.018651272750444616,-1.10030629957156,-1.3598348871845471,-0.19405952744194008,1.0774743629341665,-0.048290130707786406,-0.7996653143553217,0.2137931621920536,0.8068919539473061,-0.5155654197959887,-0.9867346440846293,1.125924122804416
0.0,-0.15426263880923075,-0.9691948414607139,-1.1187481977524418,-0.030645322926269987,0.4770209666376692,0.08554300017924665,-0.48277555232134056,0.23116804783408657,1.0959398645205092,-0.5155654197959887,-0.8221153179902886,0.21005529145395715
0.0,2.151130584190142,-1.10030629957156,1.171575351852556,-0.2553398541353165,-0.6238102599059097,-1.8550373976827328,-1.4578209739643597,0.02266942013011556,-0.2047757330589015,0.3930813365353596,0.9063876060002949,1.125924122804416
0.0,0.2525714593671288,-0.706971925239022,0.5688586282722935,0.17362243271831768,-0.023356863609411745,0.08554300017924665,0.7360312247324333,0.6829150745259787,0.517844043374103,0.7969243393492924,-0.6574959918959463,0.21005529145395715
0.0,-0.018651272750444616,-0.18252609279563764,0.6894019729883462,0.35746341279844646,0.3769454005882529,-0.7174557851429517,0.4435175982395276,0.6134155319580012,1.0236778868772098,1.0998065914597408,-0.3282573397072649,0.21005529145395715
0.0,0.7950169236022757,-0.3136375509064838,0.44831528355624084,-0.8885698966335382,-1.1241880901529906,-0.5167060888124021,0.053499429582319936,-1.1414479178836228,0.6623679986607045,-0.010761666278573195,1.5648649103776606,-1.6216823712469601
0.0,0.3881828254259149,-1.362529215793252,0.44831528355624084,0.8885595774743743,0.1767942684894202,-0.9851220469170178,-1.1409312119303785,0.7176648458099675,-0.2047757330589015,-0.41460466909250543,0.24791030162293054,-1.6216823712469601
0.0,0.3881828254259149,-1.362529215793252,0.44831528355624084,-1.0519841011492084,0.07671870244000388,-0.9182054814735013,-1.1409312119303785,-0.46382737784576533,-0.2047757330589015,-0.6165261704994719,0.3302199646701009,-1.6216823712469601
0.0,0.7950169236022757,-1.231417757682406,0.9304886624204514,-0.1736327518774814,-0.5237346938564934,-0.048290130707786406,0.5897744114859804,-0.11632966500583938,-0.9996574871352115,1.4026888435701905,0.7417682799059542,-0.7058135398965015
0.0,0.6594055575434884,0.4730311977585925,0.20722859412413622,-0.7455824676823268,0.1767942684894202,-0.048290130707786406,-0.7021607721910198,-0.9676990614636791,1.2404638198071105,0.4940420872388428,1.8117938995191731,-1.6216823712469601
0.0,0.1169600933083427,-0.18252609279563764,0.20722859412413622,-1.0315573255847497,-0.7238858259553254,-0.5167060888124021,-1.3359402962589824,-1.1761976891676116,-0.06025177777229999,-0.41460466909250543,1.3179359212361481,0.21005529145395715
0.0,0.9306282896610618,2.046368695088745,0.20722859412413622,-0.41875405865098664,-0.2235079957082444,-0.048290130707786406,-0.7021607721910198,-0.7939502050436968,-0.34929968834550307,-0.3136439183890222,1.8117938995191731,-1.6216823712469601
0.0,0.6594055575434884,-0.18252609279563764,0.44831528355624084,-0.8681431210690794,-0.8239613920047416,-0.31595639248185253,0.979792580143188,-1.0371986040316565,0.4455820657308038,-0.8184476719064376,1.0710069320946372,-1.6216823712469601
0.0,0.6594055575434884,-0.18252609279563764,0.44831528355624084,-0.8681431210690794,-0.8239613920047416,-0.31595639248185253,0.979792580143188,-1.0371986040316565,0.4455820657308038,-0.8184476719064376,1.0710069320946372,-1.6216823712469601
0.0,0.6594055575434884,-0.18252609279563764,0.44831528355624084,-0.8681431210690794,-0.8239613920047416,-0.31595639248185253,0.979792580143188,-1.0371986040316565,0.4455820657308038,-0.8184476719064376,1.0710069320946372,-1.6216823712469601
0.0,0.9306282896610618,0.9974770302019772,0.3277719388401882,-0.07149887405518755,-0.8239613920047416,-1.52045457046515,-0.26339033245166127,-0.4985771491297926,-0.2047757330589015,-0.9194084226099208,1.1533165951418074,-1.6216823712469601
0.0,1.066239655719848,0.866365572091131,0.3277719388401882,-0.010218547361811292,-0.6238102599059097,-1.52045457046515,-0.26339033245166127,-0.4985771491297926,-0.2047757330589015,-0.9194084226099208,1.1533165951418074,-1.6216823712469601
0.0,2.5579646823665,-0.4447490090173296,-0.033858095307969065,1.4400825177147614,0.1767942684894202,0.01862643473573012,0.7847834958145843,2.055531040243688,-0.49382364363210457,-0.1117224169820564,-1.4805926223676529,-1.6216823712469601
0.0,2.5579646823665,-0.4447490090173296,-0.033858095307969065,1.4400825177147614,0.1767942684894202,0.01862643473573012,0.7847834958145843,2.055531040243688,-0.49382364363210457,-0.1117224169820564,-1.4805926223676529,-1.6216823712469601
0.0,0.1169600933083427,-0.9691948414607139,0.3277719388401882,-0.9498502233269145,-0.6238102599059097,-0.11520669615130294,-0.8727937209785482,-0.23795386449983855,0.15653415515760072,0.595002837942326,0.16560063857576018,-1.6216823712469601
0.0,0.6594055575434884,-0.706971925239022,-0.395488129456127,-0.9702769988913732,-0.8239613920047416,-0.3828729579253691,-0.4583994167802651,-0.7418255481177137,0.8068919539473061,0.1911598351283932,0.3302199646701009,-1.6216823712469601
0.0,0.6594055575434884,-0.706971925239022,-0.395488129456127,-0.9702769988913732,-0.8239613920047416,-0.3828729579253691,-0.4583994167802651,-0.7418255481177137,0.8068919539473061,0.1911598351283932,0.3302199646701009,-1.6216823712469601
0.0,-0.28987400486801806,-0.5758604671281757,0.5688586282722935,1.8486180290039365,-0.7238858259553254,1.8253737017106764,0.3947653271573766,1.6037840135517574,-1.2164434200651122,-0.8184476719064376,-1.0690443071317997,1.125924122804416
0.0,2.5579646823665,-0.4447490090173296,-0.033858095307969065,1.4400825177147614,0.1767942684894202,0.01862643473573012,0.7847834958145843,2.055531040243688,-0.49382364363210457,-0.1117224169820564,-1.4805926223676529,-1.6216823712469601
0.0,-1.1035422012207372,-0.8380833833498678,-0.9982048530363895,-0.9294234477624558,-1.224263656202407,-0.31595639248185253,-0.7752891788142463,-1.0198237183896623,0.8791539315906084,-0.1117224169820564,0.7417682799059542,0.21005529145395715
0.0,0.1169600933083427,-0.9691948414607139,0.3277719388401882,-0.9498502233269145,-0.6238102599059097,-0.11520669615130294,-0.8727937209785482,-0.23795386449983855,0.15653415515760072,0.595002837942326,0.16560063857576018,-1.6216823712469601
0.0,1.879907852072567,1.5219228626453611,2.015378764864924,1.4809360688436788,-0.023356863609411745,1.5577074399366102,0.7116550891913578,1.6385337848357846,-0.6383475989187061,0.595002837942326,-0.9867346440846293,1.125924122804416
0.0,1.879907852072567,1.5219228626453611,2.015378764864924,1.4809360688436788,-0.023356863609411745,1.5577074399366102,0.7116550891913578,1.6385337848357846,-0.6383475989187061,0.595002837942326,-0.9867346440846293,1.125924122804416
0.0,1.879907852072567,1.7841457788670534,1.894835420148871,1.5013628444081373,-0.023356863609411745,1.6246240053801269,0.7847834958145843,1.655908670477779,-0.6383475989187061,0.3930813365353596,-0.9867346440846293,1.125924122804416
0.0,-0.15426263880923075,-0.5758604671281757,0.8099453177043987,0.7864256996520805,-0.42365912780707704,1.6915405708236433,0.2972607849930747,1.186786758143854,-0.13251375541560237,0.595002837942326,-0.49287666580160566,-1.6216823712469601
0.0,1.7442964860137808,0.0796968234260547,0.3277719388401882,-0.9498502233269145,-1.224263656202407,0.2193761310662797,-0.8240414498963973,-0.4464524922037709,0.22879613280090308,1.5036495942736736,-0.16363801361292274,-1.6216823712469601
0.0,0.6594055575434884,-0.18252609279563764,1.171575351852556,1.6034967222304313,-0.12343242965882807,1.4907908744930938,1.1016732578485655,2.003406383317705,0.7346299763040068,2.715178602715471,-1.2336636332261417,-1.6216823712469601
0.0,-0.8323194691031637,0.21080828153690087,0.08668524940808357,-0.9498502233269145,-1.3243392222518229,-0.7174557851429517,-0.6290323655677934,-1.3325716599455995,0.3733200880875046,0.1911598351283932,1.2356262581889779,0.21005529145395715
0.0,-0.967930835161951,0.0796968234260547,0.08668524940808357,-0.8477163455046207,-2.124943750647153,-0.5836226542559186,-0.48277555232134056,-1.8190684579214804,-0.49382364363210457,-1.8280551789412691,1.5648649103776606,0.21005529145395715
0.0,1.3374623878374214,-1.10030629957156,1.6537487307167666,1.276668313199091,-0.023356863609411745,0.4201258273968293,0.15100397174662183,2.14240546845366,0.3733200880875046,2.8161393534189543,-1.7275216115091654,-1.6216823712469601
0.0,0.6594055575434884,-0.3136375509064838,-0.395488129456127,-1.0519841011492084,-0.5237346938564934,0.15245956562276317,-0.9702982631428501,-0.42907760656177657,0.012010199870999176,2.210374849198055,-0.41056700275443525,0.21005529145395715
0.0,-0.6967081030443776,-0.05141463468479146,-1.3598348871845471,-0.4800343853443629,-1.224263656202407,-0.7174557851429517,-0.28776646799273675,-0.8113250906856913,-0.9273955094919092,-1.4242121761273363,0.08329097552858834,0.21005529145395715
0.0,1.2018510217786353,-1.4936406739040982,-0.395488129456127,-1.0315573255847497,-1.3243392222518229,-1.654287701352183,-1.774710735998341,-0.22057897885784417,1.1682018421638114,-0.9194084226099208,-0.41056700275443525,1.125924122804416
0.0,0.3881828254259149,-0.706971925239022,-0.033858095307969065,-0.8477163455046207,-0.5237346938564934,-0.4497895233688856,0.10225170066447088,-0.29007852142582163,0.08427217751430155,0.8978850900527745,-0.49287666580160566,-1.6216823712469601
0.0,0.1169600933083427,1.259699946423669,0.20722859412413622,-0.43918083421544535,-2.425170448795402,1.4907908744930938,-0.4340232812391896,-1.4020712025135769,0.6623679986607045,-1.2222906747203706,1.7294842364720013,-1.6216823712469601
0.0,0.3881828254259149,-0.706971925239022,-0.033858095307969065,-0.8477163455046207,-0.5237346938564934,-0.4497895233688856,0.10225170066447088,-0.29007852142582163,0.08427217751430155,0.8978850900527745,-0.49287666580160566,-1.6216823712469601
0.0,2.6935760484252884,1.259699946423669,1.4126620412846613,-0.9089966721979972,-0.2235079957082444,-1.7212042667956997,-0.38527101015703863,0.5091662181059964,0.012010199870999176,-0.010761666278573195,-0.575186328848776,0.21005529145395715
0.0,0.7950169236022757,-0.05141463468479146,1.2921186965686087,-0.07149887405518755,-2.0248681845977368,-0.8512889160299848,-0.28776646799273675,-0.3595780639937991,-0.4215616659888054,0.6959635886458092,0.7417682799059542,0.21005529145395715
0.0,0.7950169236022757,-0.05141463468479146,1.2921186965686087,-0.07149887405518755,-2.0248681845977368,-0.8512889160299848,-0.28776646799273675,-0.3595780639937991,-0.4215616659888054,0.6959635886458092,0.7417682799059542,0.21005529145395715
0.0,-0.018651272750444616,-0.4447490090173296,-0.395488129456127,1.194961210941256,-0.7238858259553254,0.2193761310662797,2.4179845770666413,1.308410957637853,1.1682018421638114,0.3930813365353596,-0.6574959918959463,0.21005529145395715
0.0,-0.967930835161951,0.9974770302019772,-0.6365748188882316,-0.7660092432467857,-1.8247170524989043,-0.9851220469170178,-0.7752891788142463,-1.1240730322416284,1.5295117303803136,1.9074925970876064,1.3179359212361481,-1.6216823712469601
0.0,0.6594055575434884,-0.05141463468479146,-0.1544014400240217,-0.9702769988913732,-0.2235079957082444,0.2862926965097962,0.8822880379788861,-0.707075776833725,0.012010199870999176,0.2921205858318764,0.6594586168587838,0.21005529145395715
0.0,-0.42548537092680416,0.4730311977585925,-0.033858095307969065,-0.8885698966335382,0.1767942684894202,-0.048290130707786406,-1.1409312119303785,-0.6897008911917307,1.312725797450413,2.0084533477910895,0.3302199646701009,-1.6216823712469601
0.0,0.6594055575434884,-0.05141463468479146,-0.1544014400240217,-0.9702769988913732,-0.2235079957082444,0.2862926965097962,0.8822880379788861,-0.707075776833725,0.012010199870999176,0.2921205858318764,0.6594586168587838,0.21005529145395715
0.0,-0.42548537092680416,0.4730311977585925,-0.033858095307969065,-0.8885698966335382,0.1767942684894202,-0.048290130707786406,-1.1409312119303785,-0.6897008911917307,1.312725797450413,2.0084533477910895,0.3302199646701009,-1.6216823712469601
0.0,-1.3747649333383105,-0.05141463468479146,-1.7214649213327047,-1.0519841011492084,-1.1241880901529906,0.35320926195331276,-0.555903958944567,-1.054573489673651,1.6740356856669152,-0.8184476719064376,0.3302199646701009,-1.6216823712469601
0.0,0.2525714593671288,0.6041426558694387,-0.395488129456127,-1.011130550020291,-0.5237346938564934,-0.11520669615130294,-0.2146380613695103,-1.4715707450815543,-0.49382364363210457,-1.2222906747203706,1.3179359212361481,-1.6216823712469601
0.0,-1.3747649333383105,-0.05141463468479146,-1.7214649213327047,-1.0519841011492084,-1.1241880901529906,0.35320926195331276,-0.555903958944567,-1.054573489673651,1.6740356856669152,-0.8184476719064376,0.3302199646701009,-1.6216823712469601
0.0,-1.645987665455884,-0.9691948414607139,0.8099453177043987,-1.072410876713667,0.07671870244000388,-1.1858717432475674,-1.7015823293751144,-0.707075776833725,0.3010581104442022,0.4940420872388428,-0.2459476766600931,0.21005529145395715
0.0,-0.018651272750444616,-1.10030629957156,-0.516031474172179,0.480024066185199,0.4770209666376692,1.1562080472755112,2.5642413903130943,0.4744164468220077,0.22879613280090308,0.4940420872388428,-0.08132835056575237,0.21005529145395715
0.0,0.2525714593671288,0.3419197396477463,-0.7571181636042842,-0.9702769988913732,0.1767942684894202,-1.52045457046515,-1.2140596185536048,-0.5333269204137814,-0.7828715542053076,-0.21268316768553905,-0.08132835056575237,0.21005529145395715
0.0,-0.28987400486801806,-0.05141463468479146,-0.395488129456127,-1.011130550020291,-0.32358356175766073,-1.4535380050216336,-1.7015823293751144,-0.8113250906856913,-0.9996574871352115,0.09019908442491001,0.24791030162293054,0.21005529145395715
0.0,-0.018651272750444616,-1.10030629957156,-0.516031474172179,0.43917051505628163,0.4770209666376692,1.1562080472755112,2.5642413903130943,0.4744164468220077,0.22879613280090308,0.4940420872388428,-0.08132835056575237,0.21005529145395715
0.0,-0.28987400486801806,-0.8380833833498678,0.6894019729883462,0.3166098616695291,0.9773987968847501,-0.31595639248185253,0.1997562428287728,0.30066759040206403,0.9514159092339075,0.7969243393492924,0.3302199646701009,-1.6216823712469601
0.0,1.6086851199549947,0.3419197396477463,-0.395488129456127,1.3992289665858435,0.3769454005882529,-0.5836226542559186,-0.5802800944856424,1.5516593566257741,0.4455820657308038,-1.1213299240168872,-0.7398056549431182,0.21005529145395715
0.0,-0.967930835161951,0.21080828153690087,0.3277719388401882,1.3175218643280087,0.5770965326870855,1.892290267154193,2.247351628279113,1.2736611863538643,-0.7828715542053076,-0.8184476719064376,-1.3982829593204826,1.125924122804416
0.0,-1.2391535672795233,0.6041426558694387,-0.27494478474007433,0.2757563105406115,0.4770209666376692,1.6915405708236433,1.6867005108343769,0.4049169042540302,0.08427217751430155,-0.9194084226099208,-0.8221153179902886,0.21005529145395715
0.0,0.1169600933083427,-0.706971925239022,-0.516031474172179,-0.8068627943757032,1.3777010610824154,0.9554583509449616,0.5410221404038295,0.19641827655005925,-1.2164434200651122,-0.1117224169820564,-1.4805926223676529,-1.6216823712469601
0.0,2.151130584190142,-0.9691948414607139,1.171575351852556,-0.9702769988913732,0.4770209666376692,-1.7212042667956997,-0.8727937209785482,0.057419191414104294,-0.9273955094919092,1.70557109568064,0.41252962771727125,-0.7058135398965015
0.0,2.0155192181313555,0.0796968234260547,1.533205386000714,-1.0315573255847497,0.5770965326870855,-1.7881208322392161,-1.579701651669737,0.19641827655005925,-0.7828715542053076,1.3017280928667072,-0.2459476766600931,-0.7058135398965015
0.0,0.3881828254259149,-0.18252609279563764,0.8099453177043987,-0.8681431210690794,-0.6238102599059097,-0.31595639248185253,-0.31214260353381224,-1.054573489673651,0.6623679986607045,-0.5155654197959887,1.3179359212361481,-1.6216823712469601
0.0,1.6086851199549947,-0.4447490090173296,0.5688586282722935,0.6638650462653279,1.1775499289835827,-0.7843723505864683,0.5410221404038295,1.4300351571318137,0.9514159092339075,-0.1117224169820564,-0.6574959918959463,-0.7058135398965015
0.0,-0.6967081030443776,0.866365572091131,-1.4803782319005994,-0.11235242518410513,-0.2235079957082444,-0.7174557851429517,0.17538010728769732,0.14429361962407614,-0.2770377107022039,1.5036495942736736,-0.575186328848776,1.125924122804416
0.0,-0.8323194691031637,0.866365572091131,-1.600921576616652,-0.1532059763130227,-0.023356863609411745,-0.8512889160299848,0.15100397174662183,0.14429361962407614,-0.2770377107022039,1.5036495942736736,-0.575186328848776,1.125924122804416
0.0,-0.6967081030443776,0.9974770302019772,-1.600921576616652,-0.11235242518410513,-0.12343242965882807,-0.8512889160299848,0.1997562428287728,0.1616685052660705,-0.2770377107022039,1.5036495942736736,-0.575186328848776,1.125924122804416
0.0,1.6086851199549947,0.7352541139802848,-0.7571181636042842,-1.0519841011492084,0.7772476647859181,-1.5539128531869084,-1.1896834830125294,0.26591781911807527,0.3733200880875046,-1.1213299240168872,-0.9044249810374589,-0.7058135398965015
0.0,0.7950169236022757,-1.7558635901257902,0.8099453177043987,-0.3370469563931515,-0.023356863609411745,0.08554300017924665,0.004747158500168979,0.4049169042540302,1.2404638198071105,0.7969243393492924,-0.2459476766600931,-1.6216823712469601
0.0,1.2018510217786353,0.4730311977585925,-0.033858095307969065,-0.9702769988913732,-0.5237346938564934,-0.7843723505864683,-0.31214260353381224,-0.6723260055497363,-1.8668012188548175,-1.5251729268308196,0.3302199646701009,0.21005529145395715
0.0,0.2525714593671288,-0.3136375509064838,0.20722859412413622,-1.011130550020291,-1.1241880901529906,-0.5167060888124021,-0.7265369077320953,-1.3325716599455995,-0.9273955094919092,-0.9194084226099208,1.0710069320946372,0.21005529145395715
0.0,2.422353316307714,-1.10030629957156,0.9304886624204514,-1.072410876713667,-0.2235079957082444,-0.9851220469170178,-0.7265369077320953,-0.5333269204137814,-1.7945392412115184,-1.6261336775343027,-0.3282573397072649,-1.6216823712469601
0.0,0.2525714593671288,-2.0180865063474824,-0.033858095307969065,-0.3574737319576104,1.4777766271318318,1.6246240053801269,0.17538010728769732,0.6134155319580012,2.6134413950298234,-0.41460466909250543,-0.9867346440846293,-1.6216823712469601
0.0,-0.42548537092680416,-0.05141463468479146,-0.6365748188882316,1.3379486398924674,0.1767942684894202,2.293789659815292,1.9060857307040562,0.9956630160819159,-0.13251375541560237,-0.5155654197959887,-0.49287666580160566,0.21005529145395715
0.0,1.4730737538962086,0.21080828153690087,1.0510320071365034,-0.8885698966335382,0.1767942684894202,1.022374916388478,0.3703891916163011,-0.1510794362898667,1.8908216185968192,0.09019908442491001,0.08329097552858834,-1.6216823712469601
0.0,-0.6967081030443776,0.0796968234260547,-1.1187481977524418,-0.7047289165534094,0.4770209666376692,-1.4535380050216336,-0.8971698565196237,-0.08157989372185065,0.6623679986607045,-0.5155654197959887,-0.6574959918959463,1.125924122804416
0.0,-0.15426263880923075,-0.18252609279563764,0.08668524940808357,-0.7047289165534094,1.4777766271318318,1.1562080472755112,0.8822880379788861,-0.1510794362898667,-1.2164434200651122,-0.010761666278573195,-0.9044249810374589,-1.6216823712469601
0.0,1.2018510217786353,-1.231417757682406,2.377008799013082,-0.09192564961964625,-2.525246014844818,-0.9182054814735013,-1.2871880251768313,-0.3248282927098104,-0.34929968834550307,-0.8184476719064376,1.0710069320946372,-1.6216823712469601
0.0,-0.5610967369855903,-0.05141463468479146,1.2921186965686087,1.276668313199091,-0.924036958054158,1.9592068325977094,2.2717277638201883,1.238911415069837,-0.7828715542053076,-1.0203691733134042,-1.3982829593204826,1.125924122804416
0.0,-1.2391535672795233,0.3419197396477463,0.08668524940808357,0.21447598384723526,-0.5237346938564934,1.5577074399366102,1.6623243752933015,0.38754201861203585,0.517844043374103,-0.717486921202955,-0.8221153179902886,1.125924122804416
0.0,-0.8323194691031637,0.21080828153690087,1.2921186965686087,1.358375415456926,-0.32358356175766073,1.9592068325977094,2.344856170443415,1.2562863007118314,-0.7828715542053076,-1.0203691733134042,-1.3982829593204826,1.125924122804416
0.0,-0.967930835161951,0.0796968234260547,1.4126620412846613,0.07148855489602385,-0.12343242965882807,1.75845713626716,2.2717277638201883,0.4222917898960246,-0.49382364363210457,-0.8184476719064376,-1.3982829593204826,1.125924122804416
0.0,-0.5610967369855903,2.1774801531995913,-0.033858095307969065,-1.011130550020291,0.5770965326870855,-1.654287701352183,-1.7015823293751144,-0.6375762342657476,-0.7828715542053076,-0.717486921202955,0.6594586168587838,1.125924122804416
0.0,-0.8323194691031637,1.1285884883128225,-0.395488129456127,0.1940492082827764,0.1767942684894202,1.4238743090495773,2.612993661395245,0.6134155319580012,1.2404638198071105,0.6959635886458092,-0.49287666580160566,0.21005529145395715
0.0,1.2018510217786353,-0.3136375509064838,-0.395488129456127,1.8281912534394782,0.1767942684894202,0.2862926965097962,1.394186884341471,1.5169095853417855,-0.9273955094919092,-0.1117224169820564,-0.8221153179902886,-1.6216823712469601
0.0,-0.8323194691031637,0.9974770302019772,-0.516031474172179,0.23490275941169395,-0.8239613920047416,0.35320926195331276,1.4673152909646976,0.35279224732804715,-0.34929968834550307,1.2007673421632241,-0.7398056549431182,1.125924122804416
0.0,-0.6967081030443776,0.0796968234260547,1.6537487307167666,1.1030407209011917,-0.5237346938564934,1.75845713626716,1.8329573240808297,1.1346621012178708,0.4455820657308038,0.4940420872388428,-0.9044249810374589,0.21005529145395715
0.0,-1.9172103975734562,1.980812966033322,-1.600921576616652,-0.9702769988913732,-0.32358356175766073,-0.5167060888124021,-1.1896834830125294,-0.4117027209197822,2.5411794173865245,-0.717486921202955,-0.49287666580160566,-1.6216823712469601
0.0,0.1169600933083427,2.8330374437538213,0.44831528355624084,-0.5821682631666567,-1.224263656202407,-0.249039827038336,-0.044005112581981976,-1.1935725748096444,-0.34929968834550307,-1.0203691733134042,1.3179359212361481,-1.6216823712469601
0.0,-0.42548537092680416,-1.10030629957156,0.08668524940808357,0.3370366372339878,0.8773232308353338,-1.252788308691084,-0.14150965474628388,0.9261634735139385,0.6623679986607045,-0.41460466909250543,-1.5629022854148247,-1.6216823712469601
0.0,-0.15426263880923075,-1.4936406739040982,-0.395488129456127,-0.2757666296997752,1.5778521931812481,-0.4497895233688856,-0.7752891788142463,0.26591781911807527,2.3966554620999228,-0.41460466909250543,-0.3282573397072649,-1.6216823712469601
0.0,2.2867419502489277,-1.362529215793252,0.3277719388401882,-0.9702769988913732,-0.32358356175766073,-0.7174557851429517,0.24850851391092374,-0.11632966500583938,-1.6500152859249169,-1.2222906747203706,-0.49287666580160566,1.125924122804416
0.0,0.6594055575434884,-0.18252609279563764,0.8099453177043987,0.010208228202647584,-0.8239613920047416,-1.7881208322392161,-1.2871880251768313,0.12691873398208176,-0.06025177777229999,-0.21268316768553905,0.7417682799059542,1.125924122804416
0.0,1.066239655719848,1.0630327592573996,-0.7571181636042842,-0.9089966721979972,0.07671870244000388,-1.3197048741346005,-0.06838124812305746,-0.08157989372185065,-0.7828715542053076,-1.0203691733134042,-0.9044249810374589,1.125924122804416
0.0,1.066239655719848,-0.5758604671281757,0.20722859412413622,0.6842918218297867,-0.7238858259553254,-0.5836226542559186,0.15100397174662183,0.9261634735139385,-0.7828715542053076,0.09019908442491001,-0.6574959918959463,0.21005529145395715
0.0,-0.42548537092680416,-1.231417757682406,0.08668524940808357,-1.011130550020291,-1.4244147883012392,-1.386621439578117,-0.9215459920606991,-0.3595780639937991,0.3010581104442022,0.6959635886458092,-0.41056700275443525,0.21005529145395715
0.0,1.879907852072567,-0.4447490090173296,0.5688586282722935,-1.0315573255847497,-0.023356863609411745,0.2862926965097962,-0.48277555232134056,-0.3595780639937991,-1.4332293529950129,-1.2222906747203706,-0.49287666580160566,1.125924122804416
0.0,1.066239655719848,-0.5758604671281757,0.20722859412413622,0.6842918218297867,-0.7238858259553254,-0.5836226542559186,0.15100397174662183,0.9261634735139385,-0.7828715542053076,0.09019908442491001,-0.6574959918959463,0.21005529145395715
0.0,1.066239655719848,1.0630327592573996,-0.7571181636042842,-0.9089966721979972,0.07671870244000388,-1.3197048741346005,-0.06838124812305746,-0.08157989372185065,-0.7828715542053076,-1.0203691733134042,-0.9044249810374589,1.125924122804416
0.0,0.9306282896610618,0.7352541139802848,-0.7571181636042842,-0.9294234477624558,-0.023356863609411745,-1.4535380050216336,-0.09275738366413293,-0.012080351153873174,-0.8551335318486101,-1.0203691733134042,-0.9044249810374589,1.125924122804416
0.0,-0.28987400486801806,-0.4447490090173296,-0.033858095307969065,-1.1132644278425847,-0.12343242965882807,-0.6505392196994352,-1.4090687028822086,-0.42907760656177657,1.4572497527370145,0.595002837942326,-0.3282573397072649,-1.6216823712469601
0.0,-0.28987400486801806,-0.8380833833498678,-0.033858095307969065,-1.072410876713667,-0.32358356175766073,-0.6505392196994352,-1.433444838423284,-0.42907760656177657,1.4572497527370145,0.595002837942326,-0.3282573397072649,-1.6216823712469601
0.0,0.6594055575434884,-0.3136375509064838,0.20722859412413622,1.8486180290039365,0.7772476647859181,0.2193761310662797,0.9066641735199616,1.5516593566257741,-1.144181442421813,-0.6165261704994719,-1.3159732962733122,0.21005529145395715
0.0,0.6594055575434884,-0.3136375509064838,0.20722859412413622,1.8486180290039365,0.7772476647859181,0.2193761310662797,0.9066641735199616,1.5516593566257741,-1.144181442421813,-0.6165261704994719,-1.3159732962733122,0.21005529145395715
0.0,1.6086851199549947,2.046368695088745,0.44831528355624084,-0.2757666296997752,-0.5237346938564934,-0.048290130707786406,-0.8727937209785482,-0.6375762342657476,-0.4215616659888054,0.8978850900527745,1.40024558428332,-1.6216823712469601
0.0,0.6594055575434884,-0.3136375509064838,0.20722859412413622,1.8486180290039365,0.7772476647859181,0.2193761310662797,0.9066641735199616,1.5516593566257741,-1.144181442421813,-0.6165261704994719,-1.3159732962733122,0.21005529145395715
0.0,-0.967930835161951,-0.9691948414607139,-0.8776615083203368,-0.4800343853443629,-1.9247926185483206,-0.7843723505864683,-0.604656230026718,-0.5333269204137814,1.312725797450413,0.2921205858318764,0.8240779429531245,0.21005529145395715
0.0,-1.2391535672795233,-0.05141463468479146,-1.3598348871845471,1.2562415376346323,-0.8239613920047416,0.08554300017924665,0.3703891916163011,1.1694118725018596,0.6623679986607045,-0.5155654197959887,-0.9044249810374589,0.21005529145395715
0.0,2.0155192181313555,-0.4447490090173296,1.2921186965686087,-0.6434485898600331,-0.7238858259553254,-1.386621439578117,-0.8727937209785482,-0.3595780639937991,-0.2770377107022039,-1.2222906747203706,0.7417682799059542,1.125924122804416
0.0,-0.42548537092680416,0.9974770302019772,-0.516031474172179,-0.9294234477624558,-0.12343242965882807,0.5539589582838623,1.2479300710950183,-0.3595780639937991,-0.4215616659888054,-1.1213299240168872,-0.8221153179902886,0.21005529145395715
0.0,-0.018651272750444616,-0.5758604671281757,0.3277719388401882,2.2775803158575707,-0.32358356175766073,0.2193761310662797,0.3947653271573766,1.9339068407496889,0.3733200880875046,-0.6165261704994719,-1.3159732962733122,0.21005529145395715
0.0,-0.42548537092680416,-2.41142088068002,0.08668524940808357,-0.9089966721979972,-1.4244147883012392,-0.7843723505864683,-1.067802805307152,-0.9850739471056735,1.0959398645205092,2.210374849198055,1.1533165951418074,-1.6216823712469601
0.0,-1.1035422012207372,0.0796968234260547,-1.600921576616652,-0.9498502233269145,-2.225019316696569,-0.7174557851429517,-0.6534085011088689,-1.4020712025135769,0.9514159092339075,-0.1117224169820564,1.647174573424831,-1.6216823712469601
0.0,-0.42548537092680416,-2.41142088068002,0.08668524940808357,-0.9089966721979972,-1.4244147883012392,-0.7843723505864683,-1.067802805307152,-0.9850739471056735,1.0959398645205092,2.210374849198055,1.1533165951418074,-1.6216823712469601
0.0,1.066239655719848,0.4730311977585925,-0.8776615083203368,-0.41875405865098664,1.1775499289835827,-0.8512889160299848,-0.6290323655677934,0.6134155319580012,-0.49382364363210457,0.09019908442491001,-1.1513539701789715,1.125924122804416
0.0,-0.28987400486801806,-1.7558635901257902,-0.27494478474007433,-0.29619340526423393,1.5778521931812481,0.8216252200579285,-0.14150965474628388,0.26591781911807527,2.3243934844566203,-0.3136439183890222,-0.2459476766600931,0.21005529145395715
0.0,-0.42548537092680416,-1.624752132014944,0.08668524940808357,0.25532953497615263,0.7772476647859181,1.2231246127190276,1.2723062066360937,0.9609132447979272,0.4455820657308038,0.09019908442491001,-1.6452119484619951,1.125924122804416
0.0,1.2018510217786353,0.21080828153690087,0.08668524940808357,0.07148855489602385,-0.5237346938564934,-0.18212326159481948,0.4435175982395276,0.43966667553801897,1.4572497527370145,1.4026888435701905,0.08329097552858834,-1.6216823712469601
0.0,1.2018510217786353,0.21080828153690087,0.08668524940808357,0.07148855489602385,-0.5237346938564934,-0.18212326159481948,0.4435175982395276,0.43966667553801897,1.4572497527370145,1.4026888435701905,0.08329097552858834,-1.6216823712469601
0.0,-2.324044495749817,1.6530343207562073,-1.3598348871845471,-0.9498502233269145,-1.5244903543506556,-1.3197048741346005,-1.579701651669737,-1.5410702876495703,2.2521315068133214,-0.3136439183890222,1.5648649103776606,0.21005529145395715
0.0,-1.5103762993970966,1.259699946423669,0.20722859412413622,-0.43918083421544535,-1.624565920400072,-0.9182054814735013,-1.4578209739643597,-1.0893232609576398,1.601773708023616,-0.3136439183890222,1.0710069320946372,0.21005529145395715
0.0,0.1169600933083427,-0.9691948414607139,0.08668524940808357,-0.9702769988913732,0.07671870244000388,1.892290267154193,0.2972607849930747,-0.46382737784576533,1.8185596409535167,0.3930813365353596,0.16560063857576018,1.125924122804416
0.0,-1.1035422012207372,1.9152572369778988,-1.3598348871845471,-0.9089966721979972,0.7772476647859181,-0.3828729579253691,-0.3608948746159632,-0.3595780639937991,1.6740356856669152,0.3930813365353596,-0.08132835056575237,0.21005529145395715
0.0,0.7950169236022757,0.21080828153690087,-0.27494478474007433,-0.21448630300639895,1.1775499289835827,0.6208755237273789,0.5897744114859804,0.09216896269809303,-0.49382364363210457,-0.010761666278573195,-0.2459476766600931,0.21005529145395715
0.0,0.7950169236022757,0.4730311977585925,-0.27494478474007433,-0.23491307857085766,1.0774743629341665,0.6877920891708954,0.6385266825681314,0.09216896269809303,-0.49382364363210457,-0.3136439183890222,-0.2459476766600931,0.21005529145395715
0.0,0.1169600933083427,-0.9691948414607139,0.08668524940808357,-0.9702769988913732,0.07671870244000388,1.892290267154193,0.2972607849930747,-0.46382737784576533,1.8185596409535167,0.3930813365353596,0.16560063857576018,1.125924122804416
0.0,1.2018510217786353,0.21080828153690087,0.8099453177043987,0.5208776173141167,-0.6238102599059097,-1.7881208322392161,-0.48277555232134056,-0.11632966500583938,-0.9273955094919092,-1.0203691733134042,1.1533165951418074,-1.6216823712469601
0.0,2.422353316307714,-1.362529215793252,0.6894019729883462,-0.6025950387311155,-0.2235079957082444,0.4201258273968293,0.15100397174662183,-0.22057897885784417,-1.722277263568216,-0.9194084226099208,-0.3282573397072649,0.21005529145395715
0.0,1.879907852072567,-0.05141463468479146,1.4126620412846613,-1.0315573255847497,0.3769454005882529,-1.8550373976827328,-1.6528300582929634,0.19641827655005925,-0.34929968834550307,1.4026888435701905,-0.3282573397072649,-0.7058135398965015
0.0,-0.42548537092680416,-0.18252609279563764,-0.6365748188882316,1.807764477875019,0.6771720987365019,2.6952890524763915,1.954838001786207,1.1694118725018596,0.012010199870999176,-0.9194084226099208,-0.575186328848776,1.125924122804416
0.0,0.2525714593671288,-0.3136375509064838,-1.7214649213327047,-1.0315573255847497,0.3769454005882529,-1.7212042667956997,-1.8234630070804918,0.057419191414104294,1.384987775093712,-0.1117224169820564,-0.41056700275443525,-0.7058135398965015
0.0,2.422353316307714,-1.10030629957156,0.44831528355624084,-0.9294234477624558,-0.2235079957082444,-0.7174557851429517,1.2235539355539429,0.6134155319580012,0.4455820657308038,0.6959635886458092,-0.9044249810374589,0.21005529145395715
0.0,1.3374623878374214,0.0796968234260547,0.20722859412413622,-0.9702769988913732,0.3769454005882529,-0.5167060888124021,0.4191414626984521,-0.39432783527778786,-0.9996574871352115,-0.3136439183890222,-0.08132835056575237,0.21005529145395715
0.0,-1.1035422012207372,-0.05141463468479146,0.20722859412413622,-1.0315573255847497,0.3769454005882529,-1.9219539631262492,-2.6278754799359825,-0.4985771491297926,0.7346299763040068,1.5036495942736736,-0.16363801361292274,1.125924122804416
0.0,-0.967930835161951,-0.3136375509064838,-0.6365748188882316,0.7047185973942457,1.9781544573789127,-0.11520669615130294,0.3703891916163011,0.9609132447979272,0.8791539315906084,-0.1117224169820564,-0.9044249810374589,0.21005529145395715
0.0,1.6086851199549947,-0.3136375509064838,-0.27494478474007433,2.2673669280753415,1.3777010610824154,0.5539589582838623,1.1504255289307164,2.0381561546016935,-0.9996574871352115,0.1911598351283932,-1.1513539701789715,0.21005529145395715
0.0,1.6086851199549947,-0.9691948414607139,0.44831528355624084,-0.9294234477624558,0.7772476647859181,-1.252788308691084,-1.2871880251768313,-0.08157989372185065,-0.2770377107022039,-0.3136439183890222,-0.6574959918959463,-1.6216823712469601
0.0,-0.5610967369855903,0.21080828153690087,1.0510320071365034,0.09191533046048254,0.2768698345388365,1.75845713626716,1.9304618662451316,0.4744164468220077,-0.7106095765620085,-0.21268316768553905,-0.9867346440846293,1.125924122804416
0.0,-0.5610967369855903,0.21080828153690087,1.2921186965686087,0.1531956571538588,0.2768698345388365,1.6915405708236433,2.052342543950509,0.4744164468220077,-0.7106095765620085,-0.3136439183890222,-0.9867346440846293,0.21005529145395715
0.0,0.1169600933083427,-0.3136375509064838,0.8099453177043987,-1.0315573255847497,2.078230023428329,-1.118955177804051,-0.0196289770409065,-0.3595780639937991,0.8791539315906084,-0.010761666278573195,-0.16363801361292274,-1.6216823712469601
0.0,-1.3747649333383105,1.259699946423669,-0.7571181636042842,-0.6230218142955743,-0.42365912780707704,0.35320926195331276,0.3947653271573766,-0.9503241758216847,1.0959398645205092,0.6959635886458092,0.5771489538116135,0.21005529145395715
0.0,-0.28987400486801806,-1.10030629957156,-0.516031474172179,-0.6230218142955743,0.1767942684894202,-1.118955177804051,-1.116555076389303,-0.29007852142582163,1.6740356856669152,1.604610344977157,0.16560063857576018,0.21005529145395715
0.0,-1.3747649333383105,1.259699946423669,-0.7571181636042842,-0.6230218142955743,-0.42365912780707704,0.35320926195331276,0.3947653271573766,-0.9503241758216847,1.0959398645205092,0.6959635886458092,0.5771489538116135,0.21005529145395715
0.0,-0.28987400486801806,-0.5758604671281757,0.5688586282722935,-1.0519841011492084,1.6779277592306636,0.6877920891708954,1.5160675620468484,-0.29007852142582163,1.312725797450413,0.6959635886458092,-0.2459476766600931,-1.6216823712469601
0.0,2.0155192181313555,-1.4936406739040982,0.8099453177043987,-1.0315573255847497,1.277625495032999,-0.18212326159481948,0.22413237836984828,-0.29007852142582163,-0.7828715542053076,-0.9194084226099208,-0.08132835056575237,0.21005529145395715
0.0,1.066239655719848,-1.362529215793252,1.4126620412846613,-1.011130550020291,0.07671870244000388,-0.6505392196994352,-0.6777846366499444,-0.22057897885784417,-0.566085621275407,2.715178602715471,-0.2459476766600931,0.21005529145395715
0.0,1.2018510217786353,-1.362529215793252,1.0510320071365034,-0.9498502233269145,0.5770965326870855,1.6915405708236433,0.8822880379788861,-0.22057897885784417,0.3733200880875046,1.8065318463841233,0.4948392907644416,-1.6216823712469601
0.0,2.0155192181313555,-1.362529215793252,1.894835420148871,-0.9498502233269145,1.4777766271318318,-0.249039827038336,-0.9459221276017746,0.1616685052660705,-0.2770377107022039,-0.717486921202955,-0.2459476766600931,0.21005529145395715
0.0,-0.8323194691031637,-0.18252609279563764,1.7742920754328186,1.0724005575545033,0.5770965326870855,1.8253737017106764,1.7842050529986788,1.0304127873659046,0.012010199870999176,0.1911598351283932,-0.9044249810374589,1.125924122804416
0.0,1.066239655719848,1.6530343207562073,-1.2392915424684945,-0.7251556921178681,-0.6238102599059097,-1.0520386123605343,-0.5802800944856424,-0.42907760656177657,-1.144181442421813,-1.9290159296447522,-0.3282573397072649,1.125924122804416
0.0,1.066239655719848,-1.362529215793252,1.4126620412846613,-1.011130550020291,0.07671870244000388,-0.6505392196994352,-0.6777846366499444,-0.22057897885784417,-0.566085621275407,2.715178602715471,-0.2459476766600931,0.21005529145395715
0.0,0.3881828254259149,-1.10030629957156,1.171575351852556,-1.011130550020291,0.2768698345388365,0.8216252200579285,0.49226986932167854,-0.7765753194017025,-1.722277263568216,-1.727094428237786,-0.08132835056575237,0.21005529145395715
0.0,2.0155192181313555,-1.624752132014944,-0.7571181636042842,-0.9907037744558321,0.6771720987365019,1.4238743090495773,1.2723062066360937,0.26591781911807527,0.15653415515760072,1.4026888435701905,-0.9044249810374589,0.21005529145395715
0.0,2.422353316307714,-0.8380833833498678,1.171575351852556,-0.9907037744558321,-0.12343242965882807,0.01862643473573012,-0.28776646799273675,-0.46382737784576533,-0.566085621275407,0.09019908442491001,0.6594586168587838,-1.6216823712469601
0.0,2.422353316307714,-0.8380833833498678,1.171575351852556,-0.9907037744558321,-0.12343242965882807,0.01862643473573012,-0.28776646799273675,-0.46382737784576533,-0.566085621275407,0.09019908442491001,0.6594586168587838,-1.6216823712469601
0.0,-0.018651272750444616,-0.9691948414607139,-0.033858095307969065,0.14298226937162947,-2.3250948827459856,1.2900411781625443,1.2479300710950183,-0.11632966500583938,0.4455820657308038,-1.1213299240168872,0.41252962771727125,-1.6216823712469601
0.0,1.066239655719848,-0.9691948414607139,0.6894019729883462,0.8681328019099157,1.77800332528008,0.888541785501445,0.9066641735199616,0.8219141596619336,-0.4215616659888054,-1.0203691733134042,-0.08132835056575237,0.21005529145395715
0.0,-0.8323194691031637,-1.4936406739040982,1.6537487307167666,-0.9702769988913732,-0.32358356175766073,0.2193761310662797,-0.3365187390748877,-0.29007852142582163,1.384987775093712,0.2921205858318764,-0.7398056549431182,0.21005529145395715
0.0,-0.28987400486801806,-1.624752132014944,1.4126620412846613,-0.9702769988913732,-0.023356863609411745,0.8216252200579285,0.07787556512339541,-0.29007852142582163,0.9514159092339075,0.2921205858318764,-0.3282573397072649,0.21005529145395715
0.0,0.2525714593671288,-0.3136375509064838,0.3277719388401882,-0.9907037744558321,0.9773987968847501,1.0892914818319945,-0.2146380613695103,0.09216896269809303,1.601773708023616,1.0998065914597408,-0.16363801361292274,-1.6216823712469601
0.0,0.3881828254259149,-0.8380833833498678,1.0510320071365034,-0.8681431210690794,1.1775499289835827,-0.7174557851429517,0.7116550891913578,0.33541736168605274,2.1076075515267196,1.4026888435701905,-0.08132835056575237,0.21005529145395715
0.0,-0.8323194691031637,0.9974770302019772,-0.395488129456127,0.25532953497615263,0.4770209666376692,0.6877920891708954,2.320480034902339,0.5786657606740124,1.1682018421638114,1.4026888435701905,-0.49287666580160566,0.21005529145395715
0.0,0.3881828254259149,0.4730311977585925,0.44831528355624084,0.09191533046048254,1.277625495032999,0.6543338064491372,2.3692323059844904,1.1694118725018596,2.179869529170022,1.604610344977157,-0.3282573397072649,0.21005529145395715
0.0,0.3881828254259149,0.4730311977585925,0.44831528355624084,0.09191533046048254,1.277625495032999,0.6543338064491372,2.3692323059844904,1.1694118725018596,2.179869529170022,1.604610344977157,-0.3282573397072649,0.21005529145395715
0.0,2.6935760484252884,-1.231417757682406,0.6894019729883462,-0.9294234477624558,-0.2235079957082444,0.2862926965097962,0.27288464945199925,0.12691873398208176,-0.2047757330589015,1.9074925970876064,-0.3282573397072649,0.21005529145395715
0.0,0.3881828254259149,2.7019259856429754,-0.9982048530363895,-0.07149887405518755,0.1767942684894202,-1.5873711359086666,-1.4578209739643597,0.6134155319580012,0.15653415515760072,0.7969243393492924,-0.7398056549431182,1.125924122804416
0.0,0.3881828254259149,-1.4936406739040982,0.20722859412413622,-0.21448630300639895,-0.8239613920047416,-0.11520669615130294,-0.7996653143553217,0.5091662181059964,1.312725797450413,0.3930813365353596,-1.0690443071317997,-1.6216823712469601
0.0,0.9306282896610618,-1.231417757682406,0.20722859412413622,-1.011130550020291,-0.7238858259553254,-1.4535380050216336,-0.8484175854374727,-0.707075776833725,-0.9996574871352115,2.6142178520119876,0.3302199646701009,1.125924122804416
0.0,1.2018510217786353,0.1452525524814778,-0.27494478474007433,-1.092837652278126,-0.32358356175766073,-1.0520386123605343,-1.5065732450465106,-0.6375762342657476,-1.2887053977084146,0.7969243393492924,0.08329097552858834,1.125924122804416
0.0,0.9306282896610618,0.866365572091131,1.894835420148871,2.6759024393645165,0.5770965326870855,1.3569577436060607,2.5886175258541697,2.4899031812935473,-1.722277263568216,-0.8184476719064376,-1.4805926223676529,1.125924122804416
0.0,0.5237941914847023,-0.706971925239022,0.5688586282722935,-0.9702769988913732,0.6771720987365019,-0.7843723505864683,-1.0434266697660766,-0.4985771491297926,-0.2047757330589015,-0.010761666278573195,0.24791030162293054,-1.6216823712469601
0.0,0.6594055575434884,-1.4936406739040982,0.9304886624204514,-0.8885698966335382,0.7772476647859181,-0.7174557851429517,-1.0921789408482274,-0.22057897885784417,-0.34929968834550307,-0.3136439183890222,-0.08132835056575237,1.125924122804416
0.0,0.2525714593671288,0.6041426558694387,2.377008799013082,-0.9498502233269145,-1.3243392222518229,-1.9888705285697659,-1.8478391426215672,-0.707075776833725,-0.8551335318486101,-0.5155654197959887,-0.16363801361292274,1.125924122804416
0.0,2.0155192181313555,1.7841457788670534,0.6894019729883462,-1.072410876713667,-0.42365912780707704,-1.3197048741346005,-1.5065732450465106,-0.1510794362898667,-1.144181442421813,-0.5155654197959887,-1.1513539701789715,1.125924122804416
0.0,-0.967930835161951,1.390811404534515,0.44831528355624084,-0.3370469563931515,-0.7238858259553254,0.08554300017924665,-0.507151687862416,-0.9850739471056735,0.8791539315906084,1.4026888435701905,1.647174573424831,0.21005529145395715
0.0,0.6594055575434884,-0.3136375509064838,0.20722859412413622,0.23490275941169395,0.5770965326870855,-0.3828729579253691,0.3703891916163011,0.8219141596619336,-0.6383475989187061,0.595002837942326,-1.3159732962733122,1.125924122804416
0.0,1.066239655719848,0.3419197396477463,1.171575351852556,-1.0315573255847497,-0.7238858259553254,-1.118955177804051,-1.2384357540946804,-1.054573489673651,-1.4332293529950129,-0.9194084226099208,0.5771489538116135,1.125924122804416
0.0,0.2525714593671288,0.6041426558694387,2.377008799013082,-0.9498502233269145,-1.3243392222518229,-1.9888705285697659,-1.8478391426215672,-0.707075776833725,-0.8551335318486101,-0.5155654197959887,-0.16363801361292274,1.125924122804416
0.0,2.422353316307714,-0.05141463468479146,1.0510320071365034,-0.8477163455046207,0.6771720987365019,-0.3828729579253691,-0.6290323655677934,0.09216896269809303,-1.6500152859249169,-0.41460466909250543,-0.49287666580160566,1.125924122804416
0.0,0.9306282896610618,-0.706971925239022,0.20722859412413622,-1.0519841011492084,1.77800332528008,-0.5836226542559186,-0.6290323655677934,-0.2553287501418329,2.3243934844566203,-0.1117224169820564,0.08329097552858834,0.21005529145395715
0.0,0.9306282896610618,-0.706971925239022,0.20722859412413622,-1.0519841011492084,1.77800332528008,-0.5836226542559186,-0.6290323655677934,-0.2553287501418329,2.3243934844566203,-0.1117224169820564,0.08329097552858834,0.21005529145395715
0.0,1.6086851199549947,-0.05141463468479146,0.44831528355624084,-0.8885698966335382,1.1775499289835827,-0.31595639248185253,-0.38527101015703863,-0.6375762342657476,-0.7106095765620085,2.4122963506050215,0.8240779429531245,-1.6216823712469601
0.0,0.2525714593671288,-0.706971925239022,-0.516031474172179,0.23490275941169395,2.7787589857742434,0.6877920891708954,1.1748016644717918,0.9609132447979272,1.0959398645205092,0.6959635886458092,-0.9867346440846293,1.125924122804416
0.0,1.7442964860137808,-0.05141463468479146,0.5688586282722935,-0.9089966721979972,2.9789101178730744,0.888541785501445,0.5410221404038295,0.3701671329700415,1.312725797450413,2.210374849198055,0.24791030162293054,0.21005529145395715
0.0,2.0155192181313555,-0.5758604671281757,0.6894019729883462,1.7260573756171842,1.1775499289835827,-0.18212326159481948,-0.26339033245166127,2.211905011021637,0.22879613280090308,0.1911598351283932,-0.7398056549431182,1.125924122804416
0.0,-0.5610967369855903,0.4730311977585925,2.2564654542970293,-0.1736327518774814,0.5770965326870855,1.8253737017106764,0.8579119024378107,0.12691873398208176,-0.7828715542053076,-0.3136439183890222,-1.2336636332261417,0.21005529145395715
0.0,0.9306282896610618,-0.9691948414607139,0.20722859412413622,-0.7660092432467857,-0.5237346938564934,-0.11520669615130294,-0.28776646799273675,-0.5333269204137814,-0.6383475989187061,0.09019908442491001,0.41252962771727125,-1.6216823712469601
0.0,2.6935760484252884,0.866365572091131,1.4126620412846613,-5.159579581944951e-06,-1.8247170524989043,-1.7212042667956997,-1.2140596185536048,-0.7418255481177137,-1.6500152859249169,-0.8184476719064376,1.647174573424831,-1.6216823712469601
0.0,0.1169600933083427,-0.8380833833498678,0.44831528355624084,-0.9907037744558321,-1.1241880901529906,0.2193761310662797,0.24850851391092374,-0.2553287501418329,1.1682018421638114,0.7969243393492924,0.3302199646701009,0.21005529145395715
0.0,1.6086851199549947,1.390811404534515,-0.033858095307969065,-0.9702769988913732,-0.2235079957082444,-0.18212326159481948,0.7116550891913578,-0.6375762342657476,-1.3609673753517137,0.6959635886458092,0.5771489538116135,-1.6216823712469601
0.0,2.0155192181313555,-0.5758604671281757,0.6894019729883462,1.7260573756171842,1.1775499289835827,-0.18212326159481948,-0.26339033245166127,2.211905011021637,0.22879613280090308,0.1911598351283932,-0.7398056549431182,1.125924122804416
0.0,1.879907852072567,0.3419197396477463,0.08668524940808357,0.5617311684430342,-0.6238102599059097,-0.4497895233688856,-0.4583994167802651,0.5091662181059964,-1.6500152859249169,-0.8184476719064376,0.24791030162293054,-1.6216823712469601
0.0,1.2018510217786353,0.9974770302019772,-0.27494478474007433,0.3370366372339878,0.5770965326870855,-0.6505392196994352,1.3454346132593202,0.43966667553801897,-1.5777533082816144,-0.1117224169820564,0.24791030162293054,1.125924122804416
0.0,-0.5610967369855903,1.7841457788670534,-1.600921576616652,-0.6434485898600331,-0.924036958054158,-0.4497895233688856,-0.31214260353381224,-1.1935725748096444,0.22879613280090308,0.595002837942326,1.7294842364720013,-1.6216823712469601
0.0,0.9306282896610618,0.21080828153690087,0.08668524940808357,0.2757563105406115,0.5770965326870855,0.48704239284034584,1.0529209867664144,1.238911415069837,1.312725797450413,1.0998065914597408,-0.41056700275443525,0.21005529145395715
0.0,1.3374623878374214,-0.05141463468479146,1.4126620412846613,-1.0315573255847497,-0.5237346938564934,0.5539589582838623,-0.11713351920520841,0.19641827655005925,-0.06025177777229999,1.70557109568064,-0.49287666580160566,1.125924122804416
0.0,-0.42548537092680416,-0.05141463468479146,0.20722859412413622,2.0324590090840657,0.8773232308353338,1.4238743090495773,1.4673152909646976,2.281404553589615,2.179869529170022,-0.6165261704994719,-0.6574959918959463,1.125924122804416
0.0,-0.018651272750444616,-1.4936406739040982,0.08668524940808357,-0.3370469563931515,1.6779277592306636,-0.249039827038336,-0.4583994167802651,0.6134155319580012,1.7462976633102176,-0.9194084226099208,-1.3159732962733122,-1.6216823712469601
0.0,-0.6967081030443776,0.0796968234260547,-0.8776615083203368,-0.11235242518410513,-0.42365912780707704,1.1562080472755112,0.4435175982395276,0.4049169042540302,0.6623679986607045,-1.0203691733134042,-0.9867346440846293,0.21005529145395715
0.0,-0.6967081030443776,0.0796968234260547,-0.8776615083203368,-0.11235242518410513,-0.42365912780707704,1.1562080472755112,0.4435175982395276,0.4049169042540302,0.6623679986607045,-1.0203691733134042,-0.9867346440846293,0.21005529145395715
0.0,0.7950169236022757,-0.8380833833498678,0.5688586282722935,2.1652330502530477,0.5770965326870855,0.5539589582838623,1.2966823421771692,1.9686566120337161,-1.144181442421813,-0.6165261704994719,-1.1513539701789715,0.21005529145395715
0.0,-0.6967081030443776,-0.4447490090173296,-1.3598348871845471,-0.2553398541353165,-0.7238858259553254,-0.3828729579253691,0.12662783620554635,0.12691873398208176,1.2404638198071105,-1.5251729268308196,-0.41056700275443525,-1.6216823712469601
0.0,-2.1884331296910298,-0.3136375509064838,1.533205386000714,-0.5208879364732805,-1.5244903543506556,-0.9182054814735013,-0.2146380613695103,-0.6375762342657476,2.6134413950298234,0.09019908442491001,0.4948392907644416,-1.6216823712469601
0.0,0.2525714593671288,-0.3136375509064838,-0.033858095307969065,-1.0315573255847497,-0.5237346938564934,0.2862926965097962,-0.3365187390748877,-0.6375762342657476,-0.13251375541560237,-0.6165261704994719,0.4948392907644416,-1.6216823712469601
0.0,0.7950169236022757,-0.8380833833498678,0.5688586282722935,2.1652330502530477,0.5770965326870855,0.5539589582838623,1.2966823421771692,1.9686566120337161,-1.144181442421813,-0.6165261704994719,-1.1513539701789715,0.21005529145395715
0.0,0.2525714593671288,-1.231417757682406,0.08668524940808357,-0.4800343853443629,-0.8239613920047416,-1.1858717432475674,-0.23901419691058579,-0.1510794362898667,0.012010199870999176,-0.9194084226099208,0.000981312481417987,-1.6216823712469601
0.0,0.5237941914847023,-0.706971925239022,0.3277719388401882,1.6647770489238078,0.5770965326870855,0.01862643473573012,1.0041687156842636,1.5169095853417855,-0.9996574871352115,-0.1117224169820564,-1.3982829593204826,0.21005529145395715
0.0,0.3881828254259149,-0.706971925239022,0.9304886624204514,-1.0519841011492084,2.678683419724827,-0.7174557851429517,0.46789373378060306,-0.3595780639937991,1.6740356856669152,-0.5155654197959887,0.000981312481417987,0.21005529145395715
0.0,2.151130584190142,-1.231417757682406,-0.1544014400240217,0.07148855489602385,-0.42365912780707704,-0.3828729579253691,-0.11713351920520841,0.23116804783408657,-0.6383475989187061,-1.6261336775343027,0.000981312481417987,-1.6216823712469601
0.0,0.7950169236022757,-0.3136375509064838,-0.1544014400240217,0.4187437394918229,0.2768698345388365,1.1562080472755112,1.126049393389641,0.8566639309459224,-0.7106095765620085,-1.6261336775343027,-1.4805926223676529,1.125924122804416
0.0,-0.42548537092680416,0.21080828153690087,-0.7571181636042842,0.500450841749658,-0.2235079957082444,0.6208755237273789,0.053499429582319936,0.6134155319580012,0.9514159092339075,-1.1213299240168872,-0.3282573397072649,0.21005529145395715
0.0,-0.6967081030443776,-0.4447490090173296,-1.3598348871845471,-0.2553398541353165,-0.7238858259553254,-0.3828729579253691,0.12662783620554635,0.12691873398208176,1.2404638198071105,-1.5251729268308196,-0.41056700275443525,-1.6216823712469601
0.0,-0.42548537092680416,0.3419197396477463,-0.8776615083203368,0.8681328019099157,-0.32358356175766073,-0.18212326159481948,-0.4096471456981141,0.8219141596619336,0.8791539315906084,-1.4242121761273363,-0.41056700275443525,0.21005529145395715
0.0,-0.6967081030443776,0.0796968234260547,-0.8776615083203368,-0.11235242518410513,-0.42365912780707704,1.1562080472755112,0.4435175982395276,0.4049169042540302,0.6623679986607045,-1.0203691733134042,-0.9867346440846293,0.21005529145395715
0.0,-0.6967081030443776,-1.231417757682406,1.171575351852556,-0.7251556921178681,-1.4244147883012392,0.6877920891708954,-0.7265369077320953,-1.054573489673651,0.5901060210174053,-0.5155654197959887,0.9886972690474667,0.21005529145395715
0.0,-0.6967081030443776,-1.362529215793252,0.9304886624204514,-0.9702769988913732,-0.924036958054158,1.6246240053801269,0.27288464945199925,-0.8460748619697186,1.8185596409535167,0.4940420872388428,0.6594586168587838,1.125924122804416
0.0,1.4730737538962086,0.3419197396477463,0.8099453177043987,0.07148855489602385,-0.6238102599059097,-1.9219539631262492,-0.48277555232134056,-0.012080351153873174,-0.49382364363210457,-0.6165261704994719,0.08329097552858834,1.125924122804416
0.0,-1.7815990315146701,0.7352541139802848,1.533205386000714,-0.29619340526423393,-1.4244147883012392,-0.6505392196994352,1.3210584777182448,-0.5680766916977701,2.3243934844566203,0.09019908442491001,0.7417682799059542,-1.6216823712469601
0.0,-2.1884331296910298,-0.3136375509064838,1.533205386000714,-0.5208879364732805,-1.5244903543506556,-0.9182054814735013,-0.2146380613695103,-0.6375762342657476,2.6134413950298234,0.09019908442491001,0.4948392907644416,-1.6216823712469601
0.0,0.5237941914847023,1.390811404534515,-2.0830949554808624,-0.8885698966335382,-1.3243392222518229,-0.5167060888124021,-1.2140596185536048,-1.2283223460936332,0.8068919539473061,1.0998065914597408,1.647174573424831,-1.6216823712469601
0.0,-0.967930835161951,0.3419197396477463,-0.6365748188882316,-0.9498502233269145,-1.8247170524989043,-1.4535380050216336,-1.4821971095054352,-1.5758200589335591,0.15653415515760072,0.2921205858318764,1.647174573424831,-1.6216823712469601
0.0,0.5237941914847023,1.390811404534515,-2.0830949554808624,-0.8885698966335382,-1.3243392222518229,-0.5167060888124021,-1.2140596185536048,-1.2283223460936332,0.8068919539473061,1.0998065914597408,1.647174573424831,-1.6216823712469601
0.0,1.6086851199549947,-1.10030629957156,0.5688586282722935,-1.0315573255847497,-0.2235079957082444,-1.3197048741346005,-0.9946743986839256,-0.915574404537696,-0.9273955094919092,1.3017280928667072,1.2356262581889779,0.21005529145395715
0.0,-0.42548537092680416,-0.5758604671281757,0.20722859412413622,1.1541076598123385,1.0774743629341665,1.3569577436060607,0.979792580143188,1.5516593566257741,2.3966554620999228,-0.41460466909250543,-0.575186328848776,0.21005529145395715
0.0,0.7950169236022757,-1.10030629957156,0.9304886624204514,-0.9702769988913732,0.4770209666376692,-0.8512889160299848,-0.8484175854374727,-0.04683012243786191,0.6623679986607045,-0.41460466909250543,0.08329097552858834,1.125924122804416
0.0,0.2525714593671288,-1.4936406739040982,0.6894019729883462,-0.8477163455046207,0.4770209666376692,-0.11520669615130294,-0.9946743986839256,-0.3595780639937991,-0.4215616659888054,-0.9194084226099208,-0.16363801361292274,-1.6216823712469601
0.0,-1.2391535672795233,1.980812966033322,-2.3241816449129673,-1.011130550020291,-0.2235079957082444,-1.5873711359086666,-1.774710735998341,-0.5680766916977701,0.7346299763040068,0.3930813365353596,-0.08132835056575237,1.125924122804416
0.0,1.7442964860137808,2.4397030694212836,0.20722859412413622,0.3983169639273642,-0.5237346938564934,-0.11520669615130294,1.9304618662451316,1.308410957637853,0.8791539315906084,1.604610344977157,-0.7398056549431182,1.125924122804416
0.0,-1.3747649333383105,1.980812966033322,-2.3241816449129673,-1.011130550020291,-0.2235079957082444,-1.5873711359086666,-1.774710735998341,-0.5680766916977701,0.7346299763040068,0.3930813365353596,-0.08132835056575237,1.125924122804416
0.0,-0.15426263880923075,-2.083642235402906,-0.033858095307969065,1.2358147620701736,0.8773232308353338,-0.048290130707786406,-0.7509130432731708,1.4474100427738081,2.5411794173865245,-0.3136439183890222,-1.1513539701789715,0.21005529145395715
0.0,-1.1035422012207372,1.7841457788670534,-0.27494478474007433,-0.9702769988913732,0.4770209666376692,-0.31595639248185253,-0.48277555232134056,-0.2553287501418329,-0.13251375541560237,-0.010761666278573195,-0.41056700275443525,0.21005529145395715
0.0,-0.28987400486801806,-0.18252609279563764,0.8099453177043987,-1.0009171622380615,-0.2235079957082444,0.35320926195331276,-1.165307347471454,-0.9503241758216847,1.1682018421638114,-0.8184476719064376,0.6594586168587838,-1.6216823712469601
0.0,-0.42548537092680416,-1.9525307772920595,-0.395488129456127,-0.8987832844157676,-0.42365912780707704,2.561455921589358,0.7116550891913578,-1.6800693727855254,-0.49382364363210457,-2.3328589324586844,1.8941035625663436,-1.6216823712469601
0.0,-0.5610967369855903,-1.8214193191812134,-0.395488129456127,-0.10213903740187578,-0.023356863609411745,-0.7174557851429517,-0.9215459920606991,-0.6375762342657476,0.3010581104442022,-1.6261336775343027,1.1533165951418074,-1.6216823712469601
0.0,-1.5103762993970966,-2.1491979644583283,-0.6365748188882316,-1.0315573255847497,0.4770209666376692,-0.9182054814735013,-0.8971698565196237,-0.3595780639937991,0.5901060210174053,-0.21268316768553905,-0.9044249810374589,1.125924122804416
0.0,1.4730737538962086,-0.18252609279563764,-0.395488129456127,-0.21448630300639895,-1.1241880901529906,-0.11520669615130294,-0.48277555232134056,-0.707075776833725,-0.9273955094919092,-1.6261336775343027,0.9886972690474667,-1.6216823712469601
0.0,0.1169600933083427,-0.8380833833498678,-0.516031474172179,-1.0519841011492084,0.5770965326870855,0.08554300017924665,0.5410221404038295,-0.08157989372185065,0.012010199870999176,-0.5155654197959887,-1.2336636332261417,0.21005529145395715
0.0,0.1169600933083427,-0.4447490090173296,0.20722859412413622,-0.4800343853443629,0.4770209666376692,-0.7174557851429517,-0.2146380613695103,0.19641827655005925,0.08427217751430155,0.3930813365353596,-0.7398056549431182,0.21005529145395715
0.0,-0.018651272750444616,1.6530343207562073,-0.1544014400240217,1.6341368855771194,0.07671870244000388,-0.4497895233688856,0.614150547027056,1.7254082130457564,-0.13251375541560237,0.595002837942326,-1.2336636332261417,1.125924122804416
0.0,2.5579646823665,-0.5758604671281757,1.171575351852556,-0.827289569940162,1.0774743629341665,-0.5167060888124021,-0.555903958944567,0.057419191414104294,-1.4332293529950129,-0.5155654197959887,-0.49287666580160566,1.125924122804416
0.0,0.7950169236022757,1.9152572369778988,0.20722859412413622,-0.3370469563931515,-0.023356863609411745,-1.0520386123605343,-0.23901419691058579,0.5091662181059964,0.4455820657308038,-0.6165261704994719,-0.16363801361292274,1.125924122804416
0.0,-0.15426263880923075,-0.18252609279563764,0.20722859412413622,1.327735252110238,0.5770965326870855,-0.31595639248185253,0.5897744114859804,1.655908670477779,1.8185596409535167,-0.1117224169820564,-0.9044249810374589,0.21005529145395715
0.0,-1.1035422012207372,-0.05141463468479146,1.171575351852556,-0.23491307857085766,-1.5244903543506556,2.3607062252588085,1.0041687156842636,-0.8460748619697186,1.5295117303803136,-0.8184476719064376,1.40024558428332,-1.6216823712469601
0.0,-0.967930835161951,0.6041426558694387,0.5688586282722935,0.4187437394918229,-1.1241880901529906,2.3607062252588085,0.8091596313556597,-0.1510794362898667,1.6740356856669152,-0.8184476719064376,0.9063876060002949,-1.6216823712469601
0.0,0.5237941914847023,-0.3136375509064838,-0.27494478474007433,-0.9702769988913732,0.5770965326870855,-0.5167060888124021,-0.14150965474628388,-0.18582920757385543,0.4455820657308038,-0.3136439183890222,-0.08132835056575237,1.125924122804416
0.0,0.5237941914847023,-0.18252609279563764,-0.033858095307969065,-0.9907037744558321,0.4770209666376692,-0.5167060888124021,-0.11713351920520841,-0.18582920757385543,0.517844043374103,-0.41460466909250543,-0.08132835056575237,1.125924122804416
0.0,-0.018651272750444616,0.7352541139802848,-1.7214649213327047,0.23490275941169395,-0.12343242965882807,2.4276227907023253,2.10109481503266,0.7176648458099675,-0.34929968834550307,-0.717486921202955,-1.3982829593204826,1.125924122804416
0.0,0.2525714593671288,-1.231417757682406,0.5688586282722935,-0.13277920074856384,-1.724641486449488,-0.3828729579253691,-0.6290323655677934,-0.012080351153873174,0.08427217751430155,0.09019908442491001,0.16560063857576018,0.21005529145395715
0.0,-0.15426263880923075,-0.18252609279563764,-1.1187481977524418,0.17362243271831768,-0.42365912780707704,1.75845713626716,2.0279664084094335,0.4744164468220077,-0.34929968834550307,-1.3232514254238537,-0.9044249810374589,1.125924122804416
0.0,0.1169600933083427,0.7352541139802848,-1.842008266048757,0.25532953497615263,-0.023356863609411745,2.293789659815292,2.003590272868358,0.7176648458099675,-0.4215616659888054,-0.8184476719064376,-1.3982829593204826,1.125924122804416
0.0,-0.018651272750444616,0.7352541139802848,-1.7214649213327047,0.23490275941169395,-0.12343242965882807,2.4276227907023253,2.10109481503266,0.7176648458099675,-0.34929968834550307,-0.717486921202955,-1.3982829593204826,1.125924122804416
0.0,1.4730737538962086,-1.362529215793252,-0.27494478474007433,-0.3166201808286928,-0.5237346938564934,0.15245956562276317,0.8335357668967353,0.9956630160819159,2.0353455738834207,-0.41460466909250543,-1.3159732962733122,-0.7058135398965015
0.0,1.066239655719848,0.866365572091131,0.44831528355624084,-0.8681431210690794,-0.8239613920047416,-0.5836226542559186,0.8579119024378107,0.19641827655005925,1.6740356856669152,-0.010761666278573195,-0.08132835056575237,-0.7058135398965015
0.0,1.3374623878374214,0.4730311977585925,-0.395488129456127,2.144806274688589,1.1775499289835827,-0.7843723505864683,-0.044005112581981976,2.0729059258856823,-0.2047757330589015,-1.0203691733134042,-1.3159732962733122,0.21005529145395715
0.0,1.3374623878374214,0.4730311977585925,-0.395488129456127,2.144806274688589,1.1775499289835827,-0.7843723505864683,-0.044005112581981976,2.0729059258856823,-0.2047757330589015,-1.0203691733134042,-1.3159732962733122,0.21005529145395715
0.0,1.3374623878374214,0.4730311977585925,-0.395488129456127,2.144806274688589,1.1775499289835827,-0.7843723505864683,-0.044005112581981976,2.0729059258856823,-0.2047757330589015,-1.0203691733134042,-1.3159732962733122,0.21005529145395715
0.0,1.3374623878374214,0.4730311977585925,-0.395488129456127,2.144806274688589,1.1775499289835827,-0.7843723505864683,-0.044005112581981976,2.0729059258856823,-0.2047757330589015,-1.0203691733134042,-1.3159732962733122,0.21005529145395715
0.0,-0.28987400486801806,-0.18252609279563764,1.0510320071365034,0.21447598384723526,0.07671870244000388,-0.3828729579253691,0.34601305607522564,0.26591781911807527,-0.2770377107022039,1.2007673421632241,-0.3282573397072649,-1.6216823712469601
0.0,1.879907852072567,-0.4447490090173296,2.015378764864924,-1.1132644278425847,1.4777766271318318,-1.3197048741346005,-1.5553255161286617,-0.3595780639937991,-0.8551335318486101,-1.0203691733134042,-0.16363801361292274,0.21005529145395715
0.0,-1.1035422012207372,-0.3136375509064838,-0.033858095307969065,-0.010218547361811292,-1.224263656202407,-0.048290130707786406,-0.19026192582843485,0.26591781911807527,2.3966554620999228,-0.717486921202955,-0.16363801361292274,1.125924122804416
0.0,-0.967930835161951,2.4397030694212836,-0.6365748188882316,-1.1336912034070434,-0.32358356175766073,-1.4535380050216336,-1.3359402962589824,-0.39432783527778786,0.3010581104442022,-1.6261336775343027,-0.9044249810374589,1.125924122804416
0.0,0.7950169236022757,-0.4447490090173296,1.2921186965686087,-1.011130550020291,0.1767942684894202,-0.8512889160299848,-0.5802800944856424,-0.012080351153873174,0.22879613280090308,1.4026888435701905,0.000981312481417987,0.21005529145395715
0.0,0.5237941914847023,-0.8380833833498678,0.6894019729883462,-1.092837652278126,-0.5237346938564934,-0.9182054814735013,-1.530949380587586,-0.707075776833725,0.15653415515760072,-1.1213299240168872,0.3302199646701009,1.125924122804416
0.0,1.2018510217786353,-0.18252609279563764,1.2921186965686087,-0.37790050752206905,1.9781544573789127,-0.9851220469170178,-0.5315278234034915,0.9609132447979272,1.384987775093712,0.1911598351283932,-0.575186328848776,0.21005529145395715
0.0,1.066239655719848,-0.706971925239022,1.4126620412846613,-0.9089966721979972,-0.6238102599059097,-1.654287701352183,-0.4340232812391896,-0.8808246332537073,-1.2887053977084146,2.210374849198055,1.8117938995191731,0.21005529145395715
0.0,0.7950169236022757,-0.5758604671281757,0.08668524940808357,-0.8885698966335382,0.2768698345388365,-0.249039827038336,-0.8727937209785482,-0.2553287501418329,1.6740356856669152,0.6959635886458092,0.6594586168587838,1.125924122804416
0.0,0.5237941914847023,-0.05141463468479146,-0.7571181636042842,1.2970950887635497,-0.6238102599059097,0.9554583509449616,1.8817095951629808,1.655908670477779,1.601773708023616,0.1911598351283932,-0.49287666580160566,0.21005529145395715
0.0,-0.5610967369855903,-0.18252609279563764,1.0510320071365034,0.45959729062074034,-0.023356863609411745,1.4907908744930938,0.8822880379788861,0.9261634735139385,-1.3609673753517137,-0.41460466909250543,-1.2336636332261417,1.125924122804416
0.0,-0.6967081030443776,0.7352541139802848,0.3277719388401882,0.9702666797322095,-0.32358356175766073,-0.3828729579253691,1.491691426505773,1.586409127909763,1.2404638198071105,0.1911598351283932,-0.9867346440846293,-1.6216823712469601
0.0,-0.018651272750444616,-0.18252609279563764,-0.395488129456127,-0.8885698966335382,-0.023356863609411745,-1.0520386123605343,1.2723062066360937,0.4744164468220077,1.9630835962401183,0.595002837942326,-0.3282573397072649,0.21005529145395715
0.0,0.5237941914847023,-0.8380833833498678,-0.8776615083203368,-0.37790050752206905,0.1767942684894202,-0.249039827038336,-0.6777846366499444,0.3701671329700415,0.3010581104442022,-1.2222906747203706,-0.9867346440846293,1.125924122804416
0.0,0.9306282896610618,2.046368695088745,1.533205386000714,0.5617311684430342,-1.3243392222518229,-0.9851220469170178,-0.28776646799273675,0.7524146170939562,-0.49382364363210457,-1.2222906747203706,-0.41056700275443525,0.21005529145395715
0.0,0.7950169236022757,-0.5758604671281757,0.08668524940808357,-0.8885698966335382,0.2768698345388365,-0.249039827038336,-0.8727937209785482,-0.2553287501418329,1.6740356856669152,0.6959635886458092,0.6594586168587838,1.125924122804416
0.0,-0.5610967369855903,-0.05141463468479146,-0.27494478474007433,-0.8477163455046207,-1.724641486449488,-0.11520669615130294,-0.06838124812305746,-0.6375762342657476,0.15653415515760072,-0.1117224169820564,0.000981312481417987,0.21005529145395715
0.0,1.4730737538962086,2.57081452753213,-0.033858095307969065,-0.4596076097799042,-0.924036958054158,0.35320926195331276,0.029123294041244457,-0.915574404537696,-0.06025177777229999,-0.41460466909250543,1.8117938995191731,-1.6216823712469601
0.0,0.9306282896610618,0.7352541139802848,0.5688586282722935,-1.0519841011492084,0.5770965326870855,-0.8512889160299848,1.1504255289307164,-0.012080351153873174,-0.7106095765620085,-0.5155654197959887,-1.0690443071317997,1.125924122804416
0.0,-0.28987400486801806,-0.706971925239022,0.6894019729883462,-0.8477163455046207,-1.624565920400072,0.35320926195331276,-0.7996653143553217,-0.8460748619697186,0.4455820657308038,-0.8184476719064376,0.41252962771727125,-1.6216823712469601
0.0,0.3881828254259149,-0.706971925239022,-0.27494478474007433,-1.011130550020291,-0.5237346938564934,0.6877920891708954,0.15100397174662183,-0.22057897885784417,-0.4215616659888054,-1.5251729268308196,-0.575186328848776,0.21005529145395715
0.0,1.066239655719848,-0.05141463468479146,1.7742920754328186,-0.9702769988913732,2.5786078536754107,-1.9888705285697659,-1.9940959558680202,0.19641827655005925,-0.6383475989187061,-0.3136439183890222,-0.8221153179902886,1.125924122804416
0.0,1.066239655719848,-0.706971925239022,1.4126620412846613,-0.9089966721979972,-0.6238102599059097,-1.654287701352183,-0.4340232812391896,-0.8808246332537073,-1.2887053977084146,2.210374849198055,1.8117938995191731,0.21005529145395715
0.0,0.1169600933083427,-0.18252609279563764,-0.7571181636042842,-0.23491307857085766,-1.8247170524989043,0.08554300017924665,-0.044005112581981976,0.33541736168605274,-0.2047757330589015,2.4122963506050215,0.08329097552858834,-1.6216823712469601
0.0,0.6594055575434884,-0.5758604671281757,0.9304886624204514,1.7158439878349547,-0.023356863609411745,0.6543338064491372,-0.1780738580578971,2.0729059258856823,1.2404638198071105,-0.717486921202955,-1.2336636332261417,-1.6216823712469601
0.0,-0.8323194691031637,1.390811404534515,-1.2392915424684945,0.3983169639273642,-1.724641486449488,0.08554300017924665,1.9304618662451316,0.8914137022299111,1.0236778868772098,1.2007673421632241,-0.8221153179902886,0.21005529145395715
0.0,1.4730737538962086,-0.5758604671281757,1.533205386000714,1.6034967222304313,-0.42365912780707704,1.2231246127190276,0.10225170066447088,1.8644072981817115,-1.144181442421813,-0.21268316768553905,-1.1513539701789715,0.21005529145395715
0.0,0.1169600933083427,-0.18252609279563764,-0.7571181636042842,-0.23491307857085766,-1.8247170524989043,0.08554300017924665,-0.044005112581981976,0.33541736168605274,-0.2047757330589015,2.4122963506050215,0.08329097552858834,-1.6216823712469601
0.0,0.6594055575434884,-0.5758604671281757,0.9304886624204514,1.7158439878349547,-0.023356863609411745,0.6543338064491372,-0.1780738580578971,2.0729059258856823,1.2404638198071105,-0.717486921202955,-1.2336636332261417,-1.6216823712469601
0.0,0.7950169236022757,-0.18252609279563764,0.5688586282722935,0.11234210602494142,-2.225019316696569,-1.386621439578117,-1.067802805307152,0.02266942013011556,-1.3609673753517137,-0.010761666278573195,0.08329097552858834,-1.6216823712469601
0.0,-0.018651272750444616,-1.10030629957156,0.5688586282722935,-0.9907037744558321,-1.5244903543506556,0.15245956562276317,-1.067802805307152,-0.6375762342657476,0.8068919539473061,-0.3136439183890222,0.16560063857576018,0.21005529145395715
0.0,0.2525714593671288,-1.231417757682406,0.5688586282722935,-0.9907037744558321,-1.4244147883012392,-0.5836226542559186,-1.5065732450465106,-0.5680766916977701,0.8068919539473061,-0.21268316768553905,0.16560063857576018,-1.6216823712469601
0.0,-0.5610967369855903,0.4730311977585925,0.6894019729883462,0.2961830861050702,0.3769454005882529,0.01862643473573012,1.3454346132593202,0.5786657606740124,-0.6383475989187061,-1.1213299240168872,-1.3159732962733122,1.125924122804416
0.0,-2.4596558618086033,0.866365572091131,-1.9625516107648096,-0.9907037744558321,0.6771720987365019,-1.654287701352183,-0.9702982631428501,-0.7418255481177137,2.1076075515267196,-0.41460466909250543,0.08329097552858834,0.21005529145395715
0.0,-2.4596558618086033,0.866365572091131,-1.9625516107648096,-0.9907037744558321,0.6771720987365019,-1.654287701352183,-0.9702982631428501,-0.7418255481177137,2.1076075515267196,-0.41460466909250543,0.08329097552858834,0.21005529145395715
0.0,0.2525714593671288,-0.05141463468479146,1.6537487307167666,1.879258192350625,-0.5237346938564934,1.75845713626716,0.8335357668967353,1.655908670477779,-1.7945392412115184,-1.3232514254238537,-1.4805926223676529,0.21005529145395715
0.0,-0.5610967369855903,0.4730311977585925,0.6894019729883462,0.2961830861050702,0.3769454005882529,0.01862643473573012,1.3454346132593202,0.5786657606740124,-0.6383475989187061,-1.1213299240168872,-1.3159732962733122,1.125924122804416
0.0,-0.6967081030443776,-0.706971925239022,0.9304886624204514,-0.9498502233269145,-1.1241880901529906,0.888541785501445,-0.06838124812305746,-0.7418255481177137,1.6740356856669152,0.09019908442491001,0.7417682799059542,0.21005529145395715
0.0,1.6086851199549947,-0.4447490090173296,1.6537487307167666,-0.9907037744558321,-1.224263656202407,-0.31595639248185253,-0.28776646799273675,-1.0893232609576398,0.3010581104442022,-0.1117224169820564,1.5648649103776606,0.21005529145395715
0.0,0.6594055575434884,0.0796968234260547,0.8099453177043987,0.07148855489602385,2.178305589477745,-0.4497895233688856,1.2479300710950183,0.6829150745259787,0.7346299763040068,-1.8280551789412691,-0.7398056549431182,1.125924122804416
0.0,1.066239655719848,0.7352541139802848,0.44831528355624084,-0.9702769988913732,-0.2235079957082444,-0.18212326159481948,0.4435175982395276,-0.29007852142582163,0.3010581104442022,0.3930813365353596,0.5771489538116135,0.21005529145395715
0.0,-2.4596558618086033,0.866365572091131,-1.9625516107648096,-0.9907037744558321,0.6771720987365019,-1.654287701352183,-0.9702982631428501,-0.7418255481177137,2.1076075515267196,-0.41460466909250543,0.08329097552858834,0.21005529145395715
0.0,1.6086851199549947,0.21080828153690087,1.171575351852556,0.1531956571538588,0.2768698345388365,0.4201258273968293,0.7847834958145843,0.7176648458099675,-0.13251375541560237,-0.5155654197959887,0.000981312481417987,1.125924122804416
0.0,1.879907852072567,1.390811404534515,0.44831528355624084,-1.092837652278126,-0.8239613920047416,-1.1858717432475674,-1.067802805307152,-1.1240730322416284,-1.0719194647785106,-1.6261336775343027,0.9063876060002949,-1.6216823712469601
0.0,0.5237941914847023,-0.05141463468479146,1.4126620412846613,0.1531956571538588,-1.5244903543506556,-0.6505392196994352,-0.26339033245166127,-0.29007852142582163,-1.2164434200651122,-1.4242121761273363,0.41252962771727125,-1.6216823712469601
0.0,1.879907852072567,1.390811404534515,0.44831528355624084,-1.092837652278126,-0.8239613920047416,-1.1858717432475674,-1.067802805307152,-1.1240730322416284,-1.0719194647785106,-1.6261336775343027,0.9063876060002949,-1.6216823712469601
0.0,-0.5610967369855903,-0.4447490090173296,0.08668524940808357,-1.0621974889314378,0.1767942684894202,-1.2862465914128423,1.967026069556745,-0.6375762342657476,1.0236778868772098,-0.41460466909250543,0.3302199646701009,0.21005529145395715
0.0,-1.2391535672795233,1.7841457788670534,-0.033858095307969065,-0.07149887405518755,-0.8239613920047416,1.022374916388478,-0.23901419691058579,-0.6375762342657476,2.3243934844566203,0.9988458407562577,1.5648649103776606,-1.6216823712469601
0.0,1.066239655719848,0.21080828153690087,0.8099453177043987,-1.0519841011492084,-0.42365912780707704,-0.9182054814735013,-0.5315278234034915,0.057419191414104294,-0.2047757330589015,1.9074925970876064,-0.49287666580160566,0.21005529145395715
0.0,1.6086851199549947,0.21080828153690087,1.171575351852556,0.1531956571538588,0.2768698345388365,0.4201258273968293,0.7847834958145843,0.7176648458099675,-0.13251375541560237,-0.5155654197959887,0.000981312481417987,1.125924122804416
0.0,0.5237941914847023,-0.4447490090173296,0.8099453177043987,-0.827289569940162,-0.924036958054158,-0.3828729579253691,-0.8484175854374727,-1.054573489673651,0.517844043374103,0.595002837942326,1.40024558428332,-1.6216823712469601
0.0,-0.018651272750444616,0.7352541139802848,0.5688586282722935,-0.6025950387311155,-1.9247926185483206,-1.0520386123605343,-1.2140596185536048,-1.263072117377622,-0.34929968834550307,0.4940420872388428,1.7294842364720013,0.21005529145395715
0.0,0.5237941914847023,-0.4447490090173296,0.8099453177043987,-0.827289569940162,-0.924036958054158,-0.3828729579253691,-0.8484175854374727,-1.054573489673651,0.517844043374103,0.595002837942326,1.40024558428332,-1.6216823712469601
0.0,0.1169600933083427,-1.10030629957156,0.6894019729883462,0.03063500376710628,-0.32358356175766073,-0.9851220469170178,-0.6534085011088689,0.1616685052660705,-0.6383475989187061,-0.6165261704994719,-0.08132835056575237,1.125924122804416
0.0,2.0155192181313555,0.866365572091131,1.171575351852556,-1.0621974889314378,-0.924036958054158,-1.118955177804051,-0.9946743986839256,-0.9503241758216847,0.08427217751430155,-1.6261336775343027,1.4825552473304904,-0.7058135398965015
0.0,0.6594055575434884,0.3419197396477463,-0.27494478474007433,1.358375415456926,0.07671870244000388,0.754708654614412,2.466736848148792,1.655908670477779,-0.9273955094919092,-0.717486921202955,-1.5629022854148247,0.21005529145395715
0.0,1.4730737538962086,1.9152572369778988,0.5688586282722935,-0.37790050752206905,-1.224263656202407,0.35320926195331276,-0.555903958944567,-0.6375762342657476,-0.13251375541560237,0.595002837942326,1.4825552473304904,-1.6216823712469601
0.0,1.4730737538962086,2.308591611310437,0.5688586282722935,-0.10213903740187578,-0.924036958054158,-0.5167060888124021,-1.067802805307152,-0.6375762342657476,-0.2047757330589015,0.595002837942326,1.647174573424831,-1.6216823712469601
0.0,1.2018510217786353,1.6530343207562073,-0.27494478474007433,-0.23491307857085766,-0.5237346938564934,-0.3828729579253691,-0.14150965474628388,0.1616685052660705,1.384987775093712,-0.41460466909250543,0.3302199646701009,0.21005529145395715
0.0,1.2018510217786353,-0.05141463468479146,-0.1544014400240217,-1.0315573255847497,0.07671870244000388,0.8216252200579285,0.4435175982395276,-0.04683012243786191,1.6740356856669152,0.1911598351283932,-0.41056700275443525,0.21005529145395715
0.0,1.3374623878374214,0.7352541139802848,-0.1544014400240217,-0.9498502233269145,-0.6238102599059097,0.754708654614412,1.4185630198825467,-0.29007852142582163,-1.144181442421813,-0.010761666278573195,-0.08132835056575237,1.125924122804416
0.0,-0.018651272750444616,0.7352541139802848,0.5688586282722935,-0.6025950387311155,-1.9247926185483206,-1.0520386123605343,-1.2140596185536048,-1.263072117377622,-0.34929968834550307,0.4940420872388428,1.7294842364720013,0.21005529145395715
0.0,0.6594055575434884,-0.3136375509064838,0.8099453177043987,-0.561741487602198,-1.8247170524989043,0.01862643473573012,-0.507151687862416,-0.3595780639937991,-0.13251375541560237,0.2921205858318764,0.24791030162293054,1.125924122804416
0.0,0.3881828254259149,2.308591611310437,0.5688586282722935,-0.7455824676823268,-0.12343242965882807,0.01862643473573012,-0.2146380613695103,-1.4715707450815543,-0.8551335318486101,-0.5155654197959887,2.3879615408493673,-1.6216823712469601
0.0,1.4730737538962086,-1.624752132014944,-0.516031474172179,-0.9294234477624558,-0.12343242965882807,0.6208755237273789,1.0041687156842636,0.5439159893899852,1.8908216185968192,-0.5155654197959887,-1.1513539701789715,0.21005529145395715
0.0,0.7950169236022757,-1.10030629957156,1.171575351852556,-0.8681431210690794,-0.6238102599059097,-0.11520669615130294,1.2235539355539429,-0.012080351153873174,1.5295117303803136,-0.717486921202955,0.000981312481417987,-1.6216823712469601
0.0,1.7442964860137808,2.1774801531995913,1.171575351852556,0.05106177933156497,-0.924036958054158,0.08554300017924665,0.10225170066447088,-0.707075776833725,-1.5054913306383153,-0.9194084226099208,2.2233422147550264,-1.6216823712469601
0.0,0.3881828254259149,2.308591611310437,0.5688586282722935,-0.7455824676823268,-0.12343242965882807,0.01862643473573012,-0.2146380613695103,-1.4715707450815543,-0.8551335318486101,-0.5155654197959887,2.3879615408493673,-1.6216823712469601
0.0,-0.5610967369855903,-0.05141463468479146,-1.2392915424684945,-0.2553398541353165,-0.5237346938564934,-0.7843723505864683,-0.14150965474628388,0.19641827655005925,0.7346299763040068,-1.6261336775343027,-0.41056700275443525,1.125924122804416
0.0,1.6086851199549947,-0.8380833833498678,0.9304886624204514,-0.23491307857085766,1.277625495032999,0.4201258273968293,0.7360312247324333,0.5091662181059964,-0.06025177777229999,-0.8184476719064376,0.000981312481417987,-1.6216823712469601
0.0,0.5237941914847023,-0.706971925239022,0.20722859412413622,-1.072410876713667,0.3769454005882529,-0.6505392196994352,-1.3846925673411332,-0.6375762342657476,0.4455820657308038,-0.8184476719064376,0.5771489538116135,0.21005529145395715
0.0,0.5237941914847023,-1.10030629957156,-0.1544014400240217,-1.072410876713667,0.2768698345388365,-0.9851220469170178,-1.5553255161286617,-0.46382737784576533,0.9514159092339075,-0.8184476719064376,0.16560063857576018,-1.6216823712469601
0.0,-1.5103762993970966,-0.2480818218510607,0.08668524940808357,-1.072410876713667,0.6771720987365019,-0.4497895233688856,0.32163692053415016,-0.39432783527778786,-0.4215616659888054,-0.6165261704994719,-1.0690443071317997,1.125924122804416
0.0,-1.645987665455884,-0.2480818218510607,-0.033858095307969065,-1.072410876713667,0.4770209666376692,-0.7174557851429517,0.3703891916163011,-0.39432783527778786,-0.49382364363210457,-0.6165261704994719,-1.0690443071317997,0.21005529145395715
0.0,0.6594055575434884,-0.18252609279563764,1.0510320071365034,-0.9294234477624558,-0.5237346938564934,1.1562080472755112,0.6872789536502824,-0.9503241758216847,0.7346299763040068,-0.9194084226099208,1.3179359212361481,-1.6216823712469601
0.0,0.1169600933083427,0.3419197396477463,-1.9625516107648096,0.09191533046048254,-0.8239613920047416,2.026123398041226,1.8329573240808297,0.5786657606740124,-0.7828715542053076,-0.9194084226099208,-1.3159732962733122,0.21005529145395715
0.0,-0.8323194691031637,-0.706971925239022,0.6894019729883462,0.09191533046048254,-0.6238102599059097,1.9592068325977094,2.6373697969363206,0.43966667553801897,-0.9273955094919092,-1.2222906747203706,-1.0690443071317997,0.21005529145395715
0.0,-0.5610967369855903,-0.4447490090173296,-0.27494478474007433,0.1531956571538588,-0.5237346938564934,1.892290267154193,2.4179845770666413,0.4744164468220077,-0.9273955094919092,-1.4242121761273363,-1.1513539701789715,0.21005529145395715
0.0,0.5237941914847023,-1.624752132014944,0.3277719388401882,-1.0519841011492084,-0.6238102599059097,-1.3197048741346005,-1.5553255161286617,-0.012080351153873174,1.9630835962401183,-0.9194084226099208,-0.575186328848776,1.125924122804416
0.0,0.1169600933083427,0.6041426558694387,0.20722859412413622,0.21447598384723526,1.6779277592306636,0.08554300017924665,0.9066641735199616,0.8566639309459224,1.9630835962401183,1.4026888435701905,0.41252962771727125,-1.6216823712469601
0.0,0.9306282896610618,0.21080828153690087,0.20722859412413622,-0.43918083421544535,-1.4244147883012392,0.08554300017924665,-0.507151687862416,-0.9850739471056735,-1.4332293529950129,-0.717486921202955,1.40024558428332,-1.6216823712469601
0.0,1.6086851199549947,-0.5758604671281757,1.171575351852556,1.6852038244882661,0.1767942684894202,0.6877920891708954,0.6385266825681314,2.246654782305626,0.15653415515760072,2.1094140984945717,-1.6452119484619951,-1.6216823712469601
0.0,1.066239655719848,0.6041426558694387,-0.395488129456127,0.847706026345457,-0.2235079957082444,-0.9182054814735013,0.1997562428287728,0.9609132447979272,-1.0719194647785106,-1.3232514254238537,-0.9867346440846293,1.125924122804416
0.0,1.6086851199549947,-0.5758604671281757,1.171575351852556,1.6852038244882661,0.1767942684894202,0.6877920891708954,0.6385266825681314,2.246654782305626,0.15653415515760072,2.1094140984945717,-1.6452119484619951,-1.6216823712469601
0.0,-0.8323194691031637,-0.5758604671281757,-0.6365748188882316,-0.9907037744558321,2.178305589477745,-0.9851220469170178,-0.11713351920520841,-0.012080351153873174,0.22879613280090308,-0.21268316768553905,-1.1513539701789715,0.21005529145395715
0.0,1.6086851199549947,-0.5758604671281757,1.171575351852556,1.6852038244882661,0.1767942684894202,0.6877920891708954,0.6385266825681314,2.246654782305626,0.15653415515760072,2.1094140984945717,-1.6452119484619951,-1.6216823712469601
0.0,1.066239655719848,0.6041426558694387,-0.395488129456127,0.847706026345457,-0.2235079957082444,-0.9182054814735013,0.1997562428287728,0.9609132447979272,-1.0719194647785106,-1.3232514254238537,-0.9867346440846293,1.125924122804416
0.0,-0.28987400486801806,0.0796968234260547,-0.27494478474007433,-0.9089966721979972,-1.724641486449488,-1.386621439578117,0.3947653271573766,-0.3595780639937991,0.7346299763040068,1.4026888435701905,-0.08132835056575237,0.21005529145395715
0.0,1.2018510217786353,0.0796968234260547,0.20722859412413622,-0.9294234477624558,-1.4244147883012392,-0.5836226542559186,0.7604073602735087,-0.9503241758216847,-1.4332293529950129,-0.010761666278573195,1.2356262581889779,-1.6216823712469601
0.0,1.6086851199549947,2.4397030694212836,0.44831528355624084,0.500450841749658,-1.624565920400072,1.022374916388478,0.34601305607522564,-0.39432783527778786,-0.8551335318486101,-2.3328589324586844,1.7294842364720013,-1.6216823712469601
0.0,1.2018510217786353,0.0796968234260547,0.20722859412413622,-0.9294234477624558,-1.4244147883012392,-0.5836226542559186,0.7604073602735087,-0.9503241758216847,-1.4332293529950129,-0.010761666278573195,1.2356262581889779,-1.6216823712469601
0.0,-0.28987400486801806,-1.362529215793252,-0.395488129456127,-0.9294234477624558,0.7772476647859181,0.35320926195331276,0.24850851391092374,-0.915574404537696,-0.9273955094919092,-0.41460466909250543,0.6594586168587838,-1.6216823712469601
0.0,2.0155192181313555,-0.706971925239022,0.9304886624204514,-0.9702769988913732,-1.0241125241035742,0.01862643473573012,-0.6534085011088689,-1.0893232609576398,-1.2164434200651122,1.2007673421632241,1.8941035625663436,-1.6216823712469601
0.0,0.5237941914847023,0.7352541139802848,0.08668524940808357,-1.011130550020291,-1.3243392222518229,-0.3828729579253691,-0.6777846366499444,-1.263072117377622,-0.2770377107022039,0.2921205858318764,1.8117938995191731,-1.6216823712469601
0.0,-0.28987400486801806,-1.362529215793252,-0.27494478474007433,-0.9702769988913732,-0.8239613920047416,-1.3197048741346005,-1.433444838423284,-0.6375762342657476,1.384987775093712,-0.41460466909250543,0.4948392907644416,0.21005529145395715
0.0,2.151130584190142,-1.362529215793252,0.08668524940808357,-0.9907037744558321,-0.924036958054158,-1.252788308691084,-0.9459221276017746,0.057419191414104294,-0.34929968834550307,-0.6165261704994719,-0.7398056549431182,0.21005529145395715
0.0,0.9306282896610618,-0.4447490090173296,-0.033858095307969065,0.5821579440074929,-0.42365912780707704,1.2900411781625443,1.3210584777182448,0.9609132447979272,-1.0719194647785106,0.7969243393492924,-0.7398056549431182,0.21005529145395715
0.0,-0.8323194691031637,-1.231417757682406,-0.27494478474007433,-1.072410876713667,-0.5237346938564934,-1.386621439578117,-1.4090687028822086,-0.29007852142582163,2.2521315068133214,0.595002837942326,-0.2459476766600931,0.21005529145395715
0.0,0.9306282896610618,-0.4447490090173296,-0.033858095307969065,0.5821579440074929,-0.42365912780707704,1.2900411781625443,1.3210584777182448,0.9609132447979272,-1.0719194647785106,0.7969243393492924,-0.7398056549431182,0.21005529145395715
0.0,0.9306282896610618,1.5219228626453611,0.08668524940808357,-0.2757666296997752,0.2768698345388365,-0.31595639248185253,-0.14150965474628388,0.12691873398208176,0.9514159092339075,-0.41460466909250543,0.24791030162293054,0.21005529145395715
0.0,0.6594055575434884,2.046368695088745,0.6894019729883462,0.09191533046048254,0.2768698345388365,-0.3828729579253691,-0.3608948746159632,-0.46382737784576533,0.012010199870999176,-1.1213299240168872,1.647174573424831,-1.6216823712469601
0.0,0.6594055575434884,0.9974770302019772,0.8099453177043987,-0.23491307857085766,-0.2235079957082444,0.6877920891708954,0.6385266825681314,-0.46382737784576533,0.8068919539473061,-0.1117224169820564,1.4825552473304904,0.21005529145395715
0.0,1.3374623878374214,-0.4447490090173296,-0.516031474172179,-0.32683356861092216,-0.023356863609411745,0.6877920891708954,0.7116550891913578,-0.3595780639937991,-1.6500152859249169,-0.8184476719064376,0.7417682799059542,1.125924122804416
0.0,0.1169600933083427,-0.8380833833498678,0.9304886624204514,0.2757563105406115,-1.0241125241035742,1.0892914818319945,0.9554164446021126,0.02266942013011556,0.22879613280090308,-2.130937431051718,0.6594586168587838,1.125924122804416
0.0,0.7950169236022757,-0.9691948414607139,1.171575351852556,0.010208228202647584,2.478532287625994,0.2862926965097962,1.8329573240808297,0.6829150745259787,0.8068919539473061,-1.5251729268308196,-0.8221153179902886,0.21005529145395715
0.0,1.879907852072567,-0.8380833833498678,0.44831528355624084,0.35746341279844646,-0.7238858259553254,1.6915405708236433,0.6385266825681314,0.4744164468220077,-0.9996574871352115,-1.8280551789412691,-0.2459476766600931,0.21005529145395715
0.0,1.4730737538962086,-1.624752132014944,1.533205386000714,-0.9294234477624558,0.7772476647859181,-1.1858717432475674,-0.555903958944567,0.33541736168605274,1.0236778868772098,0.09019908442491001,0.08329097552858834,-1.6216823712469601
0.0,-0.018651272750444616,-0.3136375509064838,0.9304886624204514,-0.9294234477624558,0.4770209666376692,-0.048290130707786406,-0.7752891788142463,-1.3325716599455995,-0.4215616659888054,0.09019908442491001,1.8117938995191731,-1.6216823712469601
0.0,-0.6967081030443776,-0.4447490090173296,-1.2392915424684945,-0.5311013242555098,-0.32358356175766073,0.15245956562276317,-0.507151687862416,-0.39432783527778786,0.3010581104442022,0.1911598351283932,0.08329097552858834,0.21005529145395715
0.0,-0.5610967369855903,0.6041426558694387,0.9304886624204514,-0.030645322926269987,-0.2235079957082444,0.754708654614412,0.7847834958145843,0.5091662181059964,-0.2770377107022039,-0.21268316768553905,-1.0690443071317997,0.21005529145395715
0.0,1.7442964860137808,-0.8380833833498678,0.44831528355624084,0.6842918218297867,0.1767942684894202,1.892290267154193,0.614150547027056,1.099912329933882,-0.6383475989187061,-0.21268316768553905,-0.49287666580160566,0.21005529145395715
0.0,1.4730737538962086,-0.11697036374021454,-0.7571181636042842,-0.8885698966335382,-1.624565920400072,0.35320926195331276,1.2966823421771692,-0.22057897885784417,-1.0719194647785106,-0.9194084226099208,0.4948392907644416,0.21005529145395715
0.0,0.2525714593671288,-1.4936406739040982,0.20722859412413622,-1.011130550020291,-0.32358356175766073,-0.9182054814735013,0.979792580143188,-0.39432783527778786,0.9514159092339075,1.4026888435701905,0.16560063857576018,1.125924122804416
0.0,-0.5610967369855903,-1.4936406739040982,-0.1544014400240217,-1.072410876713667,0.1767942684894202,-0.6505392196994352,-0.9946743986839256,-0.22057897885784417,2.5411794173865245,0.2921205858318764,-0.2459476766600931,0.21005529145395715
0.0,-0.5610967369855903,-0.18252609279563764,2.4975521437291346,0.05106177933156497,-0.42365912780707704,1.6246240053801269,2.3692323059844904,0.5786657606740124,-1.144181442421813,-0.6165261704994719,-1.4805926223676529,1.125924122804416
0.0,1.066239655719848,-0.9691948414607139,1.171575351852556,-0.9907037744558321,0.1767942684894202,-1.9219539631262492,-0.555903958944567,-0.8460748619697186,-1.0719194647785106,2.6142178520119876,1.8117938995191731,0.21005529145395715
0.0,0.6594055575434884,2.1774801531995913,0.5688586282722935,-0.3574737319576104,-1.4244147883012392,-1.1858717432475674,-0.555903958944567,-0.9850739471056735,0.3010581104442022,-0.5155654197959887,2.1410325517078546,0.21005529145395715
0.0,-2.324044495749817,0.6041426558694387,-0.27494478474007433,-1.1132644278425847,-0.5237346938564934,-0.4497895233688856,0.3703891916163011,-0.6375762342657476,2.5411794173865245,0.7969243393492924,-0.41056700275443525,0.21005529145395715
0.0,0.1169600933083427,-1.362529215793252,0.3277719388401882,-1.0315573255847497,0.07671870244000388,-0.9182054814735013,1.1016732578485655,-0.39432783527778786,0.4455820657308038,1.4026888435701905,0.16560063857576018,0.21005529145395715
0.0,1.2018510217786353,0.7352541139802848,1.894835420148871,-0.827289569940162,-0.2235079957082444,-0.4497895233688856,-0.555903958944567,-0.9503241758216847,0.08427217751430155,0.3930813365353596,1.8117938995191731,-1.6216823712469601
0.0,-0.018651272750444616,-0.05141463468479146,0.08668524940808357,-0.9907037744558321,0.4770209666376692,0.6208755237273789,0.7360312247324333,-0.3595780639937991,-0.49382364363210457,-0.41460466909250543,-0.08132835056575237,0.21005529145395715
0.0,-2.1884331296910298,1.390811404534515,0.08668524940808357,-1.0519841011492084,-1.4244147883012392,-1.4535380050216336,-1.3603164318000578,-1.263072117377622,1.312725797450413,-1.0203691733134042,0.9063876060002949,0.21005529145395715
0.0,2.151130584190142,-0.9691948414607139,1.2921186965686087,-0.8681431210690794,0.9773987968847501,-0.9851220469170178,-0.7996653143553217,0.057419191414104294,-2.4448970400012238,-0.21268316768553905,-0.9044249810374589,1.125924122804416
0.0,2.0155192181313555,-0.706971925239022,1.0510320071365034,-0.8477163455046207,0.7772476647859181,-0.7174557851429517,-0.7021607721910198,0.057419191414104294,-2.4448970400012238,-0.3136439183890222,-0.9044249810374589,1.125924122804416
0.0,-0.018651272750444616,-1.4936406739040982,-0.033858095307969065,0.500450841749658,1.5778521931812481,-0.7174557851429517,-0.6534085011088689,1.1694118725018596,1.5295117303803136,-0.8184476719064376,-1.4805926223676529,0.21005529145395715
0.0,1.3374623878374214,-0.706971925239022,0.8099453177043987,-0.9294234477624558,-0.8239613920047416,1.8253737017106764,1.0529209867664144,-0.9850739471056735,-0.7106095765620085,2.715178602715471,1.647174573424831,-1.6216823712469601
0.0,1.3374623878374214,0.3419197396477463,0.44831528355624084,0.13276888158940012,-0.023356863609411745,0.2193761310662797,0.5897744114859804,0.09216896269809303,0.517844043374103,-1.1213299240168872,0.4948392907644416,-1.6216823712469601
0.0,-0.15426263880923075,-1.10030629957156,-0.27494478474007433,0.010208228202647584,0.5770965326870855,0.35320926195331276,2.7836266101827736,0.6134155319580012,0.7346299763040068,0.3930813365353596,-0.49287666580160566,1.125924122804416
0.0,-0.15426263880923075,-1.10030629957156,-0.27494478474007433,0.010208228202647584,0.5770965326870855,0.35320926195331276,2.7836266101827736,0.6134155319580012,0.7346299763040068,0.3930813365353596,-0.49287666580160566,1.125924122804416
0.0,0.5237941914847023,-1.362529215793252,-0.033858095307969065,-1.1336912034070434,-0.2235079957082444,1.022374916388478,-0.38527101015703863,-0.5680766916977701,0.5901060210174053,-1.5251729268308196,-0.49287666580160566,0.21005529145395715
0.0,-0.28987400486801806,-0.18252609279563764,-0.1544014400240217,1.2358147620701736,1.6779277592306636,1.1562080472755112,1.0772971223074899,1.586409127909763,2.3243934844566203,-0.1117224169820564,-0.6574959918959463,0.21005529145395715
0.0,0.6594055575434884,-0.4447490090173296,0.5688586282722935,-0.9089966721979972,-0.12343242965882807,1.0892914818319945,0.6872789536502824,-1.054573489673651,0.517844043374103,-0.8184476719064376,1.3179359212361481,-1.6216823712469601
0.0,0.6594055575434884,1.6530343207562073,0.5688586282722935,-1.072410876713667,0.07671870244000388,0.08554300017924665,-0.5802800944856424,-0.9850739471056735,1.4572497527370145,-0.010761666278573195,1.7294842364720013,-1.6216823712469601
0.0,0.2525714593671288,2.57081452753213,0.8099453177043987,-0.030645322926269987,-0.32358356175766073,0.754708654614412,0.6385266825681314,-0.3595780639937991,0.15653415515760072,-1.3232514254238537,1.3179359212361481,-1.6216823712469601
0.0,1.879907852072567,1.1285884883128225,0.9304886624204514,-0.010218547361811292,-0.32358356175766073,0.01862643473573012,0.614150547027056,-0.08157989372185065,-0.2770377107022039,-1.4242121761273363,1.0710069320946372,-1.6216823712469601
0.0,1.3374623878374214,0.3419197396477463,0.44831528355624084,0.13276888158940012,-0.023356863609411745,0.2193761310662797,0.5897744114859804,0.09216896269809303,0.517844043374103,-1.1213299240168872,0.4948392907644416,-1.6216823712469601
0.0,-0.42548537092680416,1.390811404534515,0.08668524940808357,-0.5004611609088216,-1.5244903543506556,0.35320926195331276,-0.16588579028735936,-1.1240730322416284,0.6623679986607045,-0.9194084226099208,1.7294842364720013,-1.6216823712469601
0.0,-0.15426263880923075,-1.10030629957156,-0.27494478474007433,0.010208228202647584,0.5770965326870855,0.35320926195331276,2.7836266101827736,0.6134155319580012,0.7346299763040068,0.3930813365353596,-0.49287666580160566,1.125924122804416
0.0,1.3374623878374214,-1.7558635901257902,-0.27494478474007433,-0.9294234477624558,-0.2235079957082444,0.5539589582838623,1.028544851225339,0.5786657606740124,1.7462976633102176,-0.717486921202955,-1.3159732962733122,1.125924122804416
0.0,1.066239655719848,-0.9691948414607139,1.0510320071365034,-1.072410876713667,-0.2235079957082444,0.2193761310662797,0.15100397174662183,-1.0893232609576398,-1.93906319649812,-0.6165261704994719,0.6594586168587838,1.125924122804416
0.0,0.6594055575434884,-0.5758604671281757,1.0510320071365034,1.8486180290039365,0.7772476647859181,1.3569577436060607,1.3210584777182448,2.14240546845366,0.9514159092339075,1.0998065914597408,-1.3982829593204826,0.21005529145395715
0.0,-0.6967081030443776,0.3419197396477463,0.9304886624204514,0.03063500376710628,-0.32358356175766073,0.5539589582838623,0.7360312247324333,0.5091662181059964,-0.2770377107022039,-0.41460466909250543,-1.0690443071317997,0.21005529145395715
0.0,-0.018651272750444616,1.1285884883128225,-0.033858095307969065,-0.8068627943757032,0.5770965326870855,0.01862643473573012,-0.8240414498963973,-0.9503241758216847,0.6623679986607045,-0.21268316768553905,1.1533165951418074,-1.6216823712469601
0.0,-0.42548537092680416,-0.9691948414607139,-0.033858095307969065,-1.011130550020291,-0.2235079957082444,-0.249039827038336,-0.11713351920520841,-0.5680766916977701,1.2404638198071105,0.595002837942326,0.16560063857576018,-1.6216823712469601
0.0,-0.8323194691031637,-1.8869750482366363,-0.7571181636042842,-0.13277920074856384,0.1767942684894202,1.4238743090495773,0.516646004862754,0.43966667553801897,2.3966554620999228,-1.1213299240168872,-0.08132835056575237,0.21005529145395715
0.0,-0.5610967369855903,-0.18252609279563764,0.08668524940808357,-1.011130550020291,-0.2235079957082444,0.48704239284034584,-0.5315278234034915,-1.1240730322416284,0.012010199870999176,-0.010761666278573195,0.5771489538116135,-1.6216823712469601
0.0,0.1169600933083427,0.7352541139802848,-1.9625516107648096,-1.011130550020291,0.8773232308353338,-1.3197048741346005,-0.9946743986839256,0.057419191414104294,0.22879613280090308,-1.0203691733134042,-0.9044249810374589,-0.7058135398965015
0.0,1.066239655719848,-0.9691948414607139,1.0510320071365034,-1.072410876713667,-0.2235079957082444,0.2193761310662797,0.15100397174662183,-1.0893232609576398,-1.93906319649812,-0.6165261704994719,0.6594586168587838,1.125924122804416
0.0,-0.15426263880923075,-1.7558635901257902,-0.516031474172179,-1.0519841011492084,0.3769454005882529,0.01862643473573012,0.07787556512339541,-0.39432783527778786,1.0236778868772098,-1.5251729268308196,-0.41056700275443525,-1.6216823712469601
0.0,0.2525714593671288,-1.624752132014944,1.0510320071365034,-1.1132644278425847,-0.5237346938564934,-0.8512889160299848,-1.0190505342250011,-0.8460748619697186,0.4455820657308038,-0.5155654197959887,0.24791030162293054,0.21005529145395715
0.0,1.066239655719848,0.0796968234260547,-0.9982048530363895,-0.5208879364732805,1.5778521931812481,-1.0520386123605343,-0.5315278234034915,0.6829150745259787,-0.2770377107022039,-0.3136439183890222,-1.3982829593204826,1.125924122804416
0.0,0.6594055575434884,-0.5758604671281757,1.0510320071365034,1.8486180290039365,0.7772476647859181,1.3569577436060607,1.3210584777182448,2.14240546845366,0.9514159092339075,1.0998065914597408,-1.3982829593204826,0.21005529145395715
0.0,1.066239655719848,0.21080828153690087,0.8099453177043987,-0.9089966721979972,0.9773987968847501,-0.7843723505864683,-0.507151687862416,0.09216896269809303,0.4455820657308038,-0.8184476719064376,-0.16363801361292274,0.21005529145395715
0.0,2.0155192181313555,-0.05141463468479146,1.0510320071365034,0.5821579440074929,-0.023356863609411745,0.4201258273968293,0.614150547027056,0.19641827655005925,-0.6383475989187061,-1.0203691733134042,1.1533165951418074,-1.6216823712469601
0.0,0.1169600933083427,-0.4447490090173296,0.20722859412413622,-0.7455824676823268,-1.0241125241035742,-0.7174557851429517,-0.38527101015703863,-1.263072117377622,-0.34929968834550307,-1.0203691733134042,1.4825552473304904,-1.6216823712469601
0.0,-0.8323194691031637,0.4730311977585925,-0.033858095307969065,-0.9498502233269145,-1.0241125241035742,-0.31595639248185253,-0.16588579028735936,-0.9503241758216847,0.6623679986607045,-0.717486921202955,0.4948392907644416,-1.6216823712469601
0.0,0.1169600933083427,0.0796968234260547,1.0510320071365034,-0.9498502233269145,0.4770209666376692,-1.9219539631262492,-0.06838124812305746,-0.3248282927098104,-0.2770377107022039,2.1094140984945717,0.6594586168587838,0.21005529145395715
0.0,0.1169600933083427,0.21080828153690087,1.0510320071365034,-0.9498502233269145,0.7772476647859181,-1.654287701352183,-0.0196289770409065,-0.29007852142582163,-0.2047757330589015,2.3113355999015384,0.6594586168587838,0.21005529145395715
0.0,0.1169600933083427,0.21080828153690087,-0.27494478474007433,-0.9702769988913732,0.4770209666376692,0.754708654614412,-0.11713351920520841,-0.707075776833725,1.1682018421638114,-1.0203691733134042,0.41252962771727125,-1.6216823712469601
0.0,0.1169600933083427,2.57081452753213,-1.4803782319005994,-1.1132644278425847,1.1775499289835827,-1.9888705285697659,-0.26339033245166127,-0.6375762342657476,-0.6383475989187061,-0.6165261704994719,-0.16363801361292274,0.21005529145395715
0.0,0.1169600933083427,1.5219228626453611,-0.033858095307969065,0.43917051505628163,0.1767942684894202,0.08554300017924665,0.3703891916163011,-0.22057897885784417,1.384987775093712,-1.3232514254238537,1.1533165951418074,-1.6216823712469601
0.0,-1.5103762993970966,2.1774801531995913,-0.27494478474007433,-0.13277920074856384,-0.32358356175766073,-0.7174557851429517,-0.9459221276017746,-0.6375762342657476,2.5411794173865245,1.3017280928667072,1.40024558428332,-1.6216823712469601
0.0,-0.018651272750444616,-0.4447490090173296,0.9304886624204514,-0.9702769988913732,0.4770209666376692,-1.9888705285697659,-0.09275738366413293,-0.29007852142582163,0.3010581104442022,2.210374849198055,0.6594586168587838,0.21005529145395715
0.0,-0.28987400486801806,2.046368695088745,0.08668524940808357,-0.7251556921178681,-0.8239613920047416,-1.3197048741346005,-1.2628118896357559,-1.3325716599455995,0.6623679986607045,0.2921205858318764,2.305651877802197,0.21005529145395715
0.0,0.6594055575434884,-1.10030629957156,-0.395488129456127,-1.0519841011492084,0.1767942684894202,-1.52045457046515,0.15100397174662183,-0.707075776833725,0.08427217751430155,-0.010761666278573195,0.5771489538116135,-1.6216823712469601
0.0,1.7442964860137808,-0.9691948414607139,0.9304886624204514,-1.1132644278425847,-0.5237346938564934,2.561455921589358,1.0529209867664144,-0.42907760656177657,-0.9273955094919092,-1.4242121761273363,-0.49287666580160566,0.21005529145395715
0.0,-1.2391535672795233,-0.9691948414607139,-0.7571181636042842,0.21447598384723526,-0.8239613920047416,-0.11520669615130294,-0.3365187390748877,0.4049169042540302,2.179869529170022,-0.6165261704994719,-0.41056700275443525,0.21005529145395715
0.0,-0.8323194691031637,-1.362529215793252,1.7742920754328186,-1.011130550020291,-1.3243392222518229,-0.7843723505864683,-1.3603164318000578,-1.3325716599455995,0.517844043374103,-0.6165261704994719,1.3179359212361481,0.21005529145395715
0.0,-0.28987400486801806,2.046368695088745,0.08668524940808357,-0.7251556921178681,-0.8239613920047416,-1.3197048741346005,-1.2628118896357559,-1.3325716599455995,0.6623679986607045,0.2921205858318764,2.305651877802197,0.21005529145395715
0.0,-1.5103762993970966,-1.6903078610703672,-0.27494478474007433,-0.3574737319576104,-0.023356863609411745,-1.0520386123605343,-0.8727937209785482,0.26591781911807527,0.8791539315906084,-0.6165261704994719,-1.0690443071317997,0.21005529145395715
0.0,0.1169600933083427,-0.9691948414607139,0.08668524940808357,-0.9702769988913732,-0.32358356175766073,-0.5167060888124021,-0.9459221276017746,-1.4020712025135769,-0.7106095765620085,-0.21268316768553905,1.40024558428332,-1.6216823712469601
0.0,0.6594055575434884,-1.10030629957156,-0.395488129456127,-1.0519841011492084,0.1767942684894202,-1.52045457046515,0.15100397174662183,-0.707075776833725,0.08427217751430155,-0.010761666278573195,0.5771489538116135,-1.6216823712469601
0.0,0.6594055575434884,-0.18252609279563764,0.44831528355624084,1.3788021910213848,0.7772476647859181,0.01862643473573012,1.540443697587924,1.655908670477779,-1.0719194647785106,-0.21268316768553905,-1.3982829593204826,-1.6216823712469601
0.0,0.6594055575434884,-0.18252609279563764,0.44831528355624084,1.3788021910213848,0.7772476647859181,0.01862643473573012,1.540443697587924,1.655908670477779,-1.0719194647785106,-0.21268316768553905,-1.3982829593204826,-1.6216823712469601
0.0,0.2525714593671288,-0.8380833833498678,0.20722859412413622,-0.13277920074856384,-0.7238858259553254,-0.18212326159481948,-1.3115641607179067,-0.3595780639937991,0.012010199870999176,-0.21268316768553905,0.7417682799059542,0.21005529145395715
0.0,0.6594055575434884,-0.18252609279563764,0.44831528355624084,1.3788021910213848,0.7772476647859181,0.01862643473573012,1.540443697587924,1.655908670477779,-1.0719194647785106,-0.21268316768553905,-1.3982829593204826,-1.6216823712469601
0.0,0.7950169236022757,1.7841457788670534,-0.395488129456127,-0.19405952744194008,0.1767942684894202,-0.249039827038336,-0.3608948746159632,0.057419191414104294,0.8068919539473061,0.1911598351283932,0.41252962771727125,-1.6216823712469601
0.0,0.3881828254259149,-0.05141463468479146,-0.1544014400240217,-0.8477163455046207,0.1767942684894202,-0.3828729579253691,-0.2146380613695103,-0.04683012243786191,1.0959398645205092,1.604610344977157,0.24791030162293054,-1.6216823712469601
0.0,-0.6967081030443776,1.6530343207562073,-0.9982048530363895,0.11234210602494142,2.678683419724827,-1.7212042667956997,-0.48277555232134056,0.12691873398208176,-0.2770377107022039,-1.3232514254238537,-0.3282573397072649,-0.7058135398965015
0.0,1.879907852072567,-0.5758604671281757,0.44831528355624084,0.09191533046048254,-0.8239613920047416,-1.52045457046515,-1.1409312119303785,0.19641827655005925,-1.2887053977084146,-1.0203691733134042,-0.08132835056575237,-1.6216823712469601
0.0,0.6594055575434884,-0.18252609279563764,0.44831528355624084,1.3788021910213848,0.7772476647859181,0.01862643473573012,1.540443697587924,1.655908670477779,-1.0719194647785106,-0.21268316768553905,-1.3982829593204826,-1.6216823712469601
0.0,1.4730737538962086,-0.8380833833498678,0.20722859412413622,-1.0519841011492084,-0.2235079957082444,-0.3828729579253691,-0.4583994167802651,-0.22057897885784417,-0.34929968834550307,-0.717486921202955,0.000981312481417987,0.21005529145395715
0.0,0.3881828254259149,-0.05141463468479146,-0.033858095307969065,-0.09192564961964625,-0.5237346938564934,0.2862926965097962,-0.9702982631428501,-0.1510794362898667,0.8791539315906084,-0.8184476719064376,0.8240779429531245,0.21005529145395715
0.0,0.2525714593671288,-0.8380833833498678,0.20722859412413622,-0.13277920074856384,-0.7238858259553254,-0.18212326159481948,-1.3115641607179067,-0.3595780639937991,0.012010199870999176,-0.21268316768553905,0.7417682799059542,0.21005529145395715
0.0,1.7442964860137808,0.3419197396477463,2.015378764864924,0.1531956571538588,-0.023356863609411745,-0.8512889160299848,-0.31214260353381224,0.19641827655005925,-0.34929968834550307,-0.717486921202955,0.16560063857576018,0.21005529145395715
0.0,-1.3747649333383105,-1.231417757682406,-0.27494478474007433,-1.011130550020291,-0.5237346938564934,1.3569577436060607,-0.16588579028735936,-1.0198237183896623,0.7346299763040068,-1.0203691733134042,0.5771489538116135,0.21005529145395715
0.0,-0.28987400486801806,-0.4447490090173296,-0.7571181636042842,-1.0315573255847497,0.2768698345388365,-1.252788308691084,-0.2146380613695103,-0.1510794362898667,1.2404638198071105,1.2007673421632241,-0.49287666580160566,0.21005529145395715
0.0,-0.8323194691031637,-1.10030629957156,2.015378764864924,-0.37790050752206905,0.4770209666376692,-1.1858717432475674,-1.1409312119303785,-0.6723260055497363,0.5901060210174053,-1.1213299240168872,0.8240779429531245,0.21005529145395715
0.0,-2.0528217636322434,-1.296973486737829,-0.9982048530363895,-1.072410876713667,0.8773232308353338,-0.6505392196994352,-0.7752891788142463,-0.46382737784576533,0.9514159092339075,-0.1117224169820564,-1.2336636332261417,1.125924122804416
0.0,1.7442964860137808,0.3419197396477463,2.015378764864924,0.1531956571538588,-0.023356863609411745,-0.8512889160299848,-0.31214260353381224,0.19641827655005925,-0.34929968834550307,-0.717486921202955,0.16560063857576018,0.21005529145395715
0.0,-0.018651272750444616,-0.5758604671281757,2.015378764864924,-1.1132644278425847,0.9773987968847501,-0.5836226542559186,-0.2146380613695103,-0.9850739471056735,0.4455820657308038,-1.3232514254238537,0.6594586168587838,0.21005529145395715
0.0,0.5237941914847023,-0.5758604671281757,2.015378764864924,-1.092837652278126,0.2768698345388365,-0.048290130707786406,0.07787556512339541,-1.3325716599455995,-0.9996574871352115,-1.4242121761273363,1.7294842364720013,0.21005529145395715
0.0,0.7950169236022757,-0.18252609279563764,2.015378764864924,-1.072410876713667,-0.023356863609411745,0.01862643473573012,0.46789373378060306,-0.7418255481177137,-0.4215616659888054,0.6959635886458092,0.5771489538116135,1.125924122804416
0.0,1.879907852072567,-1.10030629957156,2.015378764864924,-1.072410876713667,-0.924036958054158,-0.4497895233688856,-1.3603164318000578,-0.5333269204137814,-1.3609673753517137,2.0084533477910895,-0.16363801361292274,-1.6216823712469601
0.0,-0.967930835161951,-0.5758604671281757,2.015378764864924,-0.9907037744558321,0.8773232308353338,-1.118955177804051,-1.2140596185536048,-0.3595780639937991,0.8068919539473061,-0.21268316768553905,-0.8221153179902886,1.125924122804416
0.0,0.2525714593671288,1.6530343207562073,-0.9982048530363895,-1.092837652278126,0.5770965326870855,-1.7881208322392161,-0.4340232812391896,-0.5333269204137814,-1.3609673753517137,-1.727094428237786,-0.41056700275443525,-0.7058135398965015
0.0,-0.967930835161951,-0.5758604671281757,2.015378764864924,-0.9907037744558321,0.8773232308353338,-1.118955177804051,-1.2140596185536048,-0.3595780639937991,0.8068919539473061,-0.21268316768553905,-0.8221153179902886,1.125924122804416
0.0,-0.42548537092680416,1.259699946423669,2.015378764864924,-0.7047289165534094,-1.224263656202407,-1.252788308691084,-1.0434266697660766,-1.263072117377622,-0.6383475989187061,0.09019908442491001,1.2356262581889779,-1.6216823712469601
0.0,0.3881828254259149,0.3419197396477463,2.015378764864924,-1.0519841011492084,-1.1241880901529906,-0.18212326159481948,-0.9215459920606991,-1.5758200589335591,-0.8551335318486101,-1.5251729268308196,1.3179359212361481,0.21005529145395715
0.0,0.7950169236022757,-0.18252609279563764,2.015378764864924,-1.072410876713667,-0.023356863609411745,0.01862643473573012,0.46789373378060306,-0.7418255481177137,-0.4215616659888054,0.6959635886458092,0.5771489538116135,1.125924122804416
0.0,0.1169600933083427,-0.4447490090173296,-0.9982048530363895,1.6034967222304313,1.0774743629341665,-1.0520386123605343,-1.0434266697660766,1.5169095853417855,-0.13251375541560237,0.1911598351283932,-0.8221153179902886,1.125924122804416
0.0,1.879907852072567,-1.10030629957156,2.015378764864924,-1.072410876713667,-0.924036958054158,-0.4497895233688856,-1.3603164318000578,-0.5333269204137814,-1.3609673753517137,2.0084533477910895,-0.16363801361292274,-1.6216823712469601
0.0,-0.6967081030443776,-0.4447490090173296,2.015378764864924,0.1531956571538588,0.7772476647859181,2.159956528928259,1.7842050529986788,0.43966667553801897,0.3010581104442022,-1.4242121761273363,-0.9044249810374589,1.125924122804416
0.0,-0.967930835161951,-0.18252609279563764,2.015378764864924,0.25532953497615263,0.9773987968847501,2.159956528928259,2.1742232216558866,0.6134155319580012,-0.2047757330589015,-0.1117224169820564,-1.3982829593204826,1.125924122804416
0.0,0.5237941914847023,0.6041426558694387,-0.9982048530363895,-1.011130550020291,1.4777766271318318,-1.1858717432475674,-0.48277555232134056,-0.3595780639937991,-0.2047757330589015,-1.3232514254238537,-0.08132835056575237,1.125924122804416
0.0,1.6086851199549947,-0.18252609279563764,2.015378764864924,-1.0519841011492084,1.8780788913294963,-0.5167060888124021,-0.48277555232134056,-0.012080351153873174,-0.7828715542053076,-1.4242121761273363,-0.9867346440846293,1.125924122804416
0.0,0.2525714593671288,-1.10030629957156,2.015378764864924,-0.21448630300639895,-0.2235079957082444,-0.048290130707786406,-0.28776646799273675,-0.8460748619697186,0.3733200880875046,-0.8184476719064376,1.3179359212361481,0.21005529145395715
0.0,1.3374623878374214,2.1774801531995913,2.015378764864924,1.358375415456926,-0.924036958054158,0.15245956562276317,0.516646004862754,0.5786657606740124,-0.34929968834550307,-1.3232514254238537,0.5771489538116135,0.21005529145395715
0.0,-0.6967081030443776,0.0796968234260547,2.015378764864924,-1.0519841011492084,2.078230023428329,0.01862643473573012,-1.0921789408482274,-0.9503241758216847,1.384987775093712,-0.6165261704994719,1.3179359212361481,0.21005529145395715
0.0,0.7950169236022757,-1.362529215793252,2.015378764864924,-1.0519841011492084,1.277625495032999,-1.118955177804051,0.32163692053415016,-0.7418255481177137,0.3010581104442022,-0.1117224169820564,0.4948392907644416,0.21005529145395715
0.0,0.7950169236022757,-1.362529215793252,2.015378764864924,-1.0519841011492084,1.277625495032999,-1.118955177804051,0.32163692053415016,-0.7418255481177137,0.3010581104442022,-0.1117224169820564,0.4948392907644416,0.21005529145395715
0.0,0.1169600933083427,-0.9691948414607139,2.015378764864924,0.05106177933156497,-0.6238102599059097,0.9554583509449616,0.8579119024378107,-0.22057897885784417,0.08427217751430155,-2.130937431051718,0.7417682799059542,0.21005529145395715
0.0,1.3374623878374214,2.1774801531995913,2.015378764864924,1.358375415456926,-0.924036958054158,0.15245956562276317,0.516646004862754,0.5786657606740124,-0.34929968834550307,-1.3232514254238537,0.5771489538116135,0.21005529145395715
0.0,0.5237941914847023,1.7841457788670534,2.015378764864924,-1.072410876713667,0.5770965326870855,-1.5873711359086666,0.029123294041244457,-0.3248282927098104,-1.2887053977084146,-0.6165261704994719,-1.0690443071317997,1.125924122804416
0.0,1.3374623878374214,2.1774801531995913,2.015378764864924,1.358375415456926,-0.924036958054158,0.15245956562276317,0.516646004862754,0.5786657606740124,-0.34929968834550307,-1.3232514254238537,0.5771489538116135,0.21005529145395715
0.0,2.0155192181313555,-0.706971925239022,2.015378764864924,2.7473961538401226,1.1775499289835827,1.022374916388478,2.2961038993612637,2.5594027238616017,-1.4332293529950129,0.595002837942326,-1.1513539701789715,1.125924122804416
0.0,-0.6967081030443776,0.0796968234260547,2.015378764864924,-1.0519841011492084,2.078230023428329,0.01862643473573012,-1.0921789408482274,-0.9503241758216847,1.384987775093712,-0.6165261704994719,1.3179359212361481,0.21005529145395715
0.0,1.4730737538962086,-2.0180865063474824,2.015378764864924,-0.37790050752206905,0.5770965326870855,-0.5167060888124021,-0.09275738366413293,0.26591781911807527,0.3733200880875046,-0.6165261704994719,0.000981312481417987,0.21005529145395715
0.0,-0.5610967369855903,-1.5591964029595213,2.015378764864924,-0.19405952744194008,0.5770965326870855,1.2900411781625443,0.6629028181092068,0.26591781911807527,2.685703372673126,-0.41460466909250543,0.16560063857576018,0.21005529145395715
0.0,0.7950169236022757,-1.362529215793252,2.015378764864924,-1.0519841011492084,1.277625495032999,-1.118955177804051,0.32163692053415016,-0.7418255481177137,0.3010581104442022,-0.1117224169820564,0.4948392907644416,0.21005529145395715
0.0,2.0155192181313555,-0.9691948414607139,2.015378764864924,-1.0519841011492084,0.8773232308353338,-1.5873711359086666,0.004747158500168979,-0.707075776833725,-0.9273955094919092,-0.21268316768553905,0.3302199646701009,0.21005529145395715
0.0,1.6086851199549947,2.308591611310437,2.015378764864924,0.5617311684430342,-1.1241880901529906,0.754708654614412,0.34601305607522564,-0.42907760656177657,-0.2047757330589015,-2.130937431051718,1.7294842364720013,-1.6216823712469601
0.0,0.1169600933083427,-0.9691948414607139,2.015378764864924,0.05106177933156497,-0.6238102599059097,0.9554583509449616,0.8579119024378107,-0.22057897885784417,0.08427217751430155,-2.130937431051718,0.7417682799059542,0.21005529145395715
0.0,0.3881828254259149,-0.18252609279563764,2.015378764864924,-0.6843021409889506,-1.224263656202407,-0.31595639248185253,-0.9946743986839256,-1.2283223460936332,-0.4215616659888054,-0.9194084226099208,1.40024558428332,-1.6216823712469601
0.0,-0.42548537092680416,-0.3136375509064838,-0.9982048530363895,-0.9702769988913732,0.3769454005882529,-1.3197048741346005,-1.8722152781626427,-0.3595780639937991,0.012010199870999176,-0.9194084226099208,-0.6574959918959463,1.125924122804416
0.0,0.5237941914847023,1.7841457788670534,2.015378764864924,-1.072410876713667,0.5770965326870855,-1.5873711359086666,0.029123294041244457,-0.3248282927098104,-1.2887053977084146,-0.6165261704994719,-1.0690443071317997,1.125924122804416
0.0,1.3374623878374214,2.1774801531995913,2.015378764864924,1.358375415456926,-0.924036958054158,0.15245956562276317,0.516646004862754,0.5786657606740124,-0.34929968834550307,-1.3232514254238537,0.5771489538116135,0.21005529145395715
0.0,1.3374623878374214,-0.706971925239022,2.015378764864924,-1.0213439378025202,0.9773987968847501,-1.9219539631262492,-2.1647289046555485,-0.9503241758216847,-0.2770377107022039,-2.029976680348235,0.6594586168587838,1.125924122804416
0.0,0.2525714593671288,-0.8380833833498678,2.015378764864924,-0.09192564961964625,-0.42365912780707704,0.2862926965097962,-0.2146380613695103,-0.012080351153873174,0.15653415515760072,-0.010761666278573195,0.16560063857576018,0.21005529145395715
0.0,0.1169600933083427,-0.18252609279563764,-0.9982048530363895,-0.561741487602198,1.4777766271318318,-1.4535380050216336,-1.2628118896357559,0.12691873398208176,-1.4332293529950129,-0.010761666278573195,-0.9044249810374589,-0.7058135398965015
0.0,0.5237941914847023,-2.41142088068002,2.015378764864924,-1.0315573255847497,0.7772476647859181,-1.118955177804051,0.27288464945199925,0.23116804783408657,1.9630835962401183,-0.41460466909250543,-0.3282573397072649,0.21005529145395715
0.0,1.4730737538962086,-0.5758604671281757,-0.9982048530363895,-0.3574737319576104,0.1767942684894202,0.2862926965097962,0.5410221404038295,-0.39432783527778786,-1.4332293529950129,-2.029976680348235,0.7417682799059542,0.21005529145395715
0.0,1.2018510217786353,-1.362529215793252,2.015378764864924,-0.8885698966335382,1.3777010610824154,-0.9851220469170178,-0.31214260353381224,0.33541736168605274,0.9514159092339075,0.09019908442491001,0.08329097552858834,0.21005529145395715
0.0,0.5237941914847023,-2.41142088068002,2.015378764864924,-1.0315573255847497,0.7772476647859181,-1.118955177804051,0.27288464945199925,0.23116804783408657,1.9630835962401183,-0.41460466909250543,-0.3282573397072649,0.21005529145395715
0.0,-0.28987400486801806,-0.18252609279563764,-0.9982048530363895,-0.9498502233269145,0.5770965326870855,-0.5836226542559186,-0.31214260353381224,0.12691873398208176,1.312725797450413,1.2007673421632241,-0.41056700275443525,0.21005529145395715
0.0,0.1169600933083427,-0.18252609279563764,-0.9982048530363895,-0.561741487602198,1.4777766271318318,-1.4535380050216336,-1.2628118896357559,0.12691873398208176,-1.4332293529950129,-0.010761666278573195,-0.9044249810374589,-0.7058135398965015
0.0,0.9306282896610618,0.7352541139802848,-0.9982048530363895,-0.3574737319576104,1.0774743629341665,-1.7881208322392161,-0.06838124812305746,0.6829150745259787,-0.34929968834550307,0.1911598351283932,-1.2336636332261417,-0.7058135398965015
0.0,0.7950169236022757,0.21080828153690087,2.015378764864924,-0.9907037744558321,-0.8239613920047416,-0.9851220469170178,-0.26339033245166127,-0.707075776833725,-1.5054913306383153,-0.9194084226099208,0.000981312481417987,0.21005529145395715
0.0,-0.8323194691031637,-1.4936406739040982,2.015378764864924,-1.1132644278425847,-0.924036958054158,-1.1858717432475674,-2.091600498032322,-0.22057897885784417,0.8068919539473061,2.210374849198055,-0.9867346440846293,0.21005529145395715
0.0,-1.645987665455884,-1.034750570516137,2.015378764864924,-1.072410876713667,-1.224263656202407,-0.4497895233688856,-0.48277555232134056,-0.707075776833725,2.6134413950298234,-0.3136439183890222,-0.2459476766600931,0.21005529145395715
0.0,0.9306282896610618,-0.8380833833498678,2.015378764864924,-1.0315573255847497,-1.1241880901529906,-1.7881208322392161,-0.9702982631428501,-0.707075776833725,-0.9273955094919092,1.4026888435701905,0.41252962771727125,1.125924122804416
0.0,1.6086851199549947,0.4730311977585925,2.015378764864924,0.6230114951364106,0.3769454005882529,0.8216252200579285,1.2479300710950183,0.8914137022299111,-0.34929968834550307,-0.010761666278573195,-0.49287666580160566,1.125924122804416
0.0,1.6086851199549947,0.9974770302019772,2.015378764864924,0.5413043928785755,-0.924036958054158,0.2862926965097962,1.0529209867664144,-0.08157989372185065,-0.4215616659888054,-1.0203691733134042,1.40024558428332,-1.6216823712469601
0.0,1.2018510217786353,1.1285884883128225,2.015378764864924,0.46981067840296986,-0.924036958054158,0.48704239284034584,1.1991778000128674,-0.2553287501418329,-0.34929968834550307,-1.0203691733134042,1.4825552473304904,-1.6216823712469601
0.0,1.066239655719848,0.3419197396477463,2.015378764864924,0.6638650462653279,-1.224263656202407,0.6877920891708954,1.4673152909646976,-0.012080351153873174,-0.4215616659888054,-1.0203691733134042,1.40024558428332,-1.6216823712469601
0.0,-0.018651272750444616,0.0796968234260547,2.015378764864924,-1.0519841011492084,0.1767942684894202,0.01862643473573012,-0.26339033245166127,-1.3325716599455995,-0.4215616659888054,-0.010761666278573195,1.2356262581889779,-1.6216823712469601
0.0,1.2018510217786353,0.0796968234260547,2.015378764864924,-0.9294234477624558,-0.12343242965882807,-0.7843723505864683,-1.2384357540946804,-0.8460748619697186,-0.2047757330589015,-0.6165261704994719,1.5648649103776606,0.21005529145395715
0.0,0.7950169236022757,-0.9691948414607139,2.015378764864924,0.6025847195719519,-1.224263656202407,-0.5836226542559186,-0.11713351920520841,0.057419191414104294,-1.4332293529950129,-1.6261336775343027,0.3302199646701009,-1.6216823712469601
0.0,2.0155192181313555,-0.8380833833498678,2.015378764864924,-0.9498502233269145,-0.2235079957082444,-0.048290130707786406,0.7847834958145843,-0.012080351153873174,-0.9996574871352115,-1.1213299240168872,-0.41056700275443525,1.125924122804416
0.0,-0.28987400486801806,0.4730311977585925,-0.9982048530363895,-1.0519841011492084,-0.8239613920047416,-1.1858717432475674,-0.38527101015703863,-0.18582920757385543,-0.4215616659888054,-1.2222906747203706,-1.1513539701789715,1.125924122804416
0.0,-0.018651272750444616,1.259699946423669,-0.9982048530363895,-0.3574737319576104,-0.32358356175766073,-0.7174557851429517,-0.31214260353381224,-1.0198237183896623,0.5901060210174053,-1.4242121761273363,1.647174573424831,-1.6216823712469601
0.0,1.7442964860137808,-0.8380833833498678,2.015378764864924,0.35746341279844646,0.8773232308353338,1.0892914818319945,1.6623243752933015,0.5439159893899852,-0.6383475989187061,0.3930813365353596,0.3302199646701009,0.21005529145395715
0.0,-0.018651272750444616,-0.706971925239022,2.015378764864924,1.6647770489238078,1.77800332528008,1.022374916388478,0.8091596313556597,1.8296575268977227,2.6134413950298234,-0.41460466909250543,-0.6574959918959463,0.21005529145395715
0.0,1.4730737538962086,-0.8380833833498678,2.015378764864924,-0.9702769988913732,1.0774743629341665,-1.3197048741346005,0.17538010728769732,-0.29007852142582163,-0.2047757330589015,-0.1117224169820564,-0.08132835056575237,1.125924122804416
0.0,1.6086851199549947,-1.10030629957156,2.015378764864924,-0.9294234477624558,1.8780788913294963,-1.654287701352183,0.1997562428287728,0.12691873398208176,0.3010581104442022,-0.010761666278573195,-0.49287666580160566,1.125924122804416
0.0,0.6594055575434884,-0.5758604671281757,2.015378764864924,0.6230114951364106,-0.8239613920047416,-0.3828729579253691,-0.06838124812305746,0.02266942013011556,-1.4332293529950129,-1.6261336775343027,0.3302199646701009,-1.6216823712469601
0.0,0.6594055575434884,-0.5758604671281757,2.015378764864924,0.7251453729587044,-1.1241880901529906,0.888541785501445,0.5897744114859804,-0.04683012243786191,-1.2887053977084146,-2.029976680348235,0.4948392907644416,0.21005529145395715
0.0,0.7950169236022757,-0.9691948414607139,2.015378764864924,0.6025847195719519,-1.224263656202407,-0.5836226542559186,-0.11713351920520841,0.057419191414104294,-1.4332293529950129,-1.6261336775343027,0.3302199646701009,-1.6216823712469601
0.0,1.879907852072567,-0.5758604671281757,2.015378764864924,0.6638650462653279,-0.5237346938564934,1.2231246127190276,0.4191414626984521,0.43966667553801897,-1.2164434200651122,-1.5251729268308196,0.000981312481417987,0.21005529145395715
0.0,1.879907852072567,-0.3136375509064838,2.015378764864924,0.6025847195719519,-0.42365912780707704,1.1562080472755112,0.6385266825681314,0.4744164468220077,-1.2164434200651122,-1.5251729268308196,0.000981312481417987,0.21005529145395715
0.0,2.151130584190142,-0.4447490090173296,2.015378764864924,0.2961830861050702,-0.7238858259553254,-0.8512889160299848,-1.0190505342250011,-0.11632966500583938,-1.0719194647785106,-1.4242121761273363,1.1533165951418074,0.21005529145395715
0.0,2.0155192181313555,-0.8380833833498678,2.015378764864924,-0.9498502233269145,-0.2235079957082444,-0.048290130707786406,0.7847834958145843,-0.012080351153873174,-0.9996574871352115,-1.1213299240168872,-0.41056700275443525,1.125924122804416
0.0,2.0155192181313555,-0.8380833833498678,2.015378764864924,-0.9498502233269145,-0.42365912780707704,0.2193761310662797,0.7360312247324333,0.02266942013011556,-0.9996574871352115,-1.1213299240168872,-0.41056700275443525,0.21005529145395715
0.0,-0.28987400486801806,0.4730311977585925,-0.9982048530363895,-1.0519841011492084,-0.8239613920047416,-1.1858717432475674,-0.38527101015703863,-0.18582920757385543,-0.4215616659888054,-1.2222906747203706,-1.1513539701789715,1.125924122804416
0.0,0.1169600933083427,-0.706971925239022,2.015378764864924,-1.011130550020291,-0.12343242965882807,-1.3197048741346005,0.6629028181092068,-0.39432783527778786,0.4455820657308038,1.5036495942736736,0.3302199646701009,1.125924122804416
0.0,1.6086851199549947,-0.18252609279563764,2.015378764864924,0.5413043928785755,0.1767942684894202,-0.249039827038336,1.1748016644717918,1.4474100427738081,1.0959398645205092,0.09019908442491001,-0.49287666580160566,0.21005529145395715
0.0,-0.28987400486801806,-0.706971925239022,2.015378764864924,2.4103543570265527,-0.023356863609411745,0.4201258273968293,0.516646004862754,2.0381561546016935,0.6623679986607045,-0.9194084226099208,-1.5629022854148247,0.21005529145395715
0.0,1.4730737538962086,0.21080828153690087,2.015378764864924,0.2757563105406115,0.2768698345388365,0.888541785501445,1.4185630198825467,0.5439159893899852,-1.0719194647785106,0.6959635886458092,0.3302199646701009,0.21005529145395715
0.0,0.7950169236022757,0.0796968234260547,2.015378764864924,-1.072410876713667,-0.5237346938564934,-0.11520669615130294,0.46789373378060306,-0.6375762342657476,-0.2770377107022039,0.595002837942326,0.41252962771727125,0.21005529145395715
0.0,-0.28987400486801806,-0.706971925239022,2.015378764864924,2.4103543570265527,-0.023356863609411745,0.4201258273968293,0.516646004862754,2.0381561546016935,0.6623679986607045,-0.9194084226099208,-1.5629022854148247,0.21005529145395715
0.0,1.7442964860137808,0.4730311977585925,2.015378764864924,0.35746341279844646,-0.5237346938564934,-0.5836226542559186,0.9066641735199616,0.1616685052660705,-0.6383475989187061,-1.8280551789412691,0.4948392907644416,-1.6216823712469601
0.0,0.9306282896610618,-0.4447490090173296,2.015378764864924,0.2757563105406115,0.6771720987365019,1.75845713626716,1.7598289174576034,0.09216896269809303,-0.34929968834550307,-1.8280551789412691,0.41252962771727125,-1.6216823712469601
0.0,0.6594055575434884,-0.05141463468479146,2.015378764864924,-0.2757666296997752,-1.4244147883012392,-0.18212326159481948,-0.7265369077320953,-0.08157989372185065,0.3733200880875046,0.595002837942326,0.16560063857576018,0.21005529145395715
0.0,2.2867419502489277,-1.4936406739040982,2.015378764864924,-0.9907037744558321,-1.1241880901529906,-1.1858717432475674,-0.3608948746159632,-0.22057897885784417,-1.144181442421813,-0.8184476719064376,-0.2459476766600931,0.21005529145395715
0.0,1.7442964860137808,0.21080828153690087,2.015378764864924,-1.092837652278126,-0.2235079957082444,-0.18212326159481948,0.27288464945199925,-0.08157989372185065,-0.4215616659888054,-0.717486921202955,-0.49287666580160566,0.21005529145395715
0.0,-1.1035422012207372,-1.231417757682406,2.015378764864924,-1.092837652278126,-0.8239613920047416,-0.5836226542559186,-0.7509130432731708,-0.6375762342657476,0.15653415515760072,-0.6165261704994719,-0.6574959918959463,0.21005529145395715
0.0,0.6594055575434884,-0.05141463468479146,2.015378764864924,-0.2757666296997752,-1.4244147883012392,-0.18212326159481948,-0.7265369077320953,-0.08157989372185065,0.3733200880875046,0.595002837942326,0.16560063857576018,0.21005529145395715
0.0,0.5237941914847023,-1.362529215793252,2.015378764864924,-1.0315573255847497,-0.5237346938564934,-0.5167060888124021,-0.7996653143553217,-0.4985771491297926,0.3010581104442022,0.8978850900527745,0.000981312481417987,0.21005529145395715
0.0,0.6594055575434884,-1.624752132014944,2.015378764864924,-1.072410876713667,-0.42365912780707704,-0.4497895233688856,-0.9215459920606991,-0.3595780639937991,0.08427217751430155,2.4122963506050215,0.000981312481417987,0.21005529145395715
0.0,1.4730737538962086,-1.8869750482366363,2.015378764864924,-0.23491307857085766,0.6771720987365019,-0.11520669615130294,0.3703891916163011,0.4744164468220077,-0.06025177777229999,-0.1117224169820564,0.000981312481417987,0.21005529145395715
0.0,-0.15426263880923075,0.3419197396477463,2.015378764864924,-0.3370469563931515,-0.8239613920047416,0.01862643473573012,0.46789373378060306,0.23116804783408657,-0.4215616659888054,-0.3136439183890222,-0.575186328848776,0.21005529145395715
0.0,-0.15426263880923075,0.4730311977585925,2.015378764864924,-0.3166201808286928,-0.8239613920047416,0.08554300017924665,0.516646004862754,0.23116804783408657,-0.49382364363210457,-0.3136439183890222,-0.575186328848776,0.21005529145395715
0.0,0.3881828254259149,1.259699946423669,-0.9982048530363895,-0.9294234477624558,-1.724641486449488,-0.18212326159481948,-0.8484175854374727,-1.2283223460936332,1.0959398645205092,1.0998065914597408,1.8117938995191731,0.21005529145395715
0.0,2.2867419502489277,-1.4936406739040982,2.015378764864924,-0.9907037744558321,-1.1241880901529906,-1.1858717432475674,-0.3608948746159632,-0.22057897885784417,-1.144181442421813,-0.8184476719064376,-0.2459476766600931,0.21005529145395715
0.0,1.4730737538962086,-1.10030629957156,2.015378764864924,-0.23491307857085766,0.8773232308353338,0.08554300017924665,0.49226986932167854,0.5091662181059964,-0.06025177777229999,-0.010761666278573195,0.000981312481417987,0.21005529145395715
0.0,0.6594055575434884,-0.706971925239022,2.015378764864924,-0.9294234477624558,-0.42365912780707704,0.6208755237273789,0.3703891916163011,-0.915574404537696,0.9514159092339075,-0.41460466909250543,1.647174573424831,-1.6216823712469601
0.0,0.1169600933083427,0.4730311977585925,2.015378764864924,0.25532953497615263,1.4777766271318318,-0.6505392196994352,0.46789373378060306,0.8219141596619336,1.7462976633102176,1.5036495942736736,0.3302199646701009,-1.6216823712469601
0.0,1.4730737538962086,2.046368695088745,2.015378764864924,0.37789018836290517,1.3777010610824154,-0.18212326159481948,0.6629028181092068,0.9261634735139385,0.7346299763040068,1.2007673421632241,0.4948392907644416,-1.6216823712469601
0.0,0.1169600933083427,-0.3136375509064838,2.015378764864924,-1.0315573255847497,-1.0241125241035742,0.01862643473573012,0.27288464945199925,-0.22057897885784417,1.8908216185968192,0.8978850900527745,0.08329097552858834,-1.6216823712469601
0.0,1.066239655719848,-0.4447490090173296,2.015378764864924,0.7455721485231631,-0.6238102599059097,0.6877920891708954,1.1016732578485655,0.9956630160819159,-0.7828715542053076,0.9988458407562577,-0.8221153179902886,0.21005529145395715
0.0,1.4730737538962086,-1.10030629957156,2.015378764864924,-0.23491307857085766,0.8773232308353338,0.08554300017924665,0.49226986932167854,0.5091662181059964,-0.06025177777229999,-0.010761666278573195,0.000981312481417987,0.21005529145395715
0.0,-0.8323194691031637,2.1774801531995913,2.015378764864924,0.010208228202647584,0.2768698345388365,-1.52045457046515,-0.5315278234034915,0.8566639309459224,0.5901060210174053,0.8978850900527745,-1.3159732962733122,-0.7058135398965015
0.0,2.6935760484252884,1.1285884883128225,2.015378764864924,-1.092837652278126,-0.6238102599059097,-1.386621439578117,-1.9697198203269446,-0.6375762342657476,-1.6500152859249169,-1.5251729268308196,-0.08132835056575237,-0.7058135398965015
0.0,0.3881828254259149,0.9974770302019772,2.015378764864924,-0.9907037744558321,-1.5244903543506556,-0.5836226542559186,-0.26339033245166127,-1.3325716599455995,0.8068919539473061,-1.5251729268308196,1.3179359212361481,-1.6216823712469601
0.0,2.2867419502489277,-0.9691948414607139,2.015378764864924,-0.5821682631666567,0.1767942684894202,-0.3828729579253691,-0.48277555232134056,-0.012080351153873174,-0.34929968834550307,0.2921205858318764,-0.41056700275443525,0.21005529145395715
0.0,1.066239655719848,-1.10030629957156,2.015378764864924,2.389927581462094,0.3769454005882529,0.08554300017924665,0.516646004862754,2.003406383317705,-0.9273955094919092,-0.717486921202955,-1.1513539701789715,1.125924122804416
0.0,0.9306282896610618,-0.9691948414607139,2.015378764864924,-0.9294234477624558,1.277625495032999,-1.0520386123605343,-0.6534085011088689,0.26591781911807527,1.0236778868772098,-0.41460466909250543,-0.575186328848776,1.125924122804416
0.0,0.7950169236022757,0.4730311977585925,2.015378764864924,0.37789018836290517,1.277625495032999,0.9554583509449616,1.2479300710950183,1.238911415069837,2.3966554620999228,0.9988458407562577,-0.7398056549431182,0.21005529145395715
0.0,0.7950169236022757,0.4730311977585925,2.015378764864924,0.37789018836290517,1.277625495032999,0.9554583509449616,1.2479300710950183,1.238911415069837,2.3966554620999228,0.9988458407562577,-0.7398056549431182,0.21005529145395715
0.0,0.1169600933083427,-0.5758604671281757,2.015378764864924,0.13276888158940012,2.078230023428329,1.022374916388478,0.7604073602735087,0.64816530324199,2.5411794173865245,0.1911598351283932,-0.2459476766600931,0.21005529145395715
0.0,1.3374623878374214,-0.05141463468479146,2.015378764864924,-0.6638753654244918,0.2768698345388365,-0.9182054814735013,-0.507151687862416,-0.2553287501418329,-0.2047757330589015,-1.3232514254238537,-0.2459476766600931,1.125924122804416
0.0,2.2867419502489277,-1.231417757682406,2.015378764864924,0.500450841749658,0.5770965326870855,-0.7843723505864683,-0.7021607721910198,0.30066759040206403,-2.228111107071323,-1.4242121761273363,-0.08132835056575237,-0.7058135398965015
0.0,-0.8323194691031637,0.0796968234260547,2.015378764864924,-1.011130550020291,0.7772476647859181,-0.9851220469170178,-1.530949380587586,-0.2553287501418329,0.9514159092339075,-0.41460466909250543,-0.6574959918959463,0.21005529145395715
0.0,1.066239655719848,0.6041426558694387,2.015378764864924,1.4400825177147614,1.9781544573789127,1.022374916388478,1.3210584777182448,1.7601579843297452,0.22879613280090308,0.4940420872388428,-1.3159732962733122,-0.7058135398965015
0.0,2.151130584190142,-0.3136375509064838,2.015378764864924,0.21447598384723526,-0.32358356175766073,0.754708654614412,-0.7021607721910198,-0.1510794362898667,-1.144181442421813,-1.5251729268308196,1.0710069320946372,-1.6216823712469601
0.0,-0.5610967369855903,-1.8869750482366363,2.015378764864924,0.010208228202647584,-0.023356863609411745,0.9554583509449616,0.5897744114859804,0.23116804783408657,1.0959398645205092,-0.41460466909250543,-0.16363801361292274,0.21005529145395715
0.0,2.422353316307714,-1.362529215793252,2.015378764864924,0.1940492082827764,0.07671870244000388,-1.7212042667956997,-1.7990868715394164,0.5091662181059964,-0.4215616659888054,1.0998065914597408,-0.08132835056575237,0.21005529145395715
0.0,0.2525714593671288,0.3419197396477463,2.015378764864924,-0.5208879364732805,0.4770209666376692,0.15245956562276317,-0.0196289770409065,-0.012080351153873174,-1.722277263568216,-0.8184476719064376,-0.9867346440846293,0.21005529145395715
0.0,-0.5610967369855903,0.0796968234260547,2.015378764864924,0.1940492082827764,0.3769454005882529,1.2231246127190276,1.6867005108343769,0.6134155319580012,0.3733200880875046,-0.5155654197959887,-1.1513539701789715,0.21005529145395715
0.0,-0.5610967369855903,0.0796968234260547,2.015378764864924,0.1940492082827764,0.3769454005882529,1.2231246127190276,1.6867005108343769,0.6134155319580012,0.3733200880875046,-0.5155654197959887,-1.1513539701789715,0.21005529145395715
0.0,0.2525714593671288,0.3419197396477463,2.015378764864924,-0.5208879364732805,0.4770209666376692,0.15245956562276317,-0.0196289770409065,-0.012080351153873174,-1.722277263568216,-0.8184476719064376,-0.9867346440846293,0.21005529145395715
0.0,1.879907852072567,0.9974770302019772,2.015378764864924,0.3370366372339878,0.3769454005882529,1.3569577436060607,2.10109481503266,0.7524146170939562,-0.7828715542053076,0.3930813365353596,0.08329097552858834,0.21005529145395715
0.0,-1.645987665455884,1.6530343207562073,-0.9982048530363895,-0.3370469563931515,-0.8239613920047416,-0.5167060888124021,-1.4578209739643597,-1.1240730322416284,0.6623679986607045,-1.2222906747203706,1.7294842364720013,1.125924122804416
0.0,-1.645987665455884,1.9152572369778988,-0.9982048530363895,-0.9089966721979972,-0.8239613920047416,-1.654287701352183,-2.042848226950171,-1.9754424286994683,0.9514159092339075,0.1911598351283932,2.3879615408493673,-1.6216823712469601
0.0,0.3881828254259149,-0.05141463468479146,2.015378764864924,-0.8477163455046207,-1.0241125241035742,-0.249039827038336,-0.5802800944856424,-1.2283223460936332,1.312725797450413,-0.6165261704994719,1.8941035625663436,-1.6216823712469601
0.0,0.9306282896610618,0.7352541139802848,2.015378764864924,-0.9498502233269145,-1.1241880901529906,0.6208755237273789,-0.6777846366499444,-1.1240730322416284,-0.8551335318486101,-0.21268316768553905,1.5648649103776606,0.21005529145395715
0.0,-1.3747649333383105,-0.9691948414607139,2.015378764864924,-0.29619340526423393,-0.2235079957082444,0.6208755237273789,-0.4583994167802651,-0.11632966500583938,1.0959398645205092,-1.0203691733134042,-0.9044249810374589,-1.6216823712469601
0.0,1.7442964860137808,-0.8380833833498678,2.015378764864924,1.1132541086834211,0.5770965326870855,0.754708654614412,1.8329573240808297,1.0304127873659046,-0.7106095765620085,-0.21268316768553905,-0.49287666580160566,-1.6216823712469601
0.0,0.9306282896610618,0.7352541139802848,2.015378764864924,-0.9498502233269145,-1.1241880901529906,0.6208755237273789,-0.6777846366499444,-1.1240730322416284,-0.8551335318486101,-0.21268316768553905,1.5648649103776606,0.21005529145395715
0.0,1.879907852072567,-0.05141463468479146,2.015378764864924,-0.23491307857085766,-0.2235079957082444,-1.0520386123605343,-0.8971698565196237,0.09216896269809303,-0.49382364363210457,-1.4242121761273363,-0.41056700275443525,0.21005529145395715
0.0,1.3374623878374214,-0.05141463468479146,2.015378764864924,-0.6434485898600331,-1.5244903543506556,-0.4497895233688856,-1.2140596185536048,-0.6723260055497363,-1.144181442421813,-1.6261336775343027,0.5771489538116135,-1.6216823712469601
0.0,1.6086851199549947,-1.624752132014944,2.015378764864924,-0.9907037744558321,-0.7238858259553254,0.48704239284034584,-0.4096471456981141,-0.3595780639937991,0.517844043374103,-0.8184476719064376,0.000981312481417987,-1.6216823712469601
0.0,1.6086851199549947,0.3419197396477463,2.015378764864924,1.092827333118962,-0.7238858259553254,0.35320926195331276,-0.14150965474628388,0.6829150745259787,-0.34929968834550307,-1.4242121761273363,0.16560063857576018,1.125924122804416
0.0,0.9306282896610618,-0.9691948414607139,2.015378764864924,-0.9702769988913732,0.4770209666376692,0.48704239284034584,0.07787556512339541,-0.22057897885784417,1.5295117303803136,-0.1117224169820564,0.08329097552858834,0.21005529145395715
0.0,0.1169600933083427,0.9974770302019772,2.015378764864924,0.1940492082827764,0.2768698345388365,1.75845713626716,1.6867005108343769,0.64816530324199,-0.7106095765620085,-0.8184476719064376,-1.3159732962733122,0.21005529145395715
0.0,-0.8323194691031637,-0.8380833833498678,2.015378764864924,-0.9702769988913732,2.278381155527162,-1.1858717432475674,0.15100397174662183,-0.04683012243786191,0.22879613280090308,0.3930813365353596,-1.1513539701789715,0.21005529145395715
0.0,-0.5610967369855903,1.390811404534515,2.015378764864924,1.4196557421503027,0.2768698345388365,1.2231246127190276,2.5886175258541697,1.5169095853417855,-0.34929968834550307,-0.010761666278573195,-1.7275216115091654,0.21005529145395715
0.0,-0.8323194691031637,-0.5758604671281757,2.015378764864924,-0.07149887405518755,-1.3243392222518229,-0.249039827038336,-0.2146380613695103,-0.3595780639937991,1.601773708023616,-1.2222906747203706,0.5771489538116135,-1.6216823712469601
0.0,1.3374623878374214,-0.05141463468479146,2.015378764864924,-0.6434485898600331,-1.5244903543506556,-0.4497895233688856,-1.2140596185536048,-0.6723260055497363,-1.144181442421813,-1.6261336775343027,0.5771489538116135,-1.6216823712469601
0.0,-0.42548537092680416,2.308591611310437,2.015378764864924,0.2757563105406115,0.2768698345388365,-1.252788308691084,0.7847834958145843,0.64816530324199,-0.566085621275407,-1.1213299240168872,-1.5629022854148247,0.21005529145395715
0.0,0.2525714593671288,-1.624752132014944,2.015378764864924,-0.09192564961964625,1.0774743629341665,-0.8512889160299848,-0.4583994167802651,0.5439159893899852,1.2404638198071105,-1.2222906747203706,-0.9867346440846293,0.21005529145395715
0.0,-0.5610967369855903,-0.05141463468479146,2.015378764864924,0.010208228202647584,-0.5237346938564934,0.15245956562276317,0.5897744114859804,0.5439159893899852,1.384987775093712,0.4940420872388428,-0.7398056549431182,0.21005529145395715
0.0,1.879907852072567,-0.8380833833498678,2.015378764864924,-0.5821682631666567,1.4777766271318318,-1.386621439578117,-0.7021607721910198,-0.3595780639937991,0.012010199870999176,-1.3232514254238537,0.7417682799059542,0.21005529145395715
0.0,1.3374623878374214,-1.4936406739040982,-0.9982048530363895,0.2757563105406115,0.4770209666376692,-0.9182054814735013,-0.9459221276017746,0.43966667553801897,-1.7945392412115184,-1.727094428237786,-0.8221153179902886,0.21005529145395715
0.0,0.1169600933083427,-0.18252609279563764,-0.9982048530363895,-0.9294234477624558,1.0774743629341665,-1.9219539631262492,-0.38527101015703863,-0.29007852142582163,0.3010581104442022,2.210374849198055,0.6594586168587838,1.125924122804416
0.0,1.879907852072567,-0.8380833833498678,2.015378764864924,-0.5821682631666567,1.4777766271318318,-1.386621439578117,-0.7021607721910198,-0.3595780639937991,0.012010199870999176,-1.3232514254238537,0.7417682799059542,0.21005529145395715
0.0,0.3881828254259149,0.21080828153690087,2.015378764864924,0.03063500376710628,-0.12343242965882807,-0.4497895233688856,-0.6290323655677934,-0.42907760656177657,1.601773708023616,0.9988458407562577,1.3179359212361481,-1.6216823712469601
0.0,0.7950169236022757,-0.9691948414607139,2.015378764864924,0.07148855489602385,-0.5237346938564934,-1.3197048741346005,-0.6534085011088689,-0.012080351153873174,0.08427217751430155,-1.0203691733134042,0.3302199646701009,-1.6216823712469601
0.0,2.0155192181313555,-0.18252609279563764,2.015378764864924,2.1345928869063595,0.5770965326870855,1.022374916388478,2.2229754927380374,2.177155239737649,-1.144181442421813,0.3930813365353596,-1.1513539701789715,0.21005529145395715
0.0,1.7442964860137808,-1.8869750482366363,2.015378764864924,-1.0519841011492084,-0.023356863609411745,0.5539589582838623,0.565398275944905,-0.1510794362898667,-0.4215616659888054,-0.010761666278573195,-0.7398056549431182,0.21005529145395715
0.0,1.4730737538962086,-0.5758604671281757,2.015378764864924,-0.5208879364732805,-0.023356863609411745,-0.5836226542559186,-0.7752891788142463,-0.29007852142582163,-0.6383475989187061,-0.9194084226099208,-0.08132835056575237,1.125924122804416
0.0,-0.5610967369855903,-0.5758604671281757,2.015378764864924,0.23490275941169395,1.1775499289835827,0.48704239284034584,0.34601305607522564,0.33541736168605274,0.5901060210174053,0.3930813365353596,-0.41056700275443525,0.21005529145395715
0.0,0.6594055575434884,-0.9691948414607139,2.015378764864924,1.879258192350625,1.5778521931812481,1.022374916388478,-0.06838124812305746,2.0729059258856823,1.6740356856669152,-1.2222906747203706,-1.2336636332261417,-1.6216823712469601
0.0,1.7442964860137808,0.4730311977585925,2.015378764864924,1.215387986505715,0.6771720987365019,1.022374916388478,0.17538010728769732,1.1346621012178708,-0.7106095765620085,0.8978850900527745,-0.3282573397072649,-1.6216823712469601
0.0,0.6594055575434884,-0.9691948414607139,2.015378764864924,1.879258192350625,1.5778521931812481,1.022374916388478,-0.06838124812305746,2.0729059258856823,1.6740356856669152,-1.2222906747203706,-1.2336636332261417,-1.6216823712469601
0.0,0.9306282896610618,-0.3136375509064838,2.015378764864924,0.6230114951364106,0.5770965326870855,1.022374916388478,0.2972607849930747,0.8219141596619336,-0.13251375541560237,1.0998065914597408,-0.08132835056575237,-1.6216823712469601
0.0,-0.5610967369855903,-0.5758604671281757,2.015378764864924,0.23490275941169395,1.1775499289835827,0.48704239284034584,0.34601305607522564,0.33541736168605274,0.5901060210174053,0.3930813365353596,-0.41056700275443525,0.21005529145395715
0.0,1.3374623878374214,-0.706971925239022,2.015378764864924,-1.0519841011492084,-0.6238102599059097,-0.9851220469170178,-0.9215459920606991,-1.3325716599455995,-0.9996574871352115,-2.029976680348235,1.2356262581889779,-1.6216823712469601
0.0,0.3881828254259149,0.4730311977585925,2.015378764864924,-0.9702769988913732,0.2768698345388365,-0.249039827038336,-0.8971698565196237,0.12691873398208176,1.5295117303803136,1.0998065914597408,-0.3282573397072649,1.125924122804416
0.0,1.066239655719848,0.6041426558694387,2.015378764864924,-0.49024777312659223,0.1767942684894202,-0.5167060888124021,-0.14150965474628388,-0.915574404537696,-0.7828715542053076,1.9074925970876064,1.8117938995191731,-1.6216823712469601
0.0,1.879907852072567,0.3419197396477463,2.015378764864924,-1.092837652278126,0.1767942684894202,-0.3828729579253691,-0.4583994167802651,-0.3595780639937991,0.3733200880875046,-1.2222906747203706,0.24791030162293054,-0.7058135398965015
0.0,-0.28987400486801806,2.57081452753213,2.015378764864924,0.21447598384723526,0.9773987968847501,-1.0520386123605343,1.1504255289307164,0.6134155319580012,-0.566085621275407,-1.0203691733134042,-1.3159732962733122,1.125924122804416
0.0,1.3374623878374214,0.21080828153690087,2.015378764864924,-1.0315573255847497,0.3769454005882529,-0.5167060888124021,0.12662783620554635,-0.08157989372185065,-0.7106095765620085,1.0998065914597408,-0.3282573397072649,1.125924122804416
0.0,-1.3747649333383105,-1.4936406739040982,2.015378764864924,-1.072410876713667,0.5770965326870855,-0.9182054814735013,-0.9459221276017746,-0.3248282927098104,0.012010199870999176,-0.010761666278573195,-1.1513539701789715,1.125924122804416
0.0,1.3374623878374214,1.7841457788670534,2.015378764864924,0.2961830861050702,1.77800332528008,-0.048290130707786406,0.614150547027056,0.9609132447979272,0.517844043374103,0.9988458407562577,0.5771489538116135,0.21005529145395715
0.0,-0.28987400486801806,0.6041426558694387,2.015378764864924,0.2757563105406115,0.7772476647859181,1.1562080472755112,2.0279664084094335,0.8914137022299111,-0.49382364363210457,-0.3136439183890222,-1.4805926223676529,1.125924122804416
0.0,-0.28987400486801806,0.8008098430357079,2.015378764864924,0.2757563105406115,0.6771720987365019,1.2231246127190276,1.954838001786207,0.7524146170939562,-0.2047757330589015,-0.8184476719064376,-1.0690443071317997,1.125924122804416
0.0,-0.28987400486801806,0.0796968234260547,2.015378764864924,0.2961830861050702,0.6771720987365019,1.8253737017106764,1.954838001786207,0.7176648458099675,-0.13251375541560237,-0.3136439183890222,-0.9867346440846293,0.21005529145395715
0.0,-0.15426263880923075,-0.05141463468479146,2.015378764864924,0.3983169639273642,0.4770209666376692,1.2900411781625443,1.3210584777182448,0.5439159893899852,0.3010581104442022,-0.8184476719064376,-0.2459476766600931,0.21005529145395715
0.0,-0.15426263880923075,-0.706971925239022,2.015378764864924,-1.011130550020291,0.4770209666376692,-0.31595639248185253,-0.555903958944567,-0.8460748619697186,-1.93906319649812,-0.6165261704994719,0.16560063857576018,-1.6216823712469601
0.0,1.7442964860137808,0.21080828153690087,1.6537487307167666,1.8486180290039365,1.6779277592306636,-0.18212326159481948,0.979792580143188,2.281404553589615,0.5901060210174053,0.9988458407562577,-1.3159732962733122,-0.7058135398965015
0.0,-0.42548537092680416,-1.7558635901257902,0.5688586282722935,-1.092837652278126,-0.6238102599059097,0.888541785501445,-0.555903958944567,-0.9503241758216847,1.601773708023616,0.2921205858318764,0.7417682799059542,-1.6216823712469601
0.0,2.6935760484252884,1.6530343207562073,0.20722859412413622,-0.09192564961964625,1.277625495032999,-0.11520669615130294,-0.2146380613695103,-0.39432783527778786,-1.722277263568216,0.2921205858318764,0.9886972690474667,0.21005529145395715
0.0,1.4730737538962086,-1.10030629957156,0.08668524940808357,-1.0519841011492084,-0.924036958054158,-0.9851220469170178,-1.579701651669737,-0.5680766916977701,-0.49382364363210457,-1.0203691733134042,-0.08132835056575237,-1.6216823712469601
0.0,0.3881828254259149,0.6041426558694387,0.6894019729883462,-1.0519841011492084,-0.6238102599059097,-1.654287701352183,-0.31214260353381224,-0.4985771491297926,-0.34929968834550307,-0.41460466909250543,-0.575186328848776,0.21005529145395715
0.0,1.3374623878374214,-0.3136375509064838,-1.7214649213327047,0.07148855489602385,0.3769454005882529,-0.11520669615130294,0.565398275944905,0.8566639309459224,0.08427217751430155,0.7969243393492924,-0.6574959918959463,0.21005529145395715
0.0,0.2525714593671288,1.1285884883128225,-0.27494478474007433,0.03063500376710628,-1.4244147883012392,-0.5167060888124021,-1.2140596185536048,-0.08157989372185065,1.5295117303803136,-0.6165261704994719,0.6594586168587838,-1.6216823712469601
0.0,-0.8323194691031637,0.0796968234260547,-0.033858095307969065,0.500450841749658,0.4770209666376692,2.026123398041226,2.1254709505737357,0.7871643883779449,-0.13251375541560237,-0.1117224169820564,-1.3982829593204826,1.125924122804416
0.0,0.2525714593671288,1.1285884883128225,-0.27494478474007433,0.03063500376710628,-1.4244147883012392,-0.5167060888124021,-1.2140596185536048,-0.08157989372185065,1.5295117303803136,-0.6165261704994719,0.6594586168587838,-1.6216823712469601
0.0,0.6594055575434884,-0.4447490090173296,0.5688586282722935,-0.9294234477624558,-1.0241125241035742,1.6915405708236433,0.46789373378060306,-0.6375762342657476,-0.566085621275407,-1.3232514254238537,0.41252962771727125,0.21005529145395715
0.0,-0.8323194691031637,0.4730311977585925,-1.4803782319005994,0.05106177933156497,0.2768698345388365,0.48704239284034584,0.8091596313556597,0.19641827655005925,1.2404638198071105,-0.3136439183890222,-0.16363801361292274,0.21005529145395715
0.0,-0.5610967369855903,1.1285884883128225,-1.4803782319005994,-0.13277920074856384,-0.8239613920047416,-1.118955177804051,-0.48277555232134056,0.19641827655005925,1.0236778868772098,-0.5155654197959887,-0.41056700275443525,1.125924122804416
0.0,1.066239655719848,0.7352541139802848,0.20722859412413622,2.4512079081554705,1.1775499289835827,0.6208755237273789,1.4673152909646976,2.4204036387255696,0.22879613280090308,0.6959635886458092,-1.3159732962733122,1.125924122804416
0.0,0.5237941914847023,-0.18252609279563764,-0.516031474172179,1.6443502733593487,1.277625495032999,1.3569577436060607,1.6623243752933015,1.655908670477779,-0.49382364363210457,-1.0203691733134042,-1.3159732962733122,-1.6216823712469601
0.0,0.5237941914847023,-0.18252609279563764,-0.516031474172179,1.6443502733593487,1.277625495032999,1.3569577436060607,1.6623243752933015,1.655908670477779,-0.49382364363210457,-1.0203691733134042,-1.3159732962733122,-1.6216823712469601
0.0,0.6594055575434884,-0.05141463468479146,0.08668524940808357,2.3490740303331767,0.6771720987365019,0.45358411011858757,1.4185630198825467,2.14240546845366,-0.9273955094919092,-0.41460466909250543,-1.2336636332261417,-1.6216823712469601
0.0,0.5237941914847023,-0.18252609279563764,-0.516031474172179,1.6443502733593487,1.277625495032999,1.3569577436060607,1.6623243752933015,1.655908670477779,-0.49382364363210457,-1.0203691733134042,-1.3159732962733122,-1.6216823712469601
0.0,0.7950169236022757,-0.05141463468479146,0.5688586282722935,0.6230114951364106,0.4770209666376692,0.48704239284034584,0.24850851391092374,1.5169095853417855,1.9630835962401183,2.4122963506050215,-0.49287666580160566,1.125924122804416
0.0,0.6594055575434884,-0.05141463468479146,0.08668524940808357,2.3490740303331767,0.6771720987365019,0.45358411011858757,1.4185630198825467,2.14240546845366,-0.9273955094919092,-0.41460466909250543,-1.2336636332261417,-1.6216823712469601
0.0,0.3881828254259149,-1.362529215793252,-0.8776615083203368,-1.0315573255847497,-0.8239613920047416,-0.4497895233688856,-0.3365187390748877,-0.8113250906856913,0.5901060210174053,0.6959635886458092,0.6594586168587838,0.21005529145395715
0.0,0.5237941914847023,-0.18252609279563764,-0.516031474172179,1.6443502733593487,1.277625495032999,1.3569577436060607,1.6623243752933015,1.655908670477779,-0.49382364363210457,-1.0203691733134042,-1.3159732962733122,-1.6216823712469601
0.0,0.2525714593671288,-0.3136375509064838,-0.27494478474007433,-0.43918083421544535,-0.2235079957082444,0.4201258273968293,1.8573334596219053,-0.39432783527778786,0.6623679986607045,0.09019908442491001,0.9886972690474667,0.21005529145395715
0.0,-0.15426263880923075,0.014141094370631628,-1.2392915424684945,0.45959729062074034,0.5770965326870855,1.2900411781625443,1.491691426505773,0.5786657606740124,0.4455820657308038,-0.717486921202955,-0.3282573397072649,1.125924122804416
0.0,1.2018510217786353,-1.8869750482366363,-0.033858095307969065,-1.011130550020291,1.77800332528008,0.8216252200579285,0.32163692053415016,0.4744164468220077,1.312725797450413,-0.6165261704994719,-1.1513539701789715,0.21005529145395715
0.0,0.5237941914847023,-0.706971925239022,0.08668524940808357,-0.6843021409889506,-0.6238102599059097,0.01862643473573012,-0.11713351920520841,-0.3595780639937991,0.4455820657308038,-0.8184476719064376,0.3302199646701009,0.21005529145395715
0.0,2.2867419502489277,0.7352541139802848,0.44831528355624084,1.7464841511816427,-0.12343242965882807,0.8216252200579285,1.2966823421771692,1.5169095853417855,-0.7828715542053076,-1.727094428237786,-0.49287666580160566,0.21005529145395715
0.0,0.1169600933083427,-1.10030629957156,-0.27494478474007433,-0.8885698966335382,-0.42365912780707704,0.2862926965097962,1.2966823421771692,-0.8460748619697186,0.9514159092339075,-1.1213299240168872,1.3179359212361481,0.21005529145395715
0.0,0.2525714593671288,-0.3136375509064838,-0.27494478474007433,-0.43918083421544535,-0.2235079957082444,0.4201258273968293,1.8573334596219053,-0.39432783527778786,0.6623679986607045,0.09019908442491001,0.9886972690474667,0.21005529145395715
0.0,-0.6967081030443776,-0.05141463468479146,-0.395488129456127,-0.8477163455046207,0.07671870244000388,0.01862643473573012,0.9310403090610371,-0.707075776833725,1.384987775093712,-0.5155654197959887,0.8240779429531245,0.21005529145395715
0.0,-0.15426263880923075,-0.05141463468479146,-0.27494478474007433,-0.9294234477624558,0.07671870244000388,-0.6505392196994352,-0.38527101015703863,0.19641827655005925,1.8185596409535167,1.3017280928667072,-0.3282573397072649,0.21005529145395715
0.0,1.4730737538962086,0.3419197396477463,0.44831528355624084,0.9702666797322095,-0.924036958054158,0.5539589582838623,1.7354527819165277,1.0651625586498934,-0.34929968834550307,-0.21268316768553905,-0.2459476766600931,1.125924122804416
0.0,-0.42548537092680416,0.0796968234260547,-1.600921576616652,-0.43918083421544535,0.3769454005882529,-1.9219539631262492,-0.555903958944567,0.5786657606740124,0.4455820657308038,-1.3232514254238537,-1.6452119484619951,-0.7058135398965015
0.0,-0.15426263880923075,0.866365572091131,1.171575351852556,0.010208228202647584,1.5778521931812481,-0.5167060888124021,0.34601305607522564,0.5439159893899852,-0.2047757330589015,-0.41460466909250543,-0.8221153179902886,1.125924122804416
0.0,-0.15426263880923075,0.6041426558694387,1.171575351852556,0.010208228202647584,1.4777766271318318,-0.6505392196994352,0.27288464945199925,0.5786657606740124,-0.2047757330589015,-0.3136439183890222,-0.8221153179902886,1.125924122804416
0.0,-0.28987400486801806,-0.18252609279563764,-0.1544014400240217,-0.9907037744558321,-0.7238858259553254,-0.18212326159481948,-0.23901419691058579,-0.6028264629817588,1.601773708023616,-0.1117224169820564,0.5771489538116135,0.21005529145395715
0.0,-0.5610967369855903,-0.3136375509064838,-1.2392915424684945,-0.9907037744558321,-0.42365912780707704,0.2193761310662797,0.49226986932167854,-0.1510794362898667,1.601773708023616,0.6959635886458092,-0.575186328848776,0.21005529145395715
0.0,-0.018651272750444616,-0.05141463468479146,-0.395488129456127,2.1652330502530477,1.3777010610824154,0.888541785501445,1.028544851225339,2.0729059258856823,1.8908216185968192,-0.8184476719064376,-0.8221153179902886,1.125924122804416
0.0,-0.018651272750444616,-0.5758604671281757,-0.27494478474007433,1.4809360688436788,1.277625495032999,1.022374916388478,1.0529209867664144,1.586409127909763,1.8185596409535167,-0.9194084226099208,-0.6574959918959463,1.125924122804416
0.0,1.7442964860137808,0.6041426558694387,-0.9982048530363895,-0.9702769988913732,-1.0241125241035742,-1.654287701352183,-1.7015823293751144,-0.4985771491297926,-0.7828715542053076,-0.1117224169820564,-0.08132835056575237,1.125924122804416
0.0,0.2525714593671288,-0.8380833833498678,-0.27494478474007433,-0.051072098490728864,-0.5237346938564934,-0.249039827038336,-0.4096471456981141,0.02266942013011556,0.3733200880875046,0.2921205858318764,0.16560063857576018,1.125924122804416
0.0,1.4730737538962086,-1.10030629957156,0.5688586282722935,-0.6843021409889506,1.8780788913294963,-0.6505392196994352,1.0041687156842636,0.4049169042540302,0.22879613280090308,0.2921205858318764,-0.49287666580160566,0.21005529145395715
0.0,-0.28987400486801806,0.9974770302019772,-0.6365748188882316,-0.030645322926269987,1.6779277592306636,-0.7843723505864683,-0.0196289770409065,0.64816530324199,0.8068919539473061,0.09019908442491001,-0.41056700275443525,0.21005529145395715
0.0,-0.42548537092680416,-1.10030629957156,0.20722859412413622,-0.9702769988913732,-0.2235079957082444,0.5539589582838623,0.27288464945199925,-0.915574404537696,0.9514159092339075,1.0998065914597408,0.7417682799059542,-1.6216823712469601
0.0,0.2525714593671288,-0.706971925239022,-0.1544014400240217,-0.07149887405518755,0.3769454005882529,-0.3828729579253691,-0.7021607721910198,0.02266942013011556,0.517844043374103,0.1911598351283932,0.16560063857576018,0.21005529145395715
0.0,-0.018651272750444616,0.0796968234260547,-0.033858095307969065,-0.9907037744558321,0.1767942684894202,-1.0520386123605343,0.12662783620554635,-0.6028264629817588,-0.6383475989187061,-0.5155654197959887,-0.575186328848776,0.21005529145395715
0.0,-1.3747649333383105,-0.4447490090173296,-0.6365748188882316,-0.9294234477624558,0.07671870244000388,-0.7174557851429517,-1.6528300582929634,-0.18582920757385543,1.384987775093712,-1.727094428237786,-0.9867346440846293,0.21005529145395715
0.0,1.066239655719848,-0.8380833833498678,0.8099453177043987,-0.7660092432467857,0.1767942684894202,-0.31595639248185253,1.0529209867664144,0.09216896269809303,1.9630835962401183,-0.41460466909250543,0.16560063857576018,-1.6216823712469601
0.0,1.879907852072567,-1.4936406739040982,1.894835420148871,-0.7455824676823268,0.9773987968847501,-0.7174557851429517,1.2966823421771692,0.4049169042540302,2.2521315068133214,-0.3136439183890222,0.24791030162293054,-1.6216823712469601
0.0,-0.42548537092680416,-1.10030629957156,0.20722859412413622,-0.9702769988913732,-0.2235079957082444,0.5539589582838623,0.27288464945199925,-0.915574404537696,0.9514159092339075,1.0998065914597408,0.7417682799059542,-1.6216823712469601
0.0,0.2525714593671288,-1.7558635901257902,-0.27494478474007433,-0.2757666296997752,1.3777010610824154,-0.249039827038336,-0.3608948746159632,0.23116804783408657,2.0353455738834207,-0.6165261704994719,-0.08132835056575237,0.21005529145395715
0.0,0.1169600933083427,-1.231417757682406,-1.2392915424684945,-0.3574737319576104,2.178305589477745,1.3569577436060607,0.3703891916163011,0.4744164468220077,0.7346299763040068,-1.1213299240168872,-1.0690443071317997,0.21005529145395715
0.0,0.2525714593671288,0.4730311977585925,-0.033858095307969065,0.010208228202647584,-0.8239613920047416,-0.4497895233688856,-0.9702982631428501,-0.4985771491297926,0.3010581104442022,-0.41460466909250543,0.9886972690474667,0.21005529145395715
0.0,1.066239655719848,2.3741473403658606,1.4126620412846613,1.6647770489238078,0.2768698345388365,2.2268730943717756,1.8329573240808297,1.655908670477779,2.1076075515267196,-1.2222906747203706,-0.49287666580160566,0.21005529145395715
0.0,0.9306282896610618,-0.5758604671281757,0.08668524940808357,0.07148855489602385,-0.6238102599059097,0.6877920891708954,0.029123294041244457,0.02266942013011556,0.08427217751430155,2.0084533477910895,0.6594586168587838,0.21005529145395715
0.0,2.5579646823665,0.9974770302019772,1.6537487307167666,1.5217896199725964,1.277625495032999,2.2268730943717756,1.491691426505773,1.7254082130457564,1.2404638198071105,-1.1213299240168872,-0.9044249810374589,0.21005529145395715
0.0,1.7442964860137808,0.4730311977585925,-0.1544014400240217,-1.072410876713667,-0.12343242965882807,0.9554583509449616,-0.3365187390748877,-0.8460748619697186,-1.4332293529950129,-0.3136439183890222,0.41252962771727125,0.21005529145395715
0.0,0.1169600933083427,-1.362529215793252,-0.27494478474007433,0.6638650462653279,1.4777766271318318,1.022374916388478,1.1748016644717918,1.3779105002058305,1.4572497527370145,-1.0203691733134042,-0.8221153179902886,0.21005529145395715
0.0,1.6086851199549947,0.7352541139802848,0.44831528355624084,-0.3574737319576104,-0.023356863609411745,1.4238743090495773,1.0041687156842636,-0.3595780639937991,0.7346299763040068,-0.1117224169820564,1.1533165951418074,0.21005529145395715
0.0,-0.967930835161951,-0.5758604671281757,-1.1187481977524418,-0.6638753654244918,0.9773987968847501,-1.3197048741346005,-0.7996653143553217,0.33541736168605274,-0.34929968834550307,-0.6165261704994719,-1.5629022854148247,1.125924122804416
0.0,0.1169600933083427,-1.362529215793252,-0.27494478474007433,0.6638650462653279,1.4777766271318318,1.022374916388478,1.1748016644717918,1.3779105002058305,1.4572497527370145,-1.0203691733134042,-0.8221153179902886,0.21005529145395715
0.0,0.9306282896610618,-1.4936406739040982,0.6894019729883462,-0.9294234477624558,1.1775499289835827,-1.0520386123605343,-0.8727937209785482,0.26591781911807527,0.3733200880875046,-0.41460466909250543,-0.49287666580160566,1.125924122804416
0.0,2.151130584190142,0.3419197396477463,-0.395488129456127,-1.0826242644958965,-1.0241125241035742,-2.055787094013282,-1.9940959558680202,-1.054573489673651,-2.011325174141419,-1.6261336775343027,0.6594586168587838,-0.7058135398965015
0.0,-0.28987400486801806,1.390811404534515,1.7742920754328186,0.03063500376710628,1.8780788913294963,-0.7843723505864683,0.32163692053415016,0.5439159893899852,-0.34929968834550307,-0.3136439183890222,-0.8221153179902886,0.21005529145395715
0.0,1.2018510217786353,1.5219228626453611,0.9304886624204514,-0.8885698966335382,-0.42365912780707704,-0.4497895233688856,0.3703891916163011,-1.1240730322416284,-0.06025177777229999,-1.6261336775343027,1.8941035625663436,0.21005529145395715
0.0,-0.6967081030443776,-0.18252609279563764,-1.1187481977524418,1.7464841511816427,-0.32358356175766073,0.8216252200579285,0.12662783620554635,1.1172872155758764,-0.34929968834550307,-1.3232514254238537,-0.7398056549431182,0.21005529145395715
0.0,2.0155192181313555,0.4730311977585925,0.44831528355624084,0.7455721485231631,-0.023356863609411745,-0.11520669615130294,0.7847834958145843,1.5169095853417855,0.3010581104442022,0.2921205858318764,-1.0690443071317997,0.21005529145395715
0.0,-0.967930835161951,0.9974770302019772,-0.1544014400240217,1.1541076598123385,1.0774743629341665,0.754708654614412,2.466736848148792,1.343160728921842,-0.2047757330589015,-0.010761666278573195,-1.6452119484619951,1.125924122804416
0.0,0.9306282896610618,-0.5758604671281757,-0.395488129456127,-0.3166201808286928,0.7772476647859181,-0.11520669615130294,-1.2140596185536048,0.057419191414104294,-0.34929968834550307,-0.6165261704994719,-0.575186328848776,1.125924122804416
0.0,2.0155192181313555,0.4730311977585925,0.44831528355624084,0.7455721485231631,-0.023356863609411745,-0.11520669615130294,0.7847834958145843,1.5169095853417855,0.3010581104442022,0.2921205858318764,-1.0690443071317997,0.21005529145395715
0.0,1.6086851199549947,0.0796968234260547,-0.9982048530363895,-1.0519841011492084,0.1767942684894202,-0.9851220469170178,-0.8484175854374727,-0.3248282927098104,0.6623679986607045,-0.6165261704994719,0.24791030162293054,1.125924122804416
0.0,-0.967930835161951,-1.231417757682406,-0.6365748188882316,-0.9907037744558321,1.3777010610824154,0.6877920891708954,-0.044005112581981976,-0.4985771491297926,0.08427217751430155,-0.5155654197959887,-0.3282573397072649,0.21005529145395715
0.0,0.7950169236022757,-1.10030629957156,-0.27494478474007433,0.8272792507809983,0.2768698345388365,0.6208755237273789,0.9066641735199616,0.9609132447979272,-0.566085621275407,0.8978850900527745,-0.7398056549431182,0.21005529145395715
0.0,-0.15426263880923075,-1.362529215793252,-0.516031474172179,-0.7864360188112444,0.3769454005882529,0.35320926195331276,0.3947653271573766,-0.6028264629817588,1.384987775093712,0.2921205858318764,0.6594586168587838,-1.6216823712469601
0.0,-0.967930835161951,-0.11697036374021454,1.4126620412846613,1.215387986505715,0.2768698345388365,1.2231246127190276,1.4673152909646976,0.9956630160819159,0.3733200880875046,0.595002837942326,-0.9044249810374589,0.21005529145395715
0.0,0.7950169236022757,-0.4447490090173296,-0.8776615083203368,-1.011130550020291,0.6771720987365019,0.5539589582838623,0.10225170066447088,-0.1510794362898667,1.6740356856669152,0.595002837942326,-0.3282573397072649,-1.6216823712469601
0.0,-0.5610967369855903,-1.362529215793252,-0.516031474172179,-0.8477163455046207,-0.023356863609411745,-0.11520669615130294,-1.067802805307152,-0.8460748619697186,0.8791539315906084,-0.5155654197959887,0.41252962771727125,0.21005529145395715
0.0,-0.6967081030443776,-0.18252609279563764,-1.1187481977524418,1.7464841511816427,-0.32358356175766073,0.8216252200579285,0.12662783620554635,1.1172872155758764,-0.34929968834550307,-1.3232514254238537,-0.7398056549431182,0.21005529145395715
0.0,-0.15426263880923075,0.0796968234260547,-0.8776615083203368,0.3370366372339878,1.0774743629341665,1.2900411781625443,1.589195968670075,0.7871643883779449,0.22879613280090308,-0.5155654197959887,-1.0690443071317997,1.125924122804416
0.0,0.1169600933083427,0.3419197396477463,-1.1187481977524418,0.45959729062074034,1.3777010610824154,1.4238743090495773,1.9060857307040562,0.9956630160819159,-0.13251375541560237,-0.41460466909250543,-1.4805926223676529,1.125924122804416
0.0,-0.5610967369855903,0.21080828153690087,-1.600921576616652,-0.19405952744194008,-0.023356863609411745,2.159956528928259,1.0772971223074899,0.17904339090806487,0.8791539315906084,-1.3232514254238537,-0.3282573397072649,0.21005529145395715
0.0,1.6086851199549947,0.4730311977585925,-0.516031474172179,-0.13277920074856384,0.1767942684894202,-0.249039827038336,-0.31214260353381224,0.33541736168605274,-0.2047757330589015,0.2921205858318764,-0.3282573397072649,0.21005529145395715
0.0,-0.5610967369855903,-1.231417757682406,-0.6365748188882316,-0.9907037744558321,-0.5237346938564934,-0.9851220469170178,-0.9459221276017746,-0.7765753194017025,1.9630835962401183,-0.6165261704994719,0.3302199646701009,-1.6216823712469601
0.0,0.6594055575434884,-0.706971925239022,-0.27494478474007433,0.9294131286032921,-0.5237346938564934,-1.118955177804051,-0.604656230026718,1.099912329933882,1.5295117303803136,0.1911598351283932,-0.8221153179902886,0.21005529145395715
0.0,-0.15426263880923075,0.0796968234260547,-0.8776615083203368,0.3370366372339878,1.0774743629341665,1.2900411781625443,1.589195968670075,0.7871643883779449,0.22879613280090308,-0.5155654197959887,-1.0690443071317997,1.125924122804416
0.0,0.1169600933083427,0.3419197396477463,-1.1187481977524418,0.45959729062074034,1.3777010610824154,1.4238743090495773,1.9060857307040562,0.9956630160819159,-0.13251375541560237,-0.41460466909250543,-1.4805926223676529,1.125924122804416
0.0,-0.28987400486801806,0.7352541139802848,-0.7571181636042842,0.2757563105406115,1.1775499289835827,1.4238743090495773,1.7598289174576034,0.7871643883779449,-0.13251375541560237,-0.3136439183890222,-1.4805926223676529,1.125924122804416
0.0,0.7950169236022757,0.7352541139802848,-1.2392915424684945,-0.9498502233269145,0.8773232308353338,1.022374916388478,1.028544851225339,0.5786657606740124,0.6623679986607045,2.1094140984945717,-1.3982829593204826,1.125924122804416
0.0,1.2018510217786353,2.1774801531995913,-0.516031474172179,-0.37790050752206905,0.3769454005882529,-0.11520669615130294,-0.8484175854374727,-0.707075776833725,-0.2047757330589015,0.7969243393492924,1.3179359212361481,-1.6216823712469601
0.0,1.3374623878374214,1.6530343207562073,-0.7571181636042842,0.7251453729587044,1.6779277592306636,-0.11520669615130294,1.0772971223074899,0.5786657606740124,-1.0719194647785106,-0.6165261704994719,0.24791030162293054,0.21005529145395715
0.0,-0.42548537092680416,-1.10030629957156,-0.7571181636042842,-1.011130550020291,-0.12343242965882807,0.35320926195331276,0.10225170066447088,0.09216896269809303,1.0959398645205092,2.4122963506050215,-0.9044249810374589,0.21005529145395715
0.0,1.3374623878374214,1.7841457788670534,-0.7571181636042842,0.6434382707008693,1.6779277592306636,-0.18212326159481948,1.0041687156842636,0.5786657606740124,-1.0719194647785106,-0.5155654197959887,0.24791030162293054,0.21005529145395715
0.0,1.3374623878374214,1.6530343207562073,-0.7571181636042842,0.7251453729587044,1.6779277592306636,-0.11520669615130294,1.0772971223074899,0.5786657606740124,-1.0719194647785106,-0.6165261704994719,0.24791030162293054,0.21005529145395715
0.0,0.1169600933083427,-0.9691948414607139,-0.516031474172179,-0.6843021409889506,1.1775499289835827,-0.11520669615130294,-0.9215459920606991,-0.4985771491297926,-0.2047757330589015,-0.8184476719064376,0.16560063857576018,0.21005529145395715
0.0,-0.28987400486801806,-0.18252609279563764,0.3277719388401882,1.5626431711015139,2.678683419724827,0.48704239284034584,0.6385266825681314,1.794907755613734,2.685703372673126,-0.1117224169820564,-0.6574959918959463,1.125924122804416
0.0,-0.42548537092680416,-1.10030629957156,-0.7571181636042842,-1.011130550020291,-0.12343242965882807,0.35320926195331276,0.10225170066447088,0.09216896269809303,1.0959398645205092,2.4122963506050215,-0.9044249810374589,0.21005529145395715
0.0,-0.5610967369855903,-1.4936406739040982,0.44831528355624084,-0.9294234477624558,-0.8239613920047416,0.5539589582838623,0.32163692053415016,-0.5680766916977701,1.6740356856669152,2.1094140984945717,0.3302199646701009,-1.6216823712469601
0.0,-0.5610967369855903,-1.4936406739040982,0.44831528355624084,-0.9294234477624558,-0.8239613920047416,0.5539589582838623,0.32163692053415016,-0.5680766916977701,1.6740356856669152,2.1094140984945717,0.3302199646701009,-1.6216823712469601
0.0,2.151130584190142,-1.231417757682406,-0.1544014400240217,-0.19405952744194008,0.9773987968847501,0.8216252200579285,0.32163692053415016,0.5091662181059964,0.3733200880875046,-1.0203691733134042,-0.6574959918959463,1.125924122804416
0.0,-0.967930835161951,0.7352541139802848,0.5688586282722935,-0.9294234477624558,0.8773232308353338,-1.4535380050216336,1.540443697587924,0.23116804783408657,2.179869529170022,-0.41460466909250543,-0.08132835056575237,-0.7058135398965015
0.0,2.2867419502489277,-0.706971925239022,-0.7571181636042842,0.5923713317897223,-0.8239613920047416,2.561455921589358,0.12662783620554635,0.23116804783408657,-0.9996574871352115,-1.1213299240168872,0.6594586168587838,0.21005529145395715
0.0,2.5579646823665,2.4397030694212836,0.9304886624204514,-0.9907037744558321,2.478532287625994,-1.1858717432475674,-0.8971698565196237,0.64816530324199,0.5901060210174053,0.8978850900527745,-0.41056700275443525,0.21005529145395715
0.0,-0.15426263880923075,-0.3136375509064838,-0.395488129456127,0.09191533046048254,-0.42365912780707704,1.2900411781625443,-0.23901419691058579,-0.22057897885784417,1.0236778868772098,-0.21268316768553905,0.8240779429531245,-1.6216823712469601
0.0,2.2867419502489277,-0.706971925239022,-0.7571181636042842,0.5923713317897223,-0.8239613920047416,2.561455921589358,0.12662783620554635,0.23116804783408657,-0.9996574871352115,-1.1213299240168872,0.6594586168587838,0.21005529145395715
0.0,0.7950169236022757,0.866365572091131,-0.7571181636042842,-0.7660092432467857,-0.2235079957082444,-0.3828729579253691,-0.5315278234034915,-0.8808246332537073,-0.8551335318486101,0.3930813365353596,0.9886972690474667,-1.6216823712469601
0.0,0.5237941914847023,-0.05141463468479146,-0.27494478474007433,-0.8681431210690794,-0.924036958054158,1.022374916388478,0.516646004862754,-1.0198237183896623,1.0236778868772098,-0.5155654197959887,1.2356262581889779,-1.6216823712469601
0.0,1.879907852072567,1.259699946423669,-0.395488129456127,0.25532953497615263,-0.7238858259553254,0.15245956562276317,-0.3608948746159632,0.02266942013011556,-0.2047757330589015,-1.4242121761273363,1.1533165951418074,1.125924122804416
0.0,1.3374623878374214,-0.8380833833498678,-0.9982048530363895,-0.9702769988913732,-1.624565920400072,-0.5836226542559186,1.2723062066360937,-0.9850739471056735,-0.7828715542053076,2.6142178520119876,1.2356262581889779,-1.6216823712469601
0.0,-0.5610967369855903,0.866365572091131,-0.9982048530363895,-0.9702769988913732,1.1775499289835827,-0.6505392196994352,-0.48277555232134056,0.1616685052660705,1.2404638198071105,0.1911598351283932,-1.0690443071317997,1.125924122804416
0.0,1.3374623878374214,-0.5758604671281757,0.44831528355624084,-1.011130550020291,1.3777010610824154,-0.9182054814735013,0.3947653271573766,-0.29007852142582163,0.08427217751430155,0.4940420872388428,-0.16363801361292274,0.21005529145395715
0.0,0.7950169236022757,1.1285884883128225,-0.1544014400240217,2.3695008058976352,1.9781544573789127,0.48704239284034584,1.2235539355539429,2.211905011021637,0.5901060210174053,1.604610344977157,-1.2336636332261417,1.125924122804416
0.0,-0.28987400486801806,1.390811404534515,-0.9982048530363895,-0.8885698966335382,2.178305589477745,-0.7843723505864683,-0.4096471456981141,0.26591781911807527,0.9514159092339075,0.595002837942326,-0.9867346440846293,1.125924122804416
0.0,-0.15426263880923075,1.390811404534515,1.0510320071365034,-0.010218547361811292,1.8780788913294963,-0.8512889160299848,0.2972607849930747,0.5091662181059964,-0.2047757330589015,-0.1117224169820564,-0.8221153179902886,0.21005529145395715
0.0,0.3881828254259149,1.390811404534515,-0.033858095307969065,-1.011130550020291,-0.5237346938564934,-0.5167060888124021,-0.26339033245166127,-0.707075776833725,0.012010199870999176,1.4026888435701905,1.1533165951418074,1.125924122804416
0.0,0.1169600933083427,-0.18252609279563764,-0.6365748188882316,0.551517780660805,-0.32358356175766073,0.15245956562276317,-0.2146380613695103,-0.08157989372185065,0.5901060210174053,-1.4242121761273363,0.5771489538116135,-1.6216823712469601
0.0,-0.5610967369855903,-0.05141463468479146,-1.3598348871845471,0.1531956571538588,-0.2235079957082444,0.01862643473573012,0.614150547027056,0.6134155319580012,1.4572497527370145,0.9988458407562577,-0.575186328848776,0.21005529145395715
0.0,1.066239655719848,0.4730311977585925,-1.2392915424684945,0.7864256996520805,0.6771720987365019,1.4907908744930938,1.3210584777182448,0.9609132447979272,-0.7828715542053076,-0.8184476719064376,-1.0690443071317997,0.21005529145395715
0.0,-0.5610967369855903,-0.05141463468479146,-1.3598348871845471,0.1531956571538588,-0.2235079957082444,0.01862643473573012,0.614150547027056,0.6134155319580012,1.4572497527370145,0.9988458407562577,-0.575186328848776,0.21005529145395715
0.0,1.066239655719848,0.4730311977585925,-1.2392915424684945,0.7864256996520805,0.6771720987365019,1.4907908744930938,1.3210584777182448,0.9609132447979272,-0.7828715542053076,-0.8184476719064376,-1.0690443071317997,0.21005529145395715
0.0,0.9306282896610618,0.866365572091131,0.8099453177043987,1.2358147620701736,2.278381155527162,-0.3828729579253691,-0.4340232812391896,1.238911415069837,-0.2047757330589015,-0.9194084226099208,-0.9867346440846293,1.125924122804416
0.0,1.066239655719848,1.5219228626453611,-1.4803782319005994,-0.6025950387311155,0.3769454005882529,-1.7212042667956997,-0.507151687862416,0.19641827655005925,-0.2770377107022039,-0.717486921202955,-0.9867346440846293,1.125924122804416
0.0,0.9306282896610618,0.866365572091131,0.8099453177043987,1.2358147620701736,2.278381155527162,-0.3828729579253691,-0.4340232812391896,1.238911415069837,-0.2047757330589015,-0.9194084226099208,-0.9867346440846293,1.125924122804416
0.0,-0.28987400486801806,1.259699946423669,-1.3598348871845471,-0.9907037744558321,0.6771720987365019,0.2862926965097962,1.1504255289307164,-0.3595780639937991,-0.06025177777229999,-0.717486921202955,-0.575186328848776,0.21005529145395715
0.0,1.066239655719848,1.5219228626453611,-1.4803782319005994,-0.6025950387311155,0.3769454005882529,-1.7212042667956997,-0.507151687862416,0.19641827655005925,-0.2770377107022039,-0.717486921202955,-0.9867346440846293,1.125924122804416
0.0,-1.645987665455884,2.57081452753213,-0.9982048530363895,-0.3166201808286928,-0.023356863609411745,-0.7174557851429517,-1.579701651669737,-1.054573489673651,0.7346299763040068,-1.1213299240168872,1.647174573424831,0.21005529145395715
0.0,0.5237941914847023,-1.4936406739040982,0.6894019729883462,-1.0519841011492084,-0.42365912780707704,-1.118955177804051,-0.6534085011088689,-0.7418255481177137,0.012010199870999176,-0.5155654197959887,0.41252962771727125,0.21005529145395715
0.0,1.879907852072567,2.046368695088745,-0.395488129456127,-0.4596076097799042,-1.224263656202407,-0.249039827038336,-0.8971698565196237,-0.9503241758216847,-1.3609673753517137,-1.6261336775343027,1.8117938995191731,-1.6216823712469601
0.0,-0.018651272750444616,0.4730311977585925,0.3277719388401882,-0.7251556921178681,-0.42365912780707704,-1.654287701352183,0.6629028181092068,-0.915574404537696,-0.7106095765620085,0.4940420872388428,1.1533165951418074,0.21005529145395715
0.0,-0.15426263880923075,0.0796968234260547,-0.27494478474007433,1.5422163955370551,-1.3243392222518229,-0.048290130707786406,-0.14150965474628388,0.5091662181059964,1.2404638198071105,0.1911598351283932,1.1533165951418074,-1.6216823712469601
0.0,-1.1035422012207372,-0.05141463468479146,-0.395488129456127,-1.092837652278126,-1.0241125241035742,-0.5167060888124021,-0.9946743986839256,-1.4715707450815543,1.384987775093712,-0.41460466909250543,1.40024558428332,0.21005529145395715
0.0,-0.018651272750444616,0.866365572091131,-0.516031474172179,-1.0519841011492084,-1.0241125241035742,0.2193761310662797,-0.14150965474628388,-1.7148191440695142,0.012010199870999176,-0.717486921202955,1.9764132256135138,0.21005529145395715
0.0,-0.018651272750444616,0.4730311977585925,0.3277719388401882,-0.7251556921178681,-0.42365912780707704,-1.654287701352183,0.6629028181092068,-0.915574404537696,-0.7106095765620085,0.4940420872388428,1.1533165951418074,0.21005529145395715
0.0,0.7950169236022757,0.3419197396477463,-0.1544014400240217,-0.9498502233269145,-0.7238858259553254,-0.7843723505864683,-0.6534085011088689,-0.42907760656177657,-0.8551335318486101,-1.0203691733134042,0.24791030162293054,1.125924122804416
0.0,1.879907852072567,2.046368695088745,-0.395488129456127,-0.4596076097799042,-1.224263656202407,-0.249039827038336,-0.8971698565196237,-0.9503241758216847,-1.3609673753517137,-1.6261336775343027,1.8117938995191731,-1.6216823712469601
0.0,0.6594055575434884,-0.9691948414607139,-0.9982048530363895,-0.010218547361811292,1.1775499289835827,-0.048290130707786406,2.2961038993612637,0.8914137022299111,1.2404638198071105,0.595002837942326,-0.49287666580160566,0.21005529145395715
0.0,-0.42548537092680416,0.7352541139802848,-2.44472498962902,1.0519737819900445,-0.924036958054158,0.01862643473573012,0.6872789536502824,1.238911415069837,0.22879613280090308,-1.6261336775343027,-1.3159732962733122,1.125924122804416
0.0,0.3881828254259149,0.7352541139802848,0.9304886624204514,-0.9907037744558321,-0.8239613920047416,-1.4535380050216336,-1.2871880251768313,0.19641827655005925,1.6740356856669152,1.2007673421632241,-0.16363801361292274,1.125924122804416
0.0,-0.42548537092680416,0.7352541139802848,-2.44472498962902,1.0519737819900445,-0.924036958054158,0.01862643473573012,0.6872789536502824,1.238911415069837,0.22879613280090308,-1.6261336775343027,-1.3159732962733122,1.125924122804416
0.0,0.6594055575434884,-0.9691948414607139,-0.9982048530363895,-0.010218547361811292,1.1775499289835827,-0.048290130707786406,2.2961038993612637,0.8914137022299111,1.2404638198071105,0.595002837942326,-0.49287666580160566,0.21005529145395715
0.0,0.6594055575434884,-1.231417757682406,-1.1187481977524418,-0.010218547361811292,0.8773232308353338,0.01862643473573012,2.515489119230943,0.8566639309459224,1.2404638198071105,0.595002837942326,-0.49287666580160566,0.21005529145395715
0.0,1.2018510217786353,2.308591611310437,-0.9982048530363895,0.9906934552966682,-1.1241880901529906,0.4201258273968293,0.7360312247324333,0.33541736168605274,-0.49382364363210457,-0.5155654197959887,0.5771489538116135,-1.6216823712469601
0.0,1.2018510217786353,2.308591611310437,-0.9982048530363895,0.9906934552966682,-1.1241880901529906,0.4201258273968293,0.7360312247324333,0.33541736168605274,-0.49382364363210457,-0.5155654197959887,0.5771489538116135,-1.6216823712469601
0.0,1.2018510217786353,2.308591611310437,-0.9982048530363895,0.9906934552966682,-1.1241880901529906,0.4201258273968293,0.7360312247324333,0.33541736168605274,-0.49382364363210457,-0.5155654197959887,0.5771489538116135,-1.6216823712469601
0.0,0.5237941914847023,-0.3136375509064838,-0.395488129456127,-0.8477163455046207,-0.5237346938564934,0.15245956562276317,-0.8484175854374727,-0.6375762342657476,0.5901060210174053,1.604610344977157,0.3302199646701009,-1.6216823712469601
0.0,-0.42548537092680416,0.9974770302019772,0.44831528355624084,0.9498399041677508,0.9773987968847501,1.2231246127190276,2.6861220680184714,1.586409127909763,1.8185596409535167,0.6959635886458092,-1.0690443071317997,0.21005529145395715
0.0,0.1169600933083427,-1.10030629957156,0.08668524940808357,-1.092837652278126,1.1775499289835827,-0.7174557851429517,0.6629028181092068,-0.42907760656177657,1.6740356856669152,0.2921205858318764,-0.08132835056575237,1.125924122804416
0.0,0.5237941914847023,-0.3136375509064838,-0.395488129456127,-0.8477163455046207,-0.5237346938564934,0.15245956562276317,-0.8484175854374727,-0.6375762342657476,0.5901060210174053,1.604610344977157,0.3302199646701009,-1.6216823712469601
0.0,-0.967930835161951,0.9974770302019772,1.6537487307167666,-0.3370469563931515,-1.3243392222518229,-0.9182054814735013,-1.0434266697660766,-0.9850739471056735,0.7346299763040068,1.4026888435701905,1.40024558428332,0.21005529145395715
0.0,0.7950169236022757,2.308591611310437,-1.4803782319005994,1.0519737819900445,0.6771720987365019,0.6208755237273789,0.49226986932167854,1.4474100427738081,0.5901060210174053,-0.41460466909250543,-1.3159732962733122,1.125924122804416
0.0,0.7950169236022757,2.308591611310437,-1.4803782319005994,1.0519737819900445,0.6771720987365019,0.6208755237273789,0.49226986932167854,1.4474100427738081,0.5901060210174053,-0.41460466909250543,-1.3159732962733122,1.125924122804416
0.0,0.2525714593671288,-0.3136375509064838,-0.8776615083203368,-0.9498502233269145,-0.023356863609411745,0.888541785501445,1.2723062066360937,-0.6375762342657476,0.4455820657308038,-0.6165261704994719,0.6594586168587838,0.21005529145395715
0.0,0.3881828254259149,-0.18252609279563764,-0.8776615083203368,-0.9702769988913732,0.3769454005882529,1.022374916388478,1.0772971223074899,-0.46382737784576533,0.08427217751430155,-0.6165261704994719,0.3302199646701009,-1.6216823712469601
0.0,-0.967930835161951,0.9974770302019772,1.6537487307167666,-0.3370469563931515,-1.3243392222518229,-0.9182054814735013,-1.0434266697660766,-0.9850739471056735,0.7346299763040068,1.4026888435701905,1.40024558428332,0.21005529145395715
0.0,2.0155192181313555,0.0796968234260547,0.8099453177043987,-0.8068627943757032,1.5778521931812481,-1.252788308691084,-0.7265369077320953,0.5786657606740124,0.6623679986607045,1.0998065914597408,-0.2459476766600931,1.125924122804416
0.0,-0.018651272750444616,-0.3136375509064838,0.3277719388401882,0.010208228202647584,0.5770965326870855,0.6208755237273789,0.8579119024378107,0.19641827655005925,0.7346299763040068,0.6959635886458092,-0.08132835056575237,-1.6216823712469601
0.0,-0.15426263880923075,-1.10030629957156,-1.600921576616652,-0.3370469563931515,0.3769454005882529,1.4907908744930938,0.5897744114859804,0.26591781911807527,0.9514159092339075,1.8065318463841233,-0.08132835056575237,0.21005529145395715
0.0,1.3374623878374214,-0.8380833833498678,-0.516031474172179,0.7864256996520805,1.1775499289835827,2.896038748806941,1.1991778000128674,1.099912329933882,-0.34929968834550307,-0.21268316768553905,-0.49287666580160566,0.21005529145395715
0.0,-0.28987400486801806,0.21080828153690087,-0.27494478474007433,0.2961830861050702,0.6771720987365019,1.4907908744930938,1.589195968670075,0.6829150745259787,0.3733200880875046,-0.9194084226099208,-0.9044249810374589,1.125924122804416
0.0,0.3881828254259149,-0.18252609279563764,-0.27494478474007433,-0.8068627943757032,-0.023356863609411745,-0.6505392196994352,-0.3608948746159632,0.057419191414104294,1.7462976633102176,1.3017280928667072,-0.08132835056575237,0.21005529145395715
0.0,1.066239655719848,0.0796968234260547,-0.8776615083203368,1.5422163955370551,0.7772476647859181,0.6877920891708954,1.5160675620468484,1.586409127909763,1.0959398645205092,0.1911598351283932,-0.6574959918959463,0.21005529145395715
0.0,0.1169600933083427,1.390811404534515,-0.516031474172179,1.5217896199725964,-1.1241880901529906,-0.048290130707786406,0.004747158500168979,0.33541736168605274,-0.6383475989187061,-1.1213299240168872,0.8240779429531245,0.21005529145395715
0.0,0.7950169236022757,-0.706971925239022,-0.6365748188882316,0.1940492082827764,-1.1241880901529906,0.4201258273968293,0.17538010728769732,-0.22057897885784417,-0.2770377107022039,-1.0203691733134042,0.9886972690474667,-1.6216823712469601
0.0,1.879907852072567,-1.10030629957156,-0.516031474172179,0.43917051505628163,-0.7238858259553254,0.4201258273968293,0.07787556512339541,0.4744164468220077,-1.0719194647785106,-1.1213299240168872,-0.41056700275443525,-1.6216823712469601
0.0,-0.6967081030443776,-0.9691948414607139,-1.3598348871845471,-0.9294234477624558,0.6771720987365019,0.01862643473573012,0.6385266825681314,-0.4985771491297926,0.8791539315906084,0.1911598351283932,-0.2459476766600931,0.21005529145395715
0.0,0.2525714593671288,-0.706971925239022,-1.2392915424684945,-0.2553398541353165,0.5770965326870855,0.2193761310662797,0.7604073602735087,0.23116804783408657,1.0959398645205092,0.09019908442491001,-0.16363801361292274,0.21005529145395715
0.0,-1.3747649333383105,0.866365572091131,-1.4803782319005994,1.9813920701729189,0.4770209666376692,-0.5836226542559186,0.7116550891913578,1.308410957637853,-0.7106095765620085,-0.21268316768553905,-1.3982829593204826,1.125924122804416
0.0,-1.3747649333383105,0.866365572091131,-1.4803782319005994,1.9813920701729189,0.4770209666376692,-0.5836226542559186,0.7116550891913578,1.308410957637853,-0.7106095765620085,-0.21268316768553905,-1.3982829593204826,1.125924122804416
0.0,1.4730737538962086,0.3419197396477463,-0.1544014400240217,0.20426259606500574,-0.8239613920047416,0.15245956562276317,0.4191414626984521,-0.012080351153873174,-0.9273955094919092,-1.727094428237786,0.16560063857576018,1.125924122804416
0.0,-0.28987400486801806,0.6041426558694387,0.6894019729883462,1.9813920701729189,1.5778521931812481,-1.252788308691084,0.6872789536502824,2.0381561546016935,1.384987775093712,1.2007673421632241,-1.1513539701789715,1.125924122804416
0.0,1.6086851199549947,-0.9691948414607139,-0.27494478474007433,-0.8885698966335382,1.0774743629341665,0.888541785501445,0.07787556512339541,0.057419191414104294,-0.06025177777229999,0.09019908442491001,-0.8221153179902886,0.21005529145395715
0.0,1.6086851199549947,-0.8380833833498678,0.44831528355624084,-1.0519841011492084,-1.0241125241035742,-0.9182054814735013,-1.433444838423284,-0.6028264629817588,-0.7828715542053076,-1.1213299240168872,-0.16363801361292274,0.21005529145395715
0.0,1.6086851199549947,-0.18252609279563764,-0.7571181636042842,1.5626431711015139,0.07671870244000388,0.4201258273968293,2.710498203559547,1.655908670477779,-1.144181442421813,0.8978850900527745,-1.5629022854148247,0.21005529145395715
0.0,1.2018510217786353,0.4730311977585925,1.171575351852556,1.6239234977948902,0.2768698345388365,0.6877920891708954,1.8573334596219053,1.8296575268977227,-0.06025177777229999,1.5036495942736736,-1.1513539701789715,1.125924122804416
0.0,1.2018510217786353,0.4730311977585925,1.171575351852556,1.6239234977948902,0.2768698345388365,0.6877920891708954,1.8573334596219053,1.8296575268977227,-0.06025177777229999,1.5036495942736736,-1.1513539701789715,1.125924122804416
0.0,1.2018510217786353,0.4730311977585925,1.171575351852556,1.6239234977948902,0.2768698345388365,0.6877920891708954,1.8573334596219053,1.8296575268977227,-0.06025177777229999,1.5036495942736736,-1.1513539701789715,1.125924122804416
0.0,-0.5610967369855903,-0.5758604671281757,-0.033858095307969065,0.3166098616695291,-1.3243392222518229,-0.048290130707786406,-0.31214260353381224,0.33541736168605274,1.5295117303803136,-0.9194084226099208,-0.3282573397072649,1.125924122804416
0.0,0.6594055575434884,-0.3136375509064838,1.0510320071365034,1.4809360688436788,0.7772476647859181,0.4201258273968293,1.0041687156842636,1.7254082130457564,1.312725797450413,-0.5155654197959887,-0.7398056549431182,1.125924122804416
0.0,0.5237941914847023,-0.3136375509064838,0.9304886624204514,2.3490740303331767,0.6771720987365019,1.022374916388478,1.1748016644717918,2.14240546845366,1.0959398645205092,-0.6165261704994719,-0.8221153179902886,1.125924122804416
0.0,1.066239655719848,-1.4936406739040982,0.9304886624204514,-1.0315573255847497,-0.6238102599059097,-0.7174557851429517,-0.604656230026718,-0.22057897885784417,-0.34929968834550307,2.8161393534189543,-0.49287666580160566,1.125924122804416
0.0,1.2018510217786353,0.4730311977585925,1.171575351852556,1.6239234977948902,0.2768698345388365,0.6877920891708954,1.8573334596219053,1.8296575268977227,-0.06025177777229999,1.5036495942736736,-1.1513539701789715,1.125924122804416
0.0,1.066239655719848,0.866365572091131,1.0510320071365034,1.5013628444081373,0.2768698345388365,0.6208755237273789,1.4673152909646976,1.7601579843297452,-0.06025177777229999,1.604610344977157,-1.2336636332261417,1.125924122804416
0.0,-0.018651272750444616,-0.3136375509064838,-0.1544014400240217,2.4409945203732413,0.3769454005882529,0.35320926195331276,0.12662783620554635,2.14240546845366,0.8068919539473061,-0.717486921202955,-1.5629022854148247,1.125924122804416
0.0,-0.018651272750444616,-0.3136375509064838,-0.1544014400240217,2.4409945203732413,0.3769454005882529,0.35320926195331276,0.12662783620554635,2.14240546845366,0.8068919539473061,-0.717486921202955,-1.5629022854148247,1.125924122804416
0.0,-0.018651272750444616,1.1285884883128225,1.4126620412846613,0.03063500376710628,1.3777010610824154,-0.249039827038336,0.5897744114859804,0.4744164468220077,-0.34929968834550307,-0.41460466909250543,-0.9044249810374589,1.125924122804416
0.0,1.4730737538962086,-0.05141463468479146,0.08668524940808357,0.8068524752165396,-0.32358356175766073,2.561455921589358,1.8329573240808297,1.0651625586498934,-1.8668012188548175,0.09019908442491001,-0.9044249810374589,0.21005529145395715
0.0,0.5237941914847023,0.6041426558694387,1.0510320071365034,0.45959729062074034,1.0774743629341665,-1.3197048741346005,-1.165307347471454,1.308410957637853,0.7346299763040068,1.604610344977157,-0.575186328848776,0.21005529145395715
0.0,-0.15426263880923075,2.308591611310437,-0.1544014400240217,-0.9089966721979972,-1.224263656202407,0.4201258273968293,-0.7996653143553217,-1.3325716599455995,0.7346299763040068,1.4026888435701905,1.647174573424831,-1.6216823712469601
0.0,0.7950169236022757,-0.706971925239022,-0.27494478474007433,0.3166098616695291,-0.32358356175766073,-1.386621439578117,-0.4583994167802651,0.12691873398208176,-1.6500152859249169,-1.4242121761273363,-0.16363801361292274,1.125924122804416
0.0,2.6935760484252884,-0.4447490090173296,0.3277719388401882,0.8885595774743743,-0.2235079957082444,-0.5836226542559186,1.126049393389641,1.586409127909763,-1.8668012188548175,0.09019908442491001,-1.2336636332261417,0.21005529145395715
0.0,1.3374623878374214,0.9974770302019772,-0.6365748188882316,-1.0519841011492084,-0.2235079957082444,-0.6505392196994352,-0.7509130432731708,-0.22057897885784417,-1.2887053977084146,0.6959635886458092,-0.16363801361292274,1.125924122804416
0.0,1.4730737538962086,-0.05141463468479146,0.08668524940808357,0.8068524752165396,-0.32358356175766073,2.561455921589358,1.8329573240808297,1.0651625586498934,-1.8668012188548175,0.09019908442491001,-0.9044249810374589,0.21005529145395715
0.0,-1.1035422012207372,0.21080828153690087,0.3277719388401882,-0.9089966721979972,-0.5237346938564934,-1.252788308691084,-0.4096471456981141,-0.18582920757385543,-0.2047757330589015,2.1094140984945717,0.000981312481417987,1.125924122804416
0.0,1.4730737538962086,1.390811404534515,-0.27494478474007433,-0.7455824676823268,-1.3243392222518229,1.9592068325977094,0.516646004862754,-0.7765753194017025,-0.49382364363210457,1.0998065914597408,1.1533165951418074,-1.6216823712469601
0.0,0.5237941914847023,1.259699946423669,0.44831528355624084,-0.13277920074856384,-0.42365912780707704,-0.5836226542559186,-0.9459221276017746,-0.8460748619697186,-1.8668012188548175,1.0998065914597408,1.5648649103776606,-1.6216823712469601
0.0,1.066239655719848,-1.7558635901257902,0.20722859412413622,0.6025847195719519,1.9781544573789127,0.35320926195331276,-0.26339033245166127,0.9609132447979272,0.15653415515760072,-0.9194084226099208,-0.8221153179902886,1.125924122804416
0.0,-0.28987400486801806,-0.18252609279563764,0.44831528355624084,0.35746341279844646,0.2768698345388365,1.2900411781625443,1.0529209867664144,0.6829150745259787,-0.7828715542053076,-0.6165261704994719,-1.1513539701789715,1.125924122804416
0.0,0.3881828254259149,-1.10030629957156,-0.7571181636042842,-1.0315573255847497,-0.12343242965882807,-0.9851220469170178,-1.6040777872108125,-0.42907760656177657,-1.0719194647785106,2.6142178520119876,-0.575186328848776,0.21005529145395715
0.0,1.4730737538962086,0.4730311977585925,-0.6365748188882316,0.43917051505628163,-0.6238102599059097,-0.9851220469170178,-0.604656230026718,0.02266942013011556,-1.6500152859249169,-0.21268316768553905,0.9063876060002949,0.21005529145395715
0.0,2.0155192181313555,-0.4447490090173296,-0.27494478474007433,-0.8681431210690794,0.6771720987365019,-0.9182054814735013,0.3947653271573766,0.5091662181059964,-0.7106095765620085,0.1911598351283932,-0.8221153179902886,0.21005529145395715
0.0,-0.018651272750444616,2.1774801531995913,-0.27494478474007433,-0.5821682631666567,-0.924036958054158,-0.5167060888124021,-0.044005112581981976,-1.1240730322416284,-1.3609673753517137,-1.1213299240168872,1.1533165951418074,0.21005529145395715
0.0,0.5237941914847023,1.259699946423669,0.44831528355624084,-0.13277920074856384,-0.42365912780707704,-0.5836226542559186,-0.9459221276017746,-0.8460748619697186,-1.8668012188548175,1.0998065914597408,1.5648649103776606,-1.6216823712469601
0.0,-0.28987400486801806,-0.18252609279563764,0.44831528355624084,0.35746341279844646,0.2768698345388365,1.2900411781625443,1.0529209867664144,0.6829150745259787,-0.7828715542053076,-0.6165261704994719,-1.1513539701789715,1.125924122804416
0.0,0.3881828254259149,-1.10030629957156,-0.7571181636042842,-1.0315573255847497,-0.12343242965882807,-0.9851220469170178,-1.6040777872108125,-0.42907760656177657,-1.0719194647785106,2.6142178520119876,-0.575186328848776,0.21005529145395715
0.0,-0.28987400486801806,1.1285884883128225,-0.395488129456127,1.6443502733593487,0.1767942684894202,1.2900411781625443,0.979792580143188,1.8296575268977227,-0.13251375541560237,0.9988458407562577,-1.3982829593204826,0.21005529145395715
0.0,0.6594055575434884,-0.5758604671281757,2.1359221095809766,1.5013628444081373,0.6771720987365019,1.4238743090495773,1.2723062066360937,1.9339068407496889,0.3733200880875046,1.8065318463841233,-1.3159732962733122,0.21005529145395715
0.0,1.7442964860137808,-0.05141463468479146,0.08668524940808357,0.9702666797322095,0.9773987968847501,1.1896663299972694,0.516646004862754,1.308410957637853,-1.144181442421813,0.09019908442491001,-0.3282573397072649,-1.6216823712469601
0.0,1.066239655719848,-1.7558635901257902,0.20722859412413622,0.6025847195719519,1.9781544573789127,0.35320926195331276,-0.26339033245166127,0.9609132447979272,0.15653415515760072,-0.9194084226099208,-0.8221153179902886,1.125924122804416
0.0,0.2525714593671288,-1.8869750482366363,-1.600921576616652,-0.29619340526423393,1.277625495032999,-0.5167060888124021,-0.23901419691058579,0.5091662181059964,0.7346299763040068,-0.717486921202955,-0.9867346440846293,1.125924122804416
0.0,1.879907852072567,1.390811404534515,-0.6365748188882316,-0.9498502233269145,-1.4244147883012392,-1.654287701352183,-1.8965914137037183,-0.5333269204137814,-1.5777533082816144,-0.010761666278573195,-0.16363801361292274,1.125924122804416
0.0,1.066239655719848,-0.05141463468479146,0.44831528355624084,-0.9702769988913732,-1.0241125241035742,-1.9219539631262492,-0.7509130432731708,-0.29007852142582163,-0.2770377107022039,-0.8184476719064376,-0.16363801361292274,-0.7058135398965015
0.0,0.3881828254259149,-0.18252609279563764,-0.516031474172179,-0.9702769988913732,0.9773987968847501,0.754708654614412,0.7847834958145843,-0.42907760656177657,-0.9996574871352115,-0.717486921202955,-0.08132835056575237,1.125924122804416
0.0,0.2525714593671288,0.0796968234260547,-0.033858095307969065,0.09191533046048254,0.4770209666376692,0.8216252200579285,1.3698107488003957,-0.012080351153873174,0.3010581104442022,-0.9194084226099208,0.6594586168587838,0.21005529145395715
0.0,2.6935760484252884,0.9974770302019772,0.08668524940808357,0.6842918218297867,-0.6238102599059097,0.754708654614412,0.8579119024378107,0.9609132447979272,-0.7828715542053076,-0.8184476719064376,-0.3282573397072649,1.125924122804416
0.0,-0.018651272750444616,0.21080828153690087,0.44831528355624084,-0.9702769988913732,-0.2235079957082444,-0.6505392196994352,-1.2140596185536048,-0.4985771491297926,0.3010581104442022,1.8065318463841233,-0.2459476766600931,0.21005529145395715
0.0,2.6935760484252884,0.9974770302019772,0.08668524940808357,0.6842918218297867,-0.6238102599059097,0.754708654614412,0.8579119024378107,0.9609132447979272,-0.7828715542053076,-0.8184476719064376,-0.3282573397072649,1.125924122804416
0.0,0.5237941914847023,-1.362529215793252,0.3277719388401882,-1.0519841011492084,-1.1241880901529906,-0.5167060888124021,-1.2871880251768313,-0.3595780639937991,1.0236778868772098,-1.4242121761273363,-0.575186328848776,1.125924122804416
0.0,-0.018651272750444616,0.6041426558694387,-0.033858095307969065,0.25532953497615263,0.9773987968847501,0.01862643473573012,0.15100397174662183,0.7176648458099675,-0.34929968834550307,-1.0203691733134042,-1.3159732962733122,1.125924122804416
0.0,-0.018651272750444616,0.6041426558694387,-0.033858095307969065,0.25532953497615263,0.9773987968847501,0.01862643473573012,0.15100397174662183,0.7176648458099675,-0.34929968834550307,-1.0203691733134042,-1.3159732962733122,1.125924122804416
0.0,-0.6967081030443776,-0.18252609279563764,1.4126620412846613,1.0724005575545033,-0.12343242965882807,0.888541785501445,1.4185630198825467,1.0304127873659046,-0.06025177777229999,0.3930813365353596,-0.9044249810374589,1.125924122804416
0.0,-1.1035422012207372,2.4397030694212836,1.171575351852556,-1.072410876713667,0.8773232308353338,1.75845713626716,1.4673152909646976,-0.22057897885784417,-1.2164434200651122,-0.8184476719064376,-1.3159732962733122,1.125924122804416
0.0,1.7442964860137808,-0.05141463468479146,-0.27494478474007433,0.2961830861050702,0.6771720987365019,0.2862926965097962,0.3703891916163011,0.5439159893899852,-1.4332293529950129,0.9988458407562577,-0.49287666580160566,0.21005529145395715
0.0,-1.5103762993970966,2.4397030694212836,1.171575351852556,-1.072410876713667,0.8773232308353338,1.75845713626716,1.4673152909646976,-0.22057897885784417,-1.2164434200651122,-0.8184476719064376,-1.3159732962733122,1.125924122804416
0.0,0.5237941914847023,-0.9691948414607139,-0.1544014400240217,-1.011130550020291,0.3769454005882529,0.15245956562276317,-0.044005112581981976,0.02266942013011556,1.0959398645205092,0.8978850900527745,-0.3282573397072649,-1.6216823712469601
0.0,-0.15426263880923075,0.6041426558694387,1.4126620412846613,0.07148855489602385,1.1775499289835827,-0.3828729579253691,0.565398275944905,0.4744164468220077,-1.0719194647785106,-0.41460466909250543,-0.8221153179902886,1.125924122804416
0.0,1.6086851199549947,-0.18252609279563764,-2.3241816449129673,2.2162999891641944,-0.6238102599059097,0.9554583509449616,2.003590272868358,2.003406383317705,-1.6500152859249169,-0.21268316768553905,-0.7398056549431182,1.125924122804416
0.0,1.7442964860137808,0.6041426558694387,0.44831528355624084,0.37789018836290517,-1.4244147883012392,-0.3828729579253691,0.12662783620554635,-0.46382737784576533,-1.2887053977084146,-1.4242121761273363,1.9764132256135138,-1.6216823712469601
0.0,1.7442964860137808,-0.3136375509064838,0.6894019729883462,-0.41875405865098664,0.1767942684894202,0.9554583509449616,0.8579119024378107,0.7524146170939562,1.312725797450413,2.6142178520119876,0.16560063857576018,0.21005529145395715
0.0,1.6086851199549947,-0.18252609279563764,-2.3241816449129673,2.2162999891641944,-0.6238102599059097,0.9554583509449616,2.003590272868358,2.003406383317705,-1.6500152859249169,-0.21268316768553905,-0.7398056549431182,1.125924122804416
0.0,-0.5610967369855903,0.3419197396477463,-0.516031474172179,0.9702666797322095,2.078230023428329,2.0930399634847427,0.7847834958145843,1.2041616437858482,-2.1558491294280206,0.8978850900527745,-1.3159732962733122,1.125924122804416
0.0,0.5237941914847023,-1.4936406739040982,0.08668524940808357,-1.072410876713667,-1.5244903543506556,-1.252788308691084,-1.7990868715394164,-0.04683012243786191,1.312725797450413,-0.8184476719064376,-0.575186328848776,1.125924122804416
0.0,0.2525714593671288,-1.8869750482366363,-0.033858095307969065,0.17362243271831768,1.5778521931812481,-0.8512889160299848,-1.165307347471454,0.9609132447979272,0.7346299763040068,-1.0203691733134042,-1.1513539701789715,0.21005529145395715
0.0,1.879907852072567,-0.706971925239022,1.894835420148871,-1.011130550020291,-0.12343242965882807,-1.5873711359086666,-0.9215459920606991,0.6829150745259787,-0.13251375541560237,0.8978850900527745,-0.575186328848776,1.125924122804416
0.0,-0.018651272750444616,0.6041426558694387,1.171575351852556,0.11234210602494142,0.3769454005882529,1.022374916388478,0.8822880379788861,0.6829150745259787,0.012010199870999176,-0.21268316768553905,-1.3159732962733122,1.125924122804416
0.0,0.7950169236022757,-0.706971925239022,-0.27494478474007433,0.35746341279844646,0.4770209666376692,-1.4535380050216336,-0.555903958944567,0.09216896269809303,-0.49382364363210457,-1.3232514254238537,-0.08132835056575237,0.21005529145395715
0.0,1.6086851199549947,-0.4447490090173296,0.3277719388401882,0.5821579440074929,0.1767942684894202,1.2231246127190276,1.1991778000128674,1.099912329933882,-0.7106095765620085,0.7969243393492924,-0.9044249810374589,-1.6216823712469601
0.0,1.066239655719848,-0.8380833833498678,-0.1544014400240217,-1.011130550020291,0.4770209666376692,0.4201258273968293,0.12662783620554635,-0.1510794362898667,1.7462976633102176,0.4940420872388428,-0.41056700275443525,0.21005529145395715
0.0,-0.018651272750444616,0.0796968234260547,0.3277719388401882,0.2961830861050702,0.5770965326870855,2.762205617919908,1.4673152909646976,0.7176648458099675,0.3733200880875046,-0.5155654197959887,-0.9044249810374589,0.21005529145395715
0.0,-0.018651272750444616,0.21080828153690087,0.5688586282722935,0.13276888158940012,1.4777766271318318,0.01862643473573012,1.7354527819165277,1.2041616437858482,2.757965350316425,0.6959635886458092,-0.3282573397072649,1.125924122804416
0.0,2.151130584190142,-0.8380833833498678,-0.6365748188882316,-0.010218547361811292,0.5770965326870855,-0.31595639248185253,0.15100397174662183,0.9609132447979272,0.4455820657308038,0.1911598351283932,-1.2336636332261417,0.21005529145395715
0.0,1.4730737538962086,0.866365572091131,-0.7571181636042842,-1.0519841011492084,0.1767942684894202,-0.7843723505864683,-0.8240414498963973,-0.22057897885784417,0.012010199870999176,0.595002837942326,-0.08132835056575237,0.21005529145395715
0.0,0.9306282896610618,1.5219228626453611,2.1359221095809766,1.3175218643280087,-0.023356863609411745,1.4907908744930938,1.1504255289307164,1.586409127909763,-0.7106095765620085,-0.21268316768553905,-1.3159732962733122,0.21005529145395715
0.0,1.066239655719848,-0.8380833833498678,-0.27494478474007433,1.6034967222304313,1.3777010610824154,1.2231246127190276,1.8451453918513674,1.794907755613734,-0.34929968834550307,-0.21268316768553905,-1.3982829593204826,-1.6216823712469601
0.0,1.066239655719848,-0.8380833833498678,-0.27494478474007433,1.6034967222304313,1.3777010610824154,1.2231246127190276,1.8451453918513674,1.794907755613734,-0.34929968834550307,-0.21268316768553905,-1.3982829593204826,-1.6216823712469601
0.0,1.066239655719848,-0.8380833833498678,-0.27494478474007433,1.6034967222304313,1.3777010610824154,1.2231246127190276,1.8451453918513674,1.794907755613734,-0.34929968834550307,-0.21268316768553905,-1.3982829593204826,-1.6216823712469601
0.0,1.066239655719848,-0.8380833833498678,-0.27494478474007433,1.6034967222304313,1.3777010610824154,1.2231246127190276,1.8451453918513674,1.794907755613734,-0.34929968834550307,-0.21268316768553905,-1.3982829593204826,-1.6216823712469601
0.0,1.066239655719848,-0.8380833833498678,-0.27494478474007433,1.6034967222304313,1.3777010610824154,1.2231246127190276,1.8451453918513674,1.794907755613734,-0.34929968834550307,-0.21268316768553905,-1.3982829593204826,-1.6216823712469601
0.0,1.066239655719848,-1.362529215793252,1.0510320071365034,-0.9089966721979972,0.4770209666376692,-0.5167060888124021,0.34601305607522564,-0.04683012243786191,0.08427217751430155,0.4940420872388428,-0.41056700275443525,0.21005529145395715
0.0,1.7442964860137808,-0.5758604671281757,-0.516031474172179,0.2757563105406115,0.07671870244000388,1.4907908744930938,0.9554164446021126,0.5439159893899852,-0.49382364363210457,0.6959635886458092,-0.49287666580160566,1.125924122804416
0.0,1.6086851199549947,-0.5758604671281757,-0.033858095307969065,0.8272792507809983,0.07671870244000388,1.892290267154193,1.5648198331289995,1.099912329933882,-0.566085621275407,0.4940420872388428,-0.9044249810374589,0.21005529145395715
0.0,0.3881828254259149,0.866365572091131,-0.27494478474007433,-0.6230218142955743,-0.8239613920047416,-0.31595639248185253,-0.8484175854374727,-0.915574404537696,-0.7828715542053076,-1.727094428237786,1.40024558428332,-1.6216823712469601
0.0,-0.5610967369855903,2.1774801531995913,-0.6365748188882316,-1.072410876713667,1.1775499289835827,-1.9888705285697659,-0.6534085011088689,0.02266942013011556,0.3733200880875046,0.3930813365353596,-1.2336636332261417,-0.7058135398965015
0.0,1.066239655719848,-0.8380833833498678,-0.27494478474007433,1.6034967222304313,1.3777010610824154,1.2231246127190276,1.8451453918513674,1.794907755613734,-0.34929968834550307,-0.21268316768553905,-1.3982829593204826,-1.6216823712469601
0.0,0.2525714593671288,-1.8869750482366363,-0.516031474172179,-0.010218547361811292,1.4777766271318318,-1.1858717432475674,-0.8240414498963973,0.64816530324199,2.2521315068133214,-0.41460466909250543,-0.8221153179902886,1.125924122804416
0.0,0.7950169236022757,0.4730311977585925,-1.2392915424684945,-0.2246996907886283,1.0774743629341665,-0.11520669615130294,1.0529209867664144,-0.42907760656177657,-0.4215616659888054,-0.3136439183890222,0.8240779429531245,0.21005529145395715
0.0,0.2525714593671288,0.21080828153690087,0.08668524940808357,1.6852038244882661,0.07671870244000388,0.8216252200579285,0.7604073602735087,1.9339068407496889,1.0959398645205092,1.9074925970876064,-1.4805926223676529,0.21005529145395715
0.0,0.2525714593671288,0.21080828153690087,0.08668524940808357,1.6852038244882661,0.07671870244000388,0.8216252200579285,0.7604073602735087,1.9339068407496889,1.0959398645205092,1.9074925970876064,-1.4805926223676529,0.21005529145395715
0.0,0.6594055575434884,-1.10030629957156,-0.1544014400240217,2.2367267647286533,1.277625495032999,-0.18212326159481948,1.4673152909646976,2.211905011021637,-0.4215616659888054,-0.21268316768553905,-1.3159732962733122,0.21005529145395715
0.0,1.066239655719848,-1.231417757682406,0.3277719388401882,-0.9702769988913732,0.4770209666376692,0.5539589582838623,0.4191414626984521,-0.1510794362898667,1.2404638198071105,2.1094140984945717,0.41252962771727125,0.21005529145395715
0.0,0.7950169236022757,0.4730311977585925,-1.2392915424684945,-0.2246996907886283,1.0774743629341665,-0.11520669615130294,1.0529209867664144,-0.42907760656177657,-0.4215616659888054,-0.3136439183890222,0.8240779429531245,0.21005529145395715
0.0,0.7950169236022757,-0.05141463468479146,-0.1544014400240217,-0.8068627943757032,0.07671870244000388,1.5577074399366102,1.0041687156842636,0.09216896269809303,1.6740356856669152,2.0084533477910895,0.000981312481417987,0.21005529145395715
0.0,0.2525714593671288,0.21080828153690087,0.08668524940808357,1.6852038244882661,0.07671870244000388,0.8216252200579285,0.7604073602735087,1.9339068407496889,1.0959398645205092,1.9074925970876064,-1.4805926223676529,0.21005529145395715
0.0,-1.645987665455884,-1.10030629957156,-0.1544014400240217,-0.9907037744558321,-0.42365912780707704,-1.252788308691084,-1.2871880251768313,-0.4985771491297926,1.0959398645205092,0.9988458407562577,-0.41056700275443525,0.21005529145395715
0.0,0.5237941914847023,-1.4936406739040982,0.8099453177043987,-0.9294234477624558,0.07671870244000388,-0.9182054814735013,0.5410221404038295,0.33541736168605274,2.3966554620999228,-0.1117224169820564,-0.49287666580160566,1.125924122804416
0.0,1.6086851199549947,1.7841457788670534,0.08668524940808357,0.2757563105406115,-0.8239613920047416,-0.5167060888124021,-0.9459221276017746,-0.11632966500583938,-0.06025177777229999,-0.717486921202955,1.3179359212361481,-1.6216823712469601
0.0,0.5237941914847023,-1.4936406739040982,0.8099453177043987,-0.9294234477624558,0.07671870244000388,-0.9182054814735013,0.5410221404038295,0.33541736168605274,2.3966554620999228,-0.1117224169820564,-0.49287666580160566,1.125924122804416
0.0,-0.018651272750444616,-1.10030629957156,1.6537487307167666,-1.011130550020291,2.178305589477745,0.15245956562276317,0.565398275944905,-0.4985771491297926,1.312725797450413,-0.3136439183890222,0.41252962771727125,1.125924122804416
0.0,-0.28987400486801806,0.7352541139802848,-1.2392915424684945,2.1141661113419006,0.3769454005882529,0.2193761310662797,-0.09275738366413293,1.4126602714898193,0.22879613280090308,1.9074925970876064,-0.16363801361292274,0.21005529145395715
0.0,0.1169600933083427,-0.9691948414607139,0.8099453177043987,0.3370366372339878,-1.4244147883012392,-0.8512889160299848,-1.2871880251768313,0.057419191414104294,-0.566085621275407,1.8065318463841233,0.16560063857576018,0.21005529145395715
0.0,-0.6967081030443776,1.9152572369778988,0.08668524940808357,-0.3370469563931515,-1.9247926185483206,-0.4497895233688856,-0.6534085011088689,-0.9850739471056735,0.8068919539473061,-1.0203691733134042,1.5648649103776606,-1.6216823712469601
0.0,0.2525714593671288,-0.8380833833498678,0.20722859412413622,-0.8681431210690794,0.6771720987365019,-1.52045457046515,-0.0196289770409065,-0.5680766916977701,0.4455820657308038,-0.21268316768553905,0.8240779429531245,-1.6216823712469601
0.0,-0.28987400486801806,0.7352541139802848,-1.2392915424684945,2.1141661113419006,0.3769454005882529,0.2193761310662797,-0.09275738366413293,1.4126602714898193,0.22879613280090308,1.9074925970876064,-0.16363801361292274,0.21005529145395715
0.0,1.2018510217786353,-0.05141463468479146,0.20722859412413622,0.010208228202647584,0.7772476647859181,0.08554300017924665,0.6385266825681314,-0.04683012243786191,0.012010199870999176,2.210374849198055,0.7417682799059542,0.21005529145395715
0.0,-0.6967081030443776,-0.706971925239022,-0.516031474172179,-0.9907037744558321,0.8773232308353338,0.754708654614412,0.12662783620554635,-0.3595780639937991,0.3010581104442022,-0.6165261704994719,-0.41056700275443525,0.21005529145395715
0.0,1.066239655719848,0.9974770302019772,0.8099453177043987,0.25532953497615263,-0.2235079957082444,0.6877920891708954,1.9060857307040562,0.9261634735139385,-0.566085621275407,0.4940420872388428,-1.1513539701789715,0.21005529145395715
0.0,-0.6967081030443776,-0.706971925239022,-0.516031474172179,-0.9907037744558321,0.8773232308353338,0.754708654614412,0.12662783620554635,-0.3595780639937991,0.3010581104442022,-0.6165261704994719,-0.41056700275443525,0.21005529145395715
0.0,0.1169600933083427,0.7352541139802848,-2.0830949554808624,0.35746341279844646,0.3769454005882529,1.0892914818319945,1.0529209867664144,0.6829150745259787,-0.4215616659888054,-0.3136439183890222,-1.3982829593204826,1.125924122804416
0.0,1.066239655719848,0.9974770302019772,0.8099453177043987,0.25532953497615263,-0.2235079957082444,0.6877920891708954,1.9060857307040562,0.9261634735139385,-0.566085621275407,0.4940420872388428,-1.1513539701789715,0.21005529145395715
0.0,1.066239655719848,0.3419197396477463,-0.7571181636042842,0.03063500376710628,-0.023356863609411745,-0.18212326159481948,0.565398275944905,0.19641827655005925,-0.34929968834550307,-0.1117224169820564,0.08329097552858834,1.125924122804416
0.0,-0.42548537092680416,-0.18252609279563764,-1.4803782319005994,-1.011130550020291,-1.8247170524989043,-0.3828729579253691,-0.8727937209785482,-0.7765753194017025,0.3733200880875046,0.595002837942326,0.16560063857576018,0.21005529145395715
0.0,0.5237941914847023,-0.4447490090173296,0.08668524940808357,1.2970950887635497,0.6771720987365019,1.022374916388478,1.126049393389641,1.6906584417617678,1.601773708023616,-0.8184476719064376,-0.6574959918959463,1.125924122804416
0.0,1.4730737538962086,1.1285884883128225,0.44831528355624084,-0.9702769988913732,-0.42365912780707704,-1.5873711359086666,-0.31214260353381224,-0.3595780639937991,0.4455820657308038,-0.010761666278573195,0.3302199646701009,1.125924122804416
0.0,2.6935760484252884,-0.8380833833498678,-0.516031474172179,-1.072410876713667,-2.425170448795402,-1.118955177804051,-1.579701651669737,-0.42907760656177657,-1.5777533082816144,-1.3232514254238537,-0.16363801361292274,1.125924122804416
0.0,1.066239655719848,0.3419197396477463,-0.7571181636042842,0.03063500376710628,-0.023356863609411745,-0.18212326159481948,0.565398275944905,0.19641827655005925,-0.34929968834550307,-0.1117224169820564,0.08329097552858834,1.125924122804416
0.0,-1.7815990315146701,-1.624752132014944,-0.6365748188882316,-0.3574737319576104,-1.3243392222518229,-0.8512889160299848,-0.7996653143553217,0.3701671329700415,1.0959398645205092,-0.41460466909250543,-1.3159732962733122,1.125924122804416
0.0,2.5579646823665,-0.3136375509064838,0.3277719388401882,-1.174544754535961,-0.023356863609411745,-1.5873711359086666,-1.6040777872108125,-0.42907760656177657,-0.7828715542053076,-1.0203691733134042,0.000981312481417987,1.125924122804416
0.0,-0.15426263880923075,0.4730311977585925,1.533205386000714,0.8681328019099157,-1.0241125241035742,1.4238743090495773,1.8329573240808297,1.099912329933882,0.22879613280090308,1.0998065914597408,-0.9044249810374589,0.21005529145395715
0.0,-1.7815990315146701,-1.624752132014944,-0.6365748188882316,-0.3574737319576104,-1.3243392222518229,-0.8512889160299848,-0.7996653143553217,0.3701671329700415,1.0959398645205092,-0.41460466909250543,-1.3159732962733122,1.125924122804416
0.0,-1.645987665455884,-1.7558635901257902,-0.6365748188882316,-0.3166201808286928,-1.4244147883012392,-0.8512889160299848,-0.7996653143553217,0.33541736168605274,1.0959398645205092,-0.3136439183890222,-1.1513539701789715,0.21005529145395715
0.0,0.7950169236022757,-1.10030629957156,0.20722859412413622,-0.7455824676823268,-1.224263656202407,-0.31595639248185253,-0.7265369077320953,-0.6375762342657476,-1.5777533082816144,0.4940420872388428,0.3302199646701009,0.21005529145395715
0.0,2.5579646823665,-0.3136375509064838,0.3277719388401882,-1.174544754535961,-0.023356863609411745,-1.5873711359086666,-1.6040777872108125,-0.42907760656177657,-0.7828715542053076,-1.0203691733134042,0.000981312481417987,1.125924122804416
0.0,2.0155192181313555,0.866365572091131,1.2921186965686087,0.5821579440074929,0.3769454005882529,-0.8512889160299848,-0.26339033245166127,1.5169095853417855,1.384987775093712,-0.1117224169820564,-1.0690443071317997,1.125924122804416
0.0,-0.018651272750444616,0.9974770302019772,1.4126620412846613,0.05106177933156497,0.9773987968847501,-0.4497895233688856,0.46789373378060306,0.5786657606740124,-0.34929968834550307,-0.717486921202955,-0.8221153179902886,1.125924122804416
0.0,-0.018651272750444616,0.866365572091131,1.4126620412846613,0.13276888158940012,0.7772476647859181,-0.3828729579253691,0.4435175982395276,0.5786657606740124,-0.34929968834550307,-0.6165261704994719,-0.9044249810374589,1.125924122804416
0.0,-0.6967081030443776,0.21080828153690087,-0.9982048530363895,0.4289571272740521,-1.1241880901529906,-0.18212326159481948,0.8579119024378107,0.6829150745259787,1.4572497527370145,0.8978850900527745,-0.7398056549431182,-1.6216823712469601
0.0,-0.018651272750444616,-0.706971925239022,-0.6365748188882316,2.4103543570265527,-0.023356863609411745,0.4201258273968293,0.22413237836984828,2.177155239737649,0.8068919539473061,-1.2222906747203706,-1.5629022854148247,1.125924122804416
0.0,-0.018651272750444616,-0.706971925239022,-0.6365748188882316,2.4103543570265527,-0.023356863609411745,0.4201258273968293,0.22413237836984828,2.177155239737649,0.8068919539473061,-1.2222906747203706,-1.5629022854148247,1.125924122804416
0.0,2.422353316307714,2.8985931728092447,-0.395488129456127,-0.4596076097799042,-1.624565920400072,-1.0520386123605343,-0.8727937209785482,-0.707075776833725,-1.2887053977084146,-1.0203691733134042,1.4825552473304904,1.125924122804416
0.0,2.422353316307714,2.8985931728092447,-0.395488129456127,-0.4596076097799042,-1.624565920400072,-1.0520386123605343,-0.8727937209785482,-0.707075776833725,-1.2887053977084146,-1.0203691733134042,1.4825552473304904,1.125924122804416
0.0,0.6594055575434884,0.3419197396477463,-0.395488129456127,-0.3574737319576104,-1.3243392222518229,-0.5167060888124021,0.4435175982395276,-0.2553287501418329,-0.8551335318486101,-2.2318981817552013,0.000981312481417987,0.21005529145395715
0.0,-0.018651272750444616,-0.706971925239022,-0.6365748188882316,2.4103543570265527,-0.023356863609411745,0.4201258273968293,0.22413237836984828,2.177155239737649,0.8068919539473061,-1.2222906747203706,-1.5629022854148247,1.125924122804416
0.0,0.6594055575434884,0.3419197396477463,0.5688586282722935,0.3983169639273642,0.1767942684894202,0.6877920891708954,2.198599357196962,0.9609132447979272,-0.49382364363210457,-0.1117224169820564,-1.3159732962733122,1.125924122804416
0.0,-1.5103762993970966,2.57081452753213,1.6537487307167666,-1.011130550020291,-0.2235079957082444,-0.249039827038336,0.7847834958145843,-0.22057897885784417,-0.4215616659888054,-0.1117224169820564,-1.4805926223676529,1.125924122804416
0.0,-0.018651272750444616,0.21080828153690087,1.4126620412846613,1.0519737819900445,-0.2235079957082444,1.5577074399366102,2.10109481503266,1.0651625586498934,0.22879613280090308,0.7969243393492924,-0.9044249810374589,1.125924122804416
0.0,-0.15426263880923075,-0.4447490090173296,0.08668524940808357,-0.9294234477624558,-0.6238102599059097,-0.7843723505864683,-0.9946743986839256,-0.46382737784576533,0.9514159092339075,-0.8184476719064376,0.16560063857576018,0.21005529145395715
0.0,0.1169600933083427,-1.231417757682406,-0.8776615083203368,-0.9702769988913732,0.4770209666376692,-0.048290130707786406,-0.11713351920520841,-0.8460748619697186,-0.2047757330589015,-0.010761666278573195,0.6594586168587838,1.125924122804416
0.0,-0.28987400486801806,-0.5758604671281757,-0.516031474172179,-0.29619340526423393,-0.023356863609411745,1.0892914818319945,1.0529209867664144,0.4744164468220077,0.8068919539473061,2.715178602715471,-0.9044249810374589,0.21005529145395715
0.0,1.3374623878374214,0.0796968234260547,-0.516031474172179,-0.9294234477624558,0.7772476647859181,-0.9182054814735013,-0.23901419691058579,-0.1510794362898667,-0.2770377107022039,-0.41460466909250543,-0.575186328848776,1.125924122804416
0.0,1.2018510217786353,0.21080828153690087,-0.395488129456127,-0.41875405865098664,0.8773232308353338,-0.6505392196994352,0.12662783620554635,0.02266942013011556,-0.2047757330589015,-0.9194084226099208,-0.3282573397072649,1.125924122804416
0.0,1.066239655719848,0.3419197396477463,-0.395488129456127,-0.39832728308652776,0.8773232308353338,-0.5836226542559186,0.22413237836984828,0.02266942013011556,-0.2047757330589015,-0.9194084226099208,-0.3282573397072649,1.125924122804416
0.0,-1.5103762993970966,0.7352541139802848,-1.7214649213327047,-1.011130550020291,-1.3243392222518229,-0.5836226542559186,-0.7996653143553217,-1.1240730322416284,1.8185596409535167,-1.1213299240168872,0.3302199646701009,0.21005529145395715
0.0,0.3881828254259149,0.866365572091131,-0.8776615083203368,-0.9702769988913732,-1.224263656202407,-0.6505392196994352,-0.26339033245166127,-1.2978218886616106,0.22879613280090308,-1.4242121761273363,1.2356262581889779,-1.6216823712469601
0.0,0.6594055575434884,0.9974770302019772,-0.27494478474007433,-1.0315573255847497,1.4777766271318318,-0.6505392196994352,0.8822880379788861,0.33541736168605274,0.517844043374103,0.2921205858318764,-1.2336636332261417,0.21005529145395715
0.0,-0.42548537092680416,-0.9691948414607139,-0.7571181636042842,-0.23491307857085766,-0.2235079957082444,-0.249039827038336,0.07787556512339541,0.4049169042540302,0.517844043374103,2.0084533477910895,-0.9044249810374589,0.21005529145395715
0.0,-0.28987400486801806,-0.4447490090173296,-0.6365748188882316,-0.1532059763130227,0.07671870244000388,0.5539589582838623,0.6629028181092068,0.5091662181059964,0.5901060210174053,2.8161393534189543,-0.9044249810374589,1.125924122804416
0.0,-0.28987400486801806,-0.5758604671281757,-0.516031474172179,-0.29619340526423393,-0.023356863609411745,1.0892914818319945,1.0529209867664144,0.4744164468220077,0.8068919539473061,2.715178602715471,-0.9044249810374589,0.21005529145395715
0.0,-0.018651272750444616,1.259699946423669,-0.033858095307969065,-0.9702769988913732,-0.32358356175766073,-1.654287701352183,-0.31214260353381224,0.33541736168605274,0.8068919539473061,1.9074925970876064,-0.8221153179902886,1.125924122804416
0.0,0.2525714593671288,-0.5758604671281757,0.8099453177043987,-0.8681431210690794,1.277625495032999,0.2862926965097962,1.491691426505773,0.43966667553801897,2.3966554620999228,0.595002837942326,-0.3282573397072649,0.21005529145395715
0.0,0.7950169236022757,2.4397030694212836,-0.033858095307969065,0.1531956571538588,0.1767942684894202,-1.1858717432475674,-0.48277555232134056,0.8219141596619336,0.9514159092339075,-0.717486921202955,-0.16363801361292274,-0.7058135398965015
0.0,-0.018651272750444616,1.259699946423669,-0.033858095307969065,-0.9702769988913732,-0.32358356175766073,-1.654287701352183,-0.31214260353381224,0.33541736168605274,0.8068919539473061,1.9074925970876064,-0.8221153179902886,1.125924122804416
0.0,0.9306282896610618,2.046368695088745,-2.2036383001969146,0.8885595774743743,0.3769454005882529,-1.118955177804051,-1.0190505342250011,0.7176648458099675,0.22879613280090308,-1.5251729268308196,0.08329097552858834,1.125924122804416
0.0,0.9306282896610618,0.866365572091131,-0.033858095307969065,0.9702666797322095,-0.6238102599059097,-0.6505392196994352,-0.4340232812391896,0.8219141596619336,-0.2770377107022039,-1.4242121761273363,-0.08132835056575237,0.21005529145395715
0.0,1.4730737538962086,-1.231417757682406,-0.033858095307969065,-0.9702769988913732,1.0774743629341665,0.8216252200579285,0.32163692053415016,0.33541736168605274,0.7346299763040068,2.8161393534189543,-0.8221153179902886,0.21005529145395715
0.0,1.4730737538962086,-1.231417757682406,-0.033858095307969065,-0.9702769988913732,1.0774743629341665,0.8216252200579285,0.32163692053415016,0.33541736168605274,0.7346299763040068,2.8161393534189543,-0.8221153179902886,0.21005529145395715
0.0,1.879907852072567,-1.231417757682406,-0.033858095307969065,-0.9907037744558321,0.7772476647859181,-1.1858717432475674,-0.8727937209785482,0.057419191414104294,-0.34929968834550307,0.9988458407562577,-0.9044249810374589,1.125924122804416
0.0,2.0155192181313555,-1.231417757682406,-0.1544014400240217,-0.9907037744558321,0.6771720987365019,0.888541785501445,0.3947653271573766,0.12691873398208176,-0.49382364363210457,0.9988458407562577,-0.9867346440846293,0.21005529145395715
0.0,2.5579646823665,-1.4936406739040982,-0.27494478474007433,-0.9702769988913732,0.3769454005882529,-0.3828729579253691,-0.16588579028735936,0.12691873398208176,0.22879613280090308,-1.0203691733134042,-0.6574959918959463,0.21005529145395715
0.0,1.4730737538962086,-1.231417757682406,-0.033858095307969065,-0.9702769988913732,1.0774743629341665,0.8216252200579285,0.32163692053415016,0.33541736168605274,0.7346299763040068,2.8161393534189543,-0.8221153179902886,0.21005529145395715
0.0,0.5237941914847023,-0.18252609279563764,-1.600921576616652,0.3370366372339878,0.1767942684894202,1.0892914818319945,0.8579119024378107,0.8914137022299111,-0.2047757330589015,-0.41460466909250543,-1.1513539701789715,1.125924122804416
0.0,0.5237941914847023,-0.3136375509064838,-1.600921576616652,0.2757563105406115,0.2768698345388365,1.2231246127190276,0.9554164446021126,0.6829150745259787,-0.13251375541560237,-1.0203691733134042,-0.9044249810374589,1.125924122804416
0.0,-0.28987400486801806,-0.5758604671281757,2.4975521437291346,1.78733770231056,0.9773987968847501,-0.8512889160299848,-0.0196289770409065,1.655908670477779,-1.7945392412115184,-1.3232514254238537,-0.9867346440846293,1.125924122804416
0.0,-0.28987400486801806,-0.5758604671281757,2.4975521437291346,1.78733770231056,0.9773987968847501,-0.8512889160299848,-0.0196289770409065,1.655908670477779,-1.7945392412115184,-1.3232514254238537,-0.9867346440846293,1.125924122804416
0.0,2.151130584190142,0.21080828153690087,0.9304886624204514,0.5208776173141167,0.5770965326870855,-0.11520669615130294,0.22413237836984828,1.7254082130457564,1.5295117303803136,-0.21268316768553905,-1.0690443071317997,1.125924122804416
0.0,-0.018651272750444616,0.7352541139802848,0.20722859412413622,-0.07149887405518755,0.7772476647859181,-1.9888705285697659,-0.19026192582843485,0.5091662181059964,0.012010199870999176,-0.8184476719064376,-1.2336636332261417,1.125924122804416
0.0,-0.15426263880923075,-0.3136375509064838,0.08668524940808357,1.215387986505715,0.3769454005882529,-0.249039827038336,0.1997562428287728,1.5516593566257741,1.2404638198071105,-0.8184476719064376,-0.9044249810374589,1.125924122804416
0.0,0.7950169236022757,-1.10030629957156,0.44831528355624084,1.3788021910213848,1.3777010610824154,2.4945393561458418,0.6385266825681314,2.14240546845366,1.6740356856669152,-1.3232514254238537,-1.2336636332261417,0.21005529145395715
0.0,-0.15426263880923075,-0.3136375509064838,0.08668524940808357,1.215387986505715,0.3769454005882529,-0.249039827038336,0.1997562428287728,1.5516593566257741,1.2404638198071105,-0.8184476719064376,-0.9044249810374589,1.125924122804416
0.0,-0.018651272750444616,0.21080828153690087,0.3277719388401882,-0.827289569940162,-0.023356863609411745,-1.252788308691084,-1.2628118896357559,-1.1240730322416284,0.012010199870999176,0.7969243393492924,1.4825552473304904,0.21005529145395715
0.0,-0.8323194691031637,0.9974770302019772,-0.27494478474007433,0.9702666797322095,0.4770209666376692,-0.4497895233688856,2.4423607126077167,1.4821598140577967,-0.06025177777229999,0.09019908442491001,-1.5629022854148247,1.125924122804416
0.0,-1.1035422012207372,0.0796968234260547,-2.0830949554808624,-0.9907037744558321,1.3777010610824154,0.01862643473573012,-0.2146380613695103,-0.08157989372185065,-0.49382364363210457,-0.3136439183890222,-1.4805926223676529,1.125924122804416
0.0,-0.018651272750444616,0.7352541139802848,0.20722859412413622,-0.07149887405518755,0.7772476647859181,-1.9888705285697659,-0.19026192582843485,0.5091662181059964,0.012010199870999176,-0.8184476719064376,-1.2336636332261417,1.125924122804416
0.0,2.2867419502489277,-0.3136375509064838,1.7742920754328186,1.807764477875019,1.4777766271318318,0.35320926195331276,2.3692323059844904,2.3161543248736036,-1.2164434200651122,1.8065318463841233,-1.3159732962733122,1.125924122804416
0.0,1.7442964860137808,-0.3136375509064838,0.08668524940808357,0.7864256996520805,0.5770965326870855,0.754708654614412,0.10225170066447088,1.1694118725018596,-0.2047757330589015,-0.010761666278573195,-0.2459476766600931,0.21005529145395715
0.0,0.7950169236022757,-1.10030629957156,0.44831528355624084,1.3788021910213848,1.3777010610824154,2.4945393561458418,0.6385266825681314,2.14240546845366,1.6740356856669152,-1.3232514254238537,-1.2336636332261417,0.21005529145395715
0.0,1.2018510217786353,-0.4447490090173296,-0.1544014400240217,0.8885595774743743,-0.42365912780707704,1.6246240053801269,1.1991778000128674,1.0651625586498934,-0.49382364363210457,0.6959635886458092,-0.9044249810374589,0.21005529145395715
0.0,-0.42548537092680416,-0.5758604671281757,-0.8776615083203368,2.1958732135997363,0.7772476647859181,0.6208755237273789,0.029123294041244457,2.177155239737649,0.8068919539473061,-1.1213299240168872,-1.4805926223676529,1.125924122804416
0.0,-0.42548537092680416,-0.5758604671281757,-0.8776615083203368,2.1958732135997363,0.7772476647859181,0.6208755237273789,0.029123294041244457,2.177155239737649,0.8068919539473061,-1.1213299240168872,-1.4805926223676529,1.125924122804416
0.0,-0.42548537092680416,-0.5758604671281757,-0.8776615083203368,2.1958732135997363,0.7772476647859181,0.6208755237273789,0.029123294041244457,2.177155239737649,0.8068919539473061,-1.1213299240168872,-1.4805926223676529,1.125924122804416
0.0,-1.5103762993970966,0.866365572091131,-2.0830949554808624,-0.9089966721979972,0.7772476647859181,-0.9851220469170178,-1.067802805307152,-0.1510794362898667,1.384987775093712,1.4026888435701905,-0.575186328848776,1.125924122804416
0.0,1.2018510217786353,-0.4447490090173296,-0.1544014400240217,0.8885595774743743,-0.42365912780707704,1.6246240053801269,1.1991778000128674,1.0651625586498934,-0.49382364363210457,0.6959635886458092,-0.9044249810374589,0.21005529145395715
0.0,-0.42548537092680416,-0.5758604671281757,-0.8776615083203368,2.1958732135997363,0.7772476647859181,0.6208755237273789,0.029123294041244457,2.177155239737649,0.8068919539473061,-1.1213299240168872,-1.4805926223676529,1.125924122804416
0.0,-0.018651272750444616,-0.8380833833498678,-0.6365748188882316,-1.0519841011492084,-0.8239613920047416,-1.0520386123605343,-1.677206193834039,-1.263072117377622,-0.34929968834550307,-1.1213299240168872,0.9063876060002949,-0.7058135398965015
0.0,1.2018510217786353,-0.05141463468479146,-0.033858095307969065,-1.0519841011492084,-0.2235079957082444,-0.5836226542559186,-0.48277555232134056,-0.29007852142582163,0.15653415515760072,0.7969243393492924,0.16560063857576018,1.125924122804416
0.0,-0.5610967369855903,-0.8380833833498678,-0.033858095307969065,-0.6638753654244918,-0.12343242965882807,-1.118955177804051,-0.26339033245166127,-0.8460748619697186,1.7462976633102176,-0.6165261704994719,1.1533165951418074,0.21005529145395715
0.0,1.6086851199549947,-1.362529215793252,0.44831528355624084,-0.9907037744558321,-0.924036958054158,-1.386621439578117,-0.3608948746159632,0.09216896269809303,0.08427217751430155,-0.9194084226099208,-0.2459476766600931,-0.7058135398965015
0.0,1.2018510217786353,1.6530343207562073,-0.516031474172179,-0.29619340526423393,-0.7238858259553254,0.08554300017924665,-0.6777846366499444,-0.707075776833725,0.012010199870999176,0.9988458407562577,1.3179359212361481,-1.6216823712469601
0.0,0.1169600933083427,-0.05141463468479146,0.08668524940808357,1.276668313199091,0.8773232308353338,1.6246240053801269,0.8822880379788861,1.4474100427738081,1.4572497527370145,-1.0203691733134042,-0.575186328848776,1.125924122804416
0.0,1.2018510217786353,1.6530343207562073,-0.516031474172179,-0.29619340526423393,-0.7238858259553254,0.08554300017924665,-0.6777846366499444,-0.707075776833725,0.012010199870999176,0.9988458407562577,1.3179359212361481,-1.6216823712469601
0.0,-1.1035422012207372,0.21080828153690087,-1.2392915424684945,1.1847478231590267,0.5770965326870855,0.48704239284034584,0.6385266825681314,0.64816530324199,0.08427217751430155,-0.21268316768553905,-0.41056700275443525,1.125924122804416
0.0,-0.42548537092680416,2.1774801531995913,-0.516031474172179,1.1541076598123385,1.3777010610824154,-0.7843723505864683,0.9066641735199616,1.655908670477779,0.8791539315906084,0.6959635886458092,-1.0690443071317997,1.125924122804416
0.0,-0.018651272750444616,0.21080828153690087,0.8099453177043987,-1.011130550020291,-0.6238102599059097,-1.3197048741346005,-0.5315278234034915,-0.707075776833725,0.5901060210174053,2.4122963506050215,0.9063876060002949,1.125924122804416
0.0,0.2525714593671288,1.1285884883128225,-0.9982048530363895,-0.9089966721979972,-0.2235079957082444,-0.9182054814735013,0.17538010728769732,-0.5333269204137814,1.1682018421638114,-1.0203691733134042,0.3302199646701009,1.125924122804416
0.0,0.3881828254259149,-0.5758604671281757,-0.033858095307969065,2.155019662470818,1.3777010610824154,0.9554583509449616,0.516646004862754,2.0729059258856823,1.312725797450413,-1.0203691733134042,-0.8221153179902886,0.21005529145395715
0.0,0.3881828254259149,-0.5758604671281757,-0.033858095307969065,2.155019662470818,1.3777010610824154,0.9554583509449616,0.516646004862754,2.0729059258856823,1.312725797450413,-1.0203691733134042,-0.8221153179902886,0.21005529145395715
0.0,2.0155192181313555,-0.3136375509064838,-0.6365748188882316,-0.8681431210690794,-1.224263656202407,-0.8512889160299848,0.614150547027056,-0.8460748619697186,-1.4332293529950129,2.0084533477910895,1.0710069320946372,0.21005529145395715
0.0,-0.018651272750444616,-0.05141463468479146,-0.033858095307969065,0.13276888158940012,-0.12343242965882807,0.2193761310662797,-0.4583994167802651,0.02266942013011556,0.4455820657308038,0.3930813365353596,0.16560063857576018,0.21005529145395715
0.0,0.5237941914847023,-1.362529215793252,-0.7571181636042842,0.1531956571538588,1.1775499289835827,0.4201258273968293,2.1254709505737357,0.9609132447979272,1.384987775093712,0.6959635886458092,-0.41056700275443525,1.125924122804416
0.0,1.4730737538962086,-1.10030629957156,0.44831528355624084,-0.09192564961964625,1.5778521931812481,-0.249039827038336,-0.11713351920520841,0.4049169042540302,0.4455820657308038,0.3930813365353596,0.24791030162293054,0.21005529145395715
0.0,0.5237941914847023,-1.362529215793252,-0.7571181636042842,0.1531956571538588,1.1775499289835827,0.4201258273968293,2.1254709505737357,0.9609132447979272,1.384987775093712,0.6959635886458092,-0.41056700275443525,1.125924122804416
0.0,-1.7815990315146701,-0.3136375509064838,-0.033858095307969065,0.480024066185199,1.77800332528008,-1.0520386123605343,-0.8484175854374727,0.057419191414104294,0.5901060210174053,-1.727094428237786,-0.16363801361292274,1.125924122804416
0.0,1.2018510217786353,0.21080828153690087,0.3277719388401882,1.8281912534394782,1.3777010610824154,-0.249039827038336,-0.48277555232134056,2.0729059258856823,0.5901060210174053,0.1911598351283932,-0.8221153179902886,1.125924122804416
0.0,1.2018510217786353,0.21080828153690087,0.3277719388401882,1.8281912534394782,1.3777010610824154,-0.249039827038336,-0.48277555232134056,2.0729059258856823,0.5901060210174053,0.1911598351283932,-0.8221153179902886,1.125924122804416
0.0,0.9306282896610618,-0.05141463468479146,2.377008799013082,1.3992289665858435,0.4770209666376692,1.9592068325977094,1.028544851225339,1.5169095853417855,-0.6383475989187061,-0.21268316768553905,-1.3159732962733122,1.125924122804416
0.0,-0.42548537092680416,-1.624752132014944,-0.033858095307969065,-0.7455824676823268,-0.5237346938564934,-1.118955177804051,-1.165307347471454,-0.4985771491297926,1.5295117303803136,2.6142178520119876,0.7417682799059542,-1.6216823712469601
0.0,1.879907852072567,-0.706971925239022,-0.033858095307969065,0.8783461896921452,1.0774743629341665,1.2231246127190276,0.1997562428287728,1.1694118725018596,-0.13251375541560237,-0.010761666278573195,-0.3282573397072649,0.21005529145395715
0.0,0.5237941914847023,-0.8380833833498678,-0.1544014400240217,0.7455721485231631,1.1775499289835827,0.9554583509449616,0.6872789536502824,1.099912329933882,1.5295117303803136,-0.6165261704994719,-0.575186328848776,0.21005529145395715
0.0,0.5237941914847023,-1.9525307772920595,-0.27494478474007433,0.09191533046048254,1.3777010610824154,-0.5836226542559186,-0.7752891788142463,0.5439159893899852,1.8185596409535167,-0.8184476719064376,-0.8221153179902886,0.21005529145395715
0.0,-0.5610967369855903,0.3419197396477463,-1.4803782319005994,1.8894715801328539,-0.2235079957082444,-0.9851220469170178,0.12662783620554635,0.8219141596619336,-0.6383475989187061,0.595002837942326,0.000981312481417987,1.125924122804416
0.0,-0.018651272750444616,-0.3136375509064838,0.20722859412413622,-0.2553398541353165,-0.42365912780707704,-0.249039827038336,-0.9215459920606991,-0.6028264629817588,0.3733200880875046,-0.21268316768553905,0.9886972690474667,0.21005529145395715
0.0,0.2525714593671288,-0.3136375509064838,0.20722859412413622,-0.6843021409889506,-0.7238858259553254,0.08554300017924665,-0.8484175854374727,-1.1588228035256172,-0.06025177777229999,-0.5155654197959887,1.3179359212361481,0.21005529145395715
0.0,1.2018510217786353,0.21080828153690087,0.3277719388401882,1.8281912534394782,1.3777010610824154,-0.249039827038336,-0.48277555232134056,2.0729059258856823,0.5901060210174053,0.1911598351283932,-0.8221153179902886,1.125924122804416
0.0,0.2525714593671288,-0.5758604671281757,0.08668524940808357,-0.8681431210690794,0.9773987968847501,-1.3197048741346005,-1.4821971095054352,-0.29007852142582163,0.08427217751430155,-0.717486921202955,0.000981312481417987,0.21005529145395715
0.0,0.9306282896610618,-1.10030629957156,0.8099453177043987,-0.9089966721979972,1.1775499289835827,-0.7843723505864683,-1.116555076389303,0.09216896269809303,0.5901060210174053,-0.3136439183890222,-0.2459476766600931,0.21005529145395715
0.0,1.3374623878374214,0.3419197396477463,0.08668524940808357,0.4902374539674285,-0.7238858259553254,-0.11520669615130294,1.0772971223074899,0.8219141596619336,-0.566085621275407,-0.21268316768553905,0.08329097552858834,1.125924122804416
0.0,1.4730737538962086,0.21080828153690087,-0.033858095307969065,-0.561741487602198,-0.42365912780707704,-1.7212042667956997,-1.4821971095054352,-0.6375762342657476,-0.9996574871352115,-1.727094428237786,0.9063876060002949,-0.7058135398965015
0.0,2.2867419502489277,-0.18252609279563764,-0.6365748188882316,-0.3370469563931515,-1.1241880901529906,-0.249039827038336,-1.0921789408482274,-0.5680766916977701,-1.2887053977084146,-1.5251729268308196,1.1533165951418074,0.21005529145395715
0.0,0.7950169236022757,-1.10030629957156,-0.6365748188882316,-1.0315573255847497,0.5770965326870855,-0.5836226542559186,-0.7752891788142463,0.057419191414104294,2.3966554620999228,1.8065318463841233,0.000981312481417987,0.21005529145395715
0.0,-0.6967081030443776,-0.3136375509064838,0.5688586282722935,-0.9294234477624558,-1.1241880901529906,-1.9219539631262492,-1.8478391426215672,-1.4368209737975657,0.8068919539473061,-1.4242121761273363,1.3179359212361481,-0.7058135398965015
0.0,-1.1035422012207372,0.866365572091131,0.6894019729883462,0.6842918218297867,-0.2235079957082444,-0.3828729579253691,-0.31214260353381224,0.5439159893899852,2.0353455738834207,-0.010761666278573195,0.3302199646701009,0.21005529145395715
0.0,-0.018651272750444616,1.390811404534515,-0.516031474172179,-0.4800343853443629,-1.224263656202407,-0.3828729579253691,-1.4090687028822086,-1.3325716599455995,0.3010581104442022,-0.21268316768553905,1.4825552473304904,-1.6216823712469601
0.0,2.2867419502489277,-0.18252609279563764,-0.6365748188882316,-0.3370469563931515,-1.1241880901529906,-0.249039827038336,-1.0921789408482274,-0.5680766916977701,-1.2887053977084146,-1.5251729268308196,1.1533165951418074,0.21005529145395715
0.0,2.151130584190142,-0.5758604671281757,-0.516031474172179,2.543128398195535,-1.4244147883012392,1.3569577436060607,-0.16588579028735936,1.4474100427738081,-1.6500152859249169,-1.3232514254238537,0.8240779429531245,1.125924122804416
0.0,0.2525714593671288,1.1285884883128225,-0.1544014400240217,-0.9294234477624558,2.678683419724827,-1.3197048741346005,0.614150547027056,0.19641827655005925,-0.06025177777229999,-0.1117224169820564,-0.9867346440846293,1.125924122804416
0.0,0.2525714593671288,1.1285884883128225,-0.1544014400240217,-0.9294234477624558,2.678683419724827,-1.3197048741346005,0.614150547027056,0.19641827655005925,-0.06025177777229999,-0.1117224169820564,-0.9867346440846293,1.125924122804416
0.0,0.7950169236022757,-0.9691948414607139,-0.27494478474007433,1.3175218643280087,1.0774743629341665,0.9220000682232032,2.247351628279113,1.655908670477779,-0.34929968834550307,0.09019908442491001,-1.2336636332261417,-1.6216823712469601
0.0,0.7950169236022757,-0.9691948414607139,-0.27494478474007433,1.3175218643280087,1.0774743629341665,0.9220000682232032,2.247351628279113,1.655908670477779,-0.34929968834550307,0.09019908442491001,-1.2336636332261417,-1.6216823712469601
0.0,0.7950169236022757,-0.9691948414607139,-0.27494478474007433,1.3175218643280087,1.0774743629341665,0.9220000682232032,2.247351628279113,1.655908670477779,-0.34929968834550307,0.09019908442491001,-1.2336636332261417,-1.6216823712469601
0.0,0.7950169236022757,-0.9691948414607139,-0.27494478474007433,1.3175218643280087,1.0774743629341665,0.9220000682232032,2.247351628279113,1.655908670477779,-0.34929968834550307,0.09019908442491001,-1.2336636332261417,-1.6216823712469601
0.0,0.7950169236022757,-0.9691948414607139,-0.27494478474007433,1.3175218643280087,1.0774743629341665,0.9220000682232032,2.247351628279113,1.655908670477779,-0.34929968834550307,0.09019908442491001,-1.2336636332261417,-1.6216823712469601
0.0,0.1169600933083427,0.7352541139802848,-2.3241816449129673,0.2961830861050702,-0.023356863609411745,-1.5873711359086666,-0.48277555232134056,0.7524146170939562,0.3010581104442022,-1.1213299240168872,-1.1513539701789715,1.125924122804416
0.0,0.7950169236022757,-0.9691948414607139,-0.27494478474007433,1.3175218643280087,1.0774743629341665,0.9220000682232032,2.247351628279113,1.655908670477779,-0.34929968834550307,0.09019908442491001,-1.2336636332261417,-1.6216823712469601
0.0,0.7950169236022757,-0.9691948414607139,-0.27494478474007433,1.3175218643280087,1.0774743629341665,0.9220000682232032,1.8329573240808297,1.655908670477779,-0.34929968834550307,0.09019908442491001,-1.2336636332261417,-1.6216823712469601
0.0,0.1169600933083427,0.7352541139802848,-2.3241816449129673,0.2961830861050702,-0.023356863609411745,-1.5873711359086666,-0.48277555232134056,0.7524146170939562,0.3010581104442022,-1.1213299240168872,-1.1513539701789715,1.125924122804416
0.0,-1.1035422012207372,0.9974770302019772,-0.9982048530363895,-0.19405952744194008,1.77800332528008,-0.7843723505864683,-0.26339033245166127,0.43966667553801897,0.4455820657308038,-0.41460466909250543,-1.3159732962733122,-1.6216823712469601
0.0,1.2018510217786353,-0.3136375509064838,-0.1544014400240217,-1.0315573255847497,0.4770209666376692,-0.11520669615130294,-0.7509130432731708,-0.29007852142582163,0.22879613280090308,0.6959635886458092,0.16560063857576018,0.21005529145395715
0.0,1.6086851199549947,1.259699946423669,1.2921186965686087,0.7659989240876218,1.0774743629341665,-0.3828729579253691,0.22413237836984828,1.5169095853417855,1.5295117303803136,-0.21268316768553905,-0.9044249810374589,0.21005529145395715
0.0,0.7950169236022757,0.3419197396477463,-0.8776615083203368,-0.5208879364732805,0.1767942684894202,-0.31595639248185253,-0.555903958944567,-0.6375762342657476,-0.566085621275407,-0.8184476719064376,0.3302199646701009,0.21005529145395715
0.0,-0.28987400486801806,0.7352541139802848,-0.6365748188882316,0.9294131286032921,-0.12343242965882807,0.15245956562276317,0.22413237836984828,0.8566639309459224,0.3733200880875046,-0.1117224169820564,-0.49287666580160566,1.125924122804416
0.0,-0.6967081030443776,0.4730311977585925,-0.9982048530363895,0.05106177933156497,-0.2235079957082444,0.2193761310662797,0.10225170066447088,0.4049169042540302,0.22879613280090308,-0.1117224169820564,-0.9044249810374589,1.125924122804416
0.0,-0.5610967369855903,0.866365572091131,-0.9982048530363895,0.7047185973942457,-0.12343242965882807,-0.3828729579253691,-0.6777846366499444,0.6134155319580012,0.7346299763040068,-0.1117224169820564,-0.41056700275443525,0.21005529145395715
0.0,0.9306282896610618,-1.10030629957156,-0.1544014400240217,1.092827333118962,0.8773232308353338,-0.7174557851429517,-1.0434266697660766,1.099912329933882,0.012010199870999176,-0.41460466909250543,-0.9044249810374589,-1.6216823712469601
0.0,-0.018651272750444616,-0.18252609279563764,-1.7214649213327047,-1.011130550020291,1.3777010610824154,-1.4535380050216336,0.004747158500168979,-0.11632966500583938,-0.566085621275407,-0.6165261704994719,-0.9044249810374589,1.125924122804416
0.0,-0.5610967369855903,-1.10030629957156,-0.033858095307969065,0.6638650462653279,0.9773987968847501,-0.7174557851429517,-1.1409312119303785,0.8566639309459224,1.1682018421638114,0.09019908442491001,-0.9867346440846293,0.21005529145395715
0.0,0.3881828254259149,-1.10030629957156,-0.033858095307969065,1.194961210941256,0.5770965326870855,0.08554300017924665,-0.28776646799273675,0.9956630160819159,-1.93906319649812,0.595002837942326,-0.9867346440846293,0.21005529145395715
0.0,1.066239655719848,0.0796968234260547,1.171575351852556,-0.7660092432467857,0.1767942684894202,-0.3828729579253691,-0.6534085011088689,-0.915574404537696,0.8791539315906084,0.2921205858318764,1.7294842364720013,0.21005529145395715
0.0,1.4730737538962086,0.21080828153690087,1.0510320071365034,-0.29619340526423393,1.5778521931812481,-0.249039827038336,0.3947653271573766,0.9609132447979272,0.5901060210174053,0.2921205858318764,-0.7398056549431182,0.21005529145395715
0.0,0.3881828254259149,-1.10030629957156,-0.033858095307969065,1.194961210941256,0.5770965326870855,0.08554300017924665,-0.28776646799273675,0.9956630160819159,-1.93906319649812,0.595002837942326,-0.9867346440846293,0.21005529145395715
0.0,-0.5610967369855903,-1.10030629957156,-0.033858095307969065,0.6638650462653279,0.9773987968847501,-0.7174557851429517,-1.1409312119303785,0.8566639309459224,1.1682018421638114,0.09019908442491001,-0.9867346440846293,0.21005529145395715
0.0,-0.018651272750444616,-0.18252609279563764,-1.7214649213327047,-1.011130550020291,1.3777010610824154,-1.4535380050216336,0.004747158500168979,-0.11632966500583938,-0.566085621275407,-0.6165261704994719,-0.9044249810374589,1.125924122804416
0.0,0.2525714593671288,-0.5758604671281757,-0.7571181636042842,-1.072410876713667,-0.5237346938564934,-0.9851220469170178,-1.6040777872108125,-1.263072117377622,-0.6383475989187061,-1.0203691733134042,0.9063876060002949,0.21005529145395715
0.0,0.6594055575434884,-1.10030629957156,-0.395488129456127,-1.092837652278126,-0.6238102599059097,-0.5836226542559186,-0.8727937209785482,-1.3325716599455995,-0.7106095765620085,-1.1213299240168872,0.9063876060002949,0.21005529145395715
0.0,0.3881828254259149,-0.05141463468479146,-1.600921576616652,0.37789018836290517,0.8773232308353338,1.2231246127190276,1.2235539355539429,0.7524146170939562,-0.2047757330589015,0.3930813365353596,-0.7398056549431182,1.125924122804416
0.0,-0.28987400486801806,-0.18252609279563764,1.171575351852556,1.0111202308611273,0.6771720987365019,2.8291221833634244,2.2961038993612637,0.9609132447979272,0.3733200880875046,0.3930813365353596,-0.9044249810374589,0.21005529145395715
0.0,-0.5610967369855903,-0.3136375509064838,-1.1187481977524418,0.1940492082827764,2.678683419724827,-0.249039827038336,0.49226986932167854,0.8219141596619336,0.4455820657308038,0.4940420872388428,-1.2336636332261417,1.125924122804416
0.0,-1.1035422012207372,0.21080828153690087,-0.6365748188882316,-0.827289569940162,0.8773232308353338,-0.7843723505864683,0.24850851391092374,0.057419191414104294,0.3010581104442022,1.9074925970876064,-0.2459476766600931,0.21005529145395715
0.0,0.3881828254259149,-0.05141463468479146,-1.600921576616652,0.37789018836290517,0.8773232308353338,1.2231246127190276,1.2235539355539429,0.7524146170939562,-0.2047757330589015,0.3930813365353596,-0.7398056549431182,1.125924122804416
0.0,1.3374623878374214,-0.3136375509064838,0.6894019729883462,-0.8681431210690794,1.5778521931812481,-1.386621439578117,0.7360312247324333,0.057419191414104294,0.15653415515760072,0.6959635886458092,-0.575186328848776,1.125924122804416
0.0,1.066239655719848,0.0796968234260547,0.08668524940808357,-0.8885698966335382,1.6779277592306636,-1.0520386123605343,0.9310403090610371,0.19641827655005925,0.22879613280090308,0.7969243393492924,-0.575186328848776,1.125924122804416
0.0,1.2018510217786353,1.6530343207562073,0.20722859412413622,0.7455721485231631,1.3777010610824154,0.01862643473573012,1.0041687156842636,1.238911415069837,0.517844043374103,1.2007673421632241,-0.3282573397072649,1.125924122804416
0.0,-0.28987400486801806,-0.4447490090173296,-0.9982048530363895,-0.5004611609088216,0.2768698345388365,0.08554300017924665,0.029123294041244457,-0.5680766916977701,-0.2770377107022039,1.604610344977157,0.5771489538116135,-1.6216823712469601
0.0,0.3881828254259149,-0.05141463468479146,-0.27494478474007433,-0.8885698966335382,-1.1241880901529906,-1.4535380050216336,-0.2146380613695103,-0.7418255481177137,0.012010199870999176,0.09019908442491001,0.6594586168587838,1.125924122804416
0.0,0.2525714593671288,0.7352541139802848,0.3277719388401882,-0.9907037744558321,-0.32358356175766073,-0.7174557851429517,-0.28776646799273675,-0.707075776833725,-0.13251375541560237,1.604610344977157,1.3179359212361481,0.21005529145395715
0.0,0.7950169236022757,-0.3136375509064838,-0.7571181636042842,-0.9702769988913732,1.5778521931812481,1.2231246127190276,0.32163692053415016,-0.08157989372185065,-0.06025177777229999,0.1911598351283932,-0.575186328848776,-1.6216823712469601
0.0,0.2525714593671288,0.7352541139802848,0.3277719388401882,-0.9907037744558321,-0.32358356175766073,-0.7174557851429517,-0.28776646799273675,-0.707075776833725,-0.13251375541560237,1.604610344977157,1.3179359212361481,0.21005529145395715
0.0,0.7950169236022757,-1.231417757682406,-0.395488129456127,-1.011130550020291,0.4770209666376692,-0.7843723505864683,-0.7265369077320953,0.02266942013011556,2.3966554620999228,1.70557109568064,-0.16363801361292274,0.21005529145395715
0.0,0.3881828254259149,-0.05141463468479146,-0.27494478474007433,-0.8885698966335382,-1.1241880901529906,-1.4535380050216336,-0.2146380613695103,-0.7418255481177137,0.012010199870999176,0.09019908442491001,0.6594586168587838,1.125924122804416
0.0,2.2867419502489277,0.21080828153690087,0.20722859412413622,1.5217896199725964,-0.12343242965882807,-0.18212326159481948,0.5897744114859804,1.4821598140577967,-0.4215616659888054,-0.8184476719064376,-0.575186328848776,0.21005529145395715
0.0,1.3374623878374214,0.4730311977585925,0.5688586282722935,-1.0315573255847497,0.8773232308353338,-1.252788308691084,-0.9946743986839256,0.09216896269809303,0.9514159092339075,1.4026888435701905,-0.49287666580160566,1.125924122804416
0.0,1.7442964860137808,-0.18252609279563764,0.6894019729883462,-0.5208879364732805,0.8773232308353338,-1.118955177804051,-0.19026192582843485,-0.3595780639937991,0.15653415515760072,-1.0203691733134042,0.7417682799059542,0.21005529145395715
0.0,1.2018510217786353,0.21080828153690087,-0.395488129456127,0.11234210602494142,-0.12343242965882807,-0.3828729579253691,0.6385266825681314,0.4744164468220077,1.8185596409535167,1.2007673421632241,-0.08132835056575237,0.21005529145395715
0.0,-0.42548537092680416,-0.3136375509064838,0.44831528355624084,-0.8477163455046207,-1.5244903543506556,0.08554300017924665,-0.06838124812305746,-1.4020712025135769,0.6623679986607045,-1.2222906747203706,1.5648649103776606,-1.6216823712469601
0.0,0.2525714593671288,-0.5758604671281757,-0.033858095307969065,-0.9702769988913732,0.2768698345388365,0.35320926195331276,-0.4096471456981141,-0.8460748619697186,-1.5054913306383153,-0.41460466909250543,-0.08132835056575237,0.21005529145395715
0.0,2.2867419502489277,0.21080828153690087,0.20722859412413622,1.5217896199725964,-0.12343242965882807,-0.18212326159481948,0.5897744114859804,1.4821598140577967,-0.4215616659888054,-0.8184476719064376,-0.575186328848776,0.21005529145395715
0.0,1.6086851199549947,2.4397030694212836,-0.516031474172179,0.9089863530388335,0.8773232308353338,-0.6505392196994352,0.49226986932167854,0.64816530324199,-0.9273955094919092,-0.1117224169820564,0.6594586168587838,-1.6216823712469601
0.0,0.1169600933083427,-0.4447490090173296,0.08668524940808357,1.3175218643280087,1.3777010610824154,0.6208755237273789,0.7847834958145843,1.4474100427738081,1.6740356856669152,-0.6165261704994719,-0.6574959918959463,0.21005529145395715
0.0,1.6086851199549947,2.4397030694212836,-0.516031474172179,0.9089863530388335,0.8773232308353338,-0.6505392196994352,0.49226986932167854,0.64816530324199,-0.9273955094919092,-0.1117224169820564,0.6594586168587838,-1.6216823712469601
0.0,1.066239655719848,-0.4447490090173296,-0.7571181636042842,1.8281912534394782,2.478532287625994,-0.18212326159481948,0.7116550891913578,1.655908670477779,-1.144181442421813,-0.41460466909250543,-1.1513539701789715,-0.7058135398965015
0.0,0.3881828254259149,-0.8380833833498678,0.44831528355624084,1.0724005575545033,-0.023356863609411745,0.6877920891708954,-0.31214260353381224,1.099912329933882,-1.93906319649812,1.0998065914597408,-0.9044249810374589,-1.6216823712469601
0.0,0.1169600933083427,-0.18252609279563764,0.3277719388401882,0.5821579440074929,-0.8239613920047416,0.48704239284034584,0.32163692053415016,0.30066759040206403,0.15653415515760072,-1.2222906747203706,0.7417682799059542,0.21005529145395715
0.0,0.3881828254259149,-0.8380833833498678,0.44831528355624084,1.0724005575545033,-0.023356863609411745,0.6877920891708954,-0.31214260353381224,1.099912329933882,-1.93906319649812,1.0998065914597408,-0.9044249810374589,-1.6216823712469601
0.0,0.1169600933083427,-0.18252609279563764,0.3277719388401882,0.5821579440074929,-0.8239613920047416,0.48704239284034584,0.32163692053415016,0.30066759040206403,0.15653415515760072,-1.2222906747203706,0.7417682799059542,0.21005529145395715
0.0,2.151130584190142,-0.8380833833498678,-0.1544014400240217,-0.7251556921178681,1.1775499289835827,-1.252788308691084,-1.165307347471454,0.11301882546850942,-1.6500152859249169,-0.3136439183890222,-0.9044249810374589,0.21005529145395715
0.0,-0.42548537092680416,1.6530343207562073,0.3277719388401882,-0.9702769988913732,0.6771720987365019,-1.654287701352183,0.6629028181092068,0.46051653830843536,1.1682018421638114,0.2921205858318764,-0.7398056549431182,1.125924122804416
0.0,0.1169600933083427,2.308591611310437,1.171575351852556,0.43917051505628163,0.5770965326870855,-1.654287701352183,0.24850851391092374,1.238911415069837,0.9514159092339075,-0.21268316768553905,-0.9044249810374589,0.21005529145395715
0.0,0.3881828254259149,0.21080828153690087,-1.600921576616652,0.2961830861050702,-0.2235079957082444,0.888541785501445,1.1504255289307164,0.6794400973975566,-0.2047757330589015,0.1911598351283932,-0.9867346440846293,1.125924122804416
0.0,-0.5610967369855903,0.9974770302019772,-1.4803782319005994,1.7464841511816427,1.77800332528008,0.15245956562276317,0.614150547027056,1.5516593566257741,-0.4215616659888054,-0.3136439183890222,-1.3159732962733122,-0.7058135398965015
0.0,0.1169600933083427,2.308591611310437,1.171575351852556,0.43917051505628163,0.5770965326870855,-1.654287701352183,0.24850851391092374,1.238911415069837,0.9514159092339075,-0.21268316768553905,-0.9044249810374589,0.21005529145395715
0.0,0.5237941914847023,0.3419197396477463,-1.7214649213327047,0.37789018836290517,-0.023356863609411745,0.4201258273968293,1.0529209867664144,0.905313610743522,-0.2047757330589015,0.09019908442491001,-1.2336636332261417,1.125924122804416
0.0,0.3881828254259149,0.21080828153690087,-1.600921576616652,0.2961830861050702,-0.2235079957082444,0.888541785501445,1.1504255289307164,0.6794400973975566,-0.2047757330589015,0.1911598351283932,-0.9867346440846293,1.125924122804416
0.0,-0.15426263880923075,-0.4447490090173296,1.171575351852556,0.9906934552966682,0.4770209666376692,1.1562080472755112,0.8335357668967353,1.3014610033810476,2.5411794173865245,2.6142178520119876,-0.16363801361292274,1.125924122804416
0.0,0.2525714593671288,1.259699946423669,-2.2036383001969146,1.0724005575545033,0.07671870244000388,0.01862643473573012,2.2229754927380374,1.343160728921842,-0.4215616659888054,0.2921205858318764,-1.3982829593204826,1.125924122804416
0.0,0.9306282896610618,0.6041426558694387,-0.9982048530363895,0.1531956571538588,-1.1241880901529906,-0.4497895233688856,0.10225170066447088,0.046994260028915394,-0.2047757330589015,-1.0203691733134042,0.000981312481417987,-1.6216823712469601
0.0,-0.5610967369855903,0.9974770302019772,-1.4803782319005994,1.7464841511816427,1.77800332528008,0.15245956562276317,0.614150547027056,1.5516593566257741,-0.4215616659888054,-0.3136439183890222,-1.3159732962733122,-0.7058135398965015
0.0,0.7950169236022757,-0.8380833833498678,-0.395488129456127,-0.9498502233269145,0.4770209666376692,-1.252788308691084,-0.8971698565196237,-0.48815221774456513,0.6623679986607045,-0.3136439183890222,0.000981312481417987,0.21005529145395715
0.0,-0.6967081030443776,0.0796968234260547,-1.7214649213327047,0.2757563105406115,0.5770965326870855,0.6877920891708954,1.1991778000128674,0.8219141596619336,0.3010581104442022,-0.1117224169820564,-1.3159732962733122,1.125924122804416
0.0,0.7950169236022757,-1.10030629957156,-0.395488129456127,-1.011130550020291,-0.023356863609411745,-0.048290130707786406,-0.8727937209785482,0.0018195573596991718,2.5411794173865245,1.2007673421632241,-0.08132835056575237,-1.6216823712469601
0.0,0.5237941914847023,0.3419197396477463,-1.4803782319005994,0.2757563105406115,0.3769454005882529,1.0892914818319945,0.9066641735199616,0.6898650287827841,-0.2047757330589015,0.3930813365353596,-0.9044249810374589,1.125924122804416
0.0,-0.6967081030443776,0.0796968234260547,-1.7214649213327047,0.2757563105406115,0.5770965326870855,0.6877920891708954,1.1991778000128674,0.8219141596619336,0.3010581104442022,-0.1117224169820564,-1.3159732962733122,1.125924122804416
0.0,-0.8323194691031637,-0.05141463468479146,-1.600921576616652,-0.6025950387311155,0.6771720987365019,0.8216252200579285,0.8579119024378107,-0.4985771491297926,-0.34929968834550307,-0.5155654197959887,-0.16363801361292274,0.21005529145395715
0.0,0.6594055575434884,-0.706971925239022,-1.3598348871845471,-0.9702769988913732,0.3769454005882529,0.01862643473573012,-0.09275738366413293,0.2867676818884531,1.384987775093712,-0.21268316768553905,-0.49287666580160566,0.21005529145395715
0.0,0.3881828254259149,-1.624752132014944,0.3277719388401882,-1.011130550020291,-0.32358356175766073,-0.7174557851429517,-0.2146380613695103,-0.5958765087249533,-1.5777533082816144,2.0084533477910895,-0.16363801361292274,1.125924122804416
0.0,1.066239655719848,2.8330374437538213,-0.516031474172179,0.8272792507809983,0.6771720987365019,1.4907908744930938,1.6623243752933015,1.2667112320970588,0.3733200880875046,-0.3136439183890222,-1.0690443071317997,1.125924122804416
0.0,1.066239655719848,2.8330374437538213,-0.516031474172179,0.8272792507809983,0.6771720987365019,1.4907908744930938,1.6623243752933015,1.2667112320970588,0.3733200880875046,-0.3136439183890222,-1.0690443071317997,1.125924122804416
0.0,-0.42548537092680416,1.259699946423669,-0.1544014400240217,-0.4596076097799042,1.8780788913294963,-0.9851220469170178,-0.06838124812305746,0.3180424760440584,-0.06025177777229999,-0.3136439183890222,-1.3159732962733122,0.21005529145395715
0.0,2.2867419502489277,-0.18252609279563764,-0.1544014400240217,-0.7251556921178681,-1.0241125241035742,-1.5873711359086666,-1.8478391426215672,-0.6758009826781197,-0.9273955094919092,-0.41460466909250543,0.7417682799059542,0.21005529145395715
0.0,0.1169600933083427,0.4730311977585925,-1.3598348871845471,1.9098983556973128,1.3777010610824154,0.9554583509449616,0.5410221404038295,1.5412344252405854,-0.566085621275407,-0.010761666278573195,-1.3159732962733122,1.125924122804416
0.0,0.1169600933083427,0.4730311977585925,-1.3598348871845471,1.9098983556973128,1.3777010610824154,0.9554583509449616,0.5410221404038295,1.5412344252405854,-0.566085621275407,-0.010761666278573195,-1.3159732962733122,1.125924122804416
0.0,-0.6967081030443776,-0.8380833833498678,-0.27494478474007433,-0.09192564961964625,-0.8239613920047416,0.01862643473573012,0.3703891916163011,0.8983636564867166,2.0353455738834207,-0.8184476719064376,-1.7275216115091654,0.21005529145395715
0.0,0.6594055575434884,-0.9691948414607139,-0.8776615083203368,-1.011130550020291,0.8773232308353338,0.4201258273968293,-0.7265369077320953,-0.0051303968970677115,2.468917439743222,1.8065318463841233,-0.08132835056575237,-1.6216823712469601
0.0,-0.15426263880923075,-0.18252609279563764,-0.7571181636042842,1.46050929327922,1.77800332528008,1.022374916388478,0.46789373378060306,1.391810408719403,1.4572497527370145,-0.21268316768553905,-0.575186328848776,0.21005529145395715
0.0,-0.8323194691031637,-0.18252609279563764,-0.516031474172179,0.43917051505628163,-0.7238858259553254,-0.4497895233688856,-0.7021607721910198,0.35626722445643055,1.5295117303803136,-0.6165261704994719,-0.16363801361292274,0.21005529145395715
0.0,-0.967930835161951,2.57081452753213,-0.033858095307969065,-0.030645322926269987,1.0774743629341665,-1.654287701352183,-1.0434266697660766,0.5334910580047962,1.1682018421638114,-0.1117224169820564,-0.41056700275443525,1.125924122804416
0.0,0.6594055575434884,-0.9691948414607139,-0.8776615083203368,-1.011130550020291,0.8773232308353338,0.4201258273968293,-0.7265369077320953,-0.0051303968970677115,2.468917439743222,1.8065318463841233,-0.08132835056575237,-1.6216823712469601
0.0,0.9306282896610618,0.3419197396477463,-0.7571181636042842,1.7566975389638722,2.478532287625994,0.8216252200579285,1.0041687156842636,1.5794591736529962,-1.0719194647785106,0.09019908442491001,-1.1513539701789715,-0.7058135398965015
0.0,-0.15426263880923075,0.6041426558694387,-1.7214649213327047,0.2757563105406115,0.07671870244000388,1.4907908744930938,1.540443697587924,0.6342653947283791,-0.13251375541560237,-0.41460466909250543,-0.9867346440846293,0.21005529145395715
0.0,0.7950169236022757,-1.624752132014944,-0.27494478474007433,-1.0315573255847497,-0.924036958054158,-0.6505392196994352,-1.116555076389303,-0.4012777895345933,2.468917439743222,-0.9194084226099208,0.000981312481417987,0.21005529145395715
0.0,-0.15426263880923075,0.6041426558694387,-1.7214649213327047,0.2757563105406115,0.07671870244000388,1.4907908744930938,1.540443697587924,0.6342653947283791,-0.13251375541560237,-0.41460466909250543,-0.9867346440846293,0.21005529145395715
0.0,0.7950169236022757,0.866365572091131,-0.7571181636042842,1.8894715801328539,0.6771720987365019,2.159956528928259,1.7842050529986788,1.8192325955125337,-0.9273955094919092,2.0084533477910895,-0.9044249810374589,1.125924122804416
0.0,0.7950169236022757,0.866365572091131,-0.7571181636042842,1.8894715801328539,0.6771720987365019,2.159956528928259,1.7842050529986788,1.8192325955125337,-0.9273955094919092,2.0084533477910895,-0.9044249810374589,1.125924122804416
0.0,0.7950169236022757,0.866365572091131,-0.7571181636042842,1.8894715801328539,0.6771720987365019,2.159956528928259,1.7842050529986788,1.8192325955125337,-0.9273955094919092,2.0084533477910895,-0.9044249810374589,1.125924122804416
0.0,0.7950169236022757,0.866365572091131,-0.7571181636042842,1.8894715801328539,0.6771720987365019,2.159956528928259,1.7842050529986788,1.8192325955125337,-0.9273955094919092,2.0084533477910895,-0.9044249810374589,1.125924122804416
0.0,0.7950169236022757,0.866365572091131,-0.7571181636042842,1.8894715801328539,0.6771720987365019,2.159956528928259,1.7842050529986788,1.8192325955125337,-0.9273955094919092,2.0084533477910895,-0.9044249810374589,1.125924122804416
0.0,0.6594055575434884,1.7841457788670534,-0.516031474172179,0.03063500376710628,-0.5237346938564934,-0.5836226542559186,-0.9702982631428501,-0.8182750449424967,-0.2047757330589015,0.9988458407562577,1.647174573424831,-1.6216823712469601
0.0,0.7950169236022757,-1.10030629957156,-0.9982048530363895,-1.011130550020291,0.4770209666376692,-0.9182054814735013,-0.7509130432731708,-0.0016554197686842697,2.3966554620999228,1.604610344977157,-0.08132835056575237,-1.6216823712469601
0.0,2.422353316307714,-1.231417757682406,-0.516031474172179,-0.7455824676823268,0.4770209666376692,0.2193761310662797,0.32163692053415016,-0.06420500807985628,-0.6383475989187061,0.7969243393492924,0.16560063857576018,0.21005529145395715
0.0,-0.42548537092680416,0.7352541139802848,-1.1187481977524418,-1.0519841011492084,1.1775499289835827,0.2862926965097962,1.7354527819165277,-0.38737788102098236,-0.06025177777229999,-0.21268316768553905,-0.575186328848776,0.21005529145395715
0.0,0.6594055575434884,1.7841457788670534,-0.516031474172179,0.03063500376710628,-0.5237346938564934,-0.5836226542559186,-0.9702982631428501,-0.8182750449424967,-0.2047757330589015,0.9988458407562577,1.647174573424831,-1.6216823712469601
0.0,0.2525714593671288,0.7352541139802848,-0.1544014400240217,0.010208228202647584,-1.1241880901529906,0.2193761310662797,-0.5315278234034915,-0.515952034771787,1.384987775093712,0.9988458407562577,1.3179359212361481,-1.6216823712469601
0.0,0.9306282896610618,2.046368695088745,-1.600921576616652,0.11234210602494142,-0.12343242965882807,1.8253737017106764,0.32163692053415016,0.4327167212812135,0.3010581104442022,-1.1213299240168872,-0.49287666580160566,0.21005529145395715
0.0,0.1169600933083427,0.21080828153690087,-0.1544014400240217,0.17362243271831768,-0.2235079957082444,0.8216252200579285,0.7604073602735087,0.26591781911807527,0.7346299763040068,0.8978850900527745,0.000981312481417987,-1.6216823712469601
0.0,-0.42548537092680416,0.3419197396477463,1.171575351852556,0.8681328019099157,-0.023356863609411745,2.0930399634847427,1.589195968670075,1.0095629245954882,0.3733200880875046,0.4940420872388428,-0.9044249810374589,0.21005529145395715
0.0,-0.6967081030443776,1.9152572369778988,-1.7214649213327047,-0.5821682631666567,-1.5244903543506556,-0.7843723505864683,-0.6777846366499444,-1.2700220716344275,1.0959398645205092,0.595002837942326,1.8117938995191731,-1.6216823712469601
0.0,0.2525714593671288,0.7352541139802848,-0.1544014400240217,0.010208228202647584,-1.1241880901529906,0.2193761310662797,-0.5315278234034915,-0.515952034771787,1.384987775093712,0.9988458407562577,1.3179359212361481,-1.6216823712469601
0.0,0.6594055575434884,0.4730311977585925,0.08668524940808357,-0.827289569940162,0.07671870244000388,-0.4497895233688856,-0.28776646799273675,-1.04067358116004,1.0959398645205092,-0.41460466909250543,1.647174573424831,-1.6216823712469601
0.0,-0.28987400486801806,-0.5758604671281757,-0.516031474172179,1.164321047594568,1.5778521931812481,-0.6505392196994352,-0.28776646799273675,1.6420087619641681,1.8908216185968192,-0.3136439183890222,-0.9867346440846293,1.125924122804416
0.0,-1.1035422012207372,-0.05141463468479146,-1.7214649213327047,0.13276888158940012,1.277625495032999,1.022374916388478,1.394186884341471,0.7211398229383509,0.15653415515760072,-0.5155654197959887,-1.3159732962733122,1.125924122804416
0.0,0.1169600933083427,2.308591611310437,-1.7214649213327047,1.1132541086834211,0.8773232308353338,-0.5836226542559186,-0.26339033245166127,1.2736611863538643,0.3010581104442022,-0.010761666278573195,-1.2336636332261417,1.125924122804416
0.0,0.9306282896610618,2.046368695088745,-1.4803782319005994,-1.011130550020291,1.77800332528008,-1.3197048741346005,0.7604073602735087,0.19641827655005925,-0.9273955094919092,-0.8184476719064376,-0.9867346440846293,0.21005529145395715
0.0,0.2525714593671288,1.259699946423669,-0.27494478474007433,-0.2757666296997752,-0.2235079957082444,0.35320926195331276,0.15100397174662183,-0.7314006167325249,1.0236778868772098,-0.6165261704994719,1.3179359212361481,-1.6216823712469601
0.0,-1.645987665455884,0.4074754687031694,-1.4803782319005994,-0.8477163455046207,0.6771720987365019,-1.118955177804051,-0.06838124812305746,-0.019030305410678638,0.15653415515760072,2.0084533477910895,-0.49287666580160566,1.125924122804416
0.0,1.7442964860137808,0.21080828153690087,0.20722859412413622,-1.0315573255847497,-0.7238858259553254,-1.5873711359086666,-0.26339033245166127,-0.5263769661569759,-0.34929968834550307,0.1911598351283932,-0.6574959918959463,0.21005529145395715
0.0,0.2525714593671288,-0.5758604671281757,-0.7571181636042842,-0.7251556921178681,-0.6238102599059097,0.6208755237273789,-0.11713351920520841,-1.0615234439304564,1.0959398645205092,-0.717486921202955,1.1533165951418074,-1.6216823712469601
0.0,-0.018651272750444616,0.7352541139802848,-0.27494478474007433,-0.6230218142955743,-1.3243392222518229,-1.3197048741346005,-1.3846925673411332,-1.120598055113245,1.0236778868772098,1.5036495942736736,1.647174573424831,-1.6216823712469601
0.0,0.2525714593671288,-0.9691948414607139,0.08668524940808357,-0.010218547361811292,-1.0241125241035742,0.48704239284034584,-0.23901419691058579,-0.7001258225769196,0.8791539315906084,-1.0203691733134042,1.3179359212361481,0.21005529145395715
0.0,1.2018510217786353,2.046368695088745,0.6894019729883462,0.35746341279844646,1.8780788913294963,0.9554583509449616,0.17538010728769732,0.9609132447979272,1.5295117303803136,0.9988458407562577,0.3302199646701009,0.21005529145395715
0.0,0.7950169236022757,-0.8380833833498678,-0.1544014400240217,-0.9702769988913732,-0.42365912780707704,-0.048290130707786406,-0.507151687862416,-0.915574404537696,0.4455820657308038,-0.9194084226099208,1.1533165951418074,-1.6216823712469601
0.0,1.6086851199549947,-0.8380833833498678,-0.27494478474007433,0.35746341279844646,-0.5237346938564934,0.48704239284034584,-0.16588579028735936,-0.015555328282295196,-0.6383475989187061,1.9074925970876064,0.9886972690474667,0.21005529145395715
0.0,1.066239655719848,-0.8380833833498678,0.20722859412413622,-0.9294234477624558,-0.12343242965882807,0.48704239284034584,0.27288464945199925,-0.16845432193186105,1.1682018421638114,1.8065318463841233,0.41252962771727125,0.21005529145395715
0.0,0.1169600933083427,0.4730311977585925,-1.3598348871845471,0.17362243271831768,0.2768698345388365,1.2900411781625443,1.2966823421771692,0.7350397314519618,0.22879613280090308,-0.010761666278573195,-0.9867346440846293,1.125924122804416
0.0,0.2525714593671288,1.1285884883128225,-1.842008266048757,-1.072410876713667,0.6771720987365019,-1.8550373976827328,-0.4340232812391896,-0.30050345281101054,-0.4215616659888054,-1.2222906747203706,-0.7398056549431182,0.21005529145395715
0.0,0.2525714593671288,1.1285884883128225,-1.842008266048757,-1.072410876713667,0.6771720987365019,-1.8550373976827328,-0.4340232812391896,-0.30050345281101054,-0.4215616659888054,-1.2222906747203706,-0.7398056549431182,0.21005529145395715
0.0,1.066239655719848,0.4730311977585925,0.9304886624204514,-0.8477163455046207,1.1775499289835827,-0.3828729579253691,0.9310403090610371,0.2137931621920536,0.012010199870999176,0.4940420872388428,-0.6574959918959463,1.125924122804416
0.0,0.9306282896610618,1.5219228626453611,-0.395488129456127,1.2970950887635497,0.7772476647859181,-0.6505392196994352,1.7598289174576034,1.655908670477779,0.4455820657308038,1.0998065914597408,-1.0690443071317997,0.21005529145395715
0.0,0.9306282896610618,0.4730311977585925,-0.033858095307969065,-1.011130550020291,-1.0241125241035742,-0.249039827038336,0.5897744114859804,-0.7974251821721189,-1.722277263568216,-0.6165261704994719,-0.08132835056575237,1.125924122804416
0.0,-0.6967081030443776,1.7841457788670534,-0.033858095307969065,0.8681328019099157,0.6771720987365019,0.2193761310662797,1.7598289174576034,1.4821598140577967,2.0353455738834207,1.0998065914597408,-1.0690443071317997,0.21005529145395715
0.0,-0.018651272750444616,1.390811404534515,-0.516031474172179,-0.9089966721979972,-1.8247170524989043,1.9592068325977094,-0.7509130432731708,-1.3568964998443993,1.8908216185968192,1.2007673421632241,1.647174573424831,-1.6216823712469601
0.0,2.0155192181313555,0.0796968234260547,0.20722859412413622,0.7864256996520805,0.5770965326870855,1.022374916388478,-0.4583994167802651,1.1555119639882871,-0.06025177777229999,0.2921205858318764,-0.2459476766600931,1.125924122804416
0.0,-0.42548537092680416,0.21080828153690087,0.3277719388401882,0.7047185973942457,2.478532287625994,1.75845713626716,1.0529209867664144,1.1694118725018596,-0.2770377107022039,0.8978850900527745,-1.3159732962733122,-0.7058135398965015
0.0,0.5237941914847023,0.9974770302019772,-0.27494478474007433,0.4187437394918229,0.8773232308353338,0.35320926195331276,0.7360312247324333,1.2945110491242422,2.1076075515267196,1.4026888435701905,-0.7398056549431182,1.125924122804416
0.0,0.2525714593671288,-0.4447490090173296,-0.7571181636042842,0.17362243271831768,-0.12343242965882807,-0.9182054814735013,-1.1409312119303785,0.4361916984096355,0.22879613280090308,0.6959635886458092,-0.9044249810374589,0.21005529145395715
0.0,1.2018510217786353,0.3419197396477463,-0.395488129456127,-0.3166201808286928,1.77800332528008,-0.5167060888124021,0.46789373378060306,0.6551152574987954,2.179869529170022,1.0998065914597408,-0.2459476766600931,0.21005529145395715
0.0,0.5237941914847023,0.9974770302019772,-0.27494478474007433,0.4187437394918229,0.8773232308353338,0.35320926195331276,0.7360312247324333,1.2945110491242422,2.1076075515267196,1.4026888435701905,-0.7398056549431182,1.125924122804416
0.0,1.2018510217786353,1.7841457788670534,-0.6365748188882316,-0.37790050752206905,-0.8239613920047416,-0.5167060888124021,-1.0190505342250011,-0.7244506624757194,0.15653415515760072,1.0998065914597408,1.40024558428332,-1.6216823712469601
0.0,-0.15426263880923075,-1.231417757682406,-0.6365748188882316,-1.011130550020291,-1.0241125241035742,0.2862926965097962,0.2972607849930747,-0.44992746933219296,1.5295117303803136,0.3930813365353596,-0.08132835056575237,1.125924122804416
0.0,0.2525714593671288,-0.4447490090173296,-0.7571181636042842,0.17362243271831768,-0.12343242965882807,-0.9182054814735013,-1.1409312119303785,0.4361916984096355,0.22879613280090308,0.6959635886458092,-0.9044249810374589,0.21005529145395715
0.0,1.7442964860137808,-0.3136375509064838,-0.7571181636042842,0.9498399041677508,0.07671870244000388,0.4201258273968293,1.8085811885397542,1.0165128788522937,-0.566085621275407,0.09019908442491001,-0.49287666580160566,0.21005529145395715
0.0,0.9306282896610618,-0.4447490090173296,-0.395488129456127,-0.7660092432467857,-1.1241880901529906,-0.7174557851429517,-0.9459221276017746,-0.6584260970361254,-1.3609673753517137,0.595002837942326,0.24791030162293054,0.21005529145395715
0.0,1.4730737538962086,0.6041426558694387,-1.2392915424684945,1.4196557421503027,0.5770965326870855,0.754708654614412,1.8329573240808297,1.9408567950064943,2.0353455738834207,1.0998065914597408,-0.49287666580160566,1.125924122804416
0.0,1.4730737538962086,-0.18252609279563764,0.20722859412413622,1.031547006425586,-0.2235079957082444,1.2231246127190276,1.589195968670075,1.1277121469610654,-0.566085621275407,0.8978850900527745,-0.8221153179902886,0.21005529145395715
0.0,-0.967930835161951,0.21080828153690087,-1.9625516107648096,-1.0315573255847497,1.77800332528008,0.08554300017924665,-0.26339033245166127,-0.10590473362065048,-0.4215616659888054,-0.21268316768553905,-1.5629022854148247,0.21005529145395715
0.0,0.2525714593671288,-1.10030629957156,-0.7571181636042842,-1.011130550020291,0.1767942684894202,0.754708654614412,-1.165307347471454,-0.4429775150753875,1.4572497527370145,-0.010761666278573195,0.08329097552858834,-1.6216823712469601
0.0,-0.42548537092680416,-0.706971925239022,-0.516031474172179,-1.011130550020291,0.3769454005882529,-0.5836226542559186,-1.7259584649161899,-0.641051211394131,1.7462976633102176,-0.010761666278573195,0.41252962771727125,0.21005529145395715
0.0,1.066239655719848,2.8330374437538213,0.08668524940808357,0.13276888158940012,-1.8247170524989043,-1.386621439578117,-0.16588579028735936,-0.707075776833725,0.4455820657308038,-0.3136439183890222,1.5648649103776606,-1.6216823712469601
0.0,0.3881828254259149,0.9974770302019772,-0.033858095307969065,-0.8885698966335382,0.8773232308353338,-0.3828729579253691,-0.16588579028735936,-0.10242975649226703,0.8068919539473061,0.1911598351283932,-0.16363801361292274,0.21005529145395715
0.0,0.7950169236022757,0.7352541139802848,-0.6365748188882316,1.3379486398924674,-0.2235079957082444,1.6915405708236433,2.052342543950509,1.5551343337541963,-0.9996574871352115,1.8065318463841233,-0.9867346440846293,1.125924122804416
0.0,1.7442964860137808,-0.18252609279563764,0.20722859412413622,0.7659989240876218,0.7772476647859181,-0.31595639248185253,-0.38527101015703863,1.1833117810154705,-0.13251375541560237,0.09019908442491001,-0.41056700275443525,0.21005529145395715
0.0,1.879907852072567,-0.18252609279563764,1.6537487307167666,-0.5311013242555098,0.7772476647859181,-1.386621439578117,-0.8484175854374727,0.4883163553356186,0.6623679986607045,0.9988458407562577,-0.7398056549431182,1.125924122804416
0.0,-0.42548537092680416,-1.10030629957156,-0.395488129456127,-0.9498502233269145,-0.7238858259553254,0.2862926965097962,0.17538010728769732,-0.39432783527778786,2.179869529170022,0.1911598351283932,-0.08132835056575237,0.21005529145395715
0.0,-0.15426263880923075,-0.3136375509064838,-0.7571181636042842,1.276668313199091,1.0774743629341665,0.6208755237273789,1.1016732578485655,1.4543599970306136,1.6740356856669152,-0.6165261704994719,-0.7398056549431182,1.125924122804416
0.0,0.7950169236022757,0.866365572091131,1.4126620412846613,0.25532953497615263,0.7772476647859181,0.35320926195331276,2.198599357196962,1.0269378102374827,-0.49382364363210457,0.3930813365353596,-1.3159732962733122,1.125924122804416
0.0,0.5237941914847023,0.4730311977585925,-0.27494478474007433,0.35746341279844646,0.7772476647859181,0.35320926195331276,1.2479300710950183,0.9331134277707053,-0.2770377107022039,0.09019908442491001,-1.2336636332261417,0.21005529145395715
0.0,0.7950169236022757,0.9974770302019772,-0.27494478474007433,1.7464841511816427,-0.5237346938564934,2.3607062252588085,0.7847834958145843,1.0929623756770765,0.4455820657308038,-1.1213299240168872,-0.16363801361292274,0.21005529145395715
0.0,-1.1035422012207372,0.866365572091131,-1.7214649213327047,-0.6843021409889506,-0.6238102599059097,-1.9888705285697659,-1.2628118896357559,-0.8981995188957017,0.6623679986607045,-0.8184476719064376,0.7417682799059542,-0.7058135398965015
0.0,1.066239655719848,2.8330374437538213,0.5688586282722935,-1.0519841011492084,-0.8239613920047416,-1.9888705285697659,-1.9453436847858692,-0.4429775150753875,-0.9996574871352115,0.595002837942326,-0.16363801361292274,-0.7058135398965015
0.0,0.5237941914847023,-0.8380833833498678,-0.27494478474007433,-0.8885698966335382,-0.32358356175766073,0.5539589582838623,1.2479300710950183,-0.9503241758216847,0.8068919539473061,-0.717486921202955,1.1533165951418074,0.21005529145395715
0.0,0.2525714593671288,0.7352541139802848,-0.395488129456127,-0.29619340526423393,-0.6238102599059097,0.4201258273968293,0.32163692053415016,-0.7487755023745193,1.384987775093712,-0.5155654197959887,1.3179359212361481,0.21005529145395715
0.0,0.5237941914847023,-0.8380833833498678,-0.27494478474007433,-0.8885698966335382,-0.32358356175766073,0.5539589582838623,1.2479300710950183,-0.9503241758216847,0.8068919539473061,-0.717486921202955,1.1533165951418074,0.21005529145395715
0.0,0.2525714593671288,-0.5758604671281757,-0.395488129456127,0.5208776173141167,0.7772476647859181,-0.7174557851429517,-1.1409312119303785,0.5995156234443902,0.7346299763040068,-0.21268316768553905,-0.6574959918959463,0.21005529145395715
0.0,0.2525714593671288,-0.4447490090173296,1.171575351852556,-0.2553398541353165,-0.023356863609411745,0.15245956562276317,0.17538010728769732,0.46746649256520223,2.2521315068133214,1.0998065914597408,-0.3282573397072649,0.21005529145395715
0.0,0.1169600933083427,-1.4936406739040982,-0.516031474172179,-0.39832728308652776,-1.3243392222518229,-1.386621439578117,-0.7265369077320953,-0.12675459639106687,0.3733200880875046,-0.21268316768553905,-0.16363801361292274,-1.6216823712469601
0.0,-0.15426263880923075,-0.05141463468479146,-0.395488129456127,-0.11235242518410513,-1.724641486449488,-0.5836226542559186,-1.530949380587586,-0.3248282927098104,0.6623679986607045,0.4940420872388428,0.3302199646701009,0.21005529145395715
0.0,0.1169600933083427,-1.4936406739040982,-0.516031474172179,-0.39832728308652776,-1.3243392222518229,-1.386621439578117,-0.7265369077320953,-0.12675459639106687,0.3733200880875046,-0.21268316768553905,-0.16363801361292274,-1.6216823712469601
0.0,0.1169600933083427,0.4730311977585925,-0.395488129456127,-1.0315573255847497,1.0774743629341665,-0.7174557851429517,1.2723062066360937,-0.07462993946508376,0.7346299763040068,0.595002837942326,-0.575186328848776,-0.7058135398965015
0.0,0.1169600933083427,0.4730311977585925,-0.27494478474007433,-1.0315573255847497,1.0774743629341665,-0.7174557851429517,1.1991778000128674,-0.0781049165934672,0.7346299763040068,0.595002837942326,-0.575186328848776,-0.7058135398965015
0.0,1.066239655719848,-0.706971925239022,0.3277719388401882,-1.0519841011492084,-0.12343242965882807,-1.8550373976827328,-0.7509130432731708,-0.8460748619697186,-0.9273955094919092,-0.3136439183890222,0.5771489538116135,-0.7058135398965015
0.0,-0.018651272750444616,2.57081452753213,-0.7571181636042842,-0.7455824676823268,-0.023356863609411745,-0.4497895233688856,-1.3115641607179067,-0.9364242673080738,1.384987775093712,0.2921205858318764,1.1533165951418074,-1.6216823712469601
0.0,0.2525714593671288,0.21080828153690087,-0.7571181636042842,-0.9498502233269145,-0.023356863609411745,-0.048290130707786406,-0.16588579028735936,-0.46382737784576533,1.7462976633102176,0.1911598351283932,0.08329097552858834,-1.6216823712469601
0.0,-0.42548537092680416,-0.3136375509064838,-0.395488129456127,0.37789018836290517,0.07671870244000388,-0.18212326159481948,0.46789373378060306,0.24159297921927544,-0.4215616659888054,2.210374849198055,-0.41056700275443525,0.21005529145395715
0.0,0.2525714593671288,0.0796968234260547,-0.395488129456127,-0.5004611609088216,1.6779277592306636,-0.4497895233688856,1.5160675620468484,0.7871643883779449,2.5411794173865245,1.0998065914597408,-0.2459476766600931,1.125924122804416
0.0,2.151130584190142,0.4730311977585925,-0.8776615083203368,2.328647254768718,0.4770209666376692,-0.6505392196994352,1.9792141373272827,2.1980051025080263,-1.5054913306383153,1.8065318463841233,-1.2336636332261417,1.125924122804416
0.0,-0.42548537092680416,-0.9691948414607139,-0.6365748188882316,-0.29619340526423393,-0.5237346938564934,-1.4535380050216336,-0.8727937209785482,-0.7765753194017025,-0.13251375541560237,-0.717486921202955,0.9886972690474667,0.21005529145395715
0.0,1.6086851199549947,1.259699946423669,0.8099453177043987,-0.9702769988913732,-1.8247170524989043,-0.5836226542559186,-1.067802805307152,-0.9294743130512684,-0.2770377107022039,0.09019908442491001,1.0710069320946372,0.21005529145395715
0.0,1.6086851199549947,-0.05141463468479146,-0.516031474172179,0.37789018836290517,-0.42365912780707704,2.4945393561458418,1.589195968670075,0.6342653947283791,-0.49382364363210457,0.7969243393492924,-0.49287666580160566,0.21005529145395715
0.0,-0.28987400486801806,-0.4447490090173296,-1.7214649213327047,0.43917051505628163,0.1767942684894202,1.6246240053801269,1.2479300710950183,0.6064655777011958,-0.2047757330589015,0.09019908442491001,-0.9044249810374589,1.125924122804416
0.0,1.4730737538962086,2.308591611310437,-0.7571181636042842,-0.3881138953042984,-0.924036958054158,-0.7843723505864683,-0.8971698565196237,-0.925999335922885,-0.13251375541560237,0.3930813365353596,1.7294842364720013,0.21005529145395715
0.0,1.066239655719848,0.6041426558694387,-0.6365748188882316,-0.11235242518410513,-0.6238102599059097,-0.7843723505864683,-0.6777846366499444,0.053944214285720854,1.0959398645205092,0.595002837942326,0.3302199646701009,0.21005529145395715
0.0,0.3881828254259149,-0.706971925239022,-0.516031474172179,-0.7455824676823268,-0.8239613920047416,-0.7843723505864683,-0.6290323655677934,0.07479407705609867,1.1682018421638114,1.604610344977157,-0.3282573397072649,-0.7058135398965015
0.0,0.2525714593671288,-1.362529215793252,-0.7571181636042842,0.1940492082827764,0.4770209666376692,-0.31595639248185253,2.0279664084094335,0.828864113918739,1.384987775093712,0.9988458407562577,-0.41056700275443525,0.21005529145395715
0.0,1.6086851199549947,0.0796968234260547,-0.8776615083203368,2.6044087248889114,0.2768698345388365,1.022374916388478,1.7354527819165277,2.3196293020020256,-0.9996574871352115,0.1911598351283932,-1.1513539701789715,0.21005529145395715
0.0,0.3881828254259149,-0.706971925239022,-0.516031474172179,-0.7455824676823268,-0.8239613920047416,-0.7843723505864683,-0.6290323655677934,0.07479407705609867,1.1682018421638114,1.604610344977157,-0.3282573397072649,-0.7058135398965015
0.0,1.879907852072567,-0.3136375509064838,-0.27494478474007433,-0.827289569940162,0.7772476647859181,-0.7843723505864683,-0.7509130432731708,0.046994260028915394,-1.5054913306383153,0.1911598351283932,-0.49287666580160566,1.125924122804416
0.0,0.2525714593671288,-1.362529215793252,-0.7571181636042842,0.10212871824271189,0.4770209666376692,-0.31595639248185253,2.0279664084094335,0.828864113918739,1.384987775093712,0.9988458407562577,-0.41056700275443525,0.21005529145395715
0.0,-0.6967081030443776,1.9152572369778988,-1.9625516107648096,-1.1132644278425847,-1.0241125241035742,-0.6505392196994352,-0.9459221276017746,-0.3804279267642155,-0.2047757330589015,-0.6165261704994719,-0.9044249810374589,1.125924122804416
0.0,-0.967930835161951,1.259699946423669,1.0510320071365034,2.6554756638000585,2.7787589857742434,2.159956528928259,1.7110766463754523,2.552452769604758,1.4572497527370145,0.4940420872388428,-1.2336636332261417,1.125924122804416
0.0,1.7442964860137808,1.7841457788670534,-0.033858095307969065,0.3166098616695291,-1.1241880901529906,-0.7843723505864683,-0.4583994167802651,-0.7209756853473359,-0.9996574871352115,-0.21268316768553905,2.2233422147550264,-1.6216823712469601
0.0,-0.018651272750444616,-0.05141463468479146,1.2921186965686087,1.1030407209011917,0.2768698345388365,1.2231246127190276,1.491691426505773,1.0651625586498934,0.517844043374103,0.6959635886458092,-0.9044249810374589,1.125924122804416
0.0,0.5237941914847023,-0.3136375509064838,-0.395488129456127,-0.6843021409889506,-0.6238102599059097,-1.1858717432475674,-0.48277555232134056,0.09564393982651505,1.2404638198071105,2.0084533477910895,-0.41056700275443525,0.21005529145395715
0.0,0.5237941914847023,-0.3136375509064838,-0.395488129456127,-0.6843021409889506,-0.6238102599059097,-1.1858717432475674,-0.48277555232134056,0.09564393982651505,1.2404638198071105,2.0084533477910895,-0.41056700275443525,0.21005529145395715
0.0,0.6594055575434884,-0.5758604671281757,-0.7571181636042842,-0.9907037744558321,-0.2235079957082444,-0.18212326159481948,0.8579119024378107,-0.6584260970361254,0.5901060210174053,-0.010761666278573195,0.4948392907644416,0.21005529145395715
0.0,1.7442964860137808,0.9974770302019772,-0.516031474172179,0.23490275941169395,-0.2235079957082444,2.3607062252588085,2.2717277638201883,0.6064655777011958,-0.34929968834550307,0.6959635886458092,-0.6574959918959463,0.21005529145395715
0.0,0.6594055575434884,-0.5758604671281757,-0.7571181636042842,-0.9907037744558321,-0.2235079957082444,-0.18212326159481948,0.8579119024378107,-0.6584260970361254,0.5901060210174053,-0.010761666278573195,0.4948392907644416,0.21005529145395715
0.0,1.7442964860137808,0.9974770302019772,-0.516031474172179,0.23490275941169395,-0.2235079957082444,2.3607062252588085,2.2717277638201883,0.6064655777011958,-0.34929968834550307,0.6959635886458092,-0.6574959918959463,0.21005529145395715
0.0,-0.5610967369855903,0.21080828153690087,-1.842008266048757,0.3983169639273642,-0.023356863609411745,1.75845713626716,1.4185630198825467,0.6724901431407898,0.22879613280090308,-0.21268316768553905,-0.9867346440846293,1.125924122804416
0.0,-0.6967081030443776,0.3419197396477463,-2.2036383001969146,0.14298226937162947,0.2768698345388365,1.022374916388478,0.979792580143188,0.6273154404715736,0.3010581104442022,-0.6165261704994719,-1.3159732962733122,1.125924122804416
0.0,-0.5610967369855903,0.0796968234260547,-1.842008266048757,0.4187437394918229,0.1767942684894202,1.6915405708236433,1.491691426505773,0.6759651202691732,0.15653415515760072,-0.1117224169820564,-0.9867346440846293,1.125924122804416
0.0,0.7950169236022757,1.1285884883128225,-1.4803782319005994,1.5422163955370551,1.1775499289835827,1.892290267154193,2.247351628279113,1.7532080300729398,-0.566085621275407,0.1911598351283932,-1.3982829593204826,0.21005529145395715
0.0,2.0155192181313555,0.21080828153690087,-0.6365748188882316,2.2775803158575707,0.2768698345388365,0.888541785501445,2.8323788812649244,2.1910551482512597,-1.2164434200651122,0.7969243393492924,-1.2336636332261417,0.21005529145395715
0.0,-0.5610967369855903,1.1285884883128225,0.3277719388401882,-0.1532059763130227,-0.8239613920047416,-1.7212042667956997,0.27288464945199925,0.19989325367848126,-0.13251375541560237,0.1911598351283932,-0.6574959918959463,-0.7058135398965015
0.0,0.1169600933083427,2.1774801531995913,-0.516031474172179,0.6230114951364106,1.3777010610824154,-0.3828729579253691,1.126049393389641,0.7315647543235784,-0.13251375541560237,-0.5155654197959887,-0.9867346440846293,1.125924122804416
0.0,1.6086851199549947,-0.05141463468479146,-0.516031474172179,-0.3166201808286928,0.7772476647859181,-0.048290130707786406,0.32163692053415016,0.18599334516487034,-0.4215616659888054,0.1911598351283932,-0.49287666580160566,0.21005529145395715
0.0,0.1169600933083427,2.1774801531995913,-0.516031474172179,0.6230114951364106,1.3777010610824154,-0.3828729579253691,1.126049393389641,0.7315647543235784,-0.13251375541560237,-0.5155654197959887,-0.9867346440846293,1.125924122804416
0.0,0.6594055575434884,0.0796968234260547,0.5688586282722935,0.6842918218297867,-0.023356863609411745,0.08554300017924665,-0.16588579028735936,1.4126602714898193,2.1076075515267196,2.715178602715471,-0.575186328848776,0.21005529145395715
0.0,1.066239655719848,0.27636401059232324,-0.033858095307969065,1.6852038244882661,2.078230023428329,-0.18212326159481948,1.5648198331289995,1.4474100427738081,-1.3609673753517137,-0.3136439183890222,-1.1513539701789715,1.125924122804416
0.0,-0.28987400486801806,0.7352541139802848,0.08668524940808357,-0.7864360188112444,0.9773987968847501,0.35320926195331276,2.015778340638896,-0.2344788873714165,-0.2770377107022039,1.2007673421632241,-0.49287666580160566,1.125924122804416
0.0,1.066239655719848,0.27636401059232324,-0.033858095307969065,1.6852038244882661,2.078230023428329,-0.18212326159481948,1.5648198331289995,1.4474100427738081,-1.3609673753517137,-0.3136439183890222,-1.1513539701789715,1.125924122804416
0.0,-0.28987400486801806,0.9974770302019772,0.20722859412413622,-0.7660092432467857,0.8773232308353338,0.38666754467507103,1.7842050529986788,-0.24142884162822198,-0.2770377107022039,1.3017280928667072,-0.49287666580160566,1.125924122804416
0.0,-0.28987400486801806,0.7352541139802848,0.08668524940808357,-0.7864360188112444,0.9773987968847501,0.35320926195331276,1.7842050529986788,-0.2344788873714165,-0.2770377107022039,1.2007673421632241,-0.49287666580160566,1.125924122804416
0.0,-0.42548537092680416,0.0796968234260547,-0.7571181636042842,0.37789018836290517,-0.023356863609411745,-0.9182054814735013,-0.09275738366413293,0.7941143426347503,1.7462976633102176,1.604610344977157,-0.6574959918959463,0.21005529145395715
0.0,-0.28987400486801806,-0.05141463468479146,-0.6365748188882316,-0.9907037744558321,-0.2235079957082444,-1.0520386123605343,-0.555903958944567,-0.307453407067816,1.2404638198071105,1.4026888435701905,-0.08132835056575237,0.21005529145395715
0.0,-0.15426263880923075,0.0796968234260547,-0.7571181636042842,-0.827289569940162,0.07671870244000388,1.75845713626716,1.0772971223074899,0.03656932864372649,1.8908216185968192,1.5036495942736736,0.000981312481417987,0.21005529145395715
0.0,0.6594055575434884,-0.9691948414607139,-0.6365748188882316,-0.9702769988913732,-1.5244903543506556,0.01862643473573012,-0.0196289770409065,-0.4707773321025708,1.384987775093712,0.595002837942326,0.3302199646701009,-1.6216823712469601
0.0,-0.6967081030443776,-0.8380833833498678,-0.7571181636042842,-0.9702769988913732,-1.5244903543506556,0.08554300017924665,0.10225170066447088,-0.4012777895345933,2.468917439743222,0.7969243393492924,0.16560063857576018,0.21005529145395715
0.0,0.3881828254259149,0.3419197396477463,-0.27494478474007433,1.9711786823906894,-0.6238102599059097,1.5577074399366102,1.5648198331289995,1.9825565205472886,0.8068919539473061,1.9074925970876064,-1.3159732962733122,1.125924122804416
0.0,1.3374623878374214,0.7352541139802848,0.08668524940808357,0.8272792507809983,-1.1241880901529906,0.8216252200579285,1.394186884341471,1.0721125129066988,-0.8551335318486101,0.9988458407562577,-0.8221153179902886,0.21005529145395715
0.0,1.7442964860137808,0.866365572091131,0.44831528355624084,0.21447598384723526,-0.5237346938564934,0.08554300017924665,0.46789373378060306,0.7246148000667729,0.012010199870999176,0.595002837942326,0.000981312481417987,0.21005529145395715
0.0,1.7442964860137808,0.866365572091131,0.44831528355624084,0.21447598384723526,-0.5237346938564934,0.08554300017924665,0.46789373378060306,0.7246148000667729,0.012010199870999176,0.595002837942326,0.000981312481417987,0.21005529145395715
0.0,1.3374623878374214,0.7352541139802848,0.08668524940808357,0.8272792507809983,-1.1241880901529906,0.8216252200579285,1.394186884341471,1.0721125129066988,-0.8551335318486101,0.9988458407562577,-0.8221153179902886,0.21005529145395715
0.0,-0.28987400486801806,0.866365572091131,-0.9982048530363895,1.9813920701729189,0.2768698345388365,-0.249039827038336,0.24850851391092374,1.523859539598591,-0.7828715542053076,0.3930813365353596,-1.1513539701789715,1.125924122804416
0.0,-0.28987400486801806,0.866365572091131,-0.9982048530363895,1.9813920701729189,0.2768698345388365,-0.249039827038336,0.24850851391092374,1.523859539598591,-0.7828715542053076,0.3930813365353596,-1.1513539701789715,1.125924122804416
0.0,1.879907852072567,-0.05141463468479146,0.08668524940808357,-0.7660092432467857,1.0774743629341665,-1.5873711359086666,-1.6040777872108125,0.06436914567090976,-2.1558491294280206,0.09019908442491001,-0.9044249810374589,1.125924122804416
0.0,2.0155192181313555,-0.18252609279563764,0.08668524940808357,-0.7864360188112444,1.0774743629341665,-1.52045457046515,-1.579701651669737,0.07131909992771522,-2.1558491294280206,-0.010761666278573195,-0.9044249810374589,1.125924122804416
0.0,0.2525714593671288,-0.05141463468479146,-0.7571181636042842,0.9089863530388335,-0.32358356175766073,0.15245956562276317,1.1504255289307164,1.4022353401046304,2.0353455738834207,0.9988458407562577,-0.2459476766600931,-1.6216823712469601
0.0,-1.1035422012207372,-0.05141463468479146,-2.0830949554808624,-1.0519841011492084,1.0774743629341665,0.01862643473573012,-0.31214260353381224,-0.12675459639106687,-0.7828715542053076,-0.21268316768553905,-1.4805926223676529,1.125924122804416
0.0,0.2525714593671288,0.21080828153690087,-0.033858095307969065,-0.9498502233269145,-0.42365912780707704,-0.5167060888124021,-0.2146380613695103,-0.02945523679586754,0.08427217751430155,1.4026888435701905,-0.3282573397072649,0.21005529145395715
0.0,-2.1884331296910298,-1.362529215793252,0.20722859412413622,-1.1336912034070434,-1.3243392222518229,-0.5836226542559186,-1.4578209739643597,-0.7939502050436968,0.4455820657308038,0.2921205858318764,-0.41056700275443525,0.21005529145395715
0.0,1.066239655719848,-0.18252609279563764,0.20722859412413622,-1.0315573255847497,1.3777010610824154,-0.048290130707786406,0.9554164446021126,0.17556841377968144,-0.6383475989187061,0.2921205858318764,-0.9044249810374589,1.125924122804416
0.0,-1.645987665455884,1.1285884883128225,0.9304886624204514,-0.010218547361811292,-2.0248681845977368,-0.7843723505864683,0.9066641735199616,-0.5680766916977701,2.5411794173865245,0.1911598351283932,0.8240779429531245,-1.6216823712469601
0.0,2.6935760484252884,-0.3136375509064838,-1.1187481977524418,0.8068524752165396,-1.0241125241035742,-1.52045457046515,-0.9702982631428501,0.6516402803703734,-0.4215616659888054,-0.8184476719064376,0.08329097552858834,0.21005529145395715
0.0,-1.1035422012207372,0.3419197396477463,-1.3598348871845471,1.879258192350625,0.07671870244000388,-0.9851220469170178,0.12662783620554635,0.9539632905411217,-0.566085621275407,0.595002837942326,-0.41056700275443525,0.21005529145395715
0.0,-0.967930835161951,0.0796968234260547,-0.1544014400240217,-0.9907037744558321,-0.7238858259553254,-1.1858717432475674,-1.3115641607179067,-1.0684733981872618,0.9514159092339075,-0.41460466909250543,0.41252962771727125,-1.6216823712469601
0.0,-0.967930835161951,0.0796968234260547,-0.1544014400240217,-0.9907037744558321,-0.7238858259553254,-1.1858717432475674,-1.3115641607179067,-1.0684733981872618,0.9514159092339075,-0.41460466909250543,0.41252962771727125,-1.6216823712469601
0.0,-0.6967081030443776,0.0796968234260547,0.5688586282722935,0.3166098616695291,0.4770209666376692,1.5577074399366102,1.9060857307040562,0.5508659436467906,0.012010199870999176,-0.010761666278573195,-0.9044249810374589,0.21005529145395715
0.0,-0.28987400486801806,-0.3136375509064838,-0.27494478474007433,1.358375415456926,0.9773987968847501,-1.118955177804051,0.15100397174662183,1.53428447098378,1.312725797450413,0.09019908442491001,-0.9867346440846293,0.21005529145395715
0.0,-0.018651272750444616,0.7352541139802848,-0.27494478474007433,-1.092837652278126,0.6771720987365019,-0.8512889160299848,-0.5802800944856424,-0.3283032698381938,0.3733200880875046,1.3017280928667072,-0.3282573397072649,1.125924122804416
0.0,-0.5610967369855903,1.390811404534515,0.5688586282722935,-0.30640679304646345,-0.12343242965882807,0.3197509792315545,1.9426499340156693,0.16861845952287596,-0.6383475989187061,0.1911598351283932,-0.6574959918959463,0.21005529145395715
0.0,-0.8323194691031637,-0.05141463468479146,0.5688586282722935,0.1531956571538588,0.4770209666376692,1.2900411781625443,1.5648198331289995,0.4848413782071966,0.012010199870999176,-0.010761666278573195,-0.9044249810374589,0.21005529145395715
0.0,-0.6967081030443776,0.0796968234260547,0.5688586282722935,0.3166098616695291,0.4770209666376692,1.5577074399366102,1.9060857307040562,0.5508659436467906,0.012010199870999176,-0.010761666278573195,-0.9044249810374589,0.21005529145395715
0.0,-0.5610967369855903,0.4730311977585925,-1.9625516107648096,0.23490275941169395,0.7772476647859181,1.3569577436060607,1.3210584777182448,0.7176648458099675,-0.13251375541560237,0.09019908442491001,-1.3159732962733122,1.125924122804416
0.0,1.6086851199549947,0.21080828153690087,-0.033858095307969065,0.25532953497615263,0.2768698345388365,1.75845713626716,1.637948239752226,0.5543409207752127,-0.6383475989187061,0.6959635886458092,-0.41056700275443525,0.21005529145395715
0.0,1.4730737538962086,0.0796968234260547,-0.6365748188882316,-0.9498502233269145,-0.8239613920047416,-0.6505392196994352,-0.3608948746159632,-1.0267736726464678,-1.5777533082816144,0.2921205858318764,1.0710069320946372,0.21005529145395715
0.0,1.4730737538962086,0.0796968234260547,-0.6365748188882316,-0.9498502233269145,-0.8239613920047416,-0.6505392196994352,-0.3608948746159632,-1.0267736726464678,-1.5777533082816144,0.2921205858318764,1.0710069320946372,0.21005529145395715
0.0,1.2018510217786353,1.6530343207562073,2.015378764864924,0.2757563105406115,-0.6238102599059097,-1.5873711359086666,-0.6534085011088689,0.9609132447979272,1.0236778868772098,2.8161393534189543,-0.49287666580160566,0.21005529145395715
0.0,1.066239655719848,0.6041426558694387,-1.1187481977524418,1.2970950887635497,1.1775499289835827,-0.9851220469170178,0.053499429582319936,1.5725092193961907,-0.2047757330589015,0.1911598351283932,-0.7398056549431182,-0.7058135398965015
0.0,1.066239655719848,0.6041426558694387,-1.1187481977524418,1.2970950887635497,1.1775499289835827,-0.9851220469170178,0.053499429582319936,1.5725092193961907,-0.2047757330589015,0.1911598351283932,-0.7398056549431182,-0.7058135398965015
0.0,-0.6967081030443776,-1.10030629957156,-1.2392915424684945,-0.9907037744558321,0.07671870244000388,0.6877920891708954,0.4435175982395276,-0.5055271033865595,0.012010199870999176,-0.010761666278573195,-0.3282573397072649,1.125924122804416
0.0,2.422353316307714,-0.4447490090173296,-0.8776615083203368,1.0111202308611273,-1.1241880901529906,-1.4535380050216336,-0.9946743986839256,0.9087885878719054,-0.566085621275407,-0.8184476719064376,0.16560063857576018,1.125924122804416
0.0,-0.018651272750444616,-0.706971925239022,0.44831528355624084,2.400140969244324,0.3769454005882529,-0.18212326159481948,-0.09275738366413293,2.14240546845366,0.5901060210174053,-0.010761666278573195,-1.4805926223676529,1.125924122804416
0.0,-0.018651272750444616,-0.706971925239022,0.44831528355624084,2.400140969244324,0.3769454005882529,-0.18212326159481948,-0.09275738366413293,2.14240546845366,0.5901060210174053,-0.010761666278573195,-1.4805926223676529,1.125924122804416
0.0,0.1169600933083427,-0.05141463468479146,-0.1544014400240217,0.13276888158940012,-0.32358356175766073,0.15245956562276317,0.9310403090610371,-0.0259802596674841,0.9514159092339075,0.09019908442491001,0.6594586168587838,0.21005529145395715
0.0,-0.018651272750444616,-0.706971925239022,0.44831528355624084,2.400140969244324,0.3769454005882529,-0.18212326159481948,-0.09275738366413293,2.14240546845366,0.5901060210174053,-0.010761666278573195,-1.4805926223676529,1.125924122804416
0.0,-0.5610967369855903,0.6041426558694387,0.9304886624204514,0.010208228202647584,-0.32358356175766073,0.2862926965097962,1.3210584777182448,0.4500916069232079,-0.34929968834550307,0.3930813365353596,-0.6574959918959463,1.125924122804416
0.0,2.422353316307714,0.9974770302019772,0.44831528355624084,-1.011130550020291,0.2768698345388365,-1.5873711359086666,-0.4340232812391896,0.5995156234443902,-0.13251375541560237,-0.1117224169820564,-0.9867346440846293,-0.7058135398965015
0.0,2.422353316307714,0.9974770302019772,0.44831528355624084,-1.011130550020291,0.2768698345388365,-1.5873711359086666,-0.4340232812391896,0.5995156234443902,-0.13251375541560237,-0.1117224169820564,-0.9867346440846293,-0.7058135398965015
0.0,2.2867419502489277,0.4730311977585925,-0.516031474172179,-0.6638753654244918,1.1775499289835827,1.2900411781625443,0.9066641735199616,0.5543409207752127,0.15653415515760072,-0.5155654197959887,-0.9867346440846293,0.21005529145395715
0.0,0.7950169236022757,1.7841457788670534,1.0510320071365034,1.5830699466659726,1.0774743629341665,0.15245956562276317,1.394186884341471,1.7462580758161343,0.08427217751430155,1.5036495942736736,-0.9867346440846293,0.21005529145395715
0.0,-0.28987400486801806,0.7352541139802848,0.20722859412413622,0.2757563105406115,0.1767942684894202,1.892290267154193,1.8329573240808297,0.49526630959242407,0.22879613280090308,-0.010761666278573195,-0.7398056549431182,0.21005529145395715
0.0,0.3881828254259149,0.9974770302019772,-0.1544014400240217,-0.23491307857085766,-1.0241125241035742,0.08554300017924665,0.07787556512339541,-0.7557254566313247,1.1682018421638114,-0.1117224169820564,1.40024558428332,-1.6216823712469601
0.0,-0.28987400486801806,-0.05141463468479146,-0.8776615083203368,1.0724005575545033,0.2768698345388365,0.6877920891708954,1.0041687156842636,1.0686375357782767,1.0236778868772098,-0.5155654197959887,-0.6574959918959463,0.21005529145395715
0.0,-0.8323194691031637,0.21080828153690087,1.533205386000714,0.23490275941169395,0.2768698345388365,0.754708654614412,1.6135721042111504,0.6585902346271788,0.517844043374103,-0.21268316768553905,-1.1513539701789715,0.21005529145395715
0.0,-0.8323194691031637,0.4730311977585925,2.015378764864924,0.9906934552966682,1.5778521931812481,2.2268730943717756,1.9060857307040562,0.9470133362843163,0.012010199870999176,1.2007673421632241,-0.9867346440846293,0.21005529145395715
0.0,-1.645987665455884,-1.1658620286269832,-0.395488129456127,-1.1336912034070434,0.07671870244000388,-0.9851220469170178,-1.7015823293751144,-0.9433742215648793,0.6623679986607045,-0.010761666278573195,-0.575186328848776,0.21005529145395715
0.0,0.1169600933083427,0.9974770302019772,0.44831528355624084,-1.011130550020291,-1.0241125241035742,-1.4535380050216336,0.1997562428287728,-0.5889265544681479,-0.8551335318486101,0.3930813365353596,-0.6574959918959463,1.125924122804416
0.0,0.1169600933083427,0.9974770302019772,-0.27494478474007433,-0.3370469563931515,-1.3243392222518229,-0.048290130707786406,0.27288464945199925,-0.7592004337597081,1.2404638198071105,0.09019908442491001,1.40024558428332,-1.6216823712469601
0.0,0.3881828254259149,-1.8869750482366363,-0.27494478474007433,-0.6638753654244918,-2.425170448795402,-1.3197048741346005,-2.4328663956073786,-1.3186717514319886,-1.2164434200651122,0.3930813365353596,1.0710069320946372,-1.6216823712469601
0.0,0.3881828254259149,0.7352541139802848,-0.395488129456127,-0.4800343853443629,-0.42365912780707704,-0.11520669615130294,0.8091596313556597,0.2763427505032642,0.5901060210174053,1.604610344977157,-0.3282573397072649,0.21005529145395715
0.0,0.3881828254259149,-1.8869750482366363,-0.27494478474007433,-0.6638753654244918,-2.425170448795402,-1.3197048741346005,-2.4328663956073786,-1.3186717514319886,-1.2164434200651122,0.3930813365353596,1.0710069320946372,-1.6216823712469601
0.0,0.9306282896610618,1.9152572369778988,-1.1187481977524418,1.7260573756171842,1.1775499289835827,-0.4497895233688856,0.9066641735199616,1.7879578013569284,-0.06025177777229999,0.09019908442491001,-0.7398056549431182,1.125924122804416
0.0,-0.42548537092680416,-1.10030629957156,0.08668524940808357,-1.011130550020291,-1.3243392222518229,0.01862643473573012,0.029123294041244457,-0.9364242673080738,1.2404638198071105,1.2007673421632241,0.7417682799059542,-1.6216823712469601
0.0,1.879907852072567,-0.8380833833498678,0.6894019729883462,-0.5821682631666567,1.0774743629341665,0.4201258273968293,0.9066641735199616,-0.26922865865540524,0.22879613280090308,-0.717486921202955,0.8240779429531245,1.125924122804416
0.0,0.9306282896610618,1.9152572369778988,-1.1187481977524418,1.7260573756171842,1.1775499289835827,-0.4497895233688856,0.9066641735199616,1.7879578013569284,-0.06025177777229999,0.09019908442491001,-0.7398056549431182,1.125924122804416
0.0,-0.42548537092680416,-1.10030629957156,0.08668524940808357,-1.011130550020291,-1.3243392222518229,0.01862643473573012,0.029123294041244457,-0.9364242673080738,1.2404638198071105,1.2007673421632241,0.7417682799059542,-1.6216823712469601
0.0,0.6594055575434884,-1.362529215793252,0.3277719388401882,-0.9907037744558321,-0.6238102599059097,-0.3828729579253691,-0.7021607721910198,-0.14412948203306122,0.5901060210174053,0.2921205858318764,-0.3282573397072649,0.21005529145395715
0.0,-0.5610967369855903,-1.362529215793252,0.5688586282722935,-0.9907037744558321,-0.5237346938564934,-0.5167060888124021,-0.6777846366499444,-0.13370455064783374,1.384987775093712,0.1911598351283932,-0.6574959918959463,0.21005529145395715
0.0,-0.28987400486801806,2.046368695088745,-2.3241816449129673,1.3175218643280087,0.1767942684894202,-0.5836226542559186,0.516646004862754,1.3501106831786474,0.3733200880875046,-0.1117224169820564,-1.3159732962733122,1.125924122804416
0.0,-1.3747649333383105,0.4730311977585925,-2.44472498962902,-0.9702769988913732,-0.6238102599059097,1.4907908744930938,0.6385266825681314,-0.5020521262581761,1.384987775093712,1.0998065914597408,-0.08132835056575237,0.21005529145395715
0.0,-0.5610967369855903,-0.5758604671281757,-0.27494478474007433,0.9906934552966682,0.3769454005882529,1.2231246127190276,0.2972607849930747,0.33194238455763075,0.15653415515760072,-1.4242121761273363,0.16560063857576018,1.125924122804416
0.0,-0.018651272750444616,-0.4447490090173296,-0.27494478474007433,-0.9498502233269145,0.07671870244000388,-1.0520386123605343,-1.0190505342250011,-0.6132513943669478,-0.13251375541560237,-0.21268316768553905,0.08329097552858834,-1.6216823712469601
0.0,-0.42548537092680416,-0.4447490090173296,-0.8776615083203368,2.2367267647286533,0.3769454005882529,-1.3197048741346005,-0.6534085011088689,1.5447094023689687,-0.2770377107022039,-0.6165261704994719,-1.1513539701789715,0.21005529145395715
0.0,-1.2391535672795233,0.21080828153690087,-2.2036383001969146,0.45959729062074034,-1.0241125241035742,-0.31595639248185253,0.12662783620554635,0.5508659436467906,0.6623679986607045,-0.41460466909250543,-0.9044249810374589,0.21005529145395715
0.0,-1.2391535672795233,0.21080828153690087,-2.2036383001969146,0.45959729062074034,-1.0241125241035742,-0.31595639248185253,0.12662783620554635,0.5508659436467906,0.6623679986607045,-0.41460466909250543,-0.9044249810374589,0.21005529145395715
0.0,-0.8323194691031637,0.0796968234260547,-1.7214649213327047,-0.9907037744558321,-1.4244147883012392,-0.9851220469170178,-0.6290323655677934,-0.5402768746705483,1.601773708023616,0.1911598351283932,-0.49287666580160566,1.125924122804416
0.0,-0.42548537092680416,-0.4447490090173296,-0.8776615083203368,2.2367267647286533,0.3769454005882529,-1.3197048741346005,-0.6534085011088689,1.5447094023689687,-0.2770377107022039,-0.6165261704994719,-1.1513539701789715,0.21005529145395715
0.0,0.1169600933083427,0.7352541139802848,-0.27494478474007433,-0.9294234477624558,-0.6238102599059097,-0.4497895233688856,-0.48277555232134056,-0.39780281240620985,0.3733200880875046,-0.010761666278573195,0.3302199646701009,0.21005529145395715
0.0,0.5237941914847023,-0.5758604671281757,-0.9982048530363895,-1.011130550020291,-0.12343242965882807,-1.1858717432475674,0.5410221404038295,-0.6514761427793585,0.4455820657308038,0.4940420872388428,0.4948392907644416,0.21005529145395715
0.0,-0.8323194691031637,0.866365572091131,-2.2036383001969146,-0.3166201808286928,0.9773987968847501,-0.5167060888124021,-0.2146380613695103,0.3180424760440584,0.15653415515760072,-0.010761666278573195,-0.9867346440846293,1.125924122804416
0.0,-0.6967081030443776,-0.05141463468479146,1.171575351852556,0.1531956571538588,0.2768698345388365,1.8253737017106764,1.7598289174576034,0.5578158979035961,0.08427217751430155,0.4940420872388428,-0.9044249810374589,0.21005529145395715
0.0,0.9306282896610618,-0.8380833833498678,1.7742920754328186,2.155019662470818,0.9773987968847501,1.0892914818319945,1.2479300710950183,1.9478067492632998,-0.7106095765620085,1.4026888435701905,-1.0690443071317997,1.125924122804416
0.0,-0.8323194691031637,0.866365572091131,-2.2036383001969146,-0.3166201808286928,0.9773987968847501,-0.5167060888124021,-0.2146380613695103,0.3180424760440584,0.15653415515760072,-0.010761666278573195,-0.9867346440846293,1.125924122804416
0.0,-0.6967081030443776,-0.05141463468479146,1.171575351852556,0.1531956571538588,0.2768698345388365,1.8253737017106764,1.7598289174576034,0.5578158979035961,0.08427217751430155,0.4940420872388428,-0.9044249810374589,0.21005529145395715
0.0,-0.28987400486801806,1.259699946423669,2.377008799013082,1.0111202308611273,0.3769454005882529,-1.7881208322392161,-0.6534085011088689,0.9609132447979272,-0.8551335318486101,-0.21268316768553905,-0.9867346440846293,1.125924122804416
0.0,-0.6967081030443776,-1.7558635901257902,1.171575351852556,-1.072410876713667,0.07671870244000388,1.892290267154193,0.22413237836984828,-1.1032231694712507,-0.4215616659888054,2.4122963506050215,0.4948392907644416,-1.6216823712469601
0.0,-0.5610967369855903,-1.4936406739040982,1.4126620412846613,-1.0519841011492084,0.07671870244000388,2.159956528928259,0.32163692053415016,-1.0893232609576398,-0.34929968834550307,2.5132571013085045,0.4948392907644416,-1.6216823712469601
0.0,-0.6967081030443776,-1.7558635901257902,1.171575351852556,-1.072410876713667,0.07671870244000388,1.892290267154193,0.22413237836984828,-1.1032231694712507,-0.4215616659888054,2.4122963506050215,0.4948392907644416,-1.6216823712469601
0.0,-0.5610967369855903,-1.4936406739040982,1.4126620412846613,-1.0519841011492084,0.07671870244000388,2.159956528928259,0.32163692053415016,-1.0893232609576398,-0.34929968834550307,2.5132571013085045,0.4948392907644416,-1.6216823712469601
0.0,-0.6967081030443776,-1.7558635901257902,1.171575351852556,-1.072410876713667,0.07671870244000388,1.892290267154193,0.22413237836984828,-1.1032231694712507,-0.4215616659888054,2.4122963506050215,0.4948392907644416,-1.6216823712469601
0.0,0.1169600933083427,0.7352541139802848,-0.7571181636042842,-0.827289569940162,-1.224263656202407,-1.5873711359086666,-0.8240414498963973,-0.9642240843352571,-0.9273955094919092,-0.6165261704994719,0.41252962771727125,0.21005529145395715
0.0,0.1169600933083427,0.21080828153690087,-1.2392915424684945,0.7455721485231631,0.9773987968847501,0.08554300017924665,-0.14150965474628388,1.086012421420271,-0.7828715542053076,-0.21268316768553905,-0.8221153179902886,1.125924122804416
0.0,0.1169600933083427,0.7352541139802848,-0.7571181636042842,-0.827289569940162,-1.224263656202407,-1.5873711359086666,-0.8240414498963973,-0.9642240843352571,-0.9273955094919092,-0.6165261704994719,0.41252962771727125,0.21005529145395715
0.0,-0.28987400486801806,1.9152572369778988,-1.9625516107648096,-1.011130550020291,-0.5237346938564934,-0.4497895233688856,0.565398275944905,-0.7522504795029027,-1.722277263568216,-0.3136439183890222,0.000981312481417987,0.21005529145395715
0.0,0.6594055575434884,1.390811404534515,-1.9625516107648096,1.7464841511816427,0.5770965326870855,1.6246240053801269,2.515489119230943,1.8018577098705395,-0.4215616659888054,-0.3136439183890222,-1.3982829593204826,1.125924122804416
0.0,0.1169600933083427,-0.706971925239022,-0.9982048530363895,-0.9294234477624558,-2.124943750647153,-1.1858717432475674,-1.3846925673411332,-1.3603714769727826,-0.2770377107022039,-0.21268316768553905,1.40024558428332,-1.6216823712469601
0.0,-0.28987400486801806,-0.3136375509064838,-0.516031474172179,-0.9294234477624558,-1.4244147883012392,0.2862926965097962,-0.11713351920520841,-0.7001258225769196,1.0959398645205092,-0.21268316768553905,0.6594586168587838,1.125924122804416
0.0,-0.018651272750444616,0.21080828153690087,0.44831528355624084,0.13276888158940012,0.07671870244000388,1.6915405708236433,1.7110766463754523,0.5995156234443902,-0.2047757330589015,0.09019908442491001,-0.8221153179902886,0.21005529145395715
0.0,-0.28987400486801806,-0.3136375509064838,-0.9982048530363895,0.45959729062074034,-0.8239613920047416,-0.6505392196994352,-0.044005112581981976,0.6898650287827841,1.0236778868772098,1.0998065914597408,-0.2459476766600931,0.21005529145395715
0.0,-0.28987400486801806,-0.3136375509064838,-0.516031474172179,-0.9294234477624558,-1.4244147883012392,0.2862926965097962,-0.11713351920520841,-0.7001258225769196,1.0959398645205092,-0.21268316768553905,0.6594586168587838,1.125924122804416
0.0,0.2525714593671288,-1.362529215793252,-0.033858095307969065,-1.072410876713667,-1.0241125241035742,-0.3828729579253691,-1.3846925673411332,-1.4298710195407602,0.3010581104442022,-1.2222906747203706,1.2356262581889779,0.21005529145395715
0.0,0.2525714593671288,-1.624752132014944,-0.516031474172179,-1.0315573255847497,-1.624565920400072,-1.654287701352183,-1.9697198203269446,-0.1093797107490725,1.9630835962401183,-0.3136439183890222,-0.575186328848776,1.125924122804416
0.0,-0.6967081030443776,0.9974770302019772,0.44831528355624084,-0.29619340526423393,-0.7238858259553254,-0.249039827038336,1.1748016644717918,0.26591781911807527,-0.2770377107022039,0.09019908442491001,-0.7398056549431182,1.125924122804416
0.0,-0.018651272750444616,-0.05141463468479146,-0.9982048530363895,-0.9089966721979972,0.07671870244000388,2.3607062252588085,0.4191414626984521,-0.38390290389259896,-0.06025177777229999,0.3930813365353596,-0.08132835056575237,1.125924122804416
0.0,-0.42548537092680416,0.0796968234260547,0.9304886624204514,0.7455721485231631,-0.32358356175766073,2.6283724870328746,2.198599357196962,0.6898650287827841,-0.06025177777229999,0.1911598351283932,-0.9867346440846293,1.125924122804416
0.0,-0.15426263880923075,-0.18252609279563764,0.44831528355624084,0.45959729062074034,-0.5237346938564934,1.892290267154193,1.6867005108343769,0.5890906920592014,-0.06025177777229999,0.1911598351283932,-0.8221153179902886,1.125924122804416
0.0,-1.3747649333383105,0.4730311977585925,-0.6365748188882316,-0.9498502233269145,-2.825472712993067,0.6877920891708954,-0.7996653143553217,-1.6314196929879257,1.5295117303803136,0.7969243393492924,1.647174573424831,-1.6216823712469601
0.0,1.2018510217786353,0.4730311977585925,-0.7571181636042842,2.5737685615422228,1.0774743629341665,0.08554300017924665,0.9066641735199616,2.0590060173720715,0.08427217751430155,0.1911598351283932,-0.16363801361292274,1.125924122804416
0.0,-0.018651272750444616,-1.10030629957156,-0.27494478474007433,1.3175218643280087,1.9781544573789127,-1.0520386123605343,0.8335357668967353,1.4752098598009913,-1.3609673753517137,0.3930813365353596,-1.3159732962733122,-1.6216823712469601
0.0,-0.018651272750444616,-1.10030629957156,-0.27494478474007433,1.3175218643280087,1.9781544573789127,-1.0520386123605343,0.8335357668967353,1.4752098598009913,-1.3609673753517137,0.3930813365353596,-1.3159732962733122,-1.6216823712469601
0.0,-0.018651272750444616,-1.10030629957156,-0.27494478474007433,1.3175218643280087,1.9781544573789127,-1.0520386123605343,0.8335357668967353,1.4752098598009913,-1.3609673753517137,0.3930813365353596,-1.3159732962733122,-1.6216823712469601
0.0,-0.018651272750444616,-1.10030629957156,-0.27494478474007433,1.3175218643280087,1.9781544573789127,-1.0520386123605343,0.8335357668967353,1.4752098598009913,-1.3609673753517137,0.3930813365353596,-1.3159732962733122,-1.6216823712469601
0.0,-0.018651272750444616,-1.10030629957156,-0.27494478474007433,1.3175218643280087,1.9781544573789127,-1.0520386123605343,0.8335357668967353,1.4752098598009913,-1.3609673753517137,0.3930813365353596,-1.3159732962733122,-1.6216823712469601
0.0,-0.018651272750444616,-1.10030629957156,-0.27494478474007433,1.3175218643280087,1.9781544573789127,-1.0520386123605343,0.8335357668967353,1.4752098598009913,-1.3609673753517137,0.3930813365353596,-1.3159732962733122,-1.6216823712469601
0.0,-2.324044495749817,-1.624752132014944,-0.8776615083203368,-1.1541179789715021,-0.32358356175766073,-1.3197048741346005,-1.165307347471454,-0.6723260055497363,0.22879613280090308,-0.5155654197959887,-1.1513539701789715,0.21005529145395715
0.0,-0.018651272750444616,-1.10030629957156,-0.27494478474007433,1.3175218643280087,1.9781544573789127,-1.0520386123605343,0.8335357668967353,1.4752098598009913,-1.3609673753517137,0.3930813365353596,-1.3159732962733122,-1.6216823712469601
0.0,0.1169600933083427,-1.7558635901257902,-0.516031474172179,1.4196557421503027,0.7772476647859181,0.8216252200579285,-0.11713351920520841,0.9435383591559328,1.0959398645205092,-0.6165261704994719,-0.41056700275443525,0.21005529145395715
0.0,-0.15426263880923075,0.9974770302019772,-0.27494478474007433,0.43917051505628163,1.6779277592306636,-0.7174557851429517,0.3703891916163011,0.8045392740199393,1.9630835962401183,1.604610344977157,0.3302199646701009,-1.6216823712469601
0.0,0.6594055575434884,0.7352541139802848,-0.395488129456127,-0.9907037744558321,-0.42365912780707704,-0.18212326159481948,0.17538010728769732,-0.3039784299394326,0.08427217751430155,0.6959635886458092,0.16560063857576018,1.125924122804416
0.0,-0.6967081030443776,-0.706971925239022,-0.395488129456127,1.092827333118962,0.5770965326870855,0.9554583509449616,0.24850851391092374,0.34236731594285824,0.22879613280090308,-1.0203691733134042,0.16560063857576018,1.125924122804416
0.0,1.3374623878374214,0.21080828153690087,-0.1544014400240217,-0.8681431210690794,0.3769454005882529,-0.4497895233688856,1.7354527819165277,0.17556841377968144,0.3010581104442022,1.604610344977157,-0.6574959918959463,1.125924122804416
0.0,-0.5610967369855903,-0.5758604671281757,0.20722859412413622,-1.011130550020291,-1.9247926185483206,1.4238743090495773,-0.5315278234034915,-1.47852069933836,-0.06025177777229999,2.210374849198055,0.9063876060002949,0.21005529145395715
0.0,1.3374623878374214,0.21080828153690087,-0.1544014400240217,-0.8681431210690794,0.3769454005882529,-0.4497895233688856,1.7354527819165277,0.17556841377968144,0.3010581104442022,1.604610344977157,-0.6574959918959463,1.125924122804416
0.0,0.1169600933083427,0.7352541139802848,-0.6365748188882316,1.9711786823906894,-0.8239613920047416,1.5577074399366102,1.1748016644717918,1.926956886492922,1.0959398645205092,1.2007673421632241,-1.3159732962733122,0.21005529145395715
0.0,-0.018651272750444616,-2.0180865063474824,1.171575351852556,-1.072410876713667,-0.023356863609411745,1.0892914818319945,-0.11713351920520841,-1.1275480093700505,-0.06025177777229999,2.6142178520119876,0.5771489538116135,-1.6216823712469601
0.0,-0.8323194691031637,-0.05141463468479146,-0.033858095307969065,1.8281912534394782,-1.1241880901529906,1.9592068325977094,1.1748016644717918,1.5690342422677686,0.8791539315906084,1.3017280928667072,-0.9867346440846293,1.125924122804416
0.0,-0.5610967369855903,-0.5758604671281757,0.20722859412413622,-1.011130550020291,-1.9247926185483206,1.4238743090495773,-0.5315278234034915,-1.47852069933836,-0.06025177777229999,2.210374849198055,0.9063876060002949,0.21005529145395715
0.0,-0.15426263880923075,0.4730311977585925,-0.395488129456127,-0.7251556921178681,-1.724641486449488,0.15245956562276317,-0.7265369077320953,-0.7800502965301246,0.8791539315906084,1.5036495942736736,0.5771489538116135,-1.6216823712469601
0.0,-0.15426263880923075,0.4730311977585925,-0.395488129456127,-0.7251556921178681,-1.724641486449488,0.15245956562276317,-0.7265369077320953,-0.7800502965301246,0.8791539315906084,1.5036495942736736,0.5771489538116135,-1.6216823712469601
0.0,0.3881828254259149,-0.8380833833498678,-0.27494478474007433,-1.1132644278425847,-2.3250948827459856,-2.055787094013282,-2.652251615477058,-1.5723450818051372,0.08427217751430155,-1.2222906747203706,1.1533165951418074,0.21005529145395715
0.0,0.5237941914847023,-0.8380833833498678,0.44831528355624084,-0.7864360188112444,-1.4244147883012392,-0.8512889160299848,0.49226986932167854,-0.012080351153873174,2.1076075515267196,0.09019908442491001,0.000981312481417987,0.21005529145395715
0.0,0.9306282896610618,-0.18252609279563764,-0.033858095307969065,0.37789018836290517,-1.8247170524989043,1.2231246127190276,1.7598289174576034,0.6238404633431901,-0.49382364363210457,-0.21268316768553905,0.16560063857576018,0.21005529145395715
0.0,0.3881828254259149,-0.8380833833498678,-0.27494478474007433,-1.1132644278425847,-2.3250948827459856,-2.055787094013282,-2.652251615477058,-1.5723450818051372,0.08427217751430155,-1.2222906747203706,1.1533165951418074,0.21005529145395715
0.0,-0.6967081030443776,0.0796968234260547,1.6537487307167666,0.9702666797322095,1.0774743629341665,0.6208755237273789,0.979792580143188,1.0686375357782767,-0.06025177777229999,1.9074925970876064,-0.9867346440846293,1.125924122804416
0.0,-0.42548537092680416,0.4730311977585925,0.8099453177043987,0.2961830861050702,-0.42365912780707704,1.75845713626716,2.003590272868358,0.7176648458099675,0.012010199870999176,0.1911598351283932,-0.9867346440846293,1.125924122804416
0.0,-0.15426263880923075,0.4730311977585925,-0.395488129456127,-0.7251556921178681,-1.724641486449488,0.15245956562276317,-0.7265369077320953,-0.7800502965301246,0.8791539315906084,1.5036495942736736,0.5771489538116135,-1.6216823712469601
0.0,-0.28987400486801806,1.259699946423669,2.377008799013082,0.7659989240876218,0.7772476647859181,-0.3828729579253691,0.07787556512339541,0.8497139766891555,-0.8551335318486101,-0.8184476719064376,-0.9867346440846293,1.125924122804416
0.0,-0.9001251521325567,-0.706971925239022,0.5688586282722935,-0.6434485898600331,-2.124943750647153,-0.9851220469170178,-1.3846925673411332,-1.0684733981872618,1.4572497527370145,-0.1117224169820564,1.1533165951418074,1.125924122804416
0.0,-0.42548537092680416,-1.10030629957156,1.0510320071365034,1.6034967222304313,-0.32358356175766073,0.8216252200579285,-0.19026192582843485,1.0234628331090991,0.6623679986607045,2.4122963506050215,-0.2459476766600931,-1.6216823712469601
0.0,-0.42548537092680416,-1.10030629957156,1.0510320071365034,1.6034967222304313,-0.32358356175766073,0.8216252200579285,-0.19026192582843485,1.0234628331090991,0.6623679986607045,2.4122963506050215,-0.2459476766600931,-1.6216823712469601
0.0,-0.42548537092680416,-1.10030629957156,1.0510320071365034,1.6034967222304313,-0.32358356175766073,0.8216252200579285,-0.19026192582843485,1.0234628331090991,0.6623679986607045,2.4122963506050215,-0.2459476766600931,-1.6216823712469601
0.0,-0.28987400486801806,-0.05141463468479146,-1.3598348871845471,-0.7047289165534094,-1.624565920400072,0.888541785501445,-0.26339033245166127,-1.0232986955180456,0.22879613280090308,-1.0203691733134042,0.5771489538116135,-1.6216823712469601
0.0,-0.28987400486801806,1.1285884883128225,0.3277719388401882,-0.07149887405518755,2.078230023428329,-0.249039827038336,0.32163692053415016,0.5334910580047962,-0.6383475989187061,-0.1117224169820564,-0.9867346440846293,0.21005529145395715
0.0,-0.42548537092680416,0.21080828153690087,-0.516031474172179,2.869956807226875,-0.12343242965882807,0.35320926195331276,0.17538010728769732,2.211905011021637,-0.34929968834550307,-1.0203691733134042,-1.5629022854148247,1.125924122804416
0.0,-0.28987400486801806,1.259699946423669,2.377008799013082,0.7659989240876218,0.7772476647859181,-0.3828729579253691,0.07787556512339541,0.8497139766891555,-0.8551335318486101,-0.8184476719064376,-0.9867346440846293,1.125924122804416
0.0,-0.28987400486801806,-0.05141463468479146,-1.3598348871845471,-0.7047289165534094,-1.624565920400072,0.888541785501445,-0.26339033245166127,-1.0232986955180456,0.22879613280090308,-1.0203691733134042,0.5771489538116135,-1.6216823712469601
0.0,-0.42548537092680416,-1.10030629957156,1.0510320071365034,1.6034967222304313,-0.32358356175766073,0.8216252200579285,-0.19026192582843485,1.0234628331090991,0.6623679986607045,2.4122963506050215,-0.2459476766600931,-1.6216823712469601
0.0,-0.9001251521325567,-0.706971925239022,0.5688586282722935,-0.6434485898600331,-2.124943750647153,-0.9851220469170178,-1.3846925673411332,-1.0684733981872618,1.4572497527370145,-0.1117224169820564,1.1533165951418074,1.125924122804416
0.0,1.6086851199549947,-0.3136375509064838,-0.7571181636042842,-0.9498502233269145,-0.924036958054158,0.08554300017924665,-0.0196289770409065,-0.2344788873714165,1.8185596409535167,0.2921205858318764,-0.16363801361292274,-1.6216823712469601
0.0,1.3374623878374214,-1.231417757682406,-1.1187481977524418,-0.9498502233269145,-1.3243392222518229,0.2862926965097962,-0.2146380613695103,-0.38737788102098236,1.312725797450413,-0.717486921202955,0.08329097552858834,-1.6216823712469601
0.0,0.2525714593671288,-0.3136375509064838,-0.9982048530363895,0.5413043928785755,-1.224263656202407,0.48704239284034584,2.003590272868358,0.8775137937163388,2.0353455738834207,-0.21268316768553905,-0.3282573397072649,0.21005529145395715
0.0,-1.2391535672795233,2.3741473403658606,-0.7571181636042842,-1.011130550020291,-1.5244903543506556,-0.7843723505864683,-0.6777846366499444,-0.8182750449424967,0.8068919539473061,-1.2222906747203706,-0.08132835056575237,0.21005529145395715
0.0,-0.018651272750444616,2.308591611310437,-1.4803782319005994,1.9711786823906894,2.278381155527162,1.75845713626716,1.1991778000128674,1.739308121559329,-0.4215616659888054,-0.3136439183890222,-1.6452119484619951,1.125924122804416
0.0,0.5237941914847023,-0.3136375509064838,-0.6365748188882316,1.031547006425586,-0.8239613920047416,0.35320926195331276,0.9066641735199616,1.3535856603070306,0.08427217751430155,-0.41460466909250543,-1.3159732962733122,1.125924122804416
0.0,1.879907852072567,0.7352541139802848,-0.7571181636042842,-0.8681431210690794,1.9781544573789127,-0.5836226542559186,-1.2140596185536048,-1.4229210652839932,-0.6383475989187061,-0.1117224169820564,1.8117938995191731,0.21005529145395715
0.0,0.5237941914847023,-0.3136375509064838,-0.6365748188882316,1.031547006425586,-0.8239613920047416,0.35320926195331276,0.9066641735199616,1.3535856603070306,0.08427217751430155,-0.41460466909250543,-1.3159732962733122,1.125924122804416
0.0,0.9306282896610618,-1.7558635901257902,0.6894019729883462,-1.072410876713667,-1.9247926185483206,0.48704239284034584,-0.7996653143553217,-0.9433742215648793,0.6623679986607045,0.4940420872388428,0.9886972690474667,0.21005529145395715
0.0,0.7950169236022757,-0.8380833833498678,0.5688586282722935,-1.0519841011492084,-1.4244147883012392,-0.4497895233688856,-1.165307347471454,-0.8738746789969019,-0.34929968834550307,1.3017280928667072,0.9886972690474667,0.21005529145395715
0.0,-0.967930835161951,-1.4936406739040982,0.3277719388401882,1.930325131261772,-0.023356863609411745,1.3569577436060607,0.516646004862754,0.8983636564867166,0.3733200880875046,-1.1213299240168872,0.000981312481417987,1.125924122804416
0.0,1.7442964860137808,0.866365572091131,-1.2392915424684945,-0.23491307857085766,0.4770209666376692,-0.7174557851429517,0.34601305607522564,0.49874128672080753,0.22879613280090308,-0.1117224169820564,-0.2459476766600931,1.125924122804416
0.0,-0.15426263880923075,-1.8869750482366363,-0.27494478474007433,-0.23491307857085766,0.5770965326870855,0.2193761310662797,-0.5802800944856424,-0.1093797107490725,1.0236778868772098,-0.41460466909250543,-0.41056700275443525,-1.6216823712469601
0.0,-1.3747649333383105,-1.4936406739040982,-0.516031474172179,-1.1336912034070434,-0.5237346938564934,0.5539589582838623,-0.23901419691058579,-0.6445261885225531,0.3733200880875046,0.2921205858318764,-1.0690443071317997,1.125924122804416
0.0,-0.28987400486801806,-0.4447490090173296,-0.395488129456127,1.6545636611415784,1.4777766271318318,-0.3828729579253691,0.17538010728769732,1.2945110491242422,1.0236778868772098,0.595002837942326,-0.3282573397072649,0.21005529145395715
0.0,0.2525714593671288,0.9974770302019772,0.8099453177043987,0.11234210602494142,2.378456721576578,0.5539589582838623,0.614150547027056,0.6168905090863847,-0.566085621275407,0.4940420872388428,-0.9044249810374589,1.125924122804416
0.0,0.6594055575434884,-0.5758604671281757,-0.1544014400240217,-0.827289569940162,-2.425170448795402,0.6877920891708954,-1.3846925673411332,-1.5549701961631428,-0.9273955094919092,-1.4242121761273363,1.8941035625663436,-1.6216823712469601
0.0,-0.5610967369855903,0.21080828153690087,-0.6365748188882316,0.9498399041677508,-0.023356863609411745,0.6877920891708954,0.27288464945199925,1.3987603629762084,-0.34929968834550307,-0.21268316768553905,-1.5629022854148247,1.125924122804416
0.0,-0.018651272750444616,-0.9691948414607139,-1.1187481977524418,-0.2553398541353165,-0.8239613920047416,2.4276227907023253,1.637948239752226,0.12691873398208176,0.3010581104442022,2.1094140984945717,-0.41056700275443525,1.125924122804416
0.0,-0.4932910539561972,-1.624752132014944,1.171575351852556,-1.0519841011492084,0.7772476647859181,1.0892914818319945,-0.19026192582843485,-0.9294743130512684,0.5901060210174053,2.1094140984945717,0.41252962771727125,-1.6216823712469601
0.0,-0.42548537092680416,-1.4936406739040982,1.4126620412846613,1.276668313199091,0.9773987968847501,2.026123398041226,0.516646004862754,1.058212604393088,0.517844043374103,2.210374849198055,-0.2459476766600931,-1.6216823712469601
0.0,0.3881828254259149,-1.4936406739040982,0.20722859412413622,-1.092837652278126,-0.924036958054158,-0.5167060888124021,-1.5553255161286617,-1.4229210652839932,0.3733200880875046,-0.717486921202955,1.3179359212361481,0.21005529145395715
0.0,-0.15426263880923075,0.866365572091131,0.20722859412413622,0.05106177933156497,2.478532287625994,0.01862643473573012,0.46789373378060306,0.5508659436467906,-0.566085621275407,-0.010761666278573195,-1.0690443071317997,0.21005529145395715
0.0,0.5237941914847023,0.4730311977585925,-0.7571181636042842,-0.9907037744558321,-0.12343242965882807,0.754708654614412,1.0041687156842636,-0.7974251821721189,0.012010199870999176,0.7969243393492924,0.5771489538116135,0.21005529145395715
0.0,0.2525714593671288,-0.4447490090173296,0.08668524940808357,-1.092837652278126,0.07671870244000388,0.754708654614412,-0.6534085011088689,-0.9225243587945015,-1.0719194647785106,1.70557109568064,0.16560063857576018,0.21005529145395715
0.0,1.6086851199549947,-1.7558635901257902,-0.8776615083203368,-1.072410876713667,-0.924036958054158,-1.3197048741346005,-1.2384357540946804,-1.1796726662960335,-1.5054913306383153,-0.9194084226099208,0.4948392907644416,-1.6216823712469601
0.0,-0.8323194691031637,-0.706971925239022,0.20722859412413622,0.05106177933156497,-1.224263656202407,0.08554300017924665,-1.116555076389303,-0.8460748619697186,0.9514159092339075,-0.3136439183890222,1.5648649103776606,-1.6216823712469601
0.0,2.0155192181313555,1.7841457788670534,1.0510320071365034,0.37789018836290517,0.7772476647859181,-1.3197048741346005,-0.3608948746159632,1.4126602714898193,1.4572497527370145,0.09019908442491001,-1.0690443071317997,1.125924122804416
0.0,-1.2391535672795233,0.9974770302019772,-0.1544014400240217,-0.8885698966335382,-1.224263656202407,0.2193761310662797,0.12662783620554635,-1.7078691898127087,1.5295117303803136,-0.717486921202955,1.8941035625663436,-1.6216823712469601
0.0,-0.28987400486801806,-1.8869750482366363,-0.8776615083203368,-1.011130550020291,-0.32358356175766073,-0.9182054814735013,-0.14150965474628388,-0.9364242673080738,0.08427217751430155,-0.3136439183890222,0.4948392907644416,-1.6216823712469601
0.0,-0.018651272750444616,-0.05141463468479146,0.9304886624204514,0.23490275941169395,0.3769454005882529,0.6877920891708954,1.028544851225339,0.6933400059111676,0.08427217751430155,0.09019908442491001,-1.0690443071317997,1.125924122804416
0.0,-1.2391535672795233,0.9974770302019772,-0.1544014400240217,-0.8885698966335382,-1.224263656202407,0.2193761310662797,0.12662783620554635,-1.7078691898127087,1.5295117303803136,-0.717486921202955,1.8941035625663436,-1.6216823712469601
0.0,-1.2391535672795233,0.4730311977585925,-0.27494478474007433,-0.8885698966335382,-1.224263656202407,0.2193761310662797,0.12662783620554635,-1.7078691898127087,1.601773708023616,-0.717486921202955,1.8941035625663436,-1.6216823712469601
0.0,0.2525714593671288,-1.4936406739040982,-0.27494478474007433,1.4196557421503027,0.6771720987365019,0.754708654614412,-0.4096471456981141,1.113812238447493,0.08427217751430155,-1.2222906747203706,-0.9044249810374589,-1.6216823712469601
0.0,1.4730737538962086,1.390811404534515,-0.1544014400240217,-0.7149423043356387,-0.5237346938564934,-1.9888705285697659,-2.74975615764136,-0.9503241758216847,0.012010199870999176,-1.2222906747203706,1.0710069320946372,0.21005529145395715
0.0,0.5237941914847023,1.1285884883128225,-0.8776615083203368,-0.1532059763130227,-1.0241125241035742,-0.7843723505864683,-0.4096471456981141,-0.1719292990602445,-1.8668012188548175,1.8065318463841233,-0.2459476766600931,-1.6216823712469601
0.0,0.5237941914847023,0.7352541139802848,-0.9982048530363895,-0.1532059763130227,-0.924036958054158,-0.7843723505864683,-0.4096471456981141,-0.1719292990602445,-1.93906319649812,1.8065318463841233,-0.2459476766600931,-1.6216823712469601
0.0,1.066239655719848,-2.1491979644583283,0.08668524940808357,-1.092837652278126,-1.1241880901529906,-0.11520669615130294,-1.067802805307152,-1.0059238098760512,-0.9273955094919092,2.0084533477910895,0.4948392907644416,0.21005529145395715
0.0,-0.8323194691031637,-0.18252609279563764,-0.1544014400240217,-0.6434485898600331,-1.224263656202407,-0.18212326159481948,0.32163692053415016,-1.2839219801479997,-0.06025177777229999,-1.727094428237786,1.1533165951418074,0.21005529145395715
0.0,0.3881828254259149,0.6041426558694387,-1.842008266048757,-1.092837652278126,-0.023356863609411745,-0.9182054814735013,0.17538010728769732,-0.2761786129122107,-0.4215616659888054,-0.8184476719064376,-0.8221153179902886,1.125924122804416
0.0,1.066239655719848,-1.10030629957156,-0.516031474172179,0.1531956571538588,-0.12343242965882807,-0.3828729579253691,-0.6534085011088689,0.9331134277707053,0.08427217751430155,-0.6165261704994719,-1.1513539701789715,0.21005529145395715
0.0,1.6086851199549947,-1.231417757682406,-0.395488129456127,-0.8068627943757032,-1.3243392222518229,1.1562080472755112,-0.4340232812391896,-1.5271703791359594,-1.144181442421813,-1.5251729268308196,1.8941035625663436,0.21005529145395715
0.0,0.5237941914847023,-0.9691948414607139,-0.6365748188882316,0.9906934552966682,1.8780788913294963,0.754708654614412,0.2972607849930747,1.3501106831786474,-1.4332293529950129,1.0998065914597408,-1.0690443071317997,0.21005529145395715
0.0,1.066239655719848,0.7352541139802848,-0.8776615083203368,0.6434382707008693,-1.224263656202407,-1.3197048741346005,-0.0196289770409065,-0.057255053823050815,-0.6383475989187061,-0.41460466909250543,1.2356262581889779,0.21005529145395715
0.0,0.3881828254259149,0.6041426558694387,-1.842008266048757,-1.092837652278126,-0.023356863609411745,-0.9182054814735013,0.17538010728769732,-0.2761786129122107,-0.4215616659888054,-0.8184476719064376,-0.8221153179902886,1.125924122804416
0.0,-0.28987400486801806,-0.706971925239022,-0.395488129456127,-0.9294234477624558,-1.624565920400072,0.01862643473573012,-0.2146380613695103,-0.6966508454485362,1.312725797450413,-0.010761666278573195,0.4948392907644416,0.21005529145395715
0.0,0.2525714593671288,-1.362529215793252,0.44831528355624084,-0.7660092432467857,-1.3243392222518229,-0.4497895233688856,-0.9459221276017746,-0.8947245417672797,-0.566085621275407,-1.1213299240168872,0.4948392907644416,-1.6216823712469601
0.0,1.6086851199549947,-1.231417757682406,-0.395488129456127,-0.8068627943757032,-1.3243392222518229,1.1562080472755112,-0.4340232812391896,-1.5271703791359594,-1.144181442421813,-1.5251729268308196,1.8941035625663436,0.21005529145395715
0.0,-0.28987400486801806,-0.3136375509064838,0.6894019729883462,0.3370366372339878,-0.023356863609411745,1.4238743090495773,1.2235539355539429,0.6724901431407898,0.15653415515760072,-0.21268316768553905,-1.1513539701789715,1.125924122804416
0.0,0.5237941914847023,-0.9691948414607139,-0.6365748188882316,0.9906934552966682,1.8780788913294963,0.754708654614412,0.2972607849930747,1.3501106831786474,-1.4332293529950129,1.0998065914597408,-1.0690443071317997,0.21005529145395715
0.0,1.066239655719848,-1.10030629957156,-0.516031474172179,0.1531956571538588,-0.12343242965882807,-0.3828729579253691,-0.6534085011088689,0.9331134277707053,0.08427217751430155,-0.6165261704994719,-1.1513539701789715,0.21005529145395715
0.0,0.1169600933083427,0.4730311977585925,-0.8776615083203368,-0.6230218142955743,-0.12343242965882807,-0.5836226542559186,-0.31214260353381224,0.15471855100930362,-0.06025177777229999,0.1911598351283932,-1.0690443071317997,0.21005529145395715
0.0,-0.8323194691031637,0.21080828153690087,-0.6365748188882316,0.8068524752165396,-1.224263656202407,-0.5836226542559186,-0.7021607721910198,0.015719465873310096,0.08427217751430155,-1.2222906747203706,0.08329097552858834,0.21005529145395715
0.0,0.1169600933083427,0.6041426558694387,-0.033858095307969065,-1.0519841011492084,-1.8247170524989043,-0.9851220469170178,0.7116550891913578,-0.6097764172385643,-0.9996574871352115,0.595002837942326,-0.6574959918959463,0.21005529145395715
0.0,-0.15426263880923075,-0.4447490090173296,-0.8776615083203368,-0.9702769988913732,-0.6238102599059097,-0.4497895233688856,0.15100397174662183,-0.4429775150753875,0.8068919539473061,0.595002837942326,-0.2459476766600931,0.21005529145395715
0.0,-0.8323194691031637,0.21080828153690087,-0.6365748188882316,0.8068524752165396,-1.224263656202407,-0.5836226542559186,-0.7021607721910198,0.015719465873310096,0.08427217751430155,-1.2222906747203706,0.08329097552858834,0.21005529145395715
0.0,-1.5103762993970966,-0.4447490090173296,-0.516031474172179,0.6740784340475575,-1.724641486449488,-0.5836226542559186,-0.38527101015703863,-0.46382737784576533,0.6623679986607045,-1.0203691733134042,0.5771489538116135,0.21005529145395715
0.0,-0.42548537092680416,-0.5758604671281757,2.1359221095809766,2.0528857846485242,0.5770965326870855,0.08554300017924665,1.1016732578485655,1.808807664127345,-1.2164434200651122,0.09019908442491001,-1.4805926223676529,0.21005529145395715
0.0,0.2525714593671288,-1.10030629957156,0.5688586282722935,-0.9907037744558321,0.07671870244000388,-1.252788308691084,-0.7996653143553217,-0.5819766002113425,-0.06025177777229999,0.1911598351283932,0.16560063857576018,1.125924122804416
0.0,0.1169600933083427,0.6041426558694387,-0.033858095307969065,-1.0519841011492084,-1.8247170524989043,-0.9851220469170178,0.7116550891913578,-0.6097764172385643,-0.9996574871352115,0.595002837942326,-0.6574959918959463,0.21005529145395715
0.0,0.1169600933083427,0.4730311977585925,-0.8776615083203368,-0.6230218142955743,-0.12343242965882807,-0.5836226542559186,-0.31214260353381224,0.15471855100930362,-0.06025177777229999,0.1911598351283932,-1.0690443071317997,0.21005529145395715
0.0,-0.42548537092680416,2.57081452753213,-0.1544014400240217,-0.2757666296997752,-1.5244903543506556,-1.3197048741346005,-1.579701651669737,-0.7592004337597081,0.517844043374103,1.2007673421632241,0.7417682799059542,-1.6216823712469601
0.0,-0.42548537092680416,-0.4447490090173296,0.44831528355624084,2.0324590090840657,-0.42365912780707704,0.5539589582838623,-0.09275738366413293,1.8783072066953224,0.517844043374103,-0.717486921202955,-1.4805926223676529,1.125924122804416
0.0,-0.42548537092680416,-0.4447490090173296,0.44831528355624084,2.0324590090840657,-0.42365912780707704,0.5539589582838623,-0.09275738366413293,1.8783072066953224,0.517844043374103,-0.717486921202955,-1.4805926223676529,1.125924122804416
0.0,-0.42548537092680416,-0.4447490090173296,0.44831528355624084,2.0324590090840657,-0.42365912780707704,0.5539589582838623,-0.09275738366413293,1.8783072066953224,0.517844043374103,-0.717486921202955,-1.4805926223676529,1.125924122804416
0.0,0.9306282896610618,0.21080828153690087,0.8099453177043987,0.7864256996520805,0.2768698345388365,1.6246240053801269,1.7598289174576034,1.1694118725018596,-0.2047757330589015,1.5036495942736736,-0.8221153179902886,0.21005529145395715
0.0,-0.42548537092680416,-0.4447490090173296,0.44831528355624084,2.0324590090840657,-0.42365912780707704,0.5539589582838623,-0.09275738366413293,1.8783072066953224,0.517844043374103,-0.717486921202955,-1.4805926223676529,1.125924122804416
0.0,-0.018651272750444616,-0.4447490090173296,1.171575351852556,0.21447598384723526,0.1767942684894202,1.4238743090495773,1.2723062066360937,0.6829150745259787,0.22879613280090308,-0.010761666278573195,-1.0690443071317997,0.21005529145395715
0.0,1.3374623878374214,-0.18252609279563764,0.20722859412413622,1.5013628444081373,0.1767942684894202,2.0930399634847427,1.1504255289307164,2.0590060173720715,0.22879613280090308,2.715178602715471,-1.3982829593204826,1.125924122804416
0.0,1.3374623878374214,-0.18252609279563764,0.20722859412413622,1.5013628444081373,0.1767942684894202,2.0930399634847427,1.1504255289307164,2.0590060173720715,0.22879613280090308,2.715178602715471,-1.3982829593204826,1.125924122804416
0.0,-0.5610967369855903,-0.706971925239022,1.4126620412846613,0.21447598384723526,0.2768698345388365,0.8216252200579285,1.1016732578485655,0.64816530324199,0.3733200880875046,-0.21268316768553905,-1.2336636332261417,1.125924122804416
0.0,-0.018651272750444616,-0.4447490090173296,1.171575351852556,0.21447598384723526,0.1767942684894202,1.4238743090495773,1.2723062066360937,0.6829150745259787,0.22879613280090308,-0.010761666278573195,-1.0690443071317997,0.21005529145395715
0.0,-0.018651272750444616,-0.3136375509064838,0.5688586282722935,0.22468937162946462,0.07671870244000388,1.6246240053801269,1.2479300710950183,0.6794400973975566,0.08427217751430155,0.1911598351283932,-0.9867346440846293,0.21005529145395715
0.0,1.3374623878374214,-0.18252609279563764,-0.516031474172179,0.17362243271831768,-0.2235079957082444,0.754708654614412,1.028544851225339,0.5473909665184072,-0.34929968834550307,1.2007673421632241,-0.41056700275443525,0.21005529145395715
0.0,1.3374623878374214,-0.18252609279563764,0.20722859412413622,1.5013628444081373,0.1767942684894202,2.0930399634847427,1.1504255289307164,2.0590060173720715,0.22879613280090308,2.715178602715471,-1.3982829593204826,1.125924122804416
0.0,-0.018651272750444616,-1.362529215793252,-0.395488129456127,0.8272792507809983,0.3769454005882529,1.6246240053801269,0.15100397174662183,0.46746649256520223,0.08427217751430155,-0.8184476719064376,0.16560063857576018,0.21005529145395715
0.0,-2.1884331296910298,0.21080828153690087,-0.395488129456127,-1.072410876713667,-1.4244147883012392,-1.118955177804051,-1.6528300582929634,-0.7487755023745193,0.3733200880875046,0.595002837942326,-0.49287666580160566,0.21005529145395715
0.0,0.9306282896610618,-1.10030629957156,-0.1544014400240217,0.03063500376710628,-1.3243392222518229,1.2231246127190276,0.565398275944905,-0.37347797250741005,-1.144181442421813,-1.0203691733134042,0.24791030162293054,0.21005529145395715
0.0,0.9306282896610618,-0.05141463468479146,-0.27494478474007433,-0.3574737319576104,-1.5244903543506556,-0.3828729579253691,-1.0921789408482274,-1.0371986040316565,-0.2770377107022039,-1.0203691733134042,1.1533165951418074,-1.6216823712469601
0.0,1.066239655719848,1.7841457788670534,-0.6365748188882316,-0.23491307857085766,-1.224263656202407,-0.18212326159481948,-0.8727937209785482,-0.7348755938609083,0.22879613280090308,1.4026888435701905,1.40024558428332,-1.6216823712469601
0.0,0.9306282896610618,-0.05141463468479146,-0.8776615083203368,-0.9498502233269145,-0.42365912780707704,-0.3828729579253691,-0.19026192582843485,-0.24837879588502743,1.8908216185968192,0.7969243393492924,-0.16363801361292274,0.21005529145395715
0.0,0.9306282896610618,-1.10030629957156,-0.1544014400240217,0.03063500376710628,-1.3243392222518229,1.2231246127190276,0.565398275944905,-0.37347797250741005,-1.144181442421813,-1.0203691733134042,0.24791030162293054,0.21005529145395715
0.0,0.1169600933083427,-0.4447490090173296,-0.033858095307969065,2.0528857846485242,0.2768698345388365,1.8253737017106764,0.3947653271573766,1.1694118725018596,0.22879613280090308,-0.6165261704994719,-0.08132835056575237,1.125924122804416
0.0,-2.0528217636322434,-0.8380833833498678,-0.1544014400240217,-0.561741487602198,-0.6238102599059097,-0.8512889160299848,-1.116555076389303,-0.36652801825060455,1.601773708023616,0.1911598351283932,-0.6574959918959463,0.21005529145395715
0.0,-0.42548537092680416,-1.231417757682406,-0.1544014400240217,-0.9907037744558321,-0.12343242965882807,-0.048290130707786406,-0.38527101015703863,-1.0128737641328567,-0.9273955094919092,-0.21268316768553905,-0.08132835056575237,0.21005529145395715
0.0,-0.42548537092680416,0.3419197396477463,-0.1544014400240217,-0.9498502233269145,-0.7238858259553254,-0.7174557851429517,-1.4090687028822086,-1.1483978721404282,0.5901060210174053,2.1094140984945717,0.6594586168587838,-1.6216823712469601
0.0,-0.018651272750444616,0.4730311977585925,-1.2392915424684945,-0.030645322926269987,1.77800332528008,0.4201258273968293,1.2966823421771692,1.6489587162209736,-0.06025177777229999,0.2921205858318764,-1.1513539701789715,1.125924122804416
0.0,-0.42548537092680416,0.3419197396477463,-0.1544014400240217,-0.9498502233269145,-0.7238858259553254,-0.7174557851429517,-1.4090687028822086,-1.1483978721404282,0.5901060210174053,2.1094140984945717,0.6594586168587838,-1.6216823712469601
0.0,0.3881828254259149,0.3419197396477463,-0.516031474172179,0.6025847195719519,0.5770965326870855,1.022374916388478,0.10225170066447088,0.3701671329700415,-0.4215616659888054,0.09019908442491001,-0.2459476766600931,0.21005529145395715
0.0,-0.42548537092680416,-1.231417757682406,-0.1544014400240217,-0.9907037744558321,-0.12343242965882807,-0.048290130707786406,-0.38527101015703863,-1.0128737641328567,-0.9273955094919092,-0.21268316768553905,-0.08132835056575237,0.21005529145395715
0.0,0.7950169236022757,-0.8380833833498678,-0.516031474172179,0.5617311684430342,0.4770209666376692,-0.3828729579253691,-1.0190505342250011,0.5161161723628019,-0.2047757330589015,-0.1117224169820564,-0.6574959918959463,-1.6216823712469601
0.0,-0.018651272750444616,0.7352541139802848,-0.516031474172179,-0.3166201808286928,-0.8239613920047416,-0.6505392196994352,-0.8971698565196237,-1.2422222546072055,-0.7828715542053076,-0.1117224169820564,1.4825552473304904,-1.6216823712469601
0.0,-0.6967081030443776,-0.8380833833498678,-1.600921576616652,1.215387986505715,0.5770965326870855,1.2900411781625443,0.1997562428287728,0.9887130618251104,-0.2047757330589015,-0.6165261704994719,-1.0690443071317997,0.21005529145395715
0.0,1.6086851199549947,-0.4447490090173296,-0.516031474172179,-0.7455824676823268,0.5770965326870855,0.9554583509449616,0.6872789536502824,0.4744164468220077,0.517844043374103,2.4122963506050215,-0.9044249810374589,0.21005529145395715
0.0,-0.15426263880923075,0.0796968234260547,0.08668524940808357,-0.561741487602198,-0.8239613920047416,-1.7212042667956997,-2.2378573112787747,-0.8321749534561076,-0.7828715542053076,-0.8184476719064376,-0.08132835056575237,0.21005529145395715
0.0,-0.15426263880923075,0.0796968234260547,0.08668524940808357,-0.561741487602198,-0.8239613920047416,-1.7212042667956997,-2.2378573112787747,-0.8321749534561076,-0.7828715542053076,-0.8184476719064376,-0.08132835056575237,0.21005529145395715
0.0,-0.15426263880923075,2.308591611310437,-1.2392915424684945,-0.41875405865098664,-1.0241125241035742,-1.0520386123605343,-0.9215459920606991,-1.2804470030196162,0.517844043374103,0.4940420872388428,1.8117938995191731,-1.6216823712469601
0.0,0.2525714593671288,0.9974770302019772,-0.27494478474007433,-0.9294234477624558,0.2768698345388365,0.6208755237273789,0.12662783620554635,-0.8460748619697186,-1.4332293529950129,-0.3136439183890222,0.16560063857576018,0.21005529145395715
0.0,0.6594055575434884,-0.05141463468479146,0.08668524940808357,1.1132541086834211,1.4777766271318318,0.888541785501445,-0.23901419691058579,1.0755874900350824,-0.6383475989187061,0.6959635886458092,-0.49287666580160566,0.21005529145395715
0.0,0.6594055575434884,-0.05141463468479146,0.08668524940808357,1.1132541086834211,1.4777766271318318,0.888541785501445,-0.23901419691058579,1.0755874900350824,-0.6383475989187061,0.6959635886458092,-0.49287666580160566,0.21005529145395715
0.0,-0.018651272750444616,-1.231417757682406,0.44831528355624084,-1.011130550020291,-0.6238102599059097,0.2193761310662797,-0.7021607721910198,-1.3117217971751831,0.012010199870999176,1.8065318463841233,1.1533165951418074,0.21005529145395715
0.0,0.3881828254259149,2.1774801531995913,-0.27494478474007433,0.05106177933156497,-1.724641486449488,-1.3197048741346005,0.029123294041244457,-0.8947245417672797,-0.06025177777229999,-0.21268316768553905,1.647174573424831,0.21005529145395715
0.0,-1.3747649333383105,0.6696983849248618,-0.6365748188882316,-0.9804903866736028,-1.624565920400072,-1.3197048741346005,-1.628453922751888,-1.3534215227159772,1.312725797450413,-0.8184476719064376,1.0710069320946372,-1.6216823712469601
0.0,-1.2391535672795233,-1.231417757682406,-0.516031474172179,-1.1541179789715021,-1.5244903543506556,-1.9888705285697659,-2.652251615477058,-1.3846963168715825,-0.4215616659888054,-1.6261336775343027,0.000981312481417987,1.125924122804416
0.0,2.422353316307714,0.866365572091131,0.20722859412413622,1.1132541086834211,1.6779277592306636,0.48704239284034584,2.515489119230943,1.7323581673025619,-0.13251375541560237,0.3930813365353596,-0.49287666580160566,0.21005529145395715
0.0,-1.645987665455884,-1.8869750482366363,-0.7571181636042842,-0.41875405865098664,-0.42365912780707704,-1.118955177804051,-0.9702982631428501,0.32499243030086383,1.2404638198071105,-0.21268316768553905,-1.1513539701789715,1.125924122804416
0.0,-1.3747649333383105,-1.7558635901257902,-0.7571181636042842,-0.2553398541353165,-0.32358356175766073,-1.0520386123605343,-0.8240414498963973,0.3284674074292473,1.2404638198071105,-0.1117224169820564,-1.0690443071317997,0.21005529145395715
0.0,1.2018510217786353,-1.10030629957156,0.3277719388401882,-0.11235242518410513,1.277625495032999,-0.6505392196994352,0.17538010728769732,0.6690151660123678,0.3733200880875046,0.595002837942326,-0.3282573397072649,0.21005529145395715
0.0,1.2018510217786353,-1.362529215793252,0.44831528355624084,-0.09192564961964625,1.1775499289835827,-0.6505392196994352,0.27288464945199925,0.6759651202691732,0.4455820657308038,0.595002837942326,-0.3282573397072649,0.21005529145395715
0.0,-1.1035422012207372,-0.05141463468479146,-2.0830949554808624,-1.0315573255847497,1.77800332528008,1.0892914818319945,0.4191414626984521,-0.10242975649226703,-0.34929968834550307,0.2921205858318764,-1.5629022854148247,1.125924122804416
0.0,0.6594055575434884,0.7352541139802848,0.3277719388401882,-1.011130550020291,0.7772476647859181,-1.7881208322392161,0.6385266825681314,-0.4846772406161817,0.3733200880875046,-0.6165261704994719,0.08329097552858834,1.125924122804416
0.0,1.2018510217786353,0.4730311977585925,0.20722859412413622,-1.0519841011492084,0.5770965326870855,-2.055787094013282,-0.4340232812391896,-1.04067358116004,-0.06025177777229999,-1.4242121761273363,1.2356262581889779,0.21005529145395715
0.0,1.4730737538962086,-1.362529215793252,-0.27494478474007433,0.21447598384723526,0.7772476647859181,1.5577074399366102,0.3703891916163011,0.7941143426347503,-0.49382364363210457,-1.1213299240168872,-0.9044249810374589,0.21005529145395715
0.0,-0.5610967369855903,0.0796968234260547,-0.395488129456127,0.9089863530388335,-1.4244147883012392,-1.1858717432475674,-0.4583994167802651,-0.09547980223546157,-0.06025177777229999,-1.1213299240168872,0.4948392907644416,0.21005529145395715
0.0,0.1169600933083427,-1.362529215793252,0.5688586282722935,-0.9294234477624558,-0.8239613920047416,0.08554300017924665,-1.0190505342250011,-1.4993705621087763,-1.8668012188548175,1.0998065914597408,1.1533165951418074,0.21005529145395715
0.0,1.4730737538962086,-1.362529215793252,-0.27494478474007433,0.21447598384723526,0.7772476647859181,1.5577074399366102,0.3703891916163011,0.7941143426347503,-0.49382364363210457,-1.1213299240168872,-0.9044249810374589,0.21005529145395715
0.0,1.2018510217786353,0.4730311977585925,0.20722859412413622,-1.0519841011492084,0.5770965326870855,-2.055787094013282,-0.4340232812391896,-1.04067358116004,-0.06025177777229999,-1.4242121761273363,1.2356262581889779,0.21005529145395715
0.0,0.6594055575434884,0.7352541139802848,0.3277719388401882,-1.011130550020291,0.7772476647859181,-1.7881208322392161,0.6385266825681314,-0.4846772406161817,0.3733200880875046,-0.6165261704994719,0.08329097552858834,1.125924122804416
0.0,-0.5610967369855903,2.308591611310437,1.4126620412846613,1.6443502733593487,0.5770965326870855,-0.3828729579253691,2.2229754927380374,1.9860314976757105,0.517844043374103,0.595002837942326,-1.4805926223676529,-1.6216823712469601
0.0,-0.8323194691031637,0.3419197396477463,-0.033858095307969065,-0.561741487602198,-1.624565920400072,0.2862926965097962,0.029123294041244457,-1.610569830217548,0.8791539315906084,-1.1213299240168872,2.058722888660684,-1.6216823712469601
0.0,1.066239655719848,1.6530343207562073,-0.033858095307969065,-0.561741487602198,-0.7238858259553254,-0.8512889160299848,-1.067802805307152,-0.8321749534561076,-0.7828715542053076,1.2007673421632241,1.5648649103776606,-1.6216823712469601
0.0,0.2525714593671288,1.259699946423669,-0.033858095307969065,0.7557855363053927,0.2768698345388365,0.15245956562276317,-0.14150965474628388,-0.1093797107490725,-0.7106095765620085,-1.5251729268308196,0.9063876060002949,-1.6216823712469601
0.0,0.2525714593671288,1.259699946423669,-0.033858095307969065,0.7557855363053927,0.2768698345388365,0.15245956562276317,-0.14150965474628388,-0.1093797107490725,-0.7106095765620085,-1.5251729268308196,0.9063876060002949,-1.6216823712469601
0.0,0.2525714593671288,1.259699946423669,-0.033858095307969065,0.847706026345457,0.2768698345388365,0.01862643473573012,-0.044005112581981976,-0.11632966500583938,-0.7106095765620085,-1.5251729268308196,0.8240779429531245,-1.6216823712469601
0.0,1.066239655719848,-0.8380833833498678,0.44831528355624084,-0.9089966721979972,0.07671870244000388,-0.7174557851429517,-0.6290323655677934,-0.5090020805149815,0.7346299763040068,0.595002837942326,0.5771489538116135,0.21005529145395715
0.0,1.066239655719848,1.6530343207562073,-0.033858095307969065,-0.561741487602198,-0.7238858259553254,-0.8512889160299848,-1.067802805307152,-0.8321749534561076,-0.7828715542053076,1.2007673421632241,1.5648649103776606,-1.6216823712469601
0.0,-0.15426263880923075,-0.8380833833498678,0.5688586282722935,-0.9600636111091441,-1.724641486449488,0.48704239284034584,-0.8240414498963973,-1.2561221631208166,-0.566085621275407,-0.3136439183890222,0.6594586168587838,1.125924122804416
0.0,-0.8323194691031637,-0.3791932799619069,0.20722859412413622,-0.9089966721979972,-0.6238102599059097,-2.055787094013282,-0.48277555232134056,-1.2213723918368278,1.5295117303803136,-0.41460466909250543,1.3179359212361481,1.125924122804416
0.0,0.3881828254259149,-0.8380833833498678,-0.1544014400240217,0.10212871824271189,1.0774743629341665,-0.18212326159481948,1.8085811885397542,0.7072399144247785,0.8791539315906084,1.0998065914597408,-0.16363801361292274,0.21005529145395715
0.0,0.3881828254259149,-0.8380833833498678,-0.1544014400240217,0.21447598384723526,1.0774743629341665,-0.18212326159481948,1.8085811885397542,0.7072399144247785,0.8791539315906084,1.0998065914597408,-0.16363801361292274,0.21005529145395715
0.0,0.3881828254259149,-0.8380833833498678,-0.1544014400240217,0.21447598384723526,1.0774743629341665,-0.18212326159481948,1.8085811885397542,0.7072399144247785,0.8791539315906084,1.0998065914597408,-0.16363801361292274,0.21005529145395715
0.0,1.6086851199549947,0.4730311977585925,0.44831528355624084,0.9498399041677508,-0.8239613920047416,-1.7881208322392161,-1.628453922751888,-0.10242975649226703,-0.9996574871352115,-0.717486921202955,1.3179359212361481,0.21005529145395715
0.0,0.1169600933083427,1.7841457788670534,1.171575351852556,-0.030645322926269987,2.378456721576578,0.4201258273968293,0.9554164446021126,0.5856157149307794,-0.49382364363210457,0.595002837942326,-0.9867346440846293,1.125924122804416
0.0,0.1169600933083427,1.7841457788670534,1.2921186965686087,-0.030645322926269987,2.278381155527162,0.48704239284034584,1.0041687156842636,0.5856157149307794,-0.566085621275407,0.4940420872388428,-0.9867346440846293,1.125924122804416
0.0,0.3881828254259149,-0.8380833833498678,-0.1544014400240217,0.10212871824271189,1.0774743629341665,-0.18212326159481948,1.8085811885397542,0.7072399144247785,0.8791539315906084,1.0998065914597408,-0.16363801361292274,0.21005529145395715
0.0,-0.28987400486801806,-0.18252609279563764,2.2564654542970293,0.3370366372339878,0.4770209666376692,1.75845713626716,1.2723062066360937,0.7663145256075671,0.22879613280090308,0.09019908442491001,-1.1513539701789715,1.125924122804416
0.0,-0.018651272750444616,-0.05141463468479146,1.4126620412846613,0.37789018836290517,0.3769454005882529,1.1562080472755112,1.126049393389641,0.696814983039551,0.08427217751430155,0.2921205858318764,-0.9867346440846293,1.125924122804416
0.0,-0.42548537092680416,1.390811404534515,-0.27494478474007433,-0.8477163455046207,-0.924036958054158,0.2862926965097962,-0.7265369077320953,-1.700919235555903,0.22879613280090308,0.4940420872388428,2.3879615408493673,-1.6216823712469601
0.0,-0.018651272750444616,1.1285884883128225,2.4975521437291346,0.7659989240876218,1.0774743629341665,0.15245956562276317,0.34601305607522564,0.8566639309459224,-0.8551335318486101,-0.8184476719064376,-0.9867346440846293,1.125924122804416
0.0,-0.5610967369855903,-0.5758604671281757,-0.033858095307969065,0.17362243271831768,-1.4244147883012392,-1.3197048741346005,-1.3115641607179067,-0.29007852142582163,-0.4215616659888054,0.6959635886458092,0.24791030162293054,-1.6216823712469601
0.0,-0.42548537092680416,1.390811404534515,-0.27494478474007433,-0.8477163455046207,-0.924036958054158,0.2862926965097962,-0.7265369077320953,-1.700919235555903,0.22879613280090308,0.4940420872388428,2.3879615408493673,-1.6216823712469601
0.0,-0.018651272750444616,1.1285884883128225,2.4975521437291346,0.7659989240876218,1.0774743629341665,0.15245956562276317,0.34601305607522564,0.8566639309459224,-0.8551335318486101,-0.8184476719064376,-0.9867346440846293,1.125924122804416
0.0,0.1169600933083427,0.6041426558694387,-0.033858095307969065,-0.9702769988913732,-0.6238102599059097,-0.048290130707786406,-0.555903958944567,-1.0962732152144452,0.012010199870999176,-0.3136439183890222,0.6594586168587838,-1.6216823712469601
0.0,-0.15426263880923075,-1.362529215793252,0.5688586282722935,-1.0315573255847497,-0.6238102599059097,0.6877920891708954,-0.28776646799273675,-1.457670836567982,0.012010199870999176,0.2921205858318764,1.4825552473304904,-1.6216823712469601
0.0,-0.28987400486801806,-0.18252609279563764,2.2564654542970293,0.3370366372339878,0.4770209666376692,1.75845713626716,1.2723062066360937,0.7663145256075671,0.22879613280090308,0.09019908442491001,-1.1513539701789715,1.125924122804416
0.0,-0.018651272750444616,-0.05141463468479146,1.4126620412846613,0.37789018836290517,0.3769454005882529,1.1562080472755112,1.126049393389641,0.696814983039551,0.08427217751430155,0.2921205858318764,-0.9867346440846293,1.125924122804416
0.0,-1.645987665455884,-1.4936406739040982,-0.1544014400240217,-0.21448630300639895,-0.42365912780707704,-1.7881208322392161,-1.4090687028822086,-0.5333269204137814,0.8068919539473061,-0.9194084226099208,-0.08132835056575237,0.21005529145395715
0.0,-1.7815990315146701,-1.4936406739040982,-0.033858095307969065,1.5626431711015139,-1.1241880901529906,-1.252788308691084,-0.9215459920606991,0.18599334516487034,0.517844043374103,-1.0203691733134042,0.7417682799059542,-1.6216823712469601
0.0,-0.5610967369855903,-0.5758604671281757,-0.033858095307969065,0.17362243271831768,-1.4244147883012392,-1.3197048741346005,-1.3115641607179067,-0.29007852142582163,-0.4215616659888054,0.6959635886458092,0.24791030162293054,-1.6216823712469601
0.0,0.6594055575434884,-0.8380833833498678,-0.7571181636042842,-0.9702769988913732,-0.2235079957082444,0.08554300017924665,-0.3365187390748877,-0.5055271033865595,1.0959398645205092,-0.41460466909250543,0.16560063857576018,0.21005529145395715
0.0,0.2525714593671288,0.0796968234260547,1.894835420148871,-0.051072098490728864,-0.023356863609411745,1.6915405708236433,1.1504255289307164,0.6342653947283791,0.08427217751430155,0.1911598351283932,-0.9867346440846293,0.21005529145395715
0.0,-1.3747649333383105,0.7352541139802848,-0.1544014400240217,-0.7455824676823268,0.6771720987365019,-0.6505392196994352,0.3947653271573766,-1.0997481923428287,1.8185596409535167,2.5132571013085045,1.3179359212361481,-1.6216823712469601
0.0,1.3374623878374214,-0.05141463468479146,-0.1544014400240217,-0.561741487602198,-1.724641486449488,-0.8512889160299848,-0.8971698565196237,-1.1032231694712507,-1.4332293529950129,-0.1117224169820564,1.2356262581889779,-1.6216823712469601
0.0,0.7950169236022757,0.4730311977585925,-0.033858095307969065,-0.9498502233269145,-1.224263656202407,-0.7843723505864683,-0.2146380613695103,-0.3248282927098104,-0.13251375541560237,1.8065318463841233,0.24791030162293054,1.125924122804416
0.0,-0.15426263880923075,-1.362529215793252,0.20722859412413622,-0.9702769988913732,-1.624565920400072,-0.5167060888124021,-0.6777846366499444,-0.1510794362898667,1.0959398645205092,0.9988458407562577,-0.41056700275443525,0.21005529145395715
0.0,-1.3747649333383105,0.7352541139802848,-0.1544014400240217,-0.7455824676823268,0.6771720987365019,-0.6505392196994352,0.3947653271573766,-1.0997481923428287,1.8185596409535167,2.5132571013085045,1.3179359212361481,-1.6216823712469601
0.0,-0.15426263880923075,-0.9691948414607139,0.8099453177043987,-1.092837652278126,-1.0241125241035742,-1.386621439578117,-1.6040777872108125,-1.638369647244731,0.8791539315906084,-1.0203691733134042,1.9764132256135138,-1.6216823712469601
0.0,-0.28987400486801806,1.259699946423669,-0.9982048530363895,-1.1132644278425847,-0.42365912780707704,-1.3197048741346005,-1.579701651669737,-1.1032231694712507,0.3010581104442022,-0.9194084226099208,0.3302199646701009,1.125924122804416
0.0,0.5237941914847023,-1.231417757682406,1.0510320071365034,-0.9702769988913732,0.9773987968847501,-0.7174557851429517,-0.26339033245166127,-0.5402768746705483,0.012010199870999176,0.09019908442491001,0.16560063857576018,1.125924122804416
0.0,-0.15426263880923075,-0.9691948414607139,0.8099453177043987,-1.092837652278126,-1.0241125241035742,-1.386621439578117,-1.6040777872108125,-1.638369647244731,0.8791539315906084,-1.0203691733134042,1.9764132256135138,-1.6216823712469601
0.0,-1.1035422012207372,-2.0180865063474824,1.7742920754328186,0.8681328019099157,0.9773987968847501,2.293789659815292,0.27288464945199925,0.6829150745259787,-2.011325174141419,-1.4242121761273363,-1.0690443071317997,-0.7058135398965015
0.0,-1.1035422012207372,-0.706971925239022,0.20722859412413622,-0.8885698966335382,-0.023356863609411745,1.892290267154193,-0.3365187390748877,-1.1518728492688504,1.8185596409535167,-0.6165261704994719,0.6594586168587838,0.21005529145395715
0.0,-0.28987400486801806,1.7841457788670534,1.6537487307167666,-0.030645322926269987,1.3777010610824154,0.48704239284034584,2.5398652547720184,1.0304127873659046,2.2521315068133214,1.2007673421632241,-0.575186328848776,1.125924122804416
0.0,-0.42548537092680416,-0.8380833833498678,-0.9982048530363895,0.5821579440074929,0.1767942684894202,-0.6505392196994352,0.32163692053415016,0.4118668585108357,0.22879613280090308,-0.41460466909250543,-0.08132835056575237,1.125924122804416
0.0,1.066239655719848,0.0796968234260547,0.20722859412413622,-0.2757666296997752,-0.2235079957082444,-1.118955177804051,-1.9697198203269446,-1.04067358116004,-0.9273955094919092,-0.010761666278573195,1.4825552473304904,0.21005529145395715
0.0,0.5237941914847023,-0.05141463468479146,0.9304886624204514,-0.010218547361811292,0.4770209666376692,1.1562080472755112,0.8579119024378107,0.6585902346271788,-0.06025177777229999,0.4940420872388428,-0.9044249810374589,0.21005529145395715
0.0,-0.6967081030443776,-0.18252609279563764,-1.2392915424684945,-0.6230218142955743,0.5770965326870855,0.4201258273968293,0.5897744114859804,-0.4429775150753875,-0.2047757330589015,0.1911598351283932,-0.08132835056575237,0.21005529145395715
0.0,-0.42548537092680416,-0.5758604671281757,1.533205386000714,0.3370366372339878,1.0774743629341665,1.1562080472755112,1.4429391554236222,0.7176648458099675,0.3010581104442022,-0.010761666278573195,-1.2336636332261417,0.21005529145395715
0.0,-0.5610967369855903,-1.624752132014944,-0.1544014400240217,-1.0519841011492084,-0.8239613920047416,1.2231246127190276,0.029123294041244457,-1.04067358116004,1.384987775093712,-1.3232514254238537,0.7417682799059542,-1.6216823712469601
0.0,-0.5610967369855903,-1.624752132014944,-0.1544014400240217,-1.0519841011492084,-0.8239613920047416,1.2231246127190276,0.029123294041244457,-1.04067358116004,1.384987775093712,-1.3232514254238537,0.7417682799059542,-1.6216823712469601
0.0,0.3881828254259149,-0.05141463468479146,-0.033858095307969065,2.012032233519607,0.1767942684894202,-0.249039827038336,0.8091596313556597,0.905313610743522,-0.13251375541560237,-1.1213299240168872,0.4948392907644416,1.125924122804416
0.0,-0.28987400486801806,-0.5758604671281757,0.20722859412413622,1.0724005575545033,0.7772476647859181,1.6246240053801269,0.07787556512339541,0.49526630959242407,0.22879613280090308,-0.8184476719064376,0.16560063857576018,1.125924122804416
0.0,-0.28987400486801806,2.4397030694212836,1.2921186965686087,0.17362243271831768,2.178305589477745,-0.249039827038336,1.1991778000128674,0.5439159893899852,-0.49382364363210457,-0.41460466909250543,-0.9867346440846293,1.125924122804416
0.0,-0.28987400486801806,-1.231417757682406,-0.27494478474007433,-1.072410876713667,-1.1241880901529906,-1.4535380050216336,-1.5553255161286617,-1.002448832747668,-0.13251375541560237,0.9988458407562577,0.3302199646701009,0.21005529145395715
0.0,0.5237941914847023,2.308591611310437,-0.516031474172179,-0.6025950387311155,0.5770965326870855,-0.8512889160299848,-0.604656230026718,-0.6792759598065418,0.15653415515760072,-1.1213299240168872,0.5771489538116135,-1.6216823712469601
0.0,-0.8323194691031637,-1.4936406739040982,-0.6365748188882316,-1.011130550020291,-0.12343242965882807,1.0892914818319945,-0.48277555232134056,-1.0198237183896623,0.6623679986607045,-1.0203691733134042,0.4948392907644416,0.21005529145395715
0.0,-0.6967081030443776,-0.18252609279563764,-1.2392915424684945,-0.6230218142955743,0.5770965326870855,0.4201258273968293,0.5897744114859804,-0.4429775150753875,-0.2047757330589015,0.1911598351283932,-0.08132835056575237,0.21005529145395715
0.0,-0.42548537092680416,-0.5758604671281757,1.533205386000714,0.3370366372339878,1.0774743629341665,1.1562080472755112,1.4429391554236222,0.7176648458099675,0.3010581104442022,-0.010761666278573195,-1.2336636332261417,0.21005529145395715
0.0,0.6594055575434884,-0.05141463468479146,-0.27494478474007433,0.6025847195719519,0.7772476647859181,0.01862643473573012,0.4191414626984521,0.6863900516543622,0.15653415515760072,0.1911598351283932,-0.16363801361292274,0.21005529145395715
0.0,0.1169600933083427,-1.4936406739040982,-0.395488129456127,-0.827289569940162,-0.924036958054158,-1.386621439578117,-1.3359402962589824,-0.8738746789969019,-0.6383475989187061,0.9988458407562577,0.4948392907644416,-1.6216823712469601
0.0,-1.3747649333383105,-0.5758604671281757,-0.395488129456127,-1.1132644278425847,-0.8239613920047416,-0.048290130707786406,-1.165307347471454,-1.5549701961631428,-0.34929968834550307,-1.2222906747203706,0.41252962771727125,-1.6216823712469601
0.0,-0.42548537092680416,1.390811404534515,0.08668524940808357,-0.5821682631666567,-0.6238102599059097,-0.7843723505864683,-1.0921789408482274,-0.859974770483291,-0.06025177777229999,-1.0203691733134042,0.4948392907644416,0.21005529145395715
0.0,-1.7815990315146701,1.456367133589938,0.6894019729883462,-0.9498502233269145,-0.6238102599059097,-1.1858717432475674,-0.9459221276017746,-0.8391249077129131,0.7346299763040068,-0.9194084226099208,-0.08132835056575237,0.21005529145395715
0.0,-1.2391535672795233,-0.8380833833498678,0.9304886624204514,-1.0315573255847497,0.4770209666376692,-0.7843723505864683,-1.0921789408482274,-0.5263769661569759,0.08427217751430155,-0.3136439183890222,-0.49287666580160566,0.21005529145395715
0.0,-1.2391535672795233,-0.5758604671281757,0.6894019729883462,-1.0315573255847497,0.3769454005882529,-0.7174557851429517,-1.1409312119303785,-0.5263769661569759,0.08427217751430155,-0.1117224169820564,-0.49287666580160566,0.21005529145395715
0.0,1.6086851199549947,-0.5758604671281757,-0.1544014400240217,-0.1532059763130227,0.6771720987365019,-0.7174557851429517,-0.9702982631428501,-0.29007852142582163,-0.6383475989187061,-0.6165261704994719,0.24791030162293054,1.125924122804416
0.0,-0.42548537092680416,-0.5758604671281757,-0.395488129456127,0.21447598384723526,-1.4244147883012392,-1.252788308691084,-1.2140596185536048,-0.2518537730134109,-0.2770377107022039,0.7969243393492924,0.24791030162293054,-1.6216823712469601
0.0,0.1169600933083427,-1.4936406739040982,-0.395488129456127,-0.827289569940162,-0.924036958054158,-1.386621439578117,-1.3359402962589824,-0.8738746789969019,-0.6383475989187061,0.9988458407562577,0.4948392907644416,-1.6216823712469601
0.0,-1.3747649333383105,-0.8380833833498678,0.20722859412413622,-1.092837652278126,-0.7238858259553254,0.35320926195331276,-1.2384357540946804,-1.3568964998443993,2.2521315068133214,-0.6165261704994719,0.9063876060002949,1.125924122804416
0.0,-0.15426263880923075,-0.3136375509064838,-0.395488129456127,1.7464841511816427,1.0774743629341665,1.3569577436060607,-0.0196289770409065,1.5829341507813794,-1.144181442421813,0.3930813365353596,-1.3159732962733122,1.125924122804416
0.0,0.6594055575434884,-0.4447490090173296,0.20722859412413622,0.6025847195719519,0.9773987968847501,-1.0520386123605343,-1.2384357540946804,0.6620652117555623,-1.0719194647785106,0.7969243393492924,-0.49287666580160566,1.125924122804416
0.0,1.4730737538962086,-0.8380833833498678,0.8099453177043987,-1.092837652278126,-0.12343242965882807,0.15245956562276317,0.4191414626984521,-1.0093987870044734,-0.7828715542053076,-0.5155654197959887,1.0710069320946372,1.125924122804416
0.0,-2.0528217636322434,-1.362529215793252,0.8099453177043987,-1.092837652278126,-1.4244147883012392,0.35320926195331276,-0.8727937209785482,-0.7904752279153134,2.757965350316425,1.0998065914597408,0.000981312481417987,0.21005529145395715
0.0,-0.5610967369855903,-0.706971925239022,-0.516031474172179,-0.09192564961964625,0.4770209666376692,-0.3828729579253691,-0.8727937209785482,-0.36652801825060455,-0.2770377107022039,-0.8184476719064376,0.3302199646701009,0.21005529145395715
0.0,0.1169600933083427,0.866365572091131,-0.7571181636042842,-0.2757666296997752,-1.5244903543506556,0.754708654614412,0.15100397174662183,-0.4985771491297926,0.4455820657308038,-0.5155654197959887,0.4948392907644416,-1.6216823712469601
0.0,-0.28987400486801806,0.3419197396477463,-0.1544014400240217,-0.5004611609088216,-1.5244903543506556,0.2862926965097962,-0.9946743986839256,-1.2109474604516388,0.3733200880875046,1.2007673421632241,1.647174573424831,-1.6216823712469601
0.0,0.1169600933083427,0.866365572091131,-0.7571181636042842,-0.2757666296997752,-1.5244903543506556,0.754708654614412,0.15100397174662183,-0.4985771491297926,0.4455820657308038,-0.5155654197959887,0.4948392907644416,-1.6216823712469601
0.0,-0.28987400486801806,-0.706971925239022,0.44831528355624084,-1.1336912034070434,-0.8239613920047416,0.888541785501445,-0.5802800944856424,-0.7592004337597081,0.3733200880875046,2.0084533477910895,-0.08132835056575237,0.21005529145395715
0.0,0.6594055575434884,-0.706971925239022,0.08668524940808357,-1.092837652278126,-0.5237346938564934,2.0930399634847427,0.17538010728769732,-0.5333269204137814,-0.566085621275407,0.3930813365353596,-0.3282573397072649,0.21005529145395715
0.0,-0.5610967369855903,-0.706971925239022,-0.516031474172179,-0.09192564961964625,0.4770209666376692,-0.3828729579253691,-0.8727937209785482,-0.36652801825060455,-0.2770377107022039,-0.8184476719064376,0.3302199646701009,0.21005529145395715
0.0,-2.324044495749817,-2.0180865063474824,-0.033858095307969065,-0.9702769988913732,-1.4244147883012392,-1.52045457046515,-1.1409312119303785,-1.304771842918416,2.757965350316425,0.3930813365353596,1.3179359212361481,0.21005529145395715
0.0,-0.42548537092680416,-1.4936406739040982,-0.033858095307969065,-1.0315573255847497,-0.6238102599059097,-1.0520386123605343,-1.4821971095054352,-1.457670836567982,-0.06025177777229999,-0.717486921202955,1.40024558428332,0.21005529145395715
0.0,-2.0528217636322434,-1.362529215793252,0.8099453177043987,-1.092837652278126,-1.4244147883012392,0.35320926195331276,-0.8727937209785482,-0.7904752279153134,2.757965350316425,1.0998065914597408,0.000981312481417987,0.21005529145395715
0.0,-1.645987665455884,-0.9691948414607139,1.6537487307167666,-1.072410876713667,-1.0241125241035742,-0.11520669615130294,-0.5315278234034915,-1.0198237183896623,1.2404638198071105,0.1911598351283932,-0.16363801361292274,0.21005529145395715
0.0,-0.15426263880923075,2.8330374437538213,-0.033858095307969065,-1.011130550020291,-2.124943750647153,-0.8512889160299848,-0.38527101015703863,-1.7148191440695142,-0.2770377107022039,0.4940420872388428,1.7294842364720013,-1.6216823712469601
0.0,-0.8323194691031637,-0.4447490090173296,-1.1187481977524418,-1.0519841011492084,-2.425170448795402,-1.118955177804051,-0.2146380613695103,-0.7140257310905305,-0.9996574871352115,-2.029976680348235,0.000981312481417987,1.125924122804416
0.0,-1.1035422012207372,-1.231417757682406,-0.395488129456127,-0.2757666296997752,-1.4244147883012392,-0.6505392196994352,-0.7021607721910198,-1.0684733981872618,-0.34929968834550307,-1.4242121761273363,1.40024558428332,0.21005529145395715
0.0,-0.15426263880923075,2.8330374437538213,-0.033858095307969065,-1.011130550020291,-2.124943750647153,-0.8512889160299848,-0.38527101015703863,-1.7148191440695142,-0.2770377107022039,0.4940420872388428,1.7294842364720013,-1.6216823712469601
0.0,-0.15426263880923075,-1.4936406739040982,0.6894019729883462,-0.9498502233269145,-0.5237346938564934,-0.9851220469170178,-1.2871880251768313,-1.172722712039228,-0.7106095765620085,0.4940420872388428,0.6594586168587838,0.21005529145395715
0.0,-0.15426263880923075,-1.4936406739040982,0.6894019729883462,-0.9498502233269145,-0.5237346938564934,-0.9851220469170178,-1.2871880251768313,-1.172722712039228,-0.7106095765620085,0.4940420872388428,0.6594586168587838,0.21005529145395715
0.0,-0.5610967369855903,-0.5758604671281757,-0.1544014400240217,1.5422163955370551,-0.2235079957082444,1.4907908744930938,-0.044005112581981976,1.0026129703387214,0.15653415515760072,-1.0203691733134042,0.08329097552858834,1.125924122804416
0.0,-1.2391535672795233,0.7352541139802848,0.08668524940808357,-0.8681431210690794,-1.5244903543506556,0.01862643473573012,0.029123294041244457,-1.5236954020075375,1.312725797450413,-0.6165261704994719,1.7294842364720013,0.21005529145395715
0.0,-1.5103762993970966,1.390811404534515,-0.27494478474007433,-1.072410876713667,-1.3243392222518229,-0.7174557851429517,-1.1896834830125294,-1.739143983968314,-0.06025177777229999,-0.9194084226099208,0.9063876060002949,0.21005529145395715
0.0,1.4730737538962086,-0.18252609279563764,0.3277719388401882,0.07148855489602385,-0.32358356175766073,-0.8512889160299848,-1.774710735998341,-0.07462993946508376,-1.8668012188548175,0.09019908442491001,0.08329097552858834,1.125924122804416
0.0,0.5237941914847023,-0.706971925239022,-0.516031474172179,-0.7455824676823268,-0.924036958054158,0.2193761310662797,-1.0434266697660766,-1.0719483753156454,-1.4332293529950129,-0.5155654197959887,0.9886972690474667,-1.6216823712469601
0.0,0.2525714593671288,-0.3136375509064838,-0.27494478474007433,0.07148855489602385,-0.32358356175766073,0.15245956562276317,-0.28776646799273675,0.18251836803648688,0.08427217751430155,-0.9194084226099208,-0.575186328848776,1.125924122804416
0.0,-0.018651272750444616,2.7674817146983983,0.08668524940808357,-0.49024777312659223,0.4770209666376692,-1.252788308691084,-1.3603164318000578,-1.3742713854863937,0.3010581104442022,0.4940420872388428,2.305651877802197,-1.6216823712469601
0.0,0.2525714593671288,0.21080828153690087,-0.033858095307969065,0.28596969832284086,-1.0241125241035742,-0.31595639248185253,-0.555903958944567,-0.783525273658508,-0.49382364363210457,1.604610344977157,1.8117938995191731,-1.6216823712469601
0.0,0.1169600933083427,1.7841457788670534,-0.27494478474007433,0.8681328019099157,-0.924036958054158,-0.7174557851429517,-1.2140596185536048,-0.4117027209197822,-0.2770377107022039,-0.3136439183890222,1.8117938995191731,0.21005529145395715
0.0,-0.28987400486801806,1.9152572369778988,-0.1544014400240217,-0.9702769988913732,-0.023356863609411745,-1.118955177804051,-0.8727937209785482,-0.6549511199077419,-0.4215616659888054,-0.717486921202955,-0.08132835056575237,1.125924122804416
0.0,-0.5610967369855903,-0.8380833833498678,-0.516031474172179,-0.7864360188112444,-1.0241125241035742,-0.7174557851429517,-1.2871880251768313,-0.7487755023745193,0.8791539315906084,0.6959635886458092,0.7417682799059542,1.125924122804416
0.0,2.2867419502489277,-0.5758604671281757,0.20722859412413622,-1.1541179789715021,-0.2235079957082444,-1.9888705285697659,-2.7253800221002846,-0.707075776833725,-1.0719194647785106,-1.1213299240168872,-0.08132835056575237,-0.7058135398965015
0.0,2.151130584190142,1.259699946423669,0.44831528355624084,0.9702666797322095,-1.0241125241035742,-0.9182054814735013,-0.11713351920520841,-0.244903818756644,-1.722277263568216,-0.9194084226099208,1.9764132256135138,0.21005529145395715
0.0,-2.1884331296910298,0.27636401059232324,-0.395488129456127,-0.24512646635308702,-0.7238858259553254,1.9592068325977094,0.029123294041244457,-1.506320516365543,0.012010199870999176,-1.4242121761273363,1.4825552473304904,-1.6216823712469601
0.0,0.1169600933083427,-0.8380833833498678,-0.27494478474007433,-0.3370469563931515,-0.12343242965882807,0.35320926195331276,0.27288464945199925,-0.22057897885784417,-0.2047757330589015,-1.3232514254238537,-0.3282573397072649,0.21005529145395715
0.0,-0.15426263880923075,2.046368695088745,1.6537487307167666,0.6842918218297867,1.1775499289835827,2.159956528928259,2.3692323059844904,1.6142089449369847,0.3010581104442022,0.1911598351283932,-1.3159732962733122,1.125924122804416
0.0,0.2525714593671288,0.6041426558694387,0.8099453177043987,0.23490275941169395,1.277625495032999,0.48704239284034584,1.9792141373272827,0.9331134277707053,1.312725797450413,0.595002837942326,-0.2459476766600931,1.125924122804416
0.0,-0.15426263880923075,2.046368695088745,1.6537487307167666,0.6842918218297867,1.1775499289835827,2.159956528928259,2.3692323059844904,1.6142089449369847,0.3010581104442022,0.1911598351283932,-1.3159732962733122,1.125924122804416
0.0,2.422353316307714,-1.10030629957156,-0.516031474172179,-1.1336912034070434,-1.0241125241035742,-0.6505392196994352,-1.433444838423284,-0.9711740385920625,-1.4332293529950129,-1.0203691733134042,0.41252962771727125,1.125924122804416
0.0,-0.8323194691031637,-0.706971925239022,-0.7571181636042842,1.3788021910213848,0.7772476647859181,1.6246240053801269,0.32163692053415016,1.3501106831786474,0.8791539315906084,-0.21268316768553905,-1.3159732962733122,1.125924122804416
0.0,-0.967930835161951,-1.362529215793252,0.5688586282722935,-1.072410876713667,-1.1241880901529906,0.15245956562276317,-0.9702982631428501,-0.5680766916977701,1.5295117303803136,0.9988458407562577,-0.08132835056575237,0.21005529145395715
0.0,-0.42548537092680416,-0.5758604671281757,-0.033858095307969065,-0.8477163455046207,-1.4244147883012392,0.08554300017924665,-1.0921789408482274,-1.0684733981872618,0.5901060210174053,1.0998065914597408,1.0710069320946372,-1.6216823712469601
0.0,-1.5103762993970966,-0.706971925239022,-0.8776615083203368,-1.072410876713667,-0.7238858259553254,-0.5836226542559186,-1.3603164318000578,-1.263072117377622,0.8791539315906084,0.3930813365353596,0.6594586168587838,0.21005529145395715
0.0,-0.5610967369855903,-0.18252609279563764,-0.033858095307969065,-1.1132644278425847,-0.8239613920047416,0.35320926195331276,-0.555903958944567,-0.9364242673080738,0.8791539315906084,0.9988458407562577,0.16560063857576018,-1.6216823712469601
0.0,-0.28987400486801806,-0.05141463468479146,1.6537487307167666,0.11234210602494142,0.4770209666376692,1.6246240053801269,1.126049393389641,0.7315647543235784,0.08427217751430155,-0.3136439183890222,-1.0690443071317997,1.125924122804416
0.0,-1.5103762993970966,-0.706971925239022,-0.8776615083203368,-1.072410876713667,-0.7238858259553254,-0.5836226542559186,-1.3603164318000578,-1.263072117377622,0.8791539315906084,0.3930813365353596,0.6594586168587838,0.21005529145395715
0.0,-0.8323194691031637,-0.8380833833498678,-0.1544014400240217,-1.092837652278126,-1.1241880901529906,-0.8512889160299848,-1.5553255161286617,-1.2109474604516388,0.3733200880875046,0.3930813365353596,0.5771489538116135,0.21005529145395715
0.0,-0.8323194691031637,-1.10030629957156,-0.27494478474007433,-1.092837652278126,-1.1241880901529906,-0.7843723505864683,-1.5553255161286617,-1.2213723918368278,0.3010581104442022,0.3930813365353596,0.5771489538116135,0.21005529145395715
0.0,-0.967930835161951,1.390811404534515,-1.4803782319005994,0.25532953497615263,-1.1241880901529906,0.9554583509449616,0.8091596313556597,0.6064655777011958,0.22879613280090308,-0.010761666278573195,-0.9044249810374589,1.125924122804416
0.0,-0.8323194691031637,1.259699946423669,-2.2036383001969146,0.5208776173141167,-0.6238102599059097,0.2193761310662797,0.4435175982395276,0.828864113918739,0.5901060210174053,0.1911598351283932,-0.9867346440846293,1.125924122804416
0.0,-0.42548537092680416,-0.5758604671281757,-0.033858095307969065,-0.8477163455046207,-1.4244147883012392,0.08554300017924665,-1.0921789408482274,-1.0684733981872618,0.5901060210174053,1.0998065914597408,1.0710069320946372,-1.6216823712469601
0.0,1.2018510217786353,-1.10030629957156,-0.27494478474007433,-1.0519841011492084,0.3769454005882529,0.9554583509449616,1.5160675620468484,0.10259389408328194,-1.144181442421813,-1.0203691733134042,-1.0690443071317997,1.125924122804416
0.0,0.1169600933083427,-1.624752132014944,0.6894019729883462,-1.092837652278126,-0.12343242965882807,-0.8512889160299848,-1.3603164318000578,-1.183147643424417,-1.144181442421813,0.595002837942326,0.6594586168587838,0.21005529145395715
0.0,0.1169600933083427,-1.624752132014944,0.6894019729883462,-1.092837652278126,-0.12343242965882807,-0.8512889160299848,-1.3603164318000578,-1.183147643424417,-1.144181442421813,0.595002837942326,0.6594586168587838,0.21005529145395715
0.0,-1.1035422012207372,2.308591611310437,-0.7571181636042842,-0.6638753654244918,1.0774743629341665,1.4907908744930938,-0.2146380613695103,-1.3951212482567714,0.22879613280090308,-0.9194084226099208,1.7294842364720013,0.21005529145395715
0.0,0.3881828254259149,1.259699946423669,0.9304886624204514,-0.8987832844157676,-0.924036958054158,-0.5836226542559186,-0.4583994167802651,-1.5619201504199482,0.08427217751430155,-0.3136439183890222,2.3879615408493673,-1.6216823712469601
0.0,-1.5103762993970966,0.21080828153690087,-0.516031474172179,-0.8477163455046207,-2.3250948827459856,-1.3197048741346005,-1.7503346004572653,-1.263072117377622,-0.9273955094919092,0.3930813365353596,0.4948392907644416,0.21005529145395715
0.0,-0.5610967369855903,-1.362529215793252,-0.033858095307969065,0.4902374539674285,-0.42365912780707704,0.2193761310662797,-0.4583994167802651,0.22769307070566452,0.012010199870999176,-0.717486921202955,0.08329097552858834,1.125924122804416
0.0,0.7950169236022757,0.21080828153690087,0.9304886624204514,1.1336808842478798,-1.0241125241035742,-1.4535380050216336,-1.0921789408482274,0.8531889538175389,-1.2887053977084146,-0.21268316768553905,0.16560063857576018,-0.7058135398965015
0.0,-0.15426263880923075,1.6530343207562073,-0.1544014400240217,-0.7455824676823268,1.1775499289835827,-0.5167060888124021,1.589195968670075,0.33541736168605274,1.9630835962401183,0.8978850900527745,-0.08132835056575237,0.21005529145395715
0.0,-0.42548537092680416,2.308591611310437,1.7742920754328186,-0.18384613965971075,-2.825472712993067,0.6208755237273789,0.004747158500168979,-1.388171293999966,-0.4215616659888054,-1.6261336775343027,1.9764132256135138,-1.6216823712469601
0.0,0.1169600933083427,-0.5758604671281757,-0.1544014400240217,-0.010218547361811292,-1.3243392222518229,0.4201258273968293,-0.14150965474628388,-0.19972911608742777,-0.7828715542053076,0.09019908442491001,0.16560063857576018,0.21005529145395715
0.0,-0.28987400486801806,-0.5758604671281757,-0.395488129456127,1.6443502733593487,0.3769454005882529,0.2862926965097962,-0.4583994167802651,1.5655592651393853,-0.9996574871352115,0.1911598351283932,-1.2336636332261417,0.21005529145395715
0.0,1.2018510217786353,-0.18252609279563764,-0.27494478474007433,0.2961830861050702,-0.42365912780707704,2.159956528928259,1.4429391554236222,0.5960406463160068,-0.6383475989187061,0.1911598351283932,-0.41056700275443525,1.125924122804416
0.0,0.2525714593671288,0.6041426558694387,-0.1544014400240217,0.5617311684430342,-0.6238102599059097,0.6877920891708954,0.07787556512339541,-0.5819766002113425,-1.5054913306383153,-1.727094428237786,1.1533165951418074,-1.6216823712469601
0.0,0.2525714593671288,0.6041426558694387,-0.1544014400240217,0.5617311684430342,-0.6238102599059097,0.6877920891708954,0.07787556512339541,-0.5819766002113425,-1.5054913306383153,-1.727094428237786,1.1533165951418074,-1.6216823712469601
0.0,-0.28987400486801806,-0.5758604671281757,-0.395488129456127,1.6443502733593487,0.3769454005882529,0.2862926965097962,-0.4583994167802651,1.5655592651393853,-0.9996574871352115,0.1911598351283932,-1.2336636332261417,0.21005529145395715
0.0,-0.5610967369855903,-0.18252609279563764,-0.033858095307969065,1.0111202308611273,-0.42365912780707704,2.293789659815292,1.3454346132593202,0.6585902346271788,-0.34929968834550307,0.1911598351283932,-0.3282573397072649,0.21005529145395715
0.0,0.1169600933083427,-0.5758604671281757,-0.1544014400240217,-0.010218547361811292,-1.3243392222518229,0.4201258273968293,-0.14150965474628388,-0.19972911608742777,-0.7828715542053076,0.09019908442491001,0.16560063857576018,0.21005529145395715
0.0,-2.0528217636322434,-0.706971925239022,-0.395488129456127,-1.1541179789715021,-1.4244147883012392,-1.5873711359086666,-1.7259584649161899,-0.5854515773397645,0.8068919539473061,-0.8184476719064376,-0.6574959918959463,1.125924122804416
0.0,0.3881828254259149,0.0796968234260547,-0.516031474172179,-1.041770713366979,-1.9247926185483206,-2.122703659456799,-1.165307347471454,-1.3568964998443993,-1.722277263568216,-1.8280551789412691,0.6594586168587838,-0.7058135398965015
0.0,-2.1884331296910298,-1.231417757682406,-0.6365748188882316,-1.1541179789715021,-1.224263656202407,-1.5873711359086666,-1.677206193834039,-0.5750266459545755,0.8068919539473061,-0.717486921202955,-0.6574959918959463,1.125924122804416
0.0,1.2018510217786353,-0.18252609279563764,-0.27494478474007433,0.2961830861050702,-0.42365912780707704,2.159956528928259,1.4429391554236222,0.5960406463160068,-0.6383475989187061,0.1911598351283932,-0.41056700275443525,1.125924122804416
0.0,0.2525714593671288,-1.8869750482366363,-0.395488129456127,0.8068524752165396,-0.32358356175766073,0.4201258273968293,-0.9459221276017746,0.6273154404715736,0.012010199870999176,-1.0203691733134042,-0.6574959918959463,-1.6216823712469601
0.0,0.2525714593671288,-1.8869750482366363,-0.395488129456127,0.8068524752165396,-0.32358356175766073,0.4201258273968293,-0.9459221276017746,0.6273154404715736,0.012010199870999176,-1.0203691733134042,-0.6574959918959463,-1.6216823712469601
0.0,0.3881828254259149,0.3419197396477463,0.20722859412413622,0.2961830861050702,-0.6238102599059097,0.9554583509449616,-0.2146380613695103,0.046994260028915394,0.15653415515760072,-0.8184476719064376,0.08329097552858834,0.21005529145395715
0.0,0.5237941914847023,0.4730311977585925,-0.27494478474007433,0.480024066185199,-2.0248681845977368,-1.386621439578117,-0.6290323655677934,0.6690151660123678,-0.566085621275407,1.3017280928667072,0.000981312481417987,1.125924122804416
0.0,-0.018651272750444616,-0.05141463468479146,1.6537487307167666,0.3983169639273642,-0.5237346938564934,0.9554583509449616,0.8822880379788861,0.7558895942223396,-0.13251375541560237,-0.1117224169820564,-1.0690443071317997,1.125924122804416
0.0,0.2525714593671288,-1.8869750482366363,-0.395488129456127,0.8068524752165396,-0.32358356175766073,0.4201258273968293,-0.9459221276017746,0.6273154404715736,0.012010199870999176,-1.0203691733134042,-0.6574959918959463,-1.6216823712469601
0.0,0.3881828254259149,0.3419197396477463,0.20722859412413622,0.2961830861050702,-0.6238102599059097,0.9554583509449616,-0.2146380613695103,0.046994260028915394,0.15653415515760072,-0.8184476719064376,0.08329097552858834,0.21005529145395715
0.0,-2.595267227867389,0.866365572091131,-0.1544014400240217,-1.0519841011492084,-2.625321580894234,0.2862926965097962,0.32163692053415016,-2.3298900957961997,1.0236778868772098,1.0998065914597408,2.7995098560852205,-1.6216823712469601
0.0,-2.324044495749817,0.3419197396477463,-0.516031474172179,0.3983169639273642,-1.624565920400072,-0.5167060888124021,-0.7265369077320953,-0.2622787043986384,1.2404638198071105,-1.1213299240168872,0.3302199646701009,0.21005529145395715
0.0,-2.324044495749817,0.3419197396477463,-0.516031474172179,0.3983169639273642,-1.624565920400072,-0.5167060888124021,-0.7265369077320953,-0.2622787043986384,1.2404638198071105,-1.1213299240168872,0.3302199646701009,0.21005529145395715
0.0,-0.018651272750444616,-0.05141463468479146,1.894835420148871,-0.030645322926269987,0.6771720987365019,1.3569577436060607,1.1016732578485655,0.6898650287827841,0.15653415515760072,-0.3136439183890222,-0.9867346440846293,0.21005529145395715
0.0,-1.1035422012207372,0.21080828153690087,-0.8776615083203368,-0.9294234477624558,-0.023356863609411745,-1.7881208322392161,-0.7021607721910198,-0.3248282927098104,-0.7828715542053076,0.6959635886458092,-1.3159732962733122,1.125924122804416
0.0,0.5237941914847023,-0.8380833833498678,-1.2392915424684945,-0.9702769988913732,0.1767942684894202,-1.1858717432475674,-0.8727937209785482,0.30414256753044744,1.312725797450413,0.4940420872388428,-0.49287666580160566,1.125924122804416
0.0,-0.967930835161951,0.0796968234260547,-0.8776615083203368,-0.9294234477624558,-0.12343242965882807,-1.7212042667956997,-0.6777846366499444,-0.3248282927098104,-0.7828715542053076,0.595002837942326,-1.3159732962733122,1.125924122804416
0.0,-1.1035422012207372,0.21080828153690087,-0.8776615083203368,-0.9294234477624558,-0.023356863609411745,-1.7881208322392161,-0.7021607721910198,-0.3248282927098104,-0.7828715542053076,0.6959635886458092,-1.3159732962733122,1.125924122804416
0.0,-0.5610967369855903,0.3419197396477463,-0.27494478474007433,-0.7047289165534094,-0.6238102599059097,-0.6505392196994352,-1.4090687028822086,-1.2039975061948334,0.7346299763040068,1.2007673421632241,1.4825552473304904,-1.6216823712469601
0.0,0.7950169236022757,1.1285884883128225,-0.9982048530363895,-0.07149887405518755,-0.023356863609411745,-0.4497895233688856,-0.3365187390748877,-0.2761786129122107,-0.34929968834550307,-0.41460466909250543,0.5771489538116135,1.125924122804416
0.0,-0.5610967369855903,-1.8869750482366363,-0.27494478474007433,-1.072410876713667,-1.1241880901529906,0.15245956562276317,-1.0434266697660766,-1.3812213397431992,-1.2887053977084146,0.7969243393492924,0.9063876060002949,0.21005529145395715
0.0,0.5237941914847023,-0.8380833833498678,-1.2392915424684945,-0.9702769988913732,0.1767942684894202,-1.1858717432475674,-0.8727937209785482,0.30414256753044744,1.312725797450413,0.4940420872388428,-0.49287666580160566,1.125924122804416
0.0,0.6594055575434884,1.7841457788670534,-0.7571181636042842,-0.18384613965971075,-2.625321580894234,-0.5836226542559186,-1.1409312119303785,-1.5028455392371596,-2.517159017644526,0.595002837942326,2.1410325517078546,-1.6216823712469601
0.0,1.2018510217786353,-2.0180865063474824,0.20722859412413622,1.5728565588837433,-0.2235079957082444,0.4201258273968293,-0.555903958944567,0.8705638394595333,-0.8551335318486101,1.0998065914597408,0.3302199646701009,-1.6216823712469601
0.0,0.1169600933083427,-0.4447490090173296,1.0510320071365034,0.3370366372339878,-1.224263656202407,-0.31595639248185253,-0.555903958944567,-0.053780076694667375,0.22879613280090308,0.595002837942326,0.3302199646701009,0.21005529145395715
0.0,0.9306282896610618,1.5219228626453611,-0.395488129456127,-0.29619340526423393,-2.124943750647153,0.2193761310662797,-0.5802800944856424,-1.2422222546072055,-0.7828715542053076,-0.010761666278573195,1.9764132256135138,-1.6216823712469601
0.0,-1.7815990315146701,0.9974770302019772,-0.7571181636042842,-0.8477163455046207,-2.124943750647153,-0.249039827038336,-0.4340232812391896,-1.6140448073459313,2.6134413950298234,0.09019908442491001,1.9764132256135138,-1.6216823712469601
0.0,-0.28987400486801806,-0.4447490090173296,-0.27494478474007433,1.7464841511816427,0.8773232308353338,-0.11520669615130294,-0.4583994167802651,1.5690342422677686,-1.0719194647785106,0.595002837942326,-1.3159732962733122,0.21005529145395715
0.0,-0.28987400486801806,-0.4447490090173296,-0.27494478474007433,1.7464841511816427,0.8773232308353338,-0.11520669615130294,-0.4583994167802651,1.5690342422677686,-1.0719194647785106,0.595002837942326,-1.3159732962733122,0.21005529145395715
0.0,2.151130584190142,0.6041426558694387,-0.1544014400240217,-1.1030510400603553,-2.124943750647153,1.1562080472755112,0.27288464945199925,-1.2005225290664114,-1.8668012188548175,-1.6261336775343027,0.7417682799059542,1.125924122804416
0.0,-0.15426263880923075,-0.8380833833498678,-0.27494478474007433,-1.011130550020291,-1.724641486449488,-1.1858717432475674,-1.4821971095054352,-0.9711740385920625,-0.566085621275407,-0.41460466909250543,0.3302199646701009,0.21005529145395715
0.0,2.151130584190142,0.6041426558694387,-0.1544014400240217,-1.1030510400603553,-2.124943750647153,1.1562080472755112,0.27288464945199925,-1.2005225290664114,-1.8668012188548175,-1.6261336775343027,0.7417682799059542,1.125924122804416
0.0,0.6594055575434884,-0.05141463468479146,-0.9982048530363895,-0.9498502233269145,0.7772476647859181,-1.654287701352183,-0.604656230026718,-0.3387282012234213,-0.566085621275407,-0.5155654197959887,-0.575186328848776,1.125924122804416
0.0,-0.6967081030443776,-0.5758604671281757,-1.2392915424684945,-0.1532059763130227,-0.32358356175766073,-0.249039827038336,-0.2146380613695103,-0.3039784299394326,-0.49382364363210457,-0.21268316768553905,-0.16363801361292274,0.21005529145395715
0.0,-0.28987400486801806,-0.4447490090173296,-0.27494478474007433,1.7464841511816427,0.8773232308353338,-0.11520669615130294,-0.4583994167802651,1.5690342422677686,-1.0719194647785106,0.595002837942326,-1.3159732962733122,0.21005529145395715
0.0,0.9306282896610618,-0.9691948414607139,0.9304886624204514,0.1531956571538588,1.3777010610824154,1.022374916388478,-0.6534085011088689,0.5439159893899852,-0.9273955094919092,0.3930813365353596,-0.575186328848776,0.21005529145395715
0.0,1.6086851199549947,-1.624752132014944,0.08668524940808357,-1.0519841011492084,0.2768698345388365,2.4276227907023253,0.614150547027056,-0.8460748619697186,-0.8551335318486101,-0.1117224169820564,0.3302199646701009,0.21005529145395715
0.0,-0.018651272750444616,0.7352541139802848,0.8099453177043987,0.6638650462653279,-1.624565920400072,-0.048290130707786406,-0.31214260353381224,-0.3387282012234213,-0.06025177777229999,-1.3232514254238537,1.2356262581889779,0.21005529145395715
0.0,-0.28987400486801806,-0.4447490090173296,-1.4803782319005994,1.031547006425586,0.1767942684894202,0.6877920891708954,-0.14150965474628388,0.7663145256075671,-1.6500152859249169,0.2921205858318764,-0.7398056549431182,0.21005529145395715
0.0,-0.28987400486801806,-0.4447490090173296,-1.4803782319005994,1.031547006425586,0.1767942684894202,0.6877920891708954,-0.14150965474628388,0.7663145256075671,-1.6500152859249169,0.2921205858318764,-0.7398056549431182,0.21005529145395715
0.0,-0.15426263880923075,1.259699946423669,-0.7571181636042842,0.3166098616695291,-0.8239613920047416,0.2862926965097962,-0.3365187390748877,-0.9190493816660795,-1.4332293529950129,-1.8280551789412691,1.3179359212361481,-1.6216823712469601
0.0,-0.967930835161951,1.5219228626453611,1.171575351852556,-0.2757666296997752,-2.625321580894234,-0.249039827038336,-0.5802800944856424,-1.3082468200467996,-0.2770377107022039,-1.727094428237786,1.4825552473304904,-1.6216823712469601
0.0,2.2867419502489277,-0.4447490090173296,-0.516031474172179,0.9702666797322095,-0.924036958054158,-0.31595639248185253,-0.9702982631428501,0.42924174415283006,-1.144181442421813,-0.9194084226099208,-0.08132835056575237,-1.6216823712469601
0.0,0.2525714593671288,-0.8380833833498678,-0.1544014400240217,0.3370366372339878,0.7772476647859181,-0.3828729579253691,1.8573334596219053,0.7385147085803452,0.6623679986607045,0.8978850900527745,-0.16363801361292274,0.21005529145395715
0.0,-1.1035422012207372,-0.05141463468479146,-0.033858095307969065,-0.5208879364732805,-1.3243392222518229,0.888541785501445,1.0529209867664144,-1.2943469115331887,-0.2770377107022039,-1.4242121761273363,1.1533165951418074,0.21005529145395715
0.0,0.1169600933083427,0.4730311977585925,-0.27494478474007433,0.8579194141276865,-0.5237346938564934,-2.055787094013282,-2.652251615477058,-0.6931758683201141,-0.8551335318486101,-1.6261336775343027,1.7294842364720013,0.21005529145395715
0.0,-0.15426263880923075,-1.10030629957156,-0.516031474172179,0.7864256996520805,-0.32358356175766073,-0.3828729579253691,-0.5315278234034915,0.297192613273642,-0.566085621275407,-0.3136439183890222,0.24791030162293054,-1.6216823712469601
0.0,-0.15426263880923075,-1.10030629957156,-0.516031474172179,0.7864256996520805,-0.32358356175766073,-0.3828729579253691,-0.5315278234034915,0.297192613273642,-0.566085621275407,-0.3136439183890222,0.24791030162293054,-1.6216823712469601
0.0,-0.018651272750444616,-1.10030629957156,-0.516031474172179,0.7047185973942457,-0.32358356175766073,-0.3828729579253691,-0.5802800944856424,0.07826905418452068,-0.566085621275407,-0.3136439183890222,0.24791030162293054,-1.6216823712469601
0.0,0.5237941914847023,-0.9691948414607139,-0.1544014400240217,-0.010218547361811292,-0.8239613920047416,-1.1858717432475674,-0.8240414498963973,-0.2727036357838273,-0.2770377107022039,0.3930813365353596,0.6594586168587838,-1.6216823712469601
0.0,-0.8323194691031637,-1.362529215793252,-0.033858095307969065,-1.072410876713667,-0.6238102599059097,2.6283724870328746,1.1504255289307164,-0.9989738556192844,0.22879613280090308,-0.717486921202955,0.3302199646701009,0.21005529145395715
0.0,-2.4596558618086033,0.0796968234260547,-0.033858095307969065,-0.37790050752206905,-1.0241125241035742,1.5577074399366102,1.0041687156842636,-1.4854706535951654,1.8908216185968192,-1.727094428237786,1.647174573424831,-1.6216823712469601
0.0,-0.6967081030443776,1.390811404534515,-0.516031474172179,-0.010218547361811292,-0.8239613920047416,0.6877920891708954,0.3703891916163011,-0.6028264629817588,0.7346299763040068,-0.21268316768553905,0.8240779429531245,-1.6216823712469601
0.0,-0.28987400486801806,-0.8380833833498678,-0.6365748188882316,0.9294131286032921,-0.42365912780707704,-0.3828729579253691,-0.16588579028735936,0.3910169957404193,-0.566085621275407,-0.41460466909250543,-0.08132835056575237,-1.6216823712469601
0.0,-0.018651272750444616,-1.10030629957156,-0.516031474172179,0.7047185973942457,-0.32358356175766073,-0.3828729579253691,-0.5802800944856424,0.07826905418452068,-0.566085621275407,-0.3136439183890222,0.24791030162293054,-1.6216823712469601
0.0,-0.018651272750444616,-1.10030629957156,-0.516031474172179,0.7047185973942457,-0.32358356175766073,-0.3828729579253691,-0.5802800944856424,0.07826905418452068,-0.566085621275407,-0.3136439183890222,0.24791030162293054,-1.6216823712469601
0.0,-0.28987400486801806,0.21080828153690087,0.20722859412413622,-1.1336912034070434,-0.5237346938564934,0.48704239284034584,-0.4340232812391896,-1.7495689153535028,-1.144181442421813,-1.1213299240168872,1.5648649103776606,0.21005529145395715
0.0,-0.42548537092680416,1.1285884883128225,0.44831528355624084,-1.1336912034070434,-0.8239613920047416,-0.18212326159481948,-0.6290323655677934,-1.5341203333927649,-0.566085621275407,0.1911598351283932,1.2356262581889779,-1.6216823712469601
0.0,0.1169600933083427,-0.18252609279563764,0.08668524940808357,-1.0519841011492084,-0.7238858259553254,0.01862643473573012,0.516646004862754,-1.0476235354168455,-1.2164434200651122,0.9988458407562577,0.5771489538116135,0.21005529145395715
0.0,-1.1035422012207372,0.7352541139802848,-0.27494478474007433,-1.0315573255847497,-1.724641486449488,-1.118955177804051,-0.604656230026718,-2.020617131368646,-0.8551335318486101,1.604610344977157,2.2233422147550264,-1.6216823712469601
0.0,-0.018651272750444616,-1.10030629957156,-0.516031474172179,0.7047185973942457,-0.32358356175766073,-0.3828729579253691,-0.5802800944856424,0.07826905418452068,-0.566085621275407,-0.3136439183890222,0.24791030162293054,-1.6216823712469601
0.0,-0.15426263880923075,-1.10030629957156,-0.516031474172179,0.7864256996520805,-0.32358356175766073,-0.3828729579253691,-0.5315278234034915,0.297192613273642,-0.566085621275407,-0.3136439183890222,0.24791030162293054,-1.6216823712469601
0.0,-0.28987400486801806,-0.8380833833498678,-0.6365748188882316,0.9294131286032921,-0.42365912780707704,-0.3828729579253691,-0.16588579028735936,0.3910169957404193,-0.566085621275407,-0.41460466909250543,-0.08132835056575237,-1.6216823712469601
0.0,-0.6967081030443776,1.390811404534515,-0.516031474172179,-0.010218547361811292,-0.8239613920047416,0.6877920891708954,0.3703891916163011,-0.6028264629817588,0.7346299763040068,-0.21268316768553905,0.8240779429531245,-1.6216823712469601
0.0,0.5237941914847023,-0.9691948414607139,-0.1544014400240217,-0.010218547361811292,-0.8239613920047416,-1.1858717432475674,-0.8240414498963973,-0.2727036357838273,-0.2770377107022039,0.3930813365353596,0.6594586168587838,-1.6216823712469601
0.0,-0.6967081030443776,-1.10030629957156,0.44831528355624084,-1.0519841011492084,-0.8239613920047416,-0.5836226542559186,-0.6290323655677934,-1.0754233524440673,-0.2047757330589015,0.2921205858318764,0.3302199646701009,0.21005529145395715
0.0,0.1169600933083427,0.4730311977585925,0.44831528355624084,-1.1132644278425847,-0.5237346938564934,0.35320926195331276,0.46789373378060306,-1.4437709280543711,-0.7828715542053076,-1.2222906747203706,1.2356262581889779,0.21005529145395715
0.0,-0.8323194691031637,-1.362529215793252,-0.033858095307969065,-1.072410876713667,-0.6238102599059097,2.6283724870328746,1.1504255289307164,-0.9989738556192844,0.22879613280090308,-0.717486921202955,0.3302199646701009,0.21005529145395715
0.0,-2.4596558618086033,0.0796968234260547,-0.033858095307969065,-0.37790050752206905,-1.0241125241035742,1.5577074399366102,1.0041687156842636,-1.4854706535951654,1.8908216185968192,-1.727094428237786,1.647174573424831,-1.6216823712469601
0.0,-2.4596558618086033,0.4730311977585925,0.08668524940808357,-0.5413147120377392,-1.224263656202407,1.2900411781625443,0.8822880379788861,-1.7843186866374916,1.2404638198071105,-1.8280551789412691,1.9764132256135138,-1.6216823712469601
0.0,-0.42548537092680416,-0.8380833833498678,2.1359221095809766,2.400140969244324,1.1775499289835827,1.022374916388478,2.052342543950509,1.9373818178781108,-1.7945392412115184,1.604610344977157,-1.4805926223676529,0.21005529145395715
0.0,-0.15426263880923075,-0.18252609279563764,-0.1544014400240217,-1.0213439378025202,1.8780788913294963,-0.28249810976009426,1.9792141373272827,0.015719465873310096,-0.2047757330589015,0.4940420872388428,-0.9044249810374589,1.125924122804416
0.0,-0.28987400486801806,-0.5758604671281757,0.44831528355624084,-0.1736327518774814,-1.3243392222518229,-0.31595639248185253,-0.7752891788142463,-0.6167263714953312,0.08427217751430155,-0.1117224169820564,0.9886972690474667,0.21005529145395715
0.0,-0.018651272750444616,-0.18252609279563764,0.5688586282722935,-0.6638753654244918,-1.624565920400072,-0.3828729579253691,-1.067802805307152,-1.2109474604516388,-0.34929968834550307,-0.3136439183890222,1.3179359212361481,0.21005529145395715
0.0,0.2525714593671288,-1.7558635901257902,0.5688586282722935,1.327735252110238,-0.023356863609411745,0.08554300017924665,-0.7752891788142463,0.6863900516543622,-0.9996574871352115,0.6959635886458092,0.08329097552858834,0.21005529145395715
0.0,0.2525714593671288,2.4397030694212836,0.20722859412413622,2.7473961538401226,-0.2235079957082444,-1.52045457046515,-1.7015823293751144,1.308410957637853,-0.8551335318486101,-1.0203691733134042,0.3302199646701009,0.21005529145395715
0.0,0.5237941914847023,0.7352541139802848,-0.27494478474007433,0.3881035761451347,-2.225019316696569,-1.386621439578117,-0.7996653143553217,-0.07462993946508376,-1.4332293529950129,-0.41460466909250543,0.6594586168587838,0.21005529145395715
0.0,0.2525714593671288,-1.7558635901257902,0.5688586282722935,1.327735252110238,-0.023356863609411745,0.08554300017924665,-0.7752891788142463,0.6863900516543622,-0.9996574871352115,0.6959635886458092,0.08329097552858834,0.21005529145395715
0.0,-1.2391535672795233,0.9974770302019772,-0.27494478474007433,-0.5208879364732805,-0.7238858259553254,1.4907908744930938,-0.044005112581981976,-1.2769720258911943,-0.7106095765620085,-1.4242121761273363,1.1533165951418074,0.21005529145395715
0.0,-0.018651272750444616,-0.5758604671281757,-0.1544014400240217,0.11234210602494142,-0.5237346938564934,-0.11520669615130294,-0.38527101015703863,-0.7209756853473359,-1.2164434200651122,-0.9194084226099208,1.0710069320946372,-1.6216823712469601
0.0,0.5237941914847023,0.7352541139802848,-0.27494478474007433,0.3881035761451347,-2.225019316696569,-1.386621439578117,-0.7996653143553217,-0.07462993946508376,-1.4332293529950129,-0.41460466909250543,0.6594586168587838,0.21005529145395715
0.0,2.151130584190142,0.7352541139802848,0.3277719388401882,1.092827333118962,-1.3243392222518229,-2.122703659456799,-2.2134811757376993,0.1929432994216758,-1.2164434200651122,-1.4242121761273363,0.9886972690474667,0.21005529145395715
0.0,-0.018651272750444616,0.0796968234260547,-0.395488129456127,-0.3574737319576104,0.3769454005882529,-1.9219539631262492,-1.1896834830125294,0.2589678648612698,1.0959398645205092,-0.010761666278573195,0.000981312481417987,-0.7058135398965015
0.0,0.2525714593671288,2.4397030694212836,0.20722859412413622,2.7473961538401226,-0.2235079957082444,-1.52045457046515,-1.7015823293751144,1.308410957637853,-0.8551335318486101,-1.0203691733134042,0.3302199646701009,0.21005529145395715
0.0,0.2525714593671288,-1.7558635901257902,0.5688586282722935,1.327735252110238,-0.023356863609411745,0.08554300017924665,-0.7752891788142463,0.6863900516543622,-0.9996574871352115,0.6959635886458092,0.08329097552858834,0.21005529145395715
0.0,2.151130584190142,-0.5758604671281757,-0.27494478474007433,0.5208776173141167,-1.8247170524989043,-1.1858717432475674,-0.4583994167802651,0.2520179106044644,-1.4332293529950129,-1.4242121761273363,-0.08132835056575237,0.21005529145395715
0.0,0.7950169236022757,0.7352541139802848,-1.2392915424684945,1.092827333118962,-0.7238858259553254,0.6208755237273789,0.32163692053415016,0.6759651202691732,-0.6383475989187061,-0.3136439183890222,-0.16363801361292274,1.125924122804416
0.0,0.9306282896610618,-1.10030629957156,0.5688586282722935,-0.030645322926269987,0.7772476647859181,-0.9182054814735013,0.029123294041244457,0.5647658521604015,0.08427217751430155,0.6959635886458092,-0.08132835056575237,0.21005529145395715
0.0,0.3881828254259149,2.7019259856429754,-0.395488129456127,1.7260573756171842,-1.8247170524989043,-0.8512889160299848,0.12662783620554635,0.46746649256520223,-0.49382364363210457,-0.010761666278573195,1.1533165951418074,-1.6216823712469601
0.0,0.3881828254259149,2.7019259856429754,-0.395488129456127,1.7260573756171842,-1.8247170524989043,-0.8512889160299848,0.12662783620554635,0.46746649256520223,-0.49382364363210457,-0.010761666278573195,1.1533165951418074,-1.6216823712469601
0.0,-1.3747649333383105,-0.9691948414607139,-0.8776615083203368,0.9089863530388335,-0.023356863609411745,-0.11520669615130294,-0.31214260353381224,0.9122635650003275,0.22879613280090308,-0.717486921202955,-1.1513539701789715,0.21005529145395715
0.0,-0.15426263880923075,-1.624752132014944,1.6537487307167666,-0.9702769988913732,-0.6238102599059097,-1.3197048741346005,-1.0921789408482274,-0.41517769804820426,1.312725797450413,0.09019908442491001,0.24791030162293054,1.125924122804416
0.0,-0.018651272750444616,-0.3136375509064838,0.6894019729883462,0.3983169639273642,0.2768698345388365,1.022374916388478,1.1748016644717918,0.6759651202691732,-0.2770377107022039,0.1911598351283932,-0.9044249810374589,0.21005529145395715
0.0,0.1169600933083427,-0.18252609279563764,1.7742920754328186,0.4187437394918229,-0.023356863609411745,0.08554300017924665,0.46789373378060306,0.7663145256075671,-0.2770377107022039,0.6959635886458092,-0.9867346440846293,0.21005529145395715
0.0,-1.1035422012207372,-0.3136375509064838,0.08668524940808357,-0.7864360188112444,-1.624565920400072,-0.249039827038336,-1.2628118896357559,-1.2839219801479997,-0.4215616659888054,0.1911598351283932,0.5771489538116135,-1.6216823712469601
0.0,-0.018651272750444616,0.3419197396477463,0.20722859412413622,-0.5821682631666567,1.1775499289835827,-0.5836226542559186,1.2723062066360937,0.36669215584165804,1.6740356856669152,0.9988458407562577,-0.16363801361292274,1.125924122804416
0.0,-0.6967081030443776,0.866365572091131,1.171575351852556,2.2162999891641944,-0.5237346938564934,1.4907908744930938,0.8091596313556597,1.739308121559329,0.517844043374103,0.8978850900527745,-0.9867346440846293,0.21005529145395715
0.0,-0.42548537092680416,-0.4447490090173296,1.533205386000714,-0.8681431210690794,-1.5244903543506556,0.5539589582838623,-0.7996653143553217,-1.144922895012045,-1.2164434200651122,0.3930813365353596,0.5771489538116135,0.21005529145395715
0.0,-0.6967081030443776,0.0796968234260547,-0.395488129456127,1.194961210941256,0.1767942684894202,1.6246240053801269,1.4429391554236222,1.384860454462636,-0.34929968834550307,-0.8184476719064376,-1.4805926223676529,0.21005529145395715
0.0,-0.6967081030443776,-0.8380833833498678,0.5688586282722935,1.1132541086834211,0.2768698345388365,1.5577074399366102,-0.16588579028735936,0.47094146969362427,0.08427217751430155,-1.3232514254238537,0.16560063857576018,1.125924122804416
0.0,-0.8323194691031637,0.866365572091131,1.0510320071365034,2.1345928869063595,-0.5237346938564934,1.5577074399366102,0.8822880379788861,1.7323581673025619,0.4455820657308038,0.8978850900527745,-0.9867346440846293,0.21005529145395715
0.0,-0.6967081030443776,0.866365572091131,1.171575351852556,2.2162999891641944,-0.5237346938564934,1.4907908744930938,0.8091596313556597,1.739308121559329,0.517844043374103,0.8978850900527745,-0.9867346440846293,0.21005529145395715
0.0,-1.1035422012207372,0.0796968234260547,-0.27494478474007433,1.7056306000527253,0.1767942684894202,-1.3197048741346005,0.17538010728769732,0.981763107568305,-0.49382364363210457,0.4940420872388428,-0.2459476766600931,0.21005529145395715
0.0,-1.5103762993970966,-1.8869750482366363,-0.7571181636042842,-0.1736327518774814,-0.8239613920047416,-0.9182054814735013,-0.9215459920606991,-0.20667907034423325,-0.7106095765620085,0.8978850900527745,-0.575186328848776,0.21005529145395715
0.0,0.1169600933083427,-0.3136375509064838,0.5688586282722935,-0.051072098490728864,-1.5244903543506556,0.2193761310662797,-0.604656230026718,-1.0337236269032732,0.012010199870999176,-1.4242121761273363,1.4825552473304904,0.21005529145395715
0.0,1.2018510217786353,-1.10030629957156,2.4975521437291346,-1.0519841011492084,-0.12343242965882807,0.48704239284034584,0.7360312247324333,-1.054573489673651,-0.566085621275407,-0.41460466909250543,1.0710069320946372,1.125924122804416
0.0,0.3881828254259149,-1.231417757682406,1.2921186965686087,-1.0315573255847497,-1.9247926185483206,-0.11520669615130294,-0.11713351920520841,-1.0997481923428287,-0.566085621275407,0.7969243393492924,0.9063876060002949,0.21005529145395715
0.0,1.066239655719848,-1.231417757682406,0.44831528355624084,-0.37790050752206905,-0.023356863609411745,-0.5836226542559186,-0.8484175854374727,0.1512435738808816,-0.7106095765620085,-0.1117224169820564,-0.9044249810374589,1.125924122804416
0.0,-1.3747649333383105,-1.4936406739040982,-0.1544014400240217,-0.09192564961964625,-0.6238102599059097,-1.8550373976827328,-1.5553255161286617,-0.8043751364289243,0.08427217751430155,-0.5155654197959887,1.0710069320946372,0.21005529145395715
0.0,-0.6967081030443776,-0.18252609279563764,1.4126620412846613,-0.9498502233269145,-1.8247170524989043,0.08554300017924665,-0.507151687862416,-1.5584451732915647,-0.06025177777229999,-0.8184476719064376,1.5648649103776606,0.21005529145395715
0.0,0.1169600933083427,0.21080828153690087,1.0510320071365034,-1.011130550020291,-2.625321580894234,-1.9219539631262492,-1.9940959558680202,-1.7634688238671137,-0.2047757330589015,-0.8184476719064376,2.305651877802197,1.125924122804416
0.0,-0.8323194691031637,-0.18252609279563764,0.6894019729883462,0.3166098616695291,0.2768698345388365,1.2900411781625443,1.7354527819165277,0.6551152574987954,-0.13251375541560237,-0.21268316768553905,-1.2336636332261417,1.125924122804416
0.0,2.2867419502489277,-0.9691948414607139,1.894835420148871,-1.072410876713667,-1.624565920400072,-0.7843723505864683,-1.9209675492447937,-0.6931758683201141,-2.0835871517847213,0.1911598351283932,-0.08132835056575237,0.21005529145395715
0.0,-0.8323194691031637,-0.18252609279563764,2.6180954884451872,0.13276888158940012,0.3769454005882529,1.5577074399366102,0.9554164446021126,0.2450679563476589,0.012010199870999176,2.210374849198055,-0.16363801361292274,1.125924122804416
0.0,-0.8323194691031637,-0.18252609279563764,2.6180954884451872,0.13276888158940012,0.3769454005882529,1.5577074399366102,0.9554164446021126,0.2450679563476589,0.012010199870999176,2.210374849198055,-0.16363801361292274,1.125924122804416
0.0,-0.018651272750444616,0.21080828153690087,1.2921186965686087,0.25532953497615263,-1.224263656202407,-0.31595639248185253,-0.6534085011088689,-0.7626754108881302,-0.7828715542053076,1.0998065914597408,1.5648649103776606,-1.6216823712469601
0.0,-0.8323194691031637,-0.18252609279563764,2.6180954884451872,0.13276888158940012,0.3769454005882529,1.5577074399366102,0.9554164446021126,0.2450679563476589,0.012010199870999176,2.210374849198055,-0.16363801361292274,1.125924122804416
0.0,0.2525714593671288,-1.4936406739040982,0.6894019729883462,1.8281912534394782,0.2768698345388365,1.2900411781625443,-0.4096471456981141,1.2736611863538643,-0.06025177777229999,-0.6165261704994719,-0.6574959918959463,0.21005529145395715
0.0,0.6594055575434884,0.21080828153690087,1.171575351852556,-1.0519841011492084,-0.924036958054158,-0.3828729579253691,0.12662783620554635,-0.6202013486237532,-0.13251375541560237,-0.5155654197959887,0.08329097552858834,-0.7058135398965015
0.0,-0.967930835161951,-1.10030629957156,0.6894019729883462,-0.827289569940162,-0.924036958054158,-0.4497895233688856,-0.6290323655677934,-1.4646207908247488,-0.2047757330589015,0.09019908442491001,1.4825552473304904,0.21005529145395715
0.0,-0.018651272750444616,0.21080828153690087,1.2921186965686087,0.25532953497615263,-1.224263656202407,-0.31595639248185253,-0.6534085011088689,-0.7626754108881302,-0.7828715542053076,1.0998065914597408,1.5648649103776606,-1.6216823712469601
0.0,-0.42548537092680416,1.259699946423669,0.6894019729883462,0.7864256996520805,-1.4244147883012392,-0.9851220469170178,-1.3359402962589824,-0.3804279267642155,-0.6383475989187061,-0.5155654197959887,1.2356262581889779,-1.6216823712469601
0.0,-0.15426263880923075,-0.3136375509064838,1.0510320071365034,-0.7047289165534094,-0.32358356175766073,0.888541785501445,-0.3608948746159632,-1.1518728492688504,0.4455820657308038,-0.5155654197959887,1.1533165951418074,1.125924122804416
0.0,-0.28987400486801806,-0.18252609279563764,0.08668524940808357,0.43917051505628163,-0.023356863609411745,-0.3828729579253691,0.10225170066447088,0.5647658521604015,0.6623679986607045,1.2007673421632241,-0.16363801361292274,1.125924122804416
0.0,-0.5610967369855903,-1.4936406739040982,0.9304886624204514,-0.9907037744558321,-0.023356863609411745,-0.7843723505864683,-1.2140596185536048,-1.4298710195407602,-0.566085621275407,-0.21268316768553905,1.3179359212361481,-1.6216823712469601
0.0,-0.6967081030443776,0.21080828153690087,-0.27494478474007433,-0.6638753654244918,-0.32358356175766073,-0.7174557851429517,-0.5315278234034915,0.12691873398208176,-0.9996574871352115,-0.5155654197959887,-1.6452119484619951,1.125924122804416
0.0,-0.8323194691031637,-0.18252609279563764,0.6894019729883462,0.3166098616695291,0.2768698345388365,1.2900411781625443,1.7354527819165277,0.6551152574987954,-0.13251375541560237,-0.21268316768553905,-1.2336636332261417,1.125924122804416
0.0,0.3881828254259149,0.21080828153690087,0.3277719388401882,-0.5821682631666567,-1.4244147883012392,0.01862643473573012,-1.116555076389303,-1.2561221631208166,-1.6500152859249169,-1.5251729268308196,1.2356262581889779,1.125924122804416
0.0,2.2867419502489277,-0.9691948414607139,1.894835420148871,-1.072410876713667,-1.624565920400072,-0.7843723505864683,-1.9209675492447937,-0.6931758683201141,-2.0835871517847213,0.1911598351283932,-0.08132835056575237,0.21005529145395715
0.0,-0.8323194691031637,-0.18252609279563764,2.6180954884451872,0.13276888158940012,0.3769454005882529,1.5577074399366102,0.9554164446021126,0.2450679563476589,0.012010199870999176,2.210374849198055,-0.16363801361292274,1.125924122804416
0.0,-1.1035422012207372,1.1285884883128225,2.2564654542970293,-1.0519841011492084,-1.3243392222518229,-1.654287701352183,-0.8484175854374727,-1.2283223460936332,1.9630835962401183,-0.6165261704994719,1.0710069320946372,0.21005529145395715
0.0,-1.3747649333383105,0.6041426558694387,-0.033858095307969065,-0.37790050752206905,-1.8247170524989043,-0.4497895233688856,-1.0434266697660766,-1.659219510015109,0.4455820657308038,0.3930813365353596,2.552580866943708,-1.6216823712469601
0.0,-0.28987400486801806,-1.231417757682406,0.3277719388401882,-0.7660092432467857,-1.224263656202407,-0.11520669615130294,-1.433444838423284,-0.8252249991993021,0.22879613280090308,2.4122963506050215,0.5771489538116135,0.21005529145395715
0.0,2.2867419502489277,-0.4447490090173296,0.9304886624204514,0.7251453729587044,-0.6238102599059097,-0.7174557851429517,-1.1896834830125294,0.43966667553801897,-1.2164434200651122,-0.6165261704994719,-0.08132835056575237,0.21005529145395715
0.0,-1.3747649333383105,0.6041426558694387,-0.033858095307969065,-0.37790050752206905,-1.8247170524989043,-0.4497895233688856,-1.0434266697660766,-1.659219510015109,0.4455820657308038,0.3930813365353596,2.552580866943708,-1.6216823712469601
0.0,-0.967930835161951,-0.8380833833498678,0.20722859412413622,0.6434382707008693,-0.12343242965882807,0.2193761310662797,1.5648198331289995,0.4049169042540302,-0.34929968834550307,-0.41460466909250543,-0.41056700275443525,-0.7058135398965015
0.0,-0.6967081030443776,1.390811404534515,0.5688586282722935,-0.9907037744558321,-1.8247170524989043,-1.52045457046515,-1.4821971095054352,-1.7634688238671137,-1.7945392412115184,-0.9194084226099208,1.40024558428332,0.21005529145395715
0.0,-0.8323194691031637,1.259699946423669,0.6894019729883462,-0.6434485898600331,-1.1241880901529906,-0.9851220469170178,-1.165307347471454,-1.4854706535951654,-0.9273955094919092,-1.5251729268308196,1.1533165951418074,-1.6216823712469601
0.0,-0.28987400486801806,-1.231417757682406,0.3277719388401882,-0.7660092432467857,-1.224263656202407,-0.11520669615130294,-1.433444838423284,-0.8252249991993021,0.22879613280090308,2.4122963506050215,0.5771489538116135,0.21005529145395715
0.0,-0.6967081030443776,0.21080828153690087,1.7742920754328186,0.9906934552966682,-0.2235079957082444,1.75845713626716,1.126049393389641,0.7246148000667729,-0.49382364363210457,0.2921205858318764,-0.9044249810374589,0.21005529145395715
0.0,1.066239655719848,0.0796968234260547,2.377008799013082,-0.6434485898600331,0.07671870244000388,-0.4497895233688856,0.3703891916163011,-0.8842996103820907,-1.2164434200651122,0.4940420872388428,0.6594586168587838,0.21005529145395715
0.0,0.2525714593671288,-0.18252609279563764,1.533205386000714,-0.827289569940162,0.2768698345388365,0.35320926195331276,-0.4583994167802651,-1.110173123728056,-0.2047757330589015,-0.010761666278573195,1.0710069320946372,-1.6216823712469601
0.0,-0.018651272750444616,-1.7558635901257902,0.8099453177043987,-1.011130550020291,-0.8239613920047416,-1.0520386123605343,-0.8484175854374727,-0.912099427409274,0.3010581104442022,1.2007673421632241,0.5771489538116135,-1.6216823712469601
0.0,-2.324044495749817,0.866365572091131,-0.6365748188882316,0.07148855489602385,-2.0248681845977368,0.6208755237273789,-0.19026192582843485,-0.564601714569348,1.2404638198071105,-0.9194084226099208,0.3302199646701009,-1.6216823712469601
0.0,-0.15426263880923075,0.9974770302019772,0.9304886624204514,-0.8681431210690794,-0.924036958054158,-0.048290130707786406,-0.6290323655677934,-1.596669921703937,-1.5777533082816144,-0.010761666278573195,1.3179359212361481,-1.6216823712469601
0.0,-0.15426263880923075,-1.624752132014944,2.2564654542970293,-0.41875405865098664,-1.4244147883012392,1.4907908744930938,-0.31214260353381224,-0.7209756853473359,-2.011325174141419,0.595002837942326,0.08329097552858834,-1.6216823712469601
0.0,0.2525714593671288,-0.05141463468479146,0.20722859412413622,0.9294131286032921,-0.42365912780707704,-0.6505392196994352,-1.2871880251768313,0.16861845952287596,-0.566085621275407,-1.4242121761273363,0.24791030162293054,0.21005529145395715
0.0,-0.42548537092680416,0.3419197396477463,-0.7571181636042842,0.13276888158940012,-0.2235079957082444,-1.118955177804051,-0.5802800944856424,-0.060730030951472835,-0.13251375541560237,-1.0203691733134042,-0.3282573397072649,0.21005529145395715
0.0,0.2525714593671288,-0.18252609279563764,1.533205386000714,-0.827289569940162,0.2768698345388365,0.35320926195331276,-0.4583994167802651,-1.110173123728056,-0.2047757330589015,-0.010761666278573195,1.0710069320946372,-1.6216823712469601
0.0,1.066239655719848,-0.706971925239022,2.015378764864924,-0.7864360188112444,0.4770209666376692,-0.9851220469170178,-0.16588579028735936,-0.7140257310905305,-0.2770377107022039,-0.010761666278573195,0.41252962771727125,1.125924122804416
0.0,1.2018510217786353,-0.05141463468479146,2.2564654542970293,-0.7660092432467857,0.2768698345388365,-0.5836226542559186,0.5410221404038295,-0.8947245417672797,-1.3609673753517137,0.1911598351283932,0.4948392907644416,0.21005529145395715
0.0,1.066239655719848,0.0796968234260547,2.377008799013082,-0.6434485898600331,0.07671870244000388,-0.4497895233688856,0.3703891916163011,-0.8842996103820907,-1.2164434200651122,0.4940420872388428,0.6594586168587838,0.21005529145395715
0.0,1.2018510217786353,-0.18252609279563764,2.015378764864924,-0.7864360188112444,0.4770209666376692,-0.249039827038336,0.7847834958145843,-0.4568774235889984,-0.8551335318486101,0.8978850900527745,0.000981312481417987,0.21005529145395715
0.0,1.066239655719848,1.1285884883128225,1.6537487307167666,1.7056306000527253,0.4770209666376692,-0.11520669615130294,0.34601305607522564,1.1311871240894873,-1.144181442421813,0.4940420872388428,-0.2459476766600931,1.125924122804416
0.0,0.1169600933083427,0.4730311977585925,0.44831528355624084,-0.37790050752206905,1.1775499289835827,-0.249039827038336,1.6135721042111504,0.4500916069232079,1.5295117303803136,0.8978850900527745,-0.16363801361292274,-0.7058135398965015
0.0,-0.15426263880923075,-0.3136375509064838,1.6537487307167666,-0.8477163455046207,-0.924036958054158,-1.0520386123605343,-0.6290323655677934,-1.1761976891676116,-0.6383475989187061,1.4026888435701905,1.0710069320946372,0.21005529145395715
0.0,-0.42548537092680416,-0.4447490090173296,0.8099453177043987,-0.9089966721979972,-0.6238102599059097,0.4201258273968293,-0.9459221276017746,-1.3325716599455995,0.012010199870999176,-0.5155654197959887,1.0710069320946372,-1.6216823712469601
0.0,1.066239655719848,-0.4447490090173296,0.20722859412413622,-0.9702769988913732,0.07671870244000388,-0.7174557851429517,-0.19026192582843485,-0.2727036357838273,-0.49382364363210457,2.210374849198055,-0.16363801361292274,1.125924122804416
0.0,-0.42548537092680416,-0.3136375509064838,0.8099453177043987,2.2367267647286533,0.9773987968847501,-0.8512889160299848,-0.26339033245166127,1.7532080300729398,-0.566085621275407,-0.1117224169820564,-1.1513539701789715,0.21005529145395715
0.0,-0.6967081030443776,-1.231417757682406,-0.033858095307969065,-0.43918083421544535,-0.2235079957082444,0.15245956562276317,-0.48277555232134056,-0.7001258225769196,0.3733200880875046,-0.5155654197959887,0.5771489538116135,0.21005529145395715
0.0,-0.6967081030443776,-1.231417757682406,-0.033858095307969065,-0.43918083421544535,-0.2235079957082444,0.15245956562276317,-0.48277555232134056,-0.7001258225769196,0.3733200880875046,-0.5155654197959887,0.5771489538116135,0.21005529145395715
0.0,-0.15426263880923075,-0.706971925239022,0.5688586282722935,-0.7864360188112444,-0.8239613920047416,0.01862643473573012,-1.165307347471454,-0.8808246332537073,0.4455820657308038,0.1911598351283932,0.3302199646701009,-1.6216823712469601
0.0,-0.42548537092680416,-0.4447490090173296,0.8099453177043987,-0.9089966721979972,-0.6238102599059097,0.4201258273968293,-0.9459221276017746,-1.3325716599455995,0.012010199870999176,-0.5155654197959887,1.0710069320946372,-1.6216823712469601
0.0,-1.2391535672795233,0.21080828153690087,0.8099453177043987,-1.011130550020291,-1.1241880901529906,0.8216252200579285,0.24850851391092374,-1.9024679090030687,-0.7828715542053076,1.604610344977157,1.8941035625663436,-1.6216823712469601
0.0,-1.2391535672795233,-0.9691948414607139,0.5688586282722935,-1.1336912034070434,-1.5244903543506556,-2.122703659456799,-2.8228845642645863,-1.4368209737975657,-0.7106095765620085,-1.727094428237786,0.16560063857576018,1.125924122804416
0.0,-0.8323194691031637,-0.18252609279563764,1.171575351852556,0.3370366372339878,0.6771720987365019,1.2231246127190276,1.6867005108343769,0.7037649372963565,-0.2047757330589015,-0.1117224169820564,-1.2336636332261417,0.21005529145395715
0.0,1.066239655719848,-0.4447490090173296,0.20722859412413622,-0.9702769988913732,0.07671870244000388,-0.7174557851429517,-0.19026192582843485,-0.2727036357838273,-0.49382364363210457,2.210374849198055,-0.16363801361292274,1.125924122804416
0.0,-1.645987665455884,-1.10030629957156,-0.6365748188882316,-0.9498502233269145,-1.224263656202407,-0.249039827038336,-0.8240414498963973,-1.7078691898127087,1.1682018421638114,-1.1213299240168872,1.8941035625663436,0.21005529145395715
0.0,-1.7815990315146701,-1.10030629957156,-1.2392915424684945,-0.1736327518774814,-0.5237346938564934,-1.654287701352183,-1.2384357540946804,-0.7904752279153134,1.9630835962401183,-0.41460466909250543,1.3179359212361481,1.125924122804416
0.0,-0.42548537092680416,-0.3136375509064838,0.8099453177043987,2.2367267647286533,0.9773987968847501,-0.8512889160299848,-0.26339033245166127,1.7532080300729398,-0.566085621275407,-0.1117224169820564,-1.1513539701789715,0.21005529145395715
0.0,0.7950169236022757,-0.4447490090173296,0.6894019729883462,0.45959729062074034,0.9773987968847501,0.4201258273968293,0.32163692053415016,0.5230661266196074,-0.9273955094919092,-0.21268316768553905,-0.2459476766600931,1.125924122804416
0.0,0.5237941914847023,-1.231417757682406,0.5688586282722935,0.11234210602494142,1.6779277592306636,0.8216252200579285,-0.2146380613695103,-0.2136290246010387,-0.7828715542053076,-0.21268316768553905,0.3302199646701009,-1.6216823712469601
0.0,1.066239655719848,0.4730311977585925,0.6894019729883462,-0.8681431210690794,0.07671870244000388,-1.654287701352183,-0.9459221276017746,-0.3039784299394326,-0.13251375541560237,1.70557109568064,0.3302199646701009,1.125924122804416
0.0,-0.967930835161951,-0.706971925239022,0.6894019729883462,-0.9907037744558321,-0.32358356175766073,0.15245956562276317,-0.3608948746159632,-1.4298710195407602,0.08427217751430155,-0.5155654197959887,1.1533165951418074,0.21005529145395715
0.0,-0.42548537092680416,0.866365572091131,0.6894019729883462,-0.7864360188112444,0.4770209666376692,-0.31595639248185253,0.27288464945199925,-1.457670836567982,-0.13251375541560237,-0.5155654197959887,1.7294842364720013,0.21005529145395715
0.0,-0.6967081030443776,1.1285884883128225,-0.7571181636042842,2.29800709142203,1.8780788913294963,1.6246240053801269,1.491691426505773,1.857457343924906,-0.566085621275407,0.09019908442491001,-1.4805926223676529,1.125924122804416
0.0,-0.6967081030443776,-1.231417757682406,-0.033858095307969065,-0.43918083421544535,-0.2235079957082444,0.15245956562276317,-0.48277555232134056,-0.7001258225769196,0.3733200880875046,-0.5155654197959887,0.5771489538116135,0.21005529145395715
0.0,-0.28987400486801806,-0.18252609279563764,0.3277719388401882,-0.7047289165534094,-0.8239613920047416,0.2193761310662797,-0.38527101015703863,-1.304771842918416,0.012010199870999176,-0.8184476719064376,1.8117938995191731,0.21005529145395715
0.0,-0.42548537092680416,-1.362529215793252,0.08668524940808357,-0.3166201808286928,0.07671870244000388,0.6877920891708954,-0.555903958944567,-0.6375762342657476,-0.06025177777229999,-0.41460466909250543,0.4948392907644416,0.21005529145395715
0.0,-0.28987400486801806,1.6530343207562073,0.8099453177043987,1.1336808842478798,1.4777766271318318,1.0892914818319945,2.052342543950509,1.6246338763221737,0.517844043374103,0.2921205858318764,-1.3982829593204826,0.21005529145395715
0.0,-1.645987665455884,-0.9691948414607139,-0.6365748188882316,-1.1132644278425847,-0.2235079957082444,1.1562080472755112,-0.8240414498963973,-1.2422222546072055,2.2521315068133214,-0.9194084226099208,0.4948392907644416,1.125924122804416
0.0,-0.8323194691031637,-0.18252609279563764,0.8099453177043987,-1.0315573255847497,0.8773232308353338,0.48704239284034584,-0.044005112581981976,-1.1240730322416284,0.3010581104442022,-0.8184476719064376,0.41252962771727125,0.21005529145395715
0.0,0.1169600933083427,-0.5758604671281757,1.2921186965686087,0.010208228202647584,-0.023356863609411745,-0.048290130707786406,-0.5315278234034915,-0.3144033613246215,-0.9996574871352115,0.2921205858318764,0.16560063857576018,0.21005529145395715
0.0,-0.8323194691031637,-0.9691948414607139,-0.395488129456127,-0.41875405865098664,0.2768698345388365,-0.11520669615130294,-0.26339033245166127,0.9539632905411217,-0.06025177777229999,-0.6165261704994719,-1.0690443071317997,0.21005529145395715
0.0,-0.28987400486801806,1.6530343207562073,0.8099453177043987,1.1336808842478798,1.4777766271318318,1.0892914818319945,2.052342543950509,1.6246338763221737,0.517844043374103,0.2921205858318764,-1.3982829593204826,0.21005529145395715
0.0,-1.2391535672795233,0.866365572091131,-0.033858095307969065,0.35746341279844646,-0.42365912780707704,-1.7212042667956997,-2.5059948022306053,-0.9503241758216847,0.22879613280090308,-1.2222906747203706,1.7294842364720013,-1.6216823712469601
0.0,1.3374623878374214,-1.231417757682406,2.1359221095809766,-1.0315573255847497,0.2768698345388365,0.01862643473573012,0.07787556512339541,-1.1935725748096444,-0.2047757330589015,-0.8184476719064376,1.1533165951418074,0.21005529145395715
0.0,-1.7815990315146701,-0.9691948414607139,-0.6365748188882316,-1.1132644278425847,-0.2235079957082444,1.1562080472755112,-0.8240414498963973,-1.2422222546072055,2.2521315068133214,-0.9194084226099208,0.4948392907644416,1.125924122804416
0.0,-0.8323194691031637,-0.4447490090173296,0.44831528355624084,2.2162999891641944,-0.32358356175766073,0.15245956562276317,-0.16588579028735936,1.9547567035201052,0.3010581104442022,-0.5155654197959887,-1.4805926223676529,0.21005529145395715
0.0,-0.8323194691031637,-0.4447490090173296,0.44831528355624084,2.2162999891641944,-0.32358356175766073,0.15245956562276317,-0.16588579028735936,1.9547567035201052,0.3010581104442022,-0.5155654197959887,-1.4805926223676529,0.21005529145395715
0.0,-0.8323194691031637,-0.4447490090173296,0.44831528355624084,2.2162999891641944,-0.32358356175766073,0.15245956562276317,-0.16588579028735936,1.9547567035201052,0.3010581104442022,-0.5155654197959887,-1.4805926223676529,0.21005529145395715
0.0,0.5237941914847023,0.7352541139802848,0.9304886624204514,0.480024066185199,-0.42365912780707704,0.6877920891708954,0.4191414626984521,0.6412153489851845,0.08427217751430155,-0.1117224169820564,-0.16363801361292274,0.21005529145395715
0.0,-0.8323194691031637,-0.4447490090173296,0.44831528355624084,2.2162999891641944,-0.32358356175766073,0.15245956562276317,-0.16588579028735936,1.9547567035201052,0.3010581104442022,-0.5155654197959887,-1.4805926223676529,0.21005529145395715
0.0,0.5237941914847023,0.7352541139802848,0.9304886624204514,0.480024066185199,-0.42365912780707704,0.6877920891708954,0.4191414626984521,0.6412153489851845,0.08427217751430155,-0.1117224169820564,-0.16363801361292274,0.21005529145395715
0.0,-1.3747649333383105,1.6530343207562073,1.7742920754328186,0.23490275941169395,-1.5244903543506556,-1.52045457046515,-1.1896834830125294,-1.0893232609576398,1.384987775093712,-0.3136439183890222,2.7995098560852205,0.21005529145395715
0.0,-0.8323194691031637,-0.4447490090173296,0.44831528355624084,2.2162999891641944,-0.32358356175766073,0.15245956562276317,-0.16588579028735936,1.9547567035201052,0.3010581104442022,-0.5155654197959887,-1.4805926223676529,0.21005529145395715
0.0,-1.3747649333383105,0.3419197396477463,0.08668524940808357,-0.5413147120377392,-1.3243392222518229,-0.31595639248185253,-1.1896834830125294,-1.3534215227159772,0.4455820657308038,-0.6165261704994719,1.40024558428332,0.21005529145395715
0.0,0.5237941914847023,1.7841457788670534,0.6894019729883462,-0.8477163455046207,-1.224263656202407,0.35320926195331276,-0.6777846366499444,-1.0719483753156454,0.5901060210174053,-0.21268316768553905,1.647174573424831,0.21005529145395715
0.0,-0.018651272750444616,1.6530343207562073,0.20722859412413622,0.21447598384723526,-2.225019316696569,0.2193761310662797,-0.09275738366413293,-0.5958765087249533,-0.06025177777229999,-0.41460466909250543,1.1533165951418074,-1.6216823712469601
0.0,-0.967930835161951,-1.231417757682406,1.171575351852556,1.78733770231056,-0.924036958054158,-0.4497895233688856,-0.31214260353381224,1.044312695879477,-2.300373084714622,-0.1117224169820564,-0.9044249810374589,1.125924122804416
0.0,-0.018651272750444616,1.6530343207562073,0.20722859412413622,0.21447598384723526,-2.225019316696569,0.2193761310662797,-0.09275738366413293,-0.5958765087249533,-0.06025177777229999,-0.41460466909250543,1.1533165951418074,-1.6216823712469601
0.0,0.3881828254259149,1.259699946423669,0.5688586282722935,-0.3166201808286928,-2.3250948827459856,0.2862926965097962,-0.555903958944567,-1.2074724833232169,-0.7828715542053076,0.09019908442491001,1.7294842364720013,-1.6216823712469601
0.0,0.1169600933083427,-0.9691948414607139,-0.033858095307969065,0.3166098616695291,-0.023356863609411745,-0.31595639248185253,-0.16588579028735936,0.2520179106044644,1.5295117303803136,-0.9194084226099208,-0.08132835056575237,0.21005529145395715
0.0,-0.42548537092680416,0.9974770302019772,1.6537487307167666,-1.092837652278126,-1.9247926185483206,-1.9219539631262492,-1.3846925673411332,-1.801693572279486,-0.2770377107022039,0.595002837942326,1.8941035625663436,0.21005529145395715
0.0,-0.967930835161951,-1.231417757682406,1.171575351852556,1.78733770231056,-0.924036958054158,-0.4497895233688856,-0.31214260353381224,1.044312695879477,-2.300373084714622,-0.1117224169820564,-0.9044249810374589,1.125924122804416
0.0,-0.018651272750444616,1.6530343207562073,0.20722859412413622,0.21447598384723526,-2.225019316696569,0.2193761310662797,-0.09275738366413293,-0.5958765087249533,-0.06025177777229999,-0.41460466909250543,1.1533165951418074,-1.6216823712469601
0.0,0.3881828254259149,1.259699946423669,0.5688586282722935,-0.3166201808286928,-2.3250948827459856,0.2862926965097962,-0.555903958944567,-1.2074724833232169,-0.7828715542053076,0.09019908442491001,1.7294842364720013,-1.6216823712469601
0.0,1.3374623878374214,0.4730311977585925,0.44831528355624084,-0.3574737319576104,-1.8247170524989043,-0.9851220469170178,1.491691426505773,-0.5611267374409646,-0.9273955094919092,1.8065318463841233,1.0710069320946372,0.21005529145395715
0.0,-2.1884331296910298,0.9974770302019772,0.5688586282722935,-0.030645322926269987,-1.1241880901529906,0.48704239284034584,-0.09275738366413293,-1.0684733981872618,0.4455820657308038,-0.717486921202955,1.5648649103776606,0.21005529145395715
0.0,-1.645987665455884,0.21080828153690087,0.9304886624204514,-0.051072098490728864,-0.8239613920047416,0.08554300017924665,-0.4583994167802651,-0.8321749534561076,0.15653415515760072,-0.5155654197959887,1.2356262581889779,-1.6216823712469601
0.0,-0.8323194691031637,-0.9691948414607139,0.6894019729883462,-0.2553398541353165,-2.3250948827459856,-0.8512889160299848,-1.3359402962589824,-1.468095767953171,-0.9996574871352115,-1.2222906747203706,1.5648649103776606,0.21005529145395715
0.0,-1.5103762993970966,-1.362529215793252,-0.7571181636042842,-0.010218547361811292,0.07671870244000388,-0.4497895233688856,-0.5802800944856424,-0.08157989372185065,-0.9273955094919092,0.9988458407562577,-0.575186328848776,0.21005529145395715
0.0,1.066239655719848,-1.231417757682406,1.6537487307167666,-1.1132644278425847,-0.6238102599059097,1.892290267154193,0.24850851391092374,-0.8947245417672797,-1.2164434200651122,-0.717486921202955,0.08329097552858834,0.21005529145395715
0.0,0.6594055575434884,-0.8380833833498678,0.8099453177043987,-0.827289569940162,0.5770965326870855,-0.7174557851429517,-1.2140596185536048,-1.1796726662960335,-1.7945392412115184,-1.3232514254238537,1.1533165951418074,0.21005529145395715
0.0,-0.15426263880923075,0.866365572091131,0.44831528355624084,0.05106177933156497,-0.023356863609411745,-0.048290130707786406,-0.507151687862416,-0.9051494731524685,-1.5777533082816144,-1.727094428237786,1.3179359212361481,-1.6216823712469601
0.0,-0.15426263880923075,0.866365572091131,0.20722859412413622,0.23490275941169395,-0.6238102599059097,0.2862926965097962,-0.31214260353381224,-0.9051494731524685,-1.4332293529950129,-1.6261336775343027,1.4825552473304904,-1.6216823712469601
0.0,0.1169600933083427,1.259699946423669,0.3277719388401882,0.45959729062074034,-0.42365912780707704,0.15245956562276317,-0.28776646799273675,-0.7765753194017025,-1.3609673753517137,-1.6261336775343027,1.4825552473304904,-1.6216823712469601
0.0,1.3374623878374214,-0.706971925239022,0.20722859412413622,1.1336808842478798,-0.32358356175766073,1.3569577436060607,0.07787556512339541,0.7176648458099675,-1.2164434200651122,-1.727094428237786,-0.2459476766600931,0.21005529145395715
0.0,0.6594055575434884,-0.8380833833498678,0.8099453177043987,-0.827289569940162,0.5770965326870855,-0.7174557851429517,-1.2140596185536048,-1.1796726662960335,-1.7945392412115184,-1.3232514254238537,1.1533165951418074,0.21005529145395715
0.0,-1.645987665455884,1.9152572369778988,-1.2392915424684945,0.1531956571538588,0.7772476647859181,0.6208755237273789,0.4191414626984521,-0.2553287501418329,0.8068919539473061,-0.8184476719064376,-0.08132835056575237,1.125924122804416
0.0,1.066239655719848,-1.4936406739040982,0.3277719388401882,-0.41875405865098664,0.8773232308353338,-0.7843723505864683,-0.9459221276017746,0.13386868823888723,-0.6383475989187061,-0.41460466909250543,-0.9044249810374589,0.21005529145395715
0.0,2.2867419502489277,-0.8380833833498678,0.9304886624204514,-1.072410876713667,0.3769454005882529,-0.249039827038336,-0.7509130432731708,-0.6584260970361254,-1.3609673753517137,-1.3232514254238537,-0.08132835056575237,-0.7058135398965015
0.0,-0.42548537092680416,-0.3136375509064838,0.6894019729883462,-1.092837652278126,-1.5244903543506556,-0.249039827038336,-1.1409312119303785,-1.5897199674471314,0.3733200880875046,-1.2222906747203706,1.40024558428332,0.21005529145395715
0.0,2.0155192181313555,-1.362529215793252,0.5688586282722935,0.3166098616695291,-1.724641486449488,0.2193761310662797,-0.7265369077320953,-0.26922865865540524,-1.8668012188548175,-1.1213299240168872,1.0710069320946372,0.21005529145395715
0.0,-1.7815990315146701,-1.8869750482366363,0.08668524940808357,-1.092837652278126,-0.42365912780707704,-0.7843723505864683,-0.14150965474628388,-0.7626754108881302,0.4455820657308038,-0.3136439183890222,-0.6574959918959463,1.125924122804416
0.0,-0.42548537092680416,-0.3136375509064838,0.6894019729883462,-1.092837652278126,-1.5244903543506556,-0.249039827038336,-1.1409312119303785,-1.5897199674471314,0.3733200880875046,-1.2222906747203706,1.40024558428332,0.21005529145395715
0.0,-0.8323194691031637,-2.1491979644583283,1.0510320071365034,-1.092837652278126,-0.2235079957082444,-1.1858717432475674,-1.4821971095054352,-1.3742713854863937,-0.34929968834550307,0.7969243393492924,0.6594586168587838,-1.6216823712469601
0.0,-0.42548537092680416,-0.706971925239022,0.9304886624204514,0.1940492082827764,-0.12343242965882807,0.9554583509449616,-0.5315278234034915,-0.4012777895345933,0.15653415515760072,-0.5155654197959887,0.3302199646701009,0.21005529145395715
0.0,-0.15426263880923075,-1.10030629957156,0.5688586282722935,-1.0315573255847497,-1.5244903543506556,0.48704239284034584,-0.28776646799273675,-1.5445452647779538,0.3733200880875046,-1.1213299240168872,1.8117938995191731,-1.6216823712469601
0.0,0.2525714593671288,-1.231417757682406,0.44831528355624084,0.010208228202647584,1.277625495032999,0.48704239284034584,-0.3365187390748877,-0.22752893311464964,-0.566085621275407,0.1911598351283932,0.3302199646701009,-1.6216823712469601
0.0,-0.28987400486801806,-0.9691948414607139,0.08668524940808357,-0.9294234477624558,-0.7238858259553254,0.48704239284034584,0.27288464945199925,-0.6514761427793585,-0.2770377107022039,-1.2222906747203706,-0.3282573397072649,1.125924122804416
0.0,-1.3747649333383105,0.21080828153690087,-0.27494478474007433,-0.9907037744558321,-1.624565920400072,-0.249039827038336,-0.555903958944567,-1.4993705621087763,0.9514159092339075,1.2007673421632241,1.5648649103776606,-1.6216823712469601
0.0,1.066239655719848,-0.3136375509064838,1.4126620412846613,-0.5208879364732805,-0.5237346938564934,0.9554583509449616,0.22413237836984828,-0.9503241758216847,-0.9273955094919092,-1.1213299240168872,0.8240779429531245,0.21005529145395715
0.0,2.0155192181313555,-1.362529215793252,0.5688586282722935,0.3166098616695291,-1.724641486449488,0.2193761310662797,-0.7265369077320953,-0.26922865865540524,-1.8668012188548175,-1.1213299240168872,1.0710069320946372,0.21005529145395715
0.0,-1.7815990315146701,-1.8869750482366363,0.08668524940808357,-1.092837652278126,-0.42365912780707704,-0.7843723505864683,-0.14150965474628388,-0.7626754108881302,0.4455820657308038,-0.3136439183890222,-0.6574959918959463,1.125924122804416
0.0,-1.5103762993970966,-1.362529215793252,-0.033858095307969065,-1.0519841011492084,-0.6238102599059097,-1.8550373976827328,-1.165307347471454,-0.9468491986932628,0.517844043374103,-0.010761666278573195,0.3302199646701009,1.125924122804416
0.0,0.2525714593671288,-0.706971925239022,1.171575351852556,-0.21448630300639895,-0.5237346938564934,0.08554300017924665,-0.3365187390748877,-0.21710400172942215,-0.34929968834550307,0.3930813365353596,0.24791030162293054,0.21005529145395715
0.0,-0.5610967369855903,-0.5758604671281757,0.6894019729883462,0.5617311684430342,0.1767942684894202,0.01862643473573012,-0.23901419691058579,-0.19972911608742777,-1.5777533082816144,-1.8280551789412691,0.3302199646701009,-1.6216823712469601
0.0,1.4730737538962086,0.9974770302019772,1.4126620412846613,0.03063500376710628,-1.5244903543506556,0.8216252200579285,-0.26339033245166127,-0.9016744960240851,-1.6500152859249169,-1.1213299240168872,1.5648649103776606,0.21005529145395715
0.0,-0.5610967369855903,-0.5758604671281757,0.6894019729883462,0.5617311684430342,0.1767942684894202,0.01862643473573012,-0.23901419691058579,-0.19972911608742777,-1.5777533082816144,-1.8280551789412691,0.3302199646701009,-1.6216823712469601
0.0,-0.018651272750444616,-0.706971925239022,0.9304886624204514,-0.010218547361811292,-1.0241125241035742,0.35320926195331276,-0.38527101015703863,-0.5889265544681479,-0.06025177777229999,0.4940420872388428,1.1533165951418074,-1.6216823712469601
0.0,-2.1884331296910298,0.6041426558694387,0.44831528355624084,-0.2553398541353165,-1.1241880901529906,0.754708654614412,0.1997562428287728,-1.4368209737975657,-0.34929968834550307,-1.727094428237786,1.4825552473304904,-1.6216823712469601
0.0,1.4730737538962086,0.9974770302019772,1.4126620412846613,0.03063500376710628,-1.5244903543506556,0.8216252200579285,-0.26339033245166127,-0.9016744960240851,-1.6500152859249169,-1.1213299240168872,1.5648649103776606,0.21005529145395715
0.0,-1.645987665455884,2.046368695088745,0.20722859412413622,-0.8068627943757032,-2.0248681845977368,-0.048290130707786406,-0.9702982631428501,-1.6279447158595424,0.22879613280090308,-1.0203691733134042,1.8117938995191731,-1.6216823712469601
0.0,-0.5610967369855903,-0.5758604671281757,0.6894019729883462,0.5617311684430342,0.1767942684894202,0.01862643473573012,-0.23901419691058579,-0.19972911608742777,-1.5777533082816144,-1.8280551789412691,0.3302199646701009,-1.6216823712469601
0.0,-0.018651272750444616,0.21080828153690087,0.20722859412413622,0.23490275941169395,-0.7238858259553254,-0.048290130707786406,0.979792580143188,1.0721125129066988,1.0236778868772098,-0.5155654197959887,-1.2336636332261417,1.125924122804416
0.0,-0.018651272750444616,2.4397030694212836,0.44831528355624084,-0.2757666296997752,-0.924036958054158,-0.4497895233688856,0.46789373378060306,-0.9850739471056735,-0.566085621275407,-0.8184476719064376,1.4825552473304904,-1.6216823712469601
0.0,-0.018651272750444616,-0.18252609279563764,-0.9982048530363895,-0.9702769988913732,0.2768698345388365,0.2862926965097962,0.6629028181092068,0.06436914567090976,2.468917439743222,0.9988458407562577,0.16560063857576018,1.125924122804416
0.0,-0.5610967369855903,-0.706971925239022,0.20722859412413622,1.9813920701729189,-0.2235079957082444,1.4238743090495773,0.12662783620554635,1.0234628331090991,-0.566085621275407,-1.0203691733134042,0.000981312481417987,1.125924122804416
0.0,-1.3747649333383105,0.866365572091131,-1.1187481977524418,-0.2757666296997752,1.0774743629341665,-0.3828729579253691,-0.7509130432731708,0.2589678648612698,-0.4215616659888054,0.3930813365353596,-1.3159732962733122,1.125924122804416
0.0,1.879907852072567,0.4730311977585925,1.4126620412846613,1.2358147620701736,0.07671870244000388,1.1562080472755112,0.4191414626984521,0.23811800209085343,-1.0719194647785106,-1.5251729268308196,1.1533165951418074,0.21005529145395715
0.0,-0.5610967369855903,-0.3136375509064838,-0.033858095307969065,-1.1030510400603553,-0.12343242965882807,-0.7843723505864683,-0.14150965474628388,-1.2178974147084058,0.4455820657308038,-1.3232514254238537,0.9886972690474667,1.125924122804416
0.0,0.9306282896610618,-1.10030629957156,1.533205386000714,-0.3574737319576104,-0.12343242965882807,2.159956528928259,0.516646004862754,-0.39432783527778786,-1.2887053977084146,-1.0203691733134042,0.000981312481417987,0.21005529145395715
0.0,-2.1884331296910298,0.9319213011465541,-1.4803782319005994,-0.9498502233269145,-0.924036958054158,-1.1858717432475674,-1.530949380587586,-1.325621705688794,1.0959398645205092,-0.010761666278573195,1.40024558428332,0.21005529145395715
0.0,0.5237941914847023,-1.7558635901257902,1.6537487307167666,-1.0315573255847497,0.1767942684894202,0.888541785501445,-0.6290323655677934,-0.8912495646388962,-1.5777533082816144,-0.3136439183890222,0.41252962771727125,1.125924122804416
0.0,-1.3747649333383105,0.866365572091131,-1.1187481977524418,-0.2757666296997752,1.0774743629341665,-0.3828729579253691,-0.7509130432731708,0.2589678648612698,-0.4215616659888054,0.3930813365353596,-1.3159732962733122,1.125924122804416
0.0,-0.8323194691031637,1.1285884883128225,-0.1544014400240217,-0.7660092432467857,-0.6238102599059097,0.15245956562276317,-1.0921789408482274,-1.5480202419063374,0.5901060210174053,0.4940420872388428,1.8117938995191731,-1.6216823712469601
0.0,-0.28987400486801806,-0.3136375509064838,0.6894019729883462,1.3073084765457792,-0.8239613920047416,-1.7881208322392161,-1.530949380587586,0.008769511616504634,-0.6383475989187061,0.8978850900527745,1.8941035625663436,0.21005529145395715
0.0,-0.28987400486801806,-1.362529215793252,0.20722859412413622,-1.072410876713667,-0.5237346938564934,0.4201258273968293,-0.5315278234034915,-1.3673214312295883,-1.2887053977084146,2.0084533477910895,1.1533165951418074,0.21005529145395715
0.0,1.879907852072567,0.4730311977585925,1.4126620412846613,1.2358147620701736,0.07671870244000388,1.1562080472755112,0.4191414626984521,0.23811800209085343,-1.0719194647785106,-1.5251729268308196,1.1533165951418074,0.21005529145395715
0.0,-1.5103762993970966,-1.4936406739040982,-0.516031474172179,-0.5413147120377392,0.2768698345388365,1.4907908744930938,0.34601305607522564,-0.8808246332537073,0.22879613280090308,-2.130937431051718,0.4948392907644416,0.21005529145395715
0.0,-0.28987400486801806,0.866365572091131,0.9304886624204514,-0.7557958554645563,-0.12343242965882807,0.01862643473573012,-1.2384357540946804,-1.6244697387311202,-0.566085621275407,-0.9194084226099208,2.2233422147550264,-1.6216823712469601
0.0,-1.5103762993970966,-0.8380833833498678,-0.27494478474007433,-0.7864360188112444,0.3769454005882529,0.2193761310662797,-0.28776646799273675,-0.37347797250741005,1.0959398645205092,0.1911598351283932,-0.575186328848776,0.21005529145395715
0.0,-0.018651272750444616,0.0796968234260547,0.5688586282722935,0.37789018836290517,1.277625495032999,1.1562080472755112,1.3454346132593202,0.7037649372963565,-0.566085621275407,0.3930813365353596,-0.9044249810374589,0.21005529145395715
0.0,-0.018651272750444616,0.0796968234260547,1.171575351852556,0.1940492082827764,1.1775499289835827,1.5577074399366102,1.540443697587924,0.5995156234443902,-0.49382364363210457,0.09019908442491001,-0.9867346440846293,0.21005529145395715
0.0,-0.8323194691031637,-0.8380833833498678,-0.7571181636042842,-1.072410876713667,0.4770209666376692,0.48704239284034584,-0.4340232812391896,-0.783525273658508,2.1076075515267196,1.2007673421632241,0.3302199646701009,-1.6216823712469601
0.0,-0.15426263880923075,0.6041426558694387,-0.033858095307969065,1.6647770489238078,-0.42365912780707704,-1.9219539631262492,-1.4090687028822086,0.0991189169548985,-0.34929968834550307,-1.4242121761273363,1.5648649103776606,1.125924122804416
0.0,-0.8323194691031637,-0.8380833833498678,-0.395488129456127,1.1132541086834211,-0.7238858259553254,-0.9182054814735013,-1.067802805307152,-0.0676799852082783,-0.06025177777229999,-1.4242121761273363,1.0710069320946372,0.21005529145395715
0.0,-0.28987400486801806,-0.18252609279563764,0.20722859412413622,-0.6843021409889506,1.1775499289835827,-0.8512889160299848,0.10225170066447088,-0.1580293905466336,0.517844043374103,-0.1117224169820564,-0.16363801361292274,0.21005529145395715
0.0,-1.5103762993970966,-1.4936406739040982,-0.516031474172179,-0.5413147120377392,0.2768698345388365,1.4907908744930938,0.34601305607522564,-0.8808246332537073,0.22879613280090308,-2.130937431051718,0.4948392907644416,0.21005529145395715
0.0,0.1169600933083427,-0.5758604671281757,0.8099453177043987,-0.07149887405518755,-0.7238858259553254,0.6208755237273789,0.10225170066447088,-0.9051494731524685,-0.566085621275407,-1.5251729268308196,1.5648649103776606,0.21005529145395715
0.0,-0.5610967369855903,-0.4447490090173296,0.3277719388401882,-0.3574737319576104,-0.32358356175766073,0.5539589582838623,0.24850851391092374,-0.5819766002113425,-0.06025177777229999,-0.8184476719064376,0.3302199646701009,-1.6216823712469601
0.0,1.066239655719848,0.0796968234260547,-0.395488129456127,-0.7864360188112444,1.6779277592306636,0.15245956562276317,-0.5315278234034915,-0.19277916183062233,-0.7106095765620085,-1.1213299240168872,-0.6574959918959463,1.125924122804416
0.0,-0.28987400486801806,0.9974770302019772,-0.9982048530363895,-0.6230218142955743,-0.8239613920047416,-0.3828729579253691,-0.9215459920606991,-1.2248473689652113,-0.6383475989187061,-0.8184476719064376,1.40024558428332,-1.6216823712469601
0.0,-0.5610967369855903,-1.362529215793252,1.171575351852556,-1.092837652278126,-0.6238102599059097,-0.3828729579253691,-0.5802800944856424,-1.054573489673651,-0.06025177777229999,0.3930813365353596,0.3302199646701009,0.21005529145395715
0.0,-1.3747649333383105,0.4730311977585925,1.171575351852556,-1.072410876713667,-0.6238102599059097,-1.0520386123605343,-0.5802800944856424,-1.780843709509108,-0.6383475989187061,-0.21268316768553905,1.647174573424831,-1.6216823712469601
0.0,0.2525714593671288,0.3419197396477463,0.3277719388401882,-1.011130550020291,-0.6238102599059097,0.48704239284034584,-0.6777846366499444,-0.9190493816660795,0.8791539315906084,1.4026888435701905,0.8240779429531245,0.21005529145395715
0.0,-0.28987400486801806,0.9974770302019772,-0.9982048530363895,-0.6230218142955743,-0.8239613920047416,-0.3828729579253691,-0.9215459920606991,-1.2248473689652113,-0.6383475989187061,-0.8184476719064376,1.40024558428332,-1.6216823712469601
0.0,-0.15426263880923075,-0.706971925239022,0.44831528355624084,0.44938390283851115,-2.225019316696569,-0.9851220469170178,-1.2384357540946804,-0.8252249991993021,0.012010199870999176,-2.6357411845691336,2.305651877802197,-1.6216823712469601
0.0,1.066239655719848,0.0796968234260547,-0.395488129456127,-0.7864360188112444,1.6779277592306636,0.15245956562276317,-0.5315278234034915,-0.19277916183062233,-0.7106095765620085,-1.1213299240168872,-0.6574959918959463,1.125924122804416
0.0,-0.018651272750444616,-0.5758604671281757,1.0510320071365034,0.07148855489602385,-0.8239613920047416,0.2862926965097962,-0.507151687862416,-0.4812022634877597,-0.06025177777229999,-0.21268316768553905,0.7417682799059542,0.21005529145395715
0.0,1.2018510217786353,0.0796968234260547,2.015378764864924,-0.5208879364732805,-0.5237346938564934,0.754708654614412,0.053499429582319936,-0.9294743130512684,-1.0719194647785106,-1.0203691733134042,0.8240779429531245,0.21005529145395715
0.0,-0.5610967369855903,-0.18252609279563764,0.5688586282722935,-0.37790050752206905,-0.32358356175766073,0.4201258273968293,0.24850851391092374,-0.6028264629817588,-0.06025177777229999,-0.8184476719064376,0.41252962771727125,-1.6216823712469601
0.0,-0.5610967369855903,-0.4447490090173296,0.3277719388401882,-0.3574737319576104,-0.32358356175766073,0.5539589582838623,0.24850851391092374,-0.5819766002113425,-0.06025177777229999,-0.8184476719064376,0.3302199646701009,-1.6216823712469601
0.0,-0.15426263880923075,-1.7558635901257902,1.533205386000714,-0.43918083421544535,0.07671870244000388,1.1562080472755112,-0.14150965474628388,-0.7696253651449356,-0.9273955094919092,0.595002837942326,0.5771489538116135,0.21005529145395715
0.0,-0.15426263880923075,-0.3136375509064838,0.5688586282722935,1.0111202308611273,0.07671870244000388,1.9592068325977094,0.8822880379788861,0.8636138852027279,-0.7828715542053076,0.4940420872388428,-0.575186328848776,0.21005529145395715
0.0,0.3881828254259149,-0.05141463468479146,0.5688586282722935,-0.1736327518774814,-1.724641486449488,-0.249039827038336,-0.7752891788142463,-1.0476235354168455,-0.9273955094919092,-1.5251729268308196,1.647174573424831,-1.6216823712469601
0.0,-2.0528217636322434,0.4730311977585925,-1.9625516107648096,-0.43918083421544535,-1.3243392222518229,0.15245956562276317,-0.8971698565196237,-1.1588228035256172,0.8068919539473061,-1.2222906747203706,0.9886972690474667,-1.6216823712469601
0.0,0.3881828254259149,1.5219228626453611,0.9304886624204514,-0.8477163455046207,-0.023356863609411745,1.2900411781625443,1.5648198331289995,-0.717500708218914,-1.144181442421813,0.1911598351283932,0.6594586168587838,1.125924122804416
0.0,0.7950169236022757,-0.9691948414607139,-0.1544014400240217,1.6647770489238078,0.2768698345388365,0.2862926965097962,1.3698107488003957,1.655908670477779,-0.6383475989187061,0.1911598351283932,-1.1513539701789715,0.21005529145395715
0.0,0.7950169236022757,-0.9691948414607139,-0.1544014400240217,1.6647770489238078,0.2768698345388365,0.2862926965097962,1.3698107488003957,1.655908670477779,-0.6383475989187061,0.1911598351283932,-1.1513539701789715,0.21005529145395715
0.0,0.7950169236022757,-0.9691948414607139,-0.1544014400240217,1.6647770489238078,0.2768698345388365,0.2862926965097962,1.3698107488003957,1.655908670477779,-0.6383475989187061,0.1911598351283932,-1.1513539701789715,0.21005529145395715
0.0,0.7950169236022757,-0.9691948414607139,-0.1544014400240217,1.6647770489238078,0.2768698345388365,0.2862926965097962,1.3698107488003957,1.655908670477779,-0.6383475989187061,0.1911598351283932,-1.1513539701789715,0.21005529145395715
0.0,0.7950169236022757,-0.9691948414607139,-0.1544014400240217,1.6647770489238078,0.2768698345388365,0.2862926965097962,1.3698107488003957,1.655908670477779,-0.6383475989187061,0.1911598351283932,-1.1513539701789715,0.21005529145395715
0.0,0.7950169236022757,-0.9691948414607139,-0.1544014400240217,1.6647770489238078,0.2768698345388365,0.2862926965097962,1.3698107488003957,1.655908670477779,-0.6383475989187061,0.1911598351283932,-1.1513539701789715,0.21005529145395715
0.0,-0.6967081030443776,0.7352541139802848,-0.033858095307969065,-0.9907037744558321,-1.224263656202407,-0.7174557851429517,-0.8727937209785482,-1.6001448988323204,0.15653415515760072,-0.6165261704994719,1.9764132256135138,1.125924122804416
0.0,1.066239655719848,-0.9691948414607139,-0.033858095307969065,2.5329150104133054,0.4770209666376692,-0.18212326159481948,1.3698107488003957,2.1910551482512597,-0.6383475989187061,0.1911598351283932,-1.0690443071317997,-1.6216823712469601
0.0,-0.42548537092680416,-0.05141463468479146,-0.1544014400240217,-0.561741487602198,-1.224263656202407,0.08554300017924665,-1.0921789408482274,-1.2422222546072055,0.22879613280090308,1.4026888435701905,1.647174573424831,-1.6216823712469601
0.0,-1.2391535672795233,-0.3136375509064838,-2.44472498962902,-1.011130550020291,-0.7238858259553254,1.6915405708236433,2.6861220680184714,-0.08852984797865611,1.0959398645205092,-0.41460466909250543,-0.8221153179902886,0.21005529145395715
0.0,1.7442964860137808,-0.3136375509064838,-0.033858095307969065,0.847706026345457,-1.224263656202407,-0.048290130707786406,-0.7752891788142463,0.08174403131290413,-0.566085621275407,-0.6165261704994719,0.9886972690474667,0.21005529145395715
0.0,-1.3747649333383105,-0.4447490090173296,-1.4803782319005994,-0.8885698966335382,0.07671870244000388,0.2862926965097962,0.4191414626984521,-0.5472268289273537,0.15653415515760072,-0.9194084226099208,-0.3282573397072649,0.21005529145395715
0.0,0.9306282896610618,0.866365572091131,0.44831528355624084,-0.7660092432467857,0.8773232308353338,-0.5836226542559186,-0.26339033245166127,-0.9954988784908624,0.9514159092339075,0.4940420872388428,1.7294842364720013,0.21005529145395715
0.0,-0.28987400486801806,1.5219228626453611,0.44831528355624084,0.5821579440074929,1.8780788913294963,0.48704239284034584,1.8817095951629808,1.308410957637853,0.8791539315906084,0.7969243393492924,-0.9867346440846293,1.125924122804416
0.0,-0.5610967369855903,-1.4936406739040982,-0.395488129456127,-0.9294234477624558,0.1767942684894202,-0.9182054814735013,-0.5315278234034915,-0.7557254566313247,-0.6383475989187061,-1.0203691733134042,-0.3282573397072649,1.125924122804416
0.0,-0.42548537092680416,0.7352541139802848,0.20722859412413622,-0.13277920074856384,0.1767942684894202,-0.5167060888124021,-1.116555076389303,-0.6931758683201141,0.6623679986607045,1.2007673421632241,1.1533165951418074,-1.6216823712469601
0.0,0.9306282896610618,-0.5758604671281757,-0.033858095307969065,-0.8068627943757032,0.2768698345388365,-0.3828729579253691,-0.8971698565196237,-0.8634497476117129,-0.7828715542053076,1.2007673421632241,0.5771489538116135,-1.6216823712469601
0.0,-0.5610967369855903,-0.4447490090173296,-0.033858095307969065,-0.9089966721979972,-0.42365912780707704,0.35320926195331276,-0.4583994167802651,-1.0754233524440673,0.9514159092339075,0.4940420872388428,0.9886972690474667,-1.6216823712469601
0.0,-0.967930835161951,-0.5758604671281757,-0.1544014400240217,-1.011130550020291,-0.32358356175766073,0.35320926195331276,-0.19026192582843485,-0.6619010741645474,1.8908216185968192,1.0998065914597408,0.24791030162293054,1.125924122804416
0.0,-0.28987400486801806,-0.4447490090173296,-0.27494478474007433,-0.3574737319576104,1.77800332528008,-0.3828729579253691,0.4191414626984521,-0.8391249077129131,0.3010581104442022,0.09019908442491001,1.3179359212361481,-1.6216823712469601
0.0,-0.5610967369855903,-1.362529215793252,-0.8776615083203368,-1.011130550020291,1.4777766271318318,-0.9182054814735013,-0.28776646799273675,-1.0163487412612788,0.3010581104442022,-0.41460466909250543,0.41252962771727125,-1.6216823712469601
0.0,-0.28987400486801806,1.5219228626453611,0.44831528355624084,0.5821579440074929,1.8780788913294963,0.48704239284034584,1.8817095951629808,1.308410957637853,0.8791539315906084,0.7969243393492924,-0.9867346440846293,1.125924122804416
0.0,0.7950169236022757,-1.362529215793252,-0.033858095307969065,-1.011130550020291,2.278381155527162,-0.7843723505864683,0.07787556512339541,-0.8669247247400964,-0.9273955094919092,-0.1117224169820564,0.6594586168587838,0.21005529145395715
0.0,-0.5610967369855903,-1.4936406739040982,-0.395488129456127,-0.9294234477624558,0.1767942684894202,-0.9182054814735013,-0.5315278234034915,-0.7557254566313247,-0.6383475989187061,-1.0203691733134042,-0.3282573397072649,1.125924122804416
0.0,-0.42548537092680416,0.7352541139802848,-0.27494478474007433,-0.827289569940162,0.8773232308353338,-0.9851220469170178,-0.23901419691058579,-1.457670836567982,-0.4215616659888054,0.3930813365353596,1.8117938995191731,0.21005529145395715
0.0,-0.15426263880923075,-1.8869750482366363,0.44831528355624084,-0.827289569940162,-0.32358356175766073,0.5539589582838623,-0.28776646799273675,-0.5368018975421648,-0.8551335318486101,1.9074925970876064,-0.41056700275443525,-1.6216823712469601
0.0,1.6086851199549947,0.9974770302019772,-0.8776615083203368,0.010208228202647584,-0.7238858259553254,0.2193761310662797,-0.8240414498963973,-0.8182750449424967,-2.011325174141419,-2.5347804338656506,1.3179359212361481,0.21005529145395715
0.0,-0.018651272750444616,-0.706971925239022,-0.1544014400240217,-0.7047289165534094,0.3769454005882529,0.35320926195331276,-0.38527101015703863,-0.8808246332537073,-0.8551335318486101,1.70557109568064,0.24791030162293054,-1.6216823712469601
0.0,-0.018651272750444616,-0.4447490090173296,-0.1544014400240217,-0.7251556921178681,0.4770209666376692,0.35320926195331276,-0.3608948746159632,-0.8947245417672797,-0.9273955094919092,1.604610344977157,0.24791030162293054,-1.6216823712469601
0.0,-0.018651272750444616,-0.706971925239022,-0.1544014400240217,-0.7047289165534094,0.3769454005882529,0.35320926195331276,-0.38527101015703863,-0.8808246332537073,-0.8551335318486101,1.70557109568064,0.24791030162293054,-1.6216823712469601
0.0,-0.28987400486801806,0.21080828153690087,1.171575351852556,0.37789018836290517,0.1767942684894202,1.6915405708236433,1.4429391554236222,0.6203654862147681,-0.34929968834550307,-0.010761666278573195,-0.9867346440846293,1.125924122804416
0.0,1.3374623878374214,-0.18252609279563764,0.5688586282722935,-1.092837652278126,0.07671870244000388,-1.654287701352183,-1.3846925673411332,-0.8877745875104742,-0.7828715542053076,-1.0203691733134042,0.6594586168587838,1.125924122804416
0.0,-1.645987665455884,-1.8869750482366363,0.08668524940808357,-0.7047289165534094,0.1767942684894202,-0.9182054814735013,-1.5553255161286617,-1.6939692812991363,-0.13251375541560237,-1.6261336775343027,1.8941035625663436,-1.6216823712469601
0.0,-0.28987400486801806,0.21080828153690087,1.0510320071365034,0.13276888158940012,0.3769454005882529,1.6246240053801269,1.394186884341471,0.6064655777011958,-0.34929968834550307,-0.010761666278573195,-0.9867346440846293,1.125924122804416
0.0,-0.018651272750444616,-1.231417757682406,0.3277719388401882,-0.9294234477624558,-0.2235079957082444,-0.3828729579253691,-1.2871880251768313,-1.468095767953171,-2.011325174141419,0.8978850900527745,1.1533165951418074,-1.6216823712469601
0.0,0.6594055575434884,-0.18252609279563764,-0.516031474172179,-0.9907037744558321,0.07671870244000388,-1.0520386123605343,-0.5802800944856424,-0.1580293905466336,1.384987775093712,0.7969243393492924,-0.41056700275443525,0.21005529145395715
0.0,-0.28987400486801806,0.21080828153690087,1.0510320071365034,0.13276888158940012,0.3769454005882529,1.6246240053801269,1.394186884341471,0.6064655777011958,-0.34929968834550307,-0.010761666278573195,-0.9867346440846293,1.125924122804416
0.0,-0.28987400486801806,0.21080828153690087,1.171575351852556,0.37789018836290517,0.1767942684894202,1.6915405708236433,1.4429391554236222,0.6203654862147681,-0.34929968834550307,-0.010761666278573195,-0.9867346440846293,1.125924122804416
0.0,-0.42548537092680416,-0.18252609279563764,2.1359221095809766,0.25532953497615263,0.4770209666376692,1.2900411781625443,1.1504255289307164,0.6551152574987954,-0.13251375541560237,-0.3136439183890222,-1.1513539701789715,1.125924122804416
0.0,-0.6967081030443776,-0.3136375509064838,0.3277719388401882,-0.827289569940162,-0.32358356175766073,0.5539589582838623,-0.6777846366499444,-1.1379729407552395,1.0959398645205092,-0.41460466909250543,0.9886972690474667,0.21005529145395715
0.0,-0.018651272750444616,0.7352541139802848,-0.033858095307969065,0.480024066185199,-1.3243392222518229,-0.249039827038336,-0.7752891788142463,-0.8252249991993021,-1.3609673753517137,-1.4242121761273363,1.40024558428332,-1.6216823712469601
0.0,1.3374623878374214,-0.18252609279563764,0.5688586282722935,-1.092837652278126,0.07671870244000388,-1.654287701352183,-1.3846925673411332,-0.8877745875104742,-0.7828715542053076,-1.0203691733134042,0.6594586168587838,1.125924122804416
0.0,-1.645987665455884,-1.8869750482366363,0.08668524940808357,-0.7047289165534094,0.1767942684894202,-0.9182054814735013,-1.5553255161286617,-1.6939692812991363,-0.13251375541560237,-1.6261336775343027,1.8941035625663436,-1.6216823712469601
0.0,-0.28987400486801806,-0.3136375509064838,-0.516031474172179,0.07148855489602385,-1.0241125241035742,-0.5836226542559186,-1.116555076389303,-0.7348755938609083,-0.4215616659888054,-1.6261336775343027,1.40024558428332,0.21005529145395715
0.0,-0.6967081030443776,-0.5758604671281757,0.20722859412413622,-0.2757666296997752,-1.0241125241035742,0.08554300017924665,-1.067802805307152,-1.2908719344048052,0.5901060210174053,-1.2222906747203706,2.3879615408493673,-1.6216823712469601
0.0,-1.1035422012207372,0.7352541139802848,-0.27494478474007433,-0.9089966721979972,-0.924036958054158,0.4201258273968293,0.12662783620554635,-1.638369647244731,0.7346299763040068,-0.6165261704994719,1.8117938995191731,-1.6216823712469601
0.0,-0.6967081030443776,-0.9691948414607139,-0.395488129456127,-0.8885698966335382,-2.0248681845977368,-0.11520669615130294,-0.9946743986839256,-1.67311941852872,-1.0719194647785106,0.595002837942326,1.8117938995191731,-1.6216823712469601
0.0,-1.1035422012207372,0.7352541139802848,-0.27494478474007433,-0.9089966721979972,-0.924036958054158,0.4201258273968293,0.12662783620554635,-1.638369647244731,0.7346299763040068,-0.6165261704994719,1.8117938995191731,-1.6216823712469601
0.0,-0.5610967369855903,1.1285884883128225,-0.516031474172179,1.276668313199091,-0.32358356175766073,-1.0520386123605343,-0.31214260353381224,0.5404410122616017,0.08427217751430155,-0.5155654197959887,0.000981312481417987,0.21005529145395715
0.0,-0.15426263880923075,2.57081452753213,-0.6365748188882316,-0.23491307857085766,-0.32358356175766073,0.01862643473573012,-0.9946743986839256,-0.8842996103820907,-0.2047757330589015,-0.41460466909250543,1.4825552473304904,-1.6216823712469601
0.0,-0.6967081030443776,0.4730311977585925,-0.395488129456127,-0.8681431210690794,0.5770965326870855,-0.11520669615130294,0.12662783620554635,-1.4854706535951654,0.22879613280090308,-0.21268316768553905,1.8941035625663436,-1.6216823712469601
0.0,-1.1035422012207372,-0.9691948414607139,-0.395488129456127,-1.072410876713667,0.4770209666376692,2.159956528928259,0.3703891916163011,-0.7765753194017025,2.5411794173865245,1.0998065914597408,0.41252962771727125,-1.6216823712469601
0.0,-1.2391535672795233,-0.3136375509064838,-0.516031474172179,-1.0315573255847497,-1.0241125241035742,0.08554300017924665,-1.0190505342250011,-1.7182941211978975,-0.7828715542053076,1.604610344977157,1.8941035625663436,-1.6216823712469601
0.0,0.6594055575434884,-1.5591964029595213,0.08668524940808357,-1.072410876713667,-0.023356863609411745,-1.386621439578117,-1.774710735998341,-1.2908719344048052,-0.6383475989187061,-1.1213299240168872,0.9886972690474667,-1.6216823712469601
0.0,-0.28987400486801806,2.2430358822550143,0.6894019729883462,0.5821579440074929,1.5778521931812481,2.0930399634847427,2.5886175258541697,1.5620842880110017,0.3010581104442022,0.595002837942326,-1.2336636332261417,0.21005529145395715
0.0,-1.3747649333383105,-1.10030629957156,0.5688586282722935,-1.0519841011492084,-0.6238102599059097,-1.0520386123605343,-1.530949380587586,-1.84339329782028,-0.7106095765620085,0.09019908442491001,1.7294842364720013,-1.6216823712469601
0.0,-1.3747649333383105,-1.10030629957156,0.5688586282722935,-1.072410876713667,-0.6238102599059097,-0.249039827038336,-0.9946743986839256,-1.5341203333927649,-0.2047757330589015,-0.010761666278573195,1.1533165951418074,0.21005529145395715
0.0,-1.645987665455884,0.7352541139802848,-0.033858095307969065,0.3983169639273642,0.07671870244000388,-0.18212326159481948,-0.7752891788142463,-0.40822774379139876,0.3733200880875046,-0.1117224169820564,0.4948392907644416,0.21005529145395715
0.0,-0.28987400486801806,-1.362529215793252,0.3277719388401882,-0.9294234477624558,-0.023356863609411745,-0.5836226542559186,-0.7752891788142463,-1.4646207908247488,0.012010199870999176,2.715178602715471,1.4825552473304904,-1.6216823712469601
0.0,-2.324044495749817,-0.706971925239022,-0.516031474172179,-1.011130550020291,0.4770209666376692,0.888541785501445,0.27288464945199925,-0.7487755023745193,2.2521315068133214,0.09019908442491001,-0.16363801361292274,1.125924122804416
0.0,0.9306282896610618,0.3419197396477463,0.44831528355624084,1.9098983556973128,0.7772476647859181,-0.3828729579253691,-0.31214260353381224,1.0304127873659046,-0.9273955094919092,0.595002837942326,-0.16363801361292274,1.125924122804416
0.0,-1.1035422012207372,-0.05141463468479146,0.08668524940808357,-0.4085406708687573,-0.2235079957082444,-1.3197048741346005,-1.3846925673411332,-1.5619201504199482,0.7346299763040068,0.1911598351283932,1.7294842364720013,0.21005529145395715
0.0,-1.5103762993970966,-0.05141463468479146,-0.27494478474007433,-0.9294234477624558,-0.32358356175766073,-0.31595639248185253,-0.7752891788142463,-1.3499465455875939,2.1076075515267196,0.3930813365353596,1.5648649103776606,-1.6216823712469601
0.0,0.3881828254259149,-1.231417757682406,-0.1544014400240217,-0.9702769988913732,-0.5237346938564934,-1.3197048741346005,-0.8240414498963973,-0.9850739471056735,-0.34929968834550307,0.1911598351283932,1.1533165951418074,0.21005529145395715
0.0,0.1169600933083427,-1.231417757682406,-0.27494478474007433,-0.8885698966335382,0.4770209666376692,-1.4535380050216336,-0.48277555232134056,-0.8043751364289243,-0.2047757330589015,0.2921205858318764,0.8240779429531245,0.21005529145395715
0.0,-0.018651272750444616,-0.18252609279563764,-0.516031474172179,-0.2757666296997752,-0.7238858259553254,0.48704239284034584,-0.26339033245166127,-1.1657727577824226,-0.49382364363210457,-1.0203691733134042,1.647174573424831,-1.6216823712469601
0.0,-0.28987400486801806,-1.231417757682406,-0.516031474172179,-0.9294234477624558,-0.023356863609411745,1.8253737017106764,1.0041687156842636,-0.6236763257521366,-0.2770377107022039,-0.6165261704994719,-0.3282573397072649,1.125924122804416
0.0,-1.3747649333383105,-1.231417757682406,0.44831528355624084,-1.0315573255847497,-0.6238102599059097,-1.5873711359086666,-1.628453922751888,-0.630626280008942,1.7462976633102176,2.0084533477910895,-0.16363801361292274,-1.6216823712469601
0.0,-0.5610967369855903,-0.3136375509064838,-0.395488129456127,-1.092837652278126,-0.42365912780707704,-1.118955177804051,-0.3608948746159632,-1.1240730322416284,0.8068919539473061,-0.6165261704994719,0.7417682799059542,1.125924122804416
0.0,-0.15426263880923075,-0.706971925239022,0.20722859412413622,-1.011130550020291,0.6771720987365019,0.08554300017924665,-0.604656230026718,-1.0163487412612788,-1.2164434200651122,0.1911598351283932,0.3302199646701009,0.21005529145395715
0.0,-0.15426263880923075,-0.4447490090173296,0.08668524940808357,0.35746341279844646,0.5770965326870855,0.6877920891708954,0.9554164446021126,0.3076175446588695,-0.566085621275407,0.3930813365353596,-0.41056700275443525,0.21005529145395715
0.0,-0.018651272750444616,-0.4447490090173296,-0.033858095307969065,0.45959729062074034,0.3769454005882529,0.8216252200579285,0.5410221404038295,0.23811800209085343,-0.7828715542053076,0.3930813365353596,-0.08132835056575237,0.21005529145395715
0.0,-0.42548537092680416,-0.5758604671281757,-0.516031474172179,-0.5413147120377392,1.6779277592306636,-0.3828729579253691,0.34601305607522564,-0.717500708218914,0.3010581104442022,-0.717486921202955,1.2356262581889779,-1.6216823712469601
0.0,-2.324044495749817,-1.296973486737829,-1.2392915424684945,-0.13277920074856384,0.4770209666376692,0.48704239284034584,0.22413237836984828,-0.1510794362898667,-0.06025177777229999,0.6959635886458092,-0.575186328848776,0.21005529145395715
0.0,-0.28987400486801806,2.1119244241441684,-0.8776615083203368,-0.8170761821579324,-0.8239613920047416,-0.7843723505864683,-1.2140596185536048,-1.0476235354168455,-0.9996574871352115,-0.717486921202955,0.6594586168587838,0.21005529145395715
0.0,0.1169600933083427,1.5219228626453611,-0.395488129456127,1.4911494566259083,0.5770965326870855,1.1562080472755112,1.2723062066360937,1.391810408719403,-1.3609673753517137,1.2007673421632241,-0.9044249810374589,0.21005529145395715
0.0,0.1169600933083427,1.5219228626453611,-0.395488129456127,1.4911494566259083,0.5770965326870855,1.1562080472755112,1.2723062066360937,1.391810408719403,-1.3609673753517137,1.2007673421632241,-0.9044249810374589,0.21005529145395715
0.0,0.1169600933083427,1.5219228626453611,-0.395488129456127,1.4911494566259083,0.5770965326870855,1.1562080472755112,1.2723062066360937,1.391810408719403,-1.3609673753517137,1.2007673421632241,-0.9044249810374589,0.21005529145395715
0.0,0.5237941914847023,0.0796968234260547,-0.516031474172179,1.807764477875019,0.3769454005882529,-1.9219539631262492,-2.335361853443077,0.9782881304399215,-0.13251375541560237,-0.9194084226099208,0.24791030162293054,0.21005529145395715
0.0,1.066239655719848,-1.231417757682406,-0.6365748188882316,-0.3574737319576104,0.7772476647859181,-0.7843723505864683,-0.9459221276017746,0.13386868823888723,-0.7828715542053076,-0.1117224169820564,-0.9044249810374589,0.21005529145395715
0.0,-0.8323194691031637,0.4730311977585925,-0.1544014400240217,-1.0519841011492084,0.5770965326870855,-1.0520386123605343,-0.28776646799273675,-1.336046637073983,0.9514159092339075,0.595002837942326,1.647174573424831,0.21005529145395715
0.0,1.066239655719848,-1.231417757682406,-0.6365748188882316,-0.3574737319576104,0.7772476647859181,-0.7843723505864683,-0.9459221276017746,0.13386868823888723,-0.7828715542053076,-0.1117224169820564,-0.9044249810374589,0.21005529145395715
0.0,-0.42548537092680416,-0.05141463468479146,-0.033858095307969065,0.0612751671137945,1.6779277592306636,-0.048290130707786406,-0.7996653143553217,-0.44992746933219296,-0.06025177777229999,-0.6165261704994719,0.41252962771727125,1.125924122804416
0.0,0.1169600933083427,1.259699946423669,-0.516031474172179,1.4707226810614495,0.5770965326870855,1.0892914818319945,1.2723062066360937,1.384860454462636,-1.3609673753517137,1.2007673421632241,-0.9044249810374589,-1.6216823712469601
0.0,0.1169600933083427,1.5219228626453611,-0.395488129456127,1.4911494566259083,0.5770965326870855,1.1562080472755112,1.2723062066360937,1.391810408719403,-1.3609673753517137,1.2007673421632241,-0.9044249810374589,0.21005529145395715
0.0,-0.018651272750444616,-1.10030629957156,-0.9982048530363895,0.7047185973942457,1.5778521931812481,1.9592068325977094,1.2479300710950183,0.4744164468220077,-0.4215616659888054,0.2921205858318764,0.000981312481417987,0.21005529145395715
0.0,-0.15426263880923075,-1.10030629957156,-0.9982048530363895,0.8068524752165396,1.4777766271318318,1.9592068325977094,1.1748016644717918,0.47094146969362427,-0.49382364363210457,0.1911598351283932,0.000981312481417987,0.21005529145395715
0.0,-0.28987400486801806,-1.362529215793252,-1.3598348871845471,0.07148855489602385,1.277625495032999,0.5539589582838623,0.49226986932167854,0.0018195573596991718,-0.2770377107022039,0.3930813365353596,0.16560063857576018,0.21005529145395715
0.0,0.5237941914847023,0.0796968234260547,-0.516031474172179,1.807764477875019,0.3769454005882529,-1.9219539631262492,-2.335361853443077,0.9782881304399215,-0.13251375541560237,-0.9194084226099208,0.24791030162293054,0.21005529145395715
0.0,-0.5610967369855903,-1.231417757682406,-0.6365748188882316,0.7251453729587044,0.4770209666376692,-0.5836226542559186,-0.8727937209785482,0.7385147085803452,1.0959398645205092,0.1911598351283932,-0.575186328848776,0.21005529145395715
0.0,0.5237941914847023,-0.5758604671281757,-0.516031474172179,0.17362243271831768,1.77800332528008,0.4201258273968293,-0.11713351920520841,-0.11632966500583938,-0.7828715542053076,1.0998065914597408,0.5771489538116135,0.21005529145395715
0.0,-1.1035422012207372,-0.5758604671281757,-0.516031474172179,-1.072410876713667,-0.8239613920047416,0.8216252200579285,-1.1409312119303785,-1.8121185036646748,0.22879613280090308,-1.0203691733134042,1.647174573424831,0.21005529145395715
0.0,-0.15426263880923075,1.259699946423669,-0.516031474172179,0.3983169639273642,-0.8239613920047416,-0.3828729579253691,-1.3603164318000578,-0.8078501135573078,-1.6500152859249169,-0.9194084226099208,1.5648649103776606,0.21005529145395715
0.0,-0.42548537092680416,2.1774801531995913,-0.516031474172179,1.0009068430788977,-1.0241125241035742,-0.249039827038336,-1.2140596185536048,-0.5680766916977701,-1.2164434200651122,-1.0203691733134042,1.4825552473304904,0.21005529145395715
0.0,-1.2391535672795233,-0.8380833833498678,-0.516031474172179,1.3175218643280087,-0.42365912780707704,-0.3828729579253691,-0.11713351920520841,0.14776859675249815,0.8791539315906084,0.8978850900527745,0.9886972690474667,-1.6216823712469601
0.0,-2.0528217636322434,0.7352541139802848,-1.1187481977524418,0.6740784340475575,-1.624565920400072,-0.5836226542559186,-0.4340232812391896,-0.7487755023745193,-0.06025177777229999,0.4940420872388428,1.3179359212361481,0.21005529145395715
0.0,-0.018651272750444616,-0.8380833833498678,-0.516031474172179,1.276668313199091,0.5770965326870855,1.2900411781625443,-0.0196289770409065,0.5995156234443902,0.012010199870999176,-1.1213299240168872,0.08329097552858834,0.21005529145395715
0.0,-1.1035422012207372,-0.5758604671281757,0.08668524940808357,1.194961210941256,-0.924036958054158,-0.6505392196994352,-0.9702982631428501,-0.09547980223546157,-0.13251375541560237,-0.6165261704994719,0.5771489538116135,-1.6216823712469601
0.0,-0.15426263880923075,1.259699946423669,-0.516031474172179,0.3983169639273642,-0.8239613920047416,-0.3828729579253691,-1.3603164318000578,-0.8078501135573078,-1.6500152859249169,-0.9194084226099208,1.5648649103776606,0.21005529145395715
0.0,-0.42548537092680416,2.1774801531995913,-0.516031474172179,1.0009068430788977,-1.0241125241035742,-0.249039827038336,-1.2140596185536048,-0.5680766916977701,-1.2164434200651122,-1.0203691733134042,1.4825552473304904,0.21005529145395715
0.0,0.3881828254259149,-1.10030629957156,2.015378764864924,-1.0315573255847497,-0.924036958054158,-1.52045457046515,-1.579701651669737,-1.0823733067008343,-0.9996574871352115,0.4940420872388428,0.5771489538116135,-1.6216823712469601
0.0,-0.5610967369855903,-1.231417757682406,-0.6365748188882316,0.7251453729587044,0.4770209666376692,-0.5836226542559186,-0.8727937209785482,0.7385147085803452,1.0959398645205092,0.1911598351283932,-0.575186328848776,0.21005529145395715
0.0,0.5237941914847023,-0.5758604671281757,-0.516031474172179,0.17362243271831768,1.77800332528008,0.4201258273968293,-0.11713351920520841,-0.11632966500583938,-0.7828715542053076,1.0998065914597408,0.5771489538116135,0.21005529145395715
0.0,-1.1035422012207372,-0.5758604671281757,-0.516031474172179,-1.072410876713667,-0.8239613920047416,0.8216252200579285,-1.1409312119303785,-1.8121185036646748,0.22879613280090308,-1.0203691733134042,1.647174573424831,0.21005529145395715
0.0,-1.1035422012207372,-0.8380833833498678,-0.7571181636042842,-1.072410876713667,-0.924036958054158,0.2193761310662797,-1.7015823293751144,-1.4924206078519708,-0.34929968834550307,-1.0203691733134042,0.7417682799059542,0.21005529145395715
0.0,1.066239655719848,-0.8380833833498678,-0.7571181636042842,-0.3166201808286928,-0.924036958054158,-0.5836226542559186,-1.4821971095054352,-1.0684733981872618,-1.5054913306383153,0.09019908442491001,1.40024558428332,-1.6216823712469601
0.0,-0.8323194691031637,0.4730311977585925,-1.3598348871845471,-1.072410876713667,-1.0241125241035742,-0.249039827038336,-0.6290323655677934,-1.7148191440695142,-1.5777533082816144,-0.6165261704994719,1.3179359212361481,0.21005529145395715
0.0,-1.1035422012207372,0.3419197396477463,-0.8776615083203368,-1.011130550020291,-0.924036958054158,-0.31595639248185253,-0.555903958944567,-2.048416948395829,-0.7828715542053076,-0.5155654197959887,2.1410325517078546,0.21005529145395715
0.0,-0.28987400486801806,-1.10030629957156,-0.516031474172179,-0.9498502233269145,-0.12343242965882807,1.2231246127190276,0.5897744114859804,-0.6132513943669478,-0.4215616659888054,-0.3136439183890222,-0.3282573397072649,0.21005529145395715
0.0,0.2525714593671288,-0.5758604671281757,-0.516031474172179,0.8681328019099157,-0.32358356175766073,-0.18212326159481948,-0.48277555232134056,-0.09895477936384502,-0.9996574871352115,0.6959635886458092,0.7417682799059542,-1.6216823712469601
0.0,-1.1035422012207372,0.3419197396477463,-0.8776615083203368,-1.011130550020291,-0.924036958054158,-0.31595639248185253,-0.555903958944567,-2.048416948395829,-0.7828715542053076,-0.5155654197959887,2.1410325517078546,0.21005529145395715
0.0,-0.8323194691031637,0.4730311977585925,-1.3598348871845471,-1.072410876713667,-1.0241125241035742,-0.249039827038336,-0.6290323655677934,-1.7148191440695142,-1.5777533082816144,-0.6165261704994719,1.3179359212361481,0.21005529145395715
0.0,-1.645987665455884,-1.4936406739040982,-0.7571181636042842,-0.16341936409525204,0.8773232308353338,1.0892914818319945,0.053499429582319936,-0.16497934480343904,2.0353455738834207,0.1911598351283932,0.3302199646701009,0.21005529145395715
0.0,0.1169600933083427,0.21080828153690087,-0.9982048530363895,-0.8681431210690794,-0.8239613920047416,0.9554583509449616,-0.38527101015703863,-1.7426189610966973,-1.5054913306383153,-0.5155654197959887,2.1410325517078546,-1.6216823712469601
0.0,-1.2391535672795233,-0.9691948414607139,-1.3598348871845471,-0.9498502233269145,0.2768698345388365,1.4907908744930938,-0.044005112581981976,-0.14760445916144468,0.9514159092339075,-0.41460466909250543,-0.9044249810374589,1.125924122804416
0.0,1.3374623878374214,-0.5758604671281757,-0.7571181636042842,0.5413043928785755,0.4770209666376692,0.2193761310662797,-0.11713351920520841,1.099912329933882,0.4455820657308038,0.4940420872388428,-0.3282573397072649,0.21005529145395715
0.0,-0.28987400486801806,-1.10030629957156,-0.516031474172179,-0.9498502233269145,-0.12343242965882807,1.2231246127190276,0.5897744114859804,-0.6132513943669478,-0.4215616659888054,-0.3136439183890222,-0.3282573397072649,0.21005529145395715
0.0,0.2525714593671288,1.7841457788670534,-0.8776615083203368,-0.9294234477624558,0.7772476647859181,1.0892914818319945,1.2723062066360937,-0.7279256396041415,-1.3609673753517137,0.6959635886458092,0.6594586168587838,0.21005529145395715
0.0,-0.967930835161951,0.21080828153690087,-0.6365748188882316,-0.3370469563931515,-1.224263656202407,1.4238743090495773,0.07787556512339541,-1.186622620552839,-0.2047757330589015,-0.6165261704994719,1.5648649103776606,-1.6216823712469601
0.0,-0.42548537092680416,0.21080828153690087,0.20722859412413622,-0.561741487602198,-0.2235079957082444,-0.3828729579253691,-0.38527101015703863,-0.9468491986932628,0.6623679986607045,-0.010761666278573195,1.2356262581889779,-1.6216823712469601
0.0,0.1169600933083427,-0.9691948414607139,0.3277719388401882,0.11234210602494142,0.2768698345388365,1.0892914818319945,-0.28776646799273675,-0.18582920757385543,-0.6383475989187061,-0.41460466909250543,0.08329097552858834,-1.6216823712469601
0.0,-0.42548537092680416,0.21080828153690087,0.20722859412413622,-0.561741487602198,-0.2235079957082444,-0.3828729579253691,-0.38527101015703863,-0.9468491986932628,0.6623679986607045,-0.010761666278573195,1.2356262581889779,-1.6216823712469601
0.0,-0.5610967369855903,-0.5758604671281757,-0.033858095307969065,-0.29619340526423393,0.3769454005882529,1.022374916388478,0.46789373378060306,-0.2344788873714165,1.384987775093712,0.6959635886458092,0.4948392907644416,0.21005529145395715
0.0,-0.018651272750444616,-0.4447490090173296,-0.27494478474007433,0.12255549380717076,0.1767942684894202,0.48704239284034584,1.028544851225339,0.26591781911807527,0.4455820657308038,0.7969243393492924,0.000981312481417987,0.21005529145395715
0.0,-0.5610967369855903,0.7352541139802848,-0.1544014400240217,-0.9089966721979972,-0.5237346938564934,-0.048290130707786406,-0.26339033245166127,-1.3325716599455995,-0.9273955094919092,-0.3136439183890222,0.9886972690474667,0.21005529145395715
0.0,-0.967930835161951,0.21080828153690087,-0.6365748188882316,-0.3370469563931515,-1.224263656202407,1.4238743090495773,0.07787556512339541,-1.186622620552839,-0.2047757330589015,-0.6165261704994719,1.5648649103776606,-1.6216823712469601
0.0,-0.28987400486801806,-0.3136375509064838,-0.27494478474007433,1.0111202308611273,-1.624565920400072,-1.5873711359086666,-1.4578209739643597,-0.008605374025489733,-0.4215616659888054,0.6959635886458092,1.8117938995191731,-1.6216823712469601
0.0,0.1169600933083427,0.3419197396477463,-0.27494478474007433,0.37789018836290517,-1.624565920400072,0.01862643473573012,-0.604656230026718,-0.8321749534561076,-1.3609673753517137,-1.1213299240168872,1.40024558428332,0.21005529145395715
0.0,0.1169600933083427,0.21080828153690087,-0.27494478474007433,0.3983169639273642,-1.624565920400072,0.15245956562276317,-0.5802800944856424,-0.849549839098102,-1.4332293529950129,-1.0203691733134042,1.40024558428332,-1.6216823712469601
0.0,-0.15426263880923075,1.5219228626453611,-0.7571181636042842,0.6536516584830988,-0.6238102599059097,0.01862643473573012,-1.116555076389303,-0.6723260055497363,-1.5054913306383153,-1.1213299240168872,1.4825552473304904,0.21005529145395715
0.0,1.6086851199549947,0.21080828153690087,-0.27494478474007433,0.4187437394918229,-1.224263656202407,0.01862643473573012,-0.5315278234034915,-0.6653760512929309,-1.8668012188548175,-0.6165261704994719,1.40024558428332,0.21005529145395715
0.0,-0.42548537092680416,-0.18252609279563764,1.533205386000714,0.2961830861050702,0.5770965326870855,1.1562080472755112,1.2479300710950183,0.6690151660123678,0.08427217751430155,0.4940420872388428,-1.2336636332261417,1.125924122804416
0.0,-0.28987400486801806,-0.05141463468479146,1.6537487307167666,0.2961830861050702,0.4770209666376692,0.888541785501445,1.1991778000128674,0.6829150745259787,0.08427217751430155,0.595002837942326,-1.2336636332261417,1.125924122804416
0.0,0.7950169236022757,0.3419197396477463,-0.516031474172179,0.7864256996520805,-1.0241125241035742,0.5539589582838623,0.029123294041244457,0.43966667553801897,-0.6383475989187061,-0.1117224169820564,0.000981312481417987,0.21005529145395715
0.0,-0.6967081030443776,-0.9691948414607139,-0.395488129456127,-0.1736327518774814,-0.023356863609411745,0.6208755237273789,1.2723062066360937,-0.2761786129122107,0.012010199870999176,-0.1117224169820564,-0.2459476766600931,0.21005529145395715
0.0,-0.967930835161951,0.866365572091131,-0.033858095307969065,0.2961830861050702,0.9773987968847501,1.1562080472755112,1.126049393389641,0.9504883134126997,1.4572497527370145,1.70557109568064,-0.9044249810374589,1.125924122804416
0.0,-1.645987665455884,0.7352541139802848,0.08668524940808357,0.21447598384723526,-0.5237346938564934,-0.6505392196994352,-1.0190505342250011,-0.4012777895345933,0.4455820657308038,0.09019908442491001,0.41252962771727125,0.21005529145395715
0.0,1.2018510217786353,2.57081452753213,-1.7214649213327047,-0.6230218142955743,1.1775499289835827,-1.118955177804051,0.15100397174662183,0.029619374386921023,-0.49382364363210457,0.2921205858318764,0.16560063857576018,0.21005529145395715
0.0,2.6935760484252884,-0.9691948414607139,-0.27494478474007433,-0.2757666296997752,-1.4244147883012392,-0.048290130707786406,-0.4096471456981141,-0.49162719487298717,-1.7945392412115184,-0.1117224169820564,0.4948392907644416,1.125924122804416
0.0,1.2018510217786353,2.57081452753213,-1.7214649213327047,-0.6230218142955743,1.1775499289835827,-1.118955177804051,0.15100397174662183,0.029619374386921023,-0.49382364363210457,0.2921205858318764,0.16560063857576018,0.21005529145395715
0.0,2.6935760484252884,0.0796968234260547,-0.8776615083203368,-0.2757666296997752,-1.8247170524989043,1.1562080472755112,-0.9215459920606991,-0.46382737784576533,-2.300373084714622,0.09019908442491001,0.6594586168587838,1.125924122804416
0.0,-1.3747649333383105,-1.10030629957156,-0.516031474172179,-1.0315573255847497,-0.8239613920047416,-1.7212042667956997,-1.0434266697660766,-1.0128737641328567,0.15653415515760072,0.3930813365353596,0.4948392907644416,0.21005529145395715
0.0,-1.3747649333383105,-1.4936406739040982,-0.033858095307969065,-1.0519841011492084,-0.5237346938564934,-1.386621439578117,-0.4340232812391896,-0.8564997933549074,0.012010199870999176,0.1911598351283932,-0.3282573397072649,0.21005529145395715
0.0,-1.645987665455884,0.7352541139802848,0.08668524940808357,0.21447598384723526,-0.5237346938564934,-0.6505392196994352,-1.0190505342250011,-0.4012777895345933,0.4455820657308038,0.09019908442491001,0.41252962771727125,0.21005529145395715
0.0,-0.967930835161951,0.866365572091131,-0.033858095307969065,0.2961830861050702,0.9773987968847501,1.1562080472755112,1.126049393389641,0.9504883134126997,1.4572497527370145,1.70557109568064,-0.9044249810374589,1.125924122804416
0.0,0.3881828254259149,0.7352541139802848,-0.27494478474007433,0.7251453729587044,-0.12343242965882807,1.892290267154193,1.3454346132593202,0.8983636564867166,-0.49382364363210457,0.09019908442491001,-0.3282573397072649,0.21005529145395715
0.0,-0.8323194691031637,-0.4447490090173296,0.3277719388401882,-1.1541179789715021,0.8773232308353338,-0.7174557851429517,-0.6290323655677934,-0.7765753194017025,1.312725797450413,-0.5155654197959887,0.3302199646701009,-0.7058135398965015
0.0,-1.1035422012207372,-1.624752132014944,-1.842008266048757,-0.1532059763130227,-0.6238102599059097,0.15245956562276317,-0.23901419691058579,-0.03640519105267301,-0.9996574871352115,0.8978850900527745,-0.6574959918959463,0.21005529145395715
0.0,-0.018651272750444616,-0.3136375509064838,-0.395488129456127,0.6434382707008693,-0.023356863609411745,1.4238743090495773,0.49226986932167854,0.7037649372963565,-0.566085621275407,0.2921205858318764,-0.41056700275443525,0.21005529145395715
0.0,-0.15426263880923075,-0.706971925239022,1.894835420148871,1.7260573756171842,0.7772476647859181,-0.249039827038336,1.4185630198825467,1.9408567950064943,-1.722277263568216,2.715178602715471,-1.4805926223676529,0.21005529145395715
0.0,-0.967930835161951,0.4730311977585925,-0.27494478474007433,-0.8681431210690794,-1.1241880901529906,1.022374916388478,0.6385266825681314,-1.506320516365543,1.4572497527370145,-0.5155654197959887,1.7294842364720013,-1.6216823712469601
0.0,0.5237941914847023,1.390811404534515,0.9304886624204514,1.0724005575545033,-1.0241125241035742,-0.048290130707786406,1.8817095951629808,0.8566639309459224,-0.6383475989187061,0.2921205858318764,-0.6574959918959463,0.21005529145395715
0.0,0.5237941914847023,1.390811404534515,0.9304886624204514,1.0724005575545033,-1.0241125241035742,-0.048290130707786406,1.8817095951629808,0.8566639309459224,-0.6383475989187061,0.2921205858318764,-0.6574959918959463,0.21005529145395715
0.0,-0.967930835161951,0.4730311977585925,-0.27494478474007433,-0.8681431210690794,-1.1241880901529906,1.022374916388478,0.6385266825681314,-1.506320516365543,1.4572497527370145,-0.5155654197959887,1.7294842364720013,-1.6216823712469601
0.0,1.066239655719848,0.21080828153690087,2.015378764864924,2.8188898683157277,1.77800332528008,-0.31595639248185253,0.1997562428287728,2.823500985619901,-1.2887053977084146,-0.41460466909250543,-1.7275216115091654,1.125924122804416
0.0,-0.6967081030443776,0.3419197396477463,-0.516031474172179,-0.3370469563931515,1.6779277592306636,-0.4497895233688856,-1.3603164318000578,-1.2074724833232169,0.3733200880875046,0.7969243393492924,1.7294842364720013,-1.6216823712469601
0.0,-0.8323194691031637,0.21080828153690087,-0.516031474172179,-0.41875405865098664,-1.624565920400072,-0.8512889160299848,-0.7752891788142463,-1.6800693727855254,-1.5054913306383153,1.604610344977157,2.058722888660684,-1.6216823712469601
0.0,-0.5610967369855903,0.7352541139802848,-0.6365748188882316,-0.29619340526423393,-0.8239613920047416,-1.118955177804051,-0.3608948746159632,-0.7765753194017025,1.2404638198071105,2.3113355999015384,1.5648649103776606,0.21005529145395715
0.0,-1.3747649333383105,-0.3136375509064838,-0.7571181636042842,0.7557855363053927,-0.32358356175766073,1.892290267154193,0.614150547027056,-0.02945523679586754,1.0236778868772098,0.1911598351283932,0.4948392907644416,0.21005529145395715
0.0,-0.5610967369855903,0.7352541139802848,-0.6365748188882316,-0.29619340526423393,-0.8239613920047416,-1.118955177804051,-0.3608948746159632,-0.7765753194017025,1.2404638198071105,2.3113355999015384,1.5648649103776606,0.21005529145395715
0.0,1.3374623878374214,0.3419197396477463,-0.395488129456127,-0.6536619776422624,0.1767942684894202,0.4201258273968293,-0.48277555232134056,-0.8009001593005023,0.3733200880875046,-1.3232514254238537,0.7417682799059542,1.125924122804416
0.0,-0.8323194691031637,-0.11697036374021454,-0.6365748188882316,-1.0315573255847497,-0.5237346938564934,-0.31595639248185253,-1.2384357540946804,-1.9094178632598742,-0.9996574871352115,1.0998065914597408,1.8941035625663436,-1.6216823712469601
0.0,-0.42548537092680416,-0.3136375509064838,-0.516031474172179,-1.072410876713667,-0.8239613920047416,-0.5836226542559186,-1.3115641607179067,-1.582770013190326,0.4455820657308038,-1.5251729268308196,1.40024558428332,0.21005529145395715
0.0,-0.15426263880923075,1.7841457788670534,-1.2392915424684945,0.500450841749658,0.9773987968847501,-0.7174557851429517,-0.5802800944856424,0.6690151660123678,0.22879613280090308,-0.3136439183890222,-0.9867346440846293,1.125924122804416
0.0,-0.15426263880923075,0.4730311977585925,1.4126620412846613,2.4818480715021587,1.4777766271318318,2.026123398041226,2.1254709505737357,1.989506474804094,-0.566085621275407,0.4940420872388428,-1.2336636332261417,1.125924122804416
0.0,-0.15426263880923075,1.7841457788670534,-1.2392915424684945,0.500450841749658,0.9773987968847501,-0.7174557851429517,-0.5802800944856424,0.6690151660123678,0.22879613280090308,-0.3136439183890222,-0.9867346440846293,1.125924122804416
0.0,-0.018651272750444616,-1.231417757682406,-0.033858095307969065,-1.011130550020291,-0.2235079957082444,0.01862643473573012,-0.7509130432731708,-1.2422222546072055,-0.2047757330589015,1.8065318463841233,1.1533165951418074,1.125924122804416
0.0,0.3881828254259149,-0.18252609279563764,-0.516031474172179,-1.0519841011492084,-0.2235079957082444,-0.249039827038336,-0.6290323655677934,-0.7279256396041415,-0.06025177777229999,0.4940420872388428,0.41252962771727125,1.125924122804416
0.0,-1.2391535672795233,0.0796968234260547,-0.6365748188882316,-0.2757666296997752,-0.7238858259553254,-1.386621439578117,-0.9702982631428501,-1.1310229864984338,-0.6383475989187061,-1.5251729268308196,0.9886972690474667,-1.6216823712469601
0.0,-1.1035422012207372,-1.362529215793252,-1.2392915424684945,-0.9702769988913732,-0.023356863609411745,0.08554300017924665,-0.7509130432731708,-1.1588228035256172,0.3733200880875046,-1.6261336775343027,0.6594586168587838,0.21005529145395715
0.0,-0.15426263880923075,0.4730311977585925,1.4126620412846613,2.5329150104133054,1.4777766271318318,2.026123398041226,2.1254709505737357,1.989506474804094,-0.566085621275407,0.4940420872388428,-1.2336636332261417,1.125924122804416
0.0,-0.28987400486801806,-1.4936406739040982,-0.033858095307969065,-0.07149887405518755,-0.924036958054158,1.6246240053801269,-0.2146380613695103,-0.6653760512929309,0.012010199870999176,2.3113355999015384,1.2356262581889779,-1.6216823712469601
0.0,0.6594055575434884,0.9974770302019772,-0.27494478474007433,0.6230114951364106,1.4777766271318318,-0.048290130707786406,1.0041687156842636,0.5925656691875848,-0.2770377107022039,-0.41460466909250543,-0.16363801361292274,0.21005529145395715
0.0,-1.1035422012207372,-1.231417757682406,-0.395488129456127,0.6842918218297867,0.1767942684894202,-0.11520669615130294,-0.9459221276017746,0.5300160808764128,-0.49382364363210457,-1.2222906747203706,-1.1513539701789715,0.21005529145395715
0.0,-0.15426263880923075,2.7019259856429754,-0.395488129456127,-0.32683356861092216,-0.8239613920047416,-0.3828729579253691,-0.06838124812305746,-1.1379729407552395,0.7346299763040068,-0.21268316768553905,1.9764132256135138,-1.6216823712469601
0.0,-0.28987400486801806,-1.4936406739040982,-0.033858095307969065,-0.07149887405518755,-0.924036958054158,1.6246240053801269,-0.2146380613695103,-0.6653760512929309,0.012010199870999176,2.3113355999015384,1.2356262581889779,-1.6216823712469601
0.0,-0.28987400486801806,-0.706971925239022,-0.395488129456127,-0.20427291522416963,-1.3243392222518229,0.5539589582838623,-0.7509130432731708,-0.9433742215648793,-1.8668012188548175,-0.5155654197959887,0.7417682799059542,-1.6216823712469601
0.0,-0.28987400486801806,-0.706971925239022,-0.395488129456127,-0.20427291522416963,-1.3243392222518229,0.5539589582838623,-0.7509130432731708,-0.9433742215648793,-1.8668012188548175,-0.5155654197959887,0.7417682799059542,-1.6216823712469601
0.0,1.6086851199549947,-0.3136375509064838,1.894835420148871,0.09191533046048254,0.4770209666376692,-1.4535380050216336,-0.06838124812305746,0.8080142511483613,0.3010581104442022,2.210374849198055,-0.49287666580160566,1.125924122804416
0.0,-1.645987665455884,0.9974770302019772,-0.27494478474007433,0.11234210602494142,-0.42365912780707704,-0.7843723505864683,-1.165307347471454,-0.40822774379139876,0.4455820657308038,0.09019908442491001,0.41252962771727125,0.21005529145395715
0.0,0.6594055575434884,-0.4447490090173296,-0.9982048530363895,-1.1132644278425847,-1.1241880901529906,-0.3828729579253691,-1.2384357540946804,-1.5897199674471314,-2.0835871517847213,-1.0203691733134042,1.3179359212361481,0.21005529145395715
0.0,-1.1035422012207372,1.6530343207562073,-2.3241816449129673,-1.0519841011492084,-0.023356863609411745,1.6915405708236433,0.8579119024378107,-0.9364242673080738,-0.9273955094919092,0.3930813365353596,0.000981312481417987,1.125924122804416
0.0,-0.967930835161951,-2.083642235402906,-0.1544014400240217,-1.0315573255847497,-0.5237346938564934,1.3569577436060607,0.1997562428287728,-0.915574404537696,1.601773708023616,-0.717486921202955,0.41252962771727125,-1.6216823712469601
0.0,1.066239655719848,-0.5758604671281757,-0.516031474172179,1.1541076598123385,1.3777010610824154,2.2268730943717756,0.15100397174662183,1.5516593566257741,-1.4332293529950129,-1.8280551789412691,-1.1513539701789715,0.21005529145395715
0.0,-0.018651272750444616,-0.9691948414607139,0.9304886624204514,0.7149319851764749,1.277625495032999,0.4201258273968293,-0.8240414498963973,0.5161161723628019,-1.5054913306383153,0.7969243393492924,-0.08132835056575237,0.21005529145395715
0.0,-0.018651272750444616,-1.231417757682406,0.20722859412413622,-0.8885698966335382,-0.2235079957082444,0.2193761310662797,-0.6290323655677934,-1.3325716599455995,0.3733200880875046,-0.3136439183890222,1.8941035625663436,0.21005529145395715
0.0,-0.8323194691031637,0.4730311977585925,-0.1544014400240217,-0.9702769988913732,-0.7238858259553254,0.35320926195331276,-0.7509130432731708,-1.6314196929879257,0.517844043374103,-0.9194084226099208,1.8941035625663436,-1.6216823712469601
0.0,0.1169600933083427,0.3419197396477463,1.0510320071365034,0.2961830861050702,0.3769454005882529,1.1562080472755112,0.8335357668967353,0.5334910580047962,-0.49382364363210457,0.2921205858318764,-0.8221153179902886,1.125924122804416
0.0,-0.018651272750444616,-0.9691948414607139,0.20722859412413622,-0.9089966721979972,-0.2235079957082444,0.4201258273968293,-0.7021607721910198,-1.3325716599455995,0.4455820657308038,-0.3136439183890222,1.8941035625663436,0.21005529145395715
0.0,-0.018651272750444616,-1.231417757682406,0.20722859412413622,-0.8885698966335382,-0.2235079957082444,0.2193761310662797,-0.6290323655677934,-1.3325716599455995,0.3733200880875046,-0.3136439183890222,1.8941035625663436,0.21005529145395715
0.0,-0.28987400486801806,-0.3136375509064838,-0.6365748188882316,0.8068524752165396,0.4770209666376692,1.2900411781625443,2.003590272868358,1.2458613693266425,-1.0719194647785106,-0.3136439183890222,-1.4805926223676529,1.125924122804416
0.0,-0.28987400486801806,-1.362529215793252,0.44831528355624084,-1.072410876713667,-1.1241880901529906,-0.5167060888124021,-1.067802805307152,-1.735669006839892,0.3010581104442022,-1.4242121761273363,2.1410325517078546,-1.6216823712469601
0.0,1.066239655719848,-0.5758604671281757,-0.516031474172179,1.1541076598123385,1.3777010610824154,2.2268730943717756,0.15100397174662183,1.5516593566257741,-1.4332293529950129,-1.8280551789412691,-1.1513539701789715,0.21005529145395715
0.0,-0.018651272750444616,-0.9691948414607139,0.9304886624204514,0.7149319851764749,1.277625495032999,0.4201258273968293,-0.8240414498963973,0.5161161723628019,-1.5054913306383153,0.7969243393492924,-0.08132835056575237,0.21005529145395715
0.0,-0.15426263880923075,-1.362529215793252,0.44831528355624084,-0.8885698966335382,0.2768698345388365,-0.7174557851429517,-0.14150965474628388,-0.34567815548022673,0.8068919539473061,1.0998065914597408,-0.08132835056575237,0.21005529145395715
0.0,-0.42548537092680416,0.4730311977585925,-0.6365748188882316,-0.4800343853443629,-0.42365912780707704,0.15245956562276317,-0.9702982631428501,-1.2422222546072055,0.08427217751430155,1.2007673421632241,1.647174573424831,-1.6216823712469601
0.0,-0.42548537092680416,-0.5758604671281757,-1.600921576616652,-1.072410876713667,2.178305589477745,0.08554300017924665,1.3210584777182448,-0.30050345281101054,-0.9996574871352115,0.1911598351283932,-0.9044249810374589,0.21005529145395715
0.0,-0.8323194691031637,1.259699946423669,1.533205386000714,0.8272792507809983,1.77800332528008,-0.8512889160299848,1.1504255289307164,1.1381370783462927,0.8791539315906084,0.7969243393492924,-0.6574959918959463,0.21005529145395715
0.0,-0.8323194691031637,1.390811404534515,-0.9982048530363895,-0.051072098490728864,-1.0241125241035742,-1.0520386123605343,-1.2384357540946804,-1.5619201504199482,-1.0719194647785106,-2.2318981817552013,2.305651877802197,-1.6216823712469601
0.0,1.066239655719848,0.6041426558694387,-0.9982048530363895,-0.9294234477624558,-0.5237346938564934,0.2862926965097962,0.32163692053415016,-0.8808246332537073,-0.9996574871352115,-0.41460466909250543,0.9886972690474667,-1.6216823712469601
0.0,-0.8323194691031637,1.259699946423669,1.533205386000714,0.8272792507809983,1.77800332528008,-0.8512889160299848,1.1504255289307164,1.1381370783462927,0.8791539315906084,0.7969243393492924,-0.6574959918959463,0.21005529145395715
0.0,-1.2391535672795233,0.7352541139802848,-0.516031474172179,-0.3370469563931515,-0.32358356175766073,-0.048290130707786406,-1.0434266697660766,-1.457670836567982,0.22879613280090308,0.8978850900527745,2.058722888660684,-1.6216823712469601
0.0,-0.42548537092680416,0.4730311977585925,-0.6365748188882316,-0.4800343853443629,-0.42365912780707704,0.15245956562276317,-0.9702982631428501,-1.2422222546072055,0.08427217751430155,1.2007673421632241,1.647174573424831,-1.6216823712469601
0.0,-1.3747649333383105,-0.5758604671281757,-0.27494478474007433,-1.072410876713667,0.4770209666376692,0.08554300017924665,-0.14150965474628388,-0.6375762342657476,0.517844043374103,-0.3136439183890222,-0.16363801361292274,1.125924122804416
0.0,-1.9172103975734562,2.4397030694212836,-0.6365748188882316,0.010208228202647584,-0.924036958054158,-0.9851220469170178,-0.8484175854374727,-1.5271703791359594,0.22879613280090308,-2.130937431051718,2.305651877802197,-1.6216823712469601
0.0,-0.967930835161951,1.259699946423669,-0.7571181636042842,0.36767680058067603,-0.7238858259553254,-1.386621439578117,-1.1896834830125294,-1.2248473689652113,-0.9273955094919092,-2.130937431051718,1.9764132256135138,-1.6216823712469601
0.0,-0.8323194691031637,1.390811404534515,-0.9982048530363895,-0.051072098490728864,-1.0241125241035742,-1.0520386123605343,-1.2384357540946804,-1.5619201504199482,-1.0719194647785106,-2.2318981817552013,2.305651877802197,-1.6216823712469601
0.0,0.9306282896610618,-0.706971925239022,-0.033858095307969065,-0.3166201808286928,1.3777010610824154,0.2862926965097962,-0.5802800944856424,0.03309435151530447,-0.566085621275407,0.3930813365353596,-0.3282573397072649,-1.6216823712469601
0.0,0.1169600933083427,0.21080828153690087,0.08668524940808357,-1.0519841011492084,-0.32358356175766073,-1.252788308691084,-0.9459221276017746,-1.1935725748096444,-0.8551335318486101,-0.9194084226099208,0.9063876060002949,0.21005529145395715
0.0,-0.42548537092680416,-0.5758604671281757,-1.600921576616652,-1.072410876713667,2.178305589477745,0.08554300017924665,1.3210584777182448,-0.30050345281101054,-0.9996574871352115,0.1911598351283932,-0.9044249810374589,0.21005529145395715
0.0,1.3374623878374214,-0.8380833833498678,-1.4803782319005994,-1.011130550020291,-0.6238102599059097,-0.6505392196994352,-1.3115641607179067,-1.0267736726464678,-1.144181442421813,-0.21268316768553905,0.9063876060002949,0.21005529145395715
0.0,-0.15426263880923075,0.21080828153690087,-0.1544014400240217,0.21447598384723526,-0.12343242965882807,-1.8550373976827328,-1.3603164318000578,-0.44992746933219296,-1.0719194647785106,-0.1117224169820564,0.6594586168587838,-1.6216823712469601
0.0,1.066239655719848,0.6041426558694387,-0.9982048530363895,-0.9294234477624558,-0.5237346938564934,0.2862926965097962,0.32163692053415016,-0.8808246332537073,-0.9996574871352115,-0.41460466909250543,0.9886972690474667,-1.6216823712469601
0.0,1.6086851199549947,-0.8380833833498678,1.4126620412846613,-1.092837652278126,1.4777766271318318,-0.7174557851429517,-0.6290323655677934,-0.783525273658508,-0.7106095765620085,-1.6261336775343027,0.4948392907644416,0.21005529145395715
0.0,-1.1035422012207372,0.21080828153690087,-0.6365748188882316,1.8690448045683956,-0.6238102599059097,-0.249039827038336,-0.06838124812305746,0.08521900844128757,0.012010199870999176,-0.41460466909250543,1.9764132256135138,-1.6216823712469601
0.0,-1.1035422012207372,0.21080828153690087,-0.6365748188882316,1.8690448045683956,-0.6238102599059097,-0.249039827038336,-0.06838124812305746,0.08521900844128757,0.012010199870999176,-0.41460466909250543,1.9764132256135138,-1.6216823712469601
0.0,-0.15426263880923075,-0.3136375509064838,0.44831528355624084,0.4187437394918229,-0.023356863609411745,0.48704239284034584,-0.3365187390748877,0.31109252178725294,1.0959398645205092,0.3930813365353596,0.24791030162293054,0.21005529145395715
0.0,-0.6967081030443776,-0.5758604671281757,-0.516031474172179,-0.8068627943757032,-0.023356863609411745,0.2193761310662797,-0.8484175854374727,-1.339521614202405,-0.34929968834550307,-1.1213299240168872,0.8240779429531245,-1.6216823712469601
0.0,-1.1035422012207372,-0.3136375509064838,-0.516031474172179,-0.49024777312659223,-0.42365912780707704,1.75845713626716,-0.06838124812305746,-0.8252249991993021,0.8068919539473061,0.595002837942326,0.5771489538116135,-1.6216823712469601
0.0,-0.5610967369855903,0.4730311977585925,0.44831528355624084,-0.8885698966335382,0.9773987968847501,-1.118955177804051,0.10225170066447088,-0.38390290389259896,1.384987775093712,0.4940420872388428,-0.08132835056575237,0.21005529145395715
0.0,-0.967930835161951,0.866365572091131,-0.27494478474007433,-0.6843021409889506,-0.6238102599059097,-0.31595639248185253,-0.31214260353381224,-1.6036198759607425,0.8791539315906084,-0.8184476719064376,2.058722888660684,-1.6216823712469601
0.0,-1.1035422012207372,0.21080828153690087,-0.6365748188882316,1.8690448045683956,-0.6238102599059097,-0.249039827038336,-0.06838124812305746,0.08521900844128757,0.012010199870999176,-0.41460466909250543,1.9764132256135138,-1.6216823712469601
0.0,-0.15426263880923075,-0.3136375509064838,0.44831528355624084,0.4187437394918229,-0.023356863609411745,0.48704239284034584,-0.3365187390748877,0.31109252178725294,1.0959398645205092,0.3930813365353596,0.24791030162293054,0.21005529145395715
0.0,-0.15426263880923075,0.3419197396477463,1.533205386000714,1.6239234977948902,1.1775499289835827,-0.31595639248185253,1.0772971223074899,1.6871834646333457,-0.34929968834550307,0.8978850900527745,-1.2336636332261417,1.125924122804416
0.0,0.1169600933083427,0.866365572091131,-0.1544014400240217,-0.43918083421544535,-0.2235079957082444,-0.9182054814735013,-1.067802805307152,-1.4715707450815543,-0.06025177777229999,-0.010761666278573195,2.305651877802197,-1.6216823712469601
0.0,-0.42548537092680416,-1.362529215793252,0.20722859412413622,-1.011130550020291,-1.3243392222518229,-0.3828729579253691,-0.09275738366413293,-0.9572741300784903,1.0236778868772098,1.604610344977157,0.7417682799059542,-1.6216823712469601
0.0,-1.1035422012207372,-0.8380833833498678,-0.033858095307969065,-0.6843021409889506,-1.1241880901529906,-0.5836226542559186,-0.4583994167802651,-0.8669247247400964,1.384987775093712,2.0084533477910895,0.4948392907644416,-1.6216823712469601
0.0,0.9306282896610618,0.866365572091131,-0.516031474172179,-0.29619340526423393,-0.023356863609411745,-0.9182054814735013,0.4435175982395276,0.005294534488121194,1.2404638198071105,0.8978850900527745,0.24791030162293054,0.21005529145395715
0.0,0.3881828254259149,1.259699946423669,-0.516031474172179,-0.8068627943757032,-0.6238102599059097,0.01862643473573012,-0.5315278234034915,-1.5549701961631428,0.012010199870999176,-0.41460466909250543,2.3879615408493673,-1.6216823712469601
0.0,-0.15426263880923075,0.3419197396477463,1.533205386000714,1.6239234977948902,1.1775499289835827,-0.31595639248185253,1.0772971223074899,1.6871834646333457,-0.34929968834550307,0.8978850900527745,-1.2336636332261417,1.125924122804416
0.0,-0.5610967369855903,-0.05141463468479146,-0.8776615083203368,0.8885595774743743,0.3769454005882529,2.0930399634847427,1.028544851225339,0.773264479864334,-0.13251375541560237,0.6959635886458092,-0.575186328848776,0.21005529145395715
0.0,0.2525714593671288,-0.5758604671281757,-0.9982048530363895,0.9498399041677508,-0.12343242965882807,2.6952890524763915,0.7360312247324333,0.4327167212812135,-1.5054913306383153,0.7969243393492924,-0.08132835056575237,0.21005529145395715
0.0,-0.42548537092680416,-0.9691948414607139,-0.516031474172179,-1.011130550020291,0.3769454005882529,-0.8512889160299848,-1.1409312119303785,-1.2005225290664114,-0.06025177777229999,0.2921205858318764,0.9063876060002949,-1.6216823712469601
0.0,-0.6967081030443776,-0.706971925239022,-0.1544014400240217,-1.0519841011492084,0.07671870244000388,-0.31595639248185253,-0.48277555232134056,-0.783525273658508,2.179869529170022,2.0084533477910895,0.3302199646701009,0.21005529145395715
0.0,1.4730737538962086,1.1285884883128225,-0.516031474172179,1.3379486398924674,-1.0241125241035742,-1.4535380050216336,-1.7990868715394164,-0.22057897885784417,-1.4332293529950129,-0.5155654197959887,1.9764132256135138,0.21005529145395715
0.0,1.2018510217786353,1.5219228626453611,-1.1187481977524418,0.9089863530388335,-1.224263656202407,-0.4497895233688856,-1.0190505342250011,-0.7626754108881302,-1.8668012188548175,-0.717486921202955,2.4702712038965378,0.21005529145395715
0.0,-0.018651272750444616,-0.9691948414607139,0.08668524940808357,-1.0315573255847497,-1.1241880901529906,-0.8512889160299848,-1.2140596185536048,-1.377746362614777,-0.7828715542053076,1.4026888435701905,1.40024558428332,-1.6216823712469601
0.0,0.5237941914847023,0.866365572091131,0.20722859412413622,-0.8885698966335382,0.1767942684894202,1.75845713626716,0.8335357668967353,-1.5167454477507707,0.4455820657308038,0.4940420872388428,2.2233422147550264,-1.6216823712469601
0.0,-0.28987400486801806,0.3419197396477463,-0.395488129456127,-0.9294234477624558,-0.6238102599059097,0.2193761310662797,-0.8484175854374727,-1.9615425201858572,-0.7828715542053076,-0.6165261704994719,2.552580866943708,-1.6216823712469601
0.0,0.9306282896610618,-0.8380833833498678,1.0510320071365034,-1.0519841011492084,0.7772476647859181,-0.5836226542559186,-0.14150965474628388,-0.8703997018684798,0.012010199870999176,0.3930813365353596,0.41252962771727125,1.125924122804416
0.0,-1.2391535672795233,-0.4447490090173296,-0.9982048530363895,-0.5208879364732805,-0.42365912780707704,1.75845713626716,0.3703891916163011,-0.849549839098102,0.8791539315906084,0.1911598351283932,0.5771489538116135,-1.6216823712469601
0.0,-0.28987400486801806,0.7352541139802848,1.0510320071365034,0.17362243271831768,0.5770965326870855,1.3569577436060607,1.0041687156842636,0.5334910580047962,0.08427217751430155,-0.21268316768553905,-0.9867346440846293,1.125924122804416
0.0,-2.0528217636322434,1.259699946423669,-0.6365748188882316,-0.010218547361811292,-1.4244147883012392,0.35320926195331276,-0.11713351920520841,-0.6862259140633472,1.312725797450413,-0.8184476719064376,0.8240779429531245,0.21005529145395715
0.0,-2.0528217636322434,1.259699946423669,-0.6365748188882316,-0.010218547361811292,-1.4244147883012392,0.35320926195331276,-0.11713351920520841,-0.6862259140633472,1.312725797450413,-0.8184476719064376,0.8240779429531245,0.21005529145395715
0.0,1.066239655719848,-0.4447490090173296,-0.395488129456127,0.45959729062074034,1.0774743629341665,2.026123398041226,0.22413237836984828,0.8566639309459224,-0.566085621275407,-1.6261336775343027,-0.6574959918959463,0.21005529145395715
0.0,0.3881828254259149,1.1285884883128225,-0.6365748188882316,-0.6638753654244918,-0.8239613920047416,-0.4497895233688856,-0.06838124812305746,-1.4368209737975657,0.517844043374103,-1.0203691733134042,2.058722888660684,-1.6216823712469601
0.0,0.5237941914847023,0.6041426558694387,0.3277719388401882,0.17362243271831768,0.3769454005882529,0.6877920891708954,1.0041687156842636,0.5786657606740124,-0.34929968834550307,0.4940420872388428,-0.7398056549431182,1.125924122804416
0.0,-0.5610967369855903,0.21080828153690087,1.4126620412846613,0.1531956571538588,0.5770965326870855,0.9554583509449616,1.028544851225339,0.5022162638492296,-0.2770377107022039,-0.010761666278573195,-1.1513539701789715,1.125924122804416
0.0,-0.28987400486801806,-0.5758604671281757,-0.27494478474007433,1.7056306000527253,0.2768698345388365,1.022374916388478,-0.0196289770409065,1.113812238447493,-0.34929968834550307,-1.1213299240168872,0.000981312481417987,0.21005529145395715
0.0,0.5237941914847023,0.6041426558694387,0.3277719388401882,0.17362243271831768,0.3769454005882529,0.6877920891708954,1.0041687156842636,0.5786657606740124,-0.34929968834550307,0.4940420872388428,-0.7398056549431182,1.125924122804416
0.0,-0.5610967369855903,0.21080828153690087,1.4126620412846613,0.1531956571538588,0.5770965326870855,0.9554583509449616,1.028544851225339,0.5022162638492296,-0.2770377107022039,-0.010761666278573195,-1.1513539701789715,1.125924122804416
0.0,0.5237941914847023,-0.3136375509064838,-0.516031474172179,-0.9089966721979972,-1.0241125241035742,-0.31595639248185253,-1.0921789408482274,-0.8460748619697186,-0.6383475989187061,-0.9194084226099208,0.24791030162293054,0.21005529145395715
0.0,-0.42548537092680416,0.21080828153690087,-0.8776615083203368,-0.3166201808286928,-1.3243392222518229,1.2900411781625443,-0.2146380613695103,-1.0754233524440673,-0.13251375541560237,-0.41460466909250543,1.3179359212361481,-1.6216823712469601
0.0,0.5237941914847023,0.0796968234260547,-0.1544014400240217,-1.0519841011492084,-1.1241880901529906,-0.5167060888124021,-1.3846925673411332,-1.7078691898127087,-1.144181442421813,-1.5251729268308196,1.7294842364720013,0.21005529145395715
0.0,1.3374623878374214,0.21080828153690087,-0.8776615083203368,-0.6025950387311155,-1.8247170524989043,-0.5167060888124021,-0.9215459920606991,-1.4750457222099764,-1.5054913306383153,-1.1213299240168872,1.9764132256135138,0.21005529145395715
0.0,1.7442964860137808,-0.05141463468479146,-0.6365748188882316,-0.41875405865098664,-1.224263656202407,0.5539589582838623,-0.3365187390748877,-0.5958765087249533,-0.2047757330589015,-1.5251729268308196,0.4948392907644416,0.21005529145395715
0.0,-0.28987400486801806,-0.4447490090173296,0.5688586282722935,0.43917051505628163,-0.6238102599059097,0.754708654614412,0.3947653271573766,0.6690151660123678,0.08427217751430155,-0.010761666278573195,-0.9867346440846293,0.21005529145395715
0.0,-1.1035422012207372,0.866365572091131,-1.4803782319005994,-0.9294234477624558,-1.1241880901529906,0.9554583509449616,0.5410221404038295,-0.6723260055497363,1.601773708023616,0.4940420872388428,0.3302199646701009,0.21005529145395715
0.0,-1.1035422012207372,0.866365572091131,-1.4803782319005994,-0.9294234477624558,-1.1241880901529906,0.9554583509449616,0.5410221404038295,-0.6723260055497363,1.601773708023616,0.4940420872388428,0.3302199646701009,0.21005529145395715
0.0,0.6594055575434884,-0.8380833833498678,-0.395488129456127,2.6861158271467462,-0.32358356175766073,2.293789659815292,2.4423607126077167,2.270979622204426,-0.6383475989187061,-0.010761666278573195,-1.1513539701789715,0.21005529145395715
0.0,-0.28987400486801806,-0.4447490090173296,0.5688586282722935,0.43917051505628163,-0.6238102599059097,0.754708654614412,0.3947653271573766,0.6690151660123678,0.08427217751430155,-0.010761666278573195,-0.9867346440846293,0.21005529145395715
0.0,0.6594055575434884,-0.8380833833498678,-0.395488129456127,2.767822929404581,-0.32358356175766073,2.293789659815292,2.4423607126077167,2.270979622204426,-0.6383475989187061,-0.010761666278573195,-1.1513539701789715,0.21005529145395715
0.0,-0.8323194691031637,2.7019259856429754,-1.600921576616652,0.3983169639273642,-1.3243392222518229,-0.7174557851429517,0.12662783620554635,-0.6375762342657476,0.22879613280090308,-0.3136439183890222,1.40024558428332,0.21005529145395715
0.0,-1.1035422012207372,0.866365572091131,-1.4803782319005994,-0.9294234477624558,-1.1241880901529906,0.9554583509449616,0.5410221404038295,-0.6723260055497363,1.601773708023616,0.4940420872388428,0.3302199646701009,0.21005529145395715
0.0,0.5237941914847023,-1.624752132014944,-0.033858095307969065,-1.072410876713667,-2.0248681845977368,0.888541785501445,-0.507151687862416,-0.5750266459545755,-1.0719194647785106,1.9074925970876064,-0.49287666580160566,0.21005529145395715
0.0,-1.5103762993970966,-0.5758604671281757,-1.2392915424684945,2.103952723559671,0.1767942684894202,0.2862926965097962,-0.6534085011088689,1.6385337848357846,0.3733200880875046,-0.010761666278573195,-1.3159732962733122,0.21005529145395715
0.0,-1.5103762993970966,-0.5758604671281757,-1.2392915424684945,2.103952723559671,0.1767942684894202,0.2862926965097962,-0.6534085011088689,1.6385337848357846,0.3733200880875046,-0.010761666278573195,-1.3159732962733122,0.21005529145395715
0.0,-1.5103762993970966,-0.5758604671281757,-1.2392915424684945,2.103952723559671,0.1767942684894202,0.2862926965097962,-0.6534085011088689,1.6385337848357846,0.3733200880875046,-0.010761666278573195,-1.3159732962733122,0.21005529145395715
0.0,1.7442964860137808,-0.8380833833498678,-0.516031474172179,-1.1132644278425847,-1.9247926185483206,0.9554583509449616,-1.2140596185536048,-1.1171230779848615,-1.93906319649812,-1.2222906747203706,0.41252962771727125,0.21005529145395715
0.0,-1.3747649333383105,-1.624752132014944,-2.0830949554808624,-0.051072098490728864,-0.023356863609411745,-0.5167060888124021,-0.3365187390748877,-0.07462993946508376,-0.9273955094919092,1.2007673421632241,-0.575186328848776,0.21005529145395715
0.0,1.7442964860137808,-0.8380833833498678,-0.516031474172179,-1.1132644278425847,-1.9247926185483206,0.9554583509449616,-1.2140596185536048,-1.1171230779848615,-1.93906319649812,-1.2222906747203706,0.41252962771727125,0.21005529145395715
0.0,-1.5103762993970966,-0.5758604671281757,-1.2392915424684945,2.103952723559671,0.1767942684894202,0.2862926965097962,-0.6534085011088689,1.6385337848357846,0.3733200880875046,-0.010761666278573195,-1.3159732962733122,0.21005529145395715
0.0,0.9306282896610618,0.9974770302019772,-0.9982048530363895,-0.510674548691051,-1.1241880901529906,-1.9888705285697659,-2.5059948022306053,-0.992023901362479,-1.2887053977084146,-1.2222906747203706,0.9886972690474667,-0.7058135398965015
0.0,0.2525714593671288,2.8330374437538213,-2.44472498962902,-0.37790050752206905,0.7772476647859181,-0.7843723505864683,-1.2384357540946804,0.050469237157298834,-2.3726350623579244,-1.3232514254238537,-1.3159732962733122,1.125924122804416
0.0,1.066239655719848,1.390811404534515,0.20722859412413622,-0.6434485898600331,-1.4244147883012392,0.48704239284034584,0.614150547027056,-1.2283223460936332,-1.2887053977084146,-1.5251729268308196,1.4825552473304904,0.21005529145395715
0.0,0.2525714593671288,2.8330374437538213,-2.44472498962902,-0.37790050752206905,0.7772476647859181,-0.7843723505864683,-1.2384357540946804,0.050469237157298834,-2.3726350623579244,-1.3232514254238537,-1.3159732962733122,1.125924122804416
0.0,1.6086851199549947,-0.18252609279563764,-0.6365748188882316,0.6842918218297867,-0.6238102599059097,-1.3197048741346005,-1.2628118896357559,0.07826905418452068,-1.4332293529950129,-1.2222906747203706,0.4948392907644416,0.21005529145395715
0.0,1.066239655719848,1.5219228626453611,-0.516031474172179,-0.43918083421544535,-1.3243392222518229,-1.8550373976827328,-0.604656230026718,-1.1240730322416284,-1.3609673753517137,-0.717486921202955,1.647174573424831,0.21005529145395715
0.0,0.1169600933083427,-0.05141463468479146,-0.6365748188882316,-0.43918083421544535,-1.1241880901529906,-0.9851220469170178,-1.3846925673411332,-1.0232986955180456,-0.49382364363210457,-0.9194084226099208,0.7417682799059542,0.21005529145395715
0.0,1.3374623878374214,-1.4936406739040982,0.20722859412413622,-1.072410876713667,-0.7238858259553254,-0.249039827038336,-1.067802805307152,-0.9989738556192844,-0.8551335318486101,2.4122963506050215,0.5771489538116135,-1.6216823712469601
0.0,1.6086851199549947,-0.18252609279563764,-0.6365748188882316,0.6842918218297867,-0.6238102599059097,-1.3197048741346005,-1.2628118896357559,0.07826905418452068,-1.4332293529950129,-1.2222906747203706,0.4948392907644416,0.21005529145395715
0.0,0.1169600933083427,-0.05141463468479146,-0.6365748188882316,-0.43918083421544535,-1.1241880901529906,-0.9851220469170178,-1.3846925673411332,-1.0232986955180456,-0.49382364363210457,-0.9194084226099208,0.7417682799059542,0.21005529145395715
0.0,1.066239655719848,1.5219228626453611,-0.516031474172179,-0.43918083421544535,-1.3243392222518229,-1.8550373976827328,-0.604656230026718,-1.1240730322416284,-1.3609673753517137,-0.717486921202955,1.647174573424831,0.21005529145395715
0.0,1.3374623878374214,0.6041426558694387,0.9304886624204514,-0.9702769988913732,-1.5244903543506556,-0.9851220469170178,-1.2140596185536048,-0.9503241758216847,-0.2770377107022039,-0.010761666278573195,1.0710069320946372,0.21005529145395715
0.0,1.7442964860137808,-1.231417757682406,-1.3598348871845471,-0.9702769988913732,-0.6238102599059097,-0.7174557851429517,-0.4340232812391896,0.04351928290049337,-0.06025177777229999,0.3930813365353596,-0.41056700275443525,0.21005529145395715
0.0,-0.018651272750444616,-1.10030629957156,-0.516031474172179,-1.072410876713667,-1.5244903543506556,-0.18212326159481948,-0.604656230026718,-1.0232986955180456,-0.2770377107022039,-0.3136439183890222,0.3302199646701009,-1.6216823712469601
0.0,0.7950169236022757,0.21080828153690087,0.44831528355624084,1.6852038244882661,0.5770965326870855,0.01862643473573012,0.5897744114859804,1.0304127873659046,-0.34929968834550307,0.7969243393492924,0.000981312481417987,1.125924122804416
0.0,0.6594055575434884,-0.4447490090173296,-0.6365748188882316,-0.7660092432467857,-0.7238858259553254,0.2862926965097962,-0.4096471456981141,-0.8530248162264854,-1.0719194647785106,1.0998065914597408,0.5771489538116135,-1.6216823712469601
0.0,-0.15426263880923075,-0.5758604671281757,-1.2392915424684945,-1.0519841011492084,-0.42365912780707704,-1.9888705285697659,-0.31214260353381224,-0.992023901362479,-0.6383475989187061,-1.1213299240168872,0.4948392907644416,-0.7058135398965015
0.0,0.7950169236022757,-0.18252609279563764,-0.516031474172179,0.18383582050054703,-1.4244147883012392,-1.386621439578117,-1.433444838423284,-0.5055271033865595,-1.7945392412115184,-1.1213299240168872,0.7417682799059542,-1.6216823712469601
0.0,0.9306282896610618,0.4730311977585925,-1.3598348871845471,0.04084839154933562,-1.624565920400072,-0.11520669615130294,0.15100397174662183,-0.4846772406161817,-1.93906319649812,-1.3232514254238537,0.41252962771727125,1.125924122804416
0.0,0.5237941914847023,-0.05141463468479146,-0.9982048530363895,0.13276888158940012,-1.9247926185483206,-1.0520386123605343,-0.16588579028735936,-0.7209756853473359,-0.34929968834550307,0.09019908442491001,1.8117938995191731,-1.6216823712469601
0.0,-0.6967081030443776,0.7352541139802848,-0.033858095307969065,-0.9907037744558321,-0.5237346938564934,-1.52045457046515,-1.4821971095054352,-1.3568964998443993,0.8068919539473061,-0.21268316768553905,1.40024558428332,0.21005529145395715
0.0,1.2018510217786353,-0.3136375509064838,-0.27494478474007433,-1.011130550020291,-0.12343242965882807,-1.3197048741346005,-0.8484175854374727,-0.3248282927098104,0.517844043374103,0.4940420872388428,-0.16363801361292274,0.21005529145395715
0.0,0.7950169236022757,-0.18252609279563764,-0.516031474172179,0.18383582050054703,-1.4244147883012392,-1.386621439578117,-1.433444838423284,-0.5055271033865595,-1.7945392412115184,-1.1213299240168872,0.7417682799059542,-1.6216823712469601
0.0,0.2525714593671288,-0.3136375509064838,0.3277719388401882,-1.092837652278126,-1.0241125241035742,0.48704239284034584,-0.7996653143553217,-1.3742713854863937,-0.2047757330589015,-1.1213299240168872,0.9063876060002949,-1.6216823712469601
0.0,-1.3747649333383105,0.21080828153690087,-0.516031474172179,-0.43918083421544535,0.1767942684894202,1.1562080472755112,0.516646004862754,-0.6375762342657476,1.1682018421638114,-0.41460466909250543,0.08329097552858834,-1.6216823712469601
0.0,-0.28987400486801806,-0.9691948414607139,0.3277719388401882,-0.9907037744558321,-0.5237346938564934,0.15245956562276317,-0.7265369077320953,-1.3117217971751831,-0.06025177777229999,2.0084533477910895,1.1533165951418074,-1.6216823712469601
0.0,-0.5610967369855903,0.21080828153690087,0.44831528355624084,-1.0315573255847497,1.0774743629341665,-0.4497895233688856,1.1991778000128674,-0.5993514858533369,0.8791539315906084,-0.3136439183890222,0.16560063857576018,1.125924122804416
0.0,-1.645987665455884,0.21080828153690087,-0.6365748188882316,-0.5004611609088216,0.07671870244000388,1.1562080472755112,0.516646004862754,-0.630626280008942,1.1682018421638114,-0.41460466909250543,0.08329097552858834,-1.6216823712469601
0.0,-1.645987665455884,0.21080828153690087,-0.516031474172179,-0.43918083421544535,0.1767942684894202,1.1562080472755112,0.516646004862754,-0.6375762342657476,1.1682018421638114,-0.41460466909250543,0.08329097552858834,-1.6216823712469601
0.0,-0.018651272750444616,-0.9691948414607139,-0.033858095307969065,0.25532953497615263,0.6771720987365019,0.15245956562276317,-0.7265369077320953,-0.17887925331704996,-0.49382364363210457,-0.41460466909250543,0.08329097552858834,-1.6216823712469601
0.0,0.5237941914847023,-1.362529215793252,-0.395488129456127,-1.092837652278126,-1.1241880901529906,0.35320926195331276,-0.3365187390748877,-1.47852069933836,-0.49382364363210457,-0.8184476719064376,1.2356262581889779,-1.6216823712469601
0.0,-0.28987400486801806,-1.231417757682406,-0.516031474172179,-1.072410876713667,-0.8239613920047416,1.3569577436060607,-0.7021607721910198,-1.5445452647779538,-1.3609673753517137,0.3930813365353596,1.0710069320946372,-1.6216823712469601
0.0,-0.28987400486801806,-0.9691948414607139,-0.516031474172179,1.1132541086834211,-0.023356863609411745,1.2900411781625443,0.004747158500168979,0.37711708722684695,-0.06025177777229999,-1.1213299240168872,0.16560063857576018,0.21005529145395715
0.0,-0.28987400486801806,1.6530343207562073,0.6894019729883462,0.6842918218297867,1.0774743629341665,0.9554583509449616,2.1742232216558866,1.4022353401046304,0.8068919539473061,0.8978850900527745,-0.9867346440846293,0.21005529145395715
0.0,-0.018651272750444616,-1.8869750482366363,-0.27494478474007433,1.3379486398924674,0.6771720987365019,-0.18212326159481948,-1.1896834830125294,0.9400633820275107,0.08427217751430155,-1.3232514254238537,-0.575186328848776,0.21005529145395715
0.0,-0.28987400486801806,0.4074754687031694,-0.9982048530363895,-0.9702769988913732,-0.32358356175766073,-0.3828729579253691,0.07787556512339541,-0.2761786129122107,1.1682018421638114,1.3017280928667072,-0.16363801361292274,-1.6216823712469601
0.0,-0.28987400486801806,-0.05141463468479146,-0.9982048530363895,0.17362243271831768,-0.42365912780707704,-0.4497895233688856,0.004747158500168979,0.4744164468220077,1.1682018421638114,1.2007673421632241,-0.16363801361292274,0.21005529145395715
0.0,0.2525714593671288,0.7352541139802848,-0.6365748188882316,0.1531956571538588,-1.5244903543506556,0.15245956562276317,-0.3608948746159632,-0.7592004337597081,-0.2770377107022039,1.2007673421632241,1.647174573424831,-1.6216823712469601
0.0,0.7950169236022757,1.259699946423669,-1.1187481977524418,-0.9089966721979972,-2.525246014844818,-0.249039827038336,-1.6528300582929634,-1.610569830217548,-1.8668012188548175,-1.2222906747203706,1.5648649103776606,0.21005529145395715
0.0,-0.15426263880923075,1.1285884883128225,1.894835420148871,0.500450841749658,1.3777010610824154,0.01862643473573012,0.7360312247324333,0.8497139766891555,-1.0719194647785106,-0.1117224169820564,-0.9867346440846293,1.125924122804416
0.0,-0.5610967369855903,1.5219228626453611,-0.9982048530363895,0.17362243271831768,0.4770209666376692,0.4201258273968293,0.34601305607522564,0.7663145256075671,-0.566085621275407,1.2007673421632241,-1.1513539701789715,1.125924122804416
0.0,-0.018651272750444616,-1.624752132014944,-1.7214649213327047,-1.011130550020291,0.4770209666376692,-0.31595639248185253,-1.1409312119303785,-0.7626754108881302,0.5901060210174053,0.595002837942326,0.4948392907644416,0.21005529145395715
0.0,0.2525714593671288,-1.362529215793252,-0.8776615083203368,1.6239234977948902,0.1767942684894202,-0.5167060888124021,0.2972607849930747,1.4474100427738081,-2.011325174141419,-0.21268316768553905,-1.1513539701789715,0.21005529145395715
0.0,0.2525714593671288,-1.362529215793252,-0.8776615083203368,1.6239234977948902,0.1767942684894202,-0.5167060888124021,0.2972607849930747,1.4474100427738081,-2.011325174141419,-0.21268316768553905,-1.1513539701789715,0.21005529145395715
0.0,-0.15426263880923075,1.1285884883128225,1.894835420148871,0.500450841749658,1.3777010610824154,0.01862643473573012,0.7360312247324333,0.8497139766891555,-1.0719194647785106,-0.1117224169820564,-0.9867346440846293,1.125924122804416
0.0,-0.018651272750444616,-1.624752132014944,-1.7214649213327047,-1.011130550020291,0.4770209666376692,-0.31595639248185253,-1.1409312119303785,-0.7626754108881302,0.5901060210174053,0.595002837942326,0.4948392907644416,0.21005529145395715
0.0,-0.018651272750444616,-1.362529215793252,-1.7214649213327047,-0.9294234477624558,0.3769454005882529,-0.249039827038336,-0.555903958944567,-0.5472268289273537,0.5901060210174053,0.6959635886458092,0.16560063857576018,0.21005529145395715
0.0,0.2525714593671288,-1.362529215793252,-0.8776615083203368,1.6239234977948902,0.1767942684894202,-0.5167060888124021,0.2972607849930747,1.4474100427738081,-2.011325174141419,-0.21268316768553905,-1.1513539701789715,0.21005529145395715
0.0,-0.5610967369855903,1.5219228626453611,-0.9982048530363895,0.17362243271831768,0.4770209666376692,0.4201258273968293,0.34601305607522564,0.7663145256075671,-0.566085621275407,1.2007673421632241,-1.1513539701789715,1.125924122804416
0.0,0.5237941914847023,-0.3136375509064838,-0.27494478474007433,-1.0519841011492084,-0.5237346938564934,-1.5873711359086666,-1.0190505342250011,-1.6314196929879257,-1.6500152859249169,-1.2222906747203706,1.5648649103776606,0.21005529145395715
0.0,0.2525714593671288,0.3419197396477463,0.08668524940808357,-1.1132644278425847,-0.12343242965882807,-0.9851220469170178,-0.48277555232134056,-1.1657727577824226,0.15653415515760072,0.1911598351283932,0.6594586168587838,1.125924122804416
0.0,0.3881828254259149,0.0796968234260547,-0.9982048530363895,1.276668313199091,0.1767942684894202,0.888541785501445,-0.4583994167802651,1.190261735272276,-1.0719194647785106,0.7969243393492924,-0.49287666580160566,-1.6216823712469601
0.0,0.3881828254259149,0.0796968234260547,-0.9982048530363895,1.276668313199091,0.1767942684894202,0.888541785501445,-0.4583994167802651,1.190261735272276,-1.0719194647785106,0.7969243393492924,-0.49287666580160566,-1.6216823712469601
0.0,0.5237941914847023,-0.3136375509064838,-0.27494478474007433,-1.0519841011492084,-0.5237346938564934,-1.5873711359086666,-1.0190505342250011,-1.6314196929879257,-1.6500152859249169,-1.2222906747203706,1.5648649103776606,0.21005529145395715
0.0,-0.28987400486801806,1.259699946423669,-0.516031474172179,-0.051072098490728864,-1.3243392222518229,-1.52045457046515,-1.067802805307152,-1.144922895012045,0.012010199870999176,-2.130937431051718,1.8117938995191731,-1.6216823712469601
0.0,0.2525714593671288,0.3419197396477463,0.08668524940808357,-1.1132644278425847,-0.12343242965882807,-0.9851220469170178,-0.48277555232134056,-1.1657727577824226,0.15653415515760072,0.1911598351283932,0.6594586168587838,1.125924122804416
0.0,-0.28987400486801806,0.4730311977585925,-0.8776615083203368,0.3370366372339878,-0.6238102599059097,-0.9182054814735013,-0.31214260353381224,-0.07462993946508376,-0.9273955094919092,-1.0203691733134042,0.16560063857576018,0.21005529145395715
0.0,-0.28987400486801806,0.4730311977585925,-0.8776615083203368,0.3370366372339878,-0.6238102599059097,-0.9182054814735013,-0.31214260353381224,-0.07462993946508376,-0.9273955094919092,-1.0203691733134042,0.16560063857576018,0.21005529145395715
0.0,-0.42548537092680416,-0.706971925239022,2.2564654542970293,2.29800709142203,0.2768698345388365,-0.048290130707786406,-0.28776646799273675,2.0242562460880826,0.08427217751430155,-0.1117224169820564,-1.4805926223676529,0.21005529145395715
0.0,-0.28987400486801806,0.4730311977585925,-0.8776615083203368,0.3370366372339878,-0.6238102599059097,-0.9182054814735013,-0.31214260353381224,-0.07462993946508376,-0.9273955094919092,-1.0203691733134042,0.16560063857576018,0.21005529145395715
0.0,1.066239655719848,0.6041426558694387,-0.6365748188882316,0.500450841749658,-2.124943750647153,1.4907908744930938,0.46789373378060306,0.2033682308068647,-0.7828715542053076,-1.0203691733134042,0.3302199646701009,-1.6216823712469601
0.0,-0.42548537092680416,-0.05141463468479146,0.8099453177043987,-1.011130550020291,-2.225019316696569,-1.52045457046515,-1.7259584649161899,-1.0232986955180456,0.4455820657308038,2.715178602715471,0.5771489538116135,-1.6216823712469601
0.0,2.5579646823665,0.4730311977585925,0.20722859412413622,-0.3166201808286928,-2.425170448795402,-0.7843723505864683,-0.23901419691058579,0.31456749891563635,-0.49382364363210457,0.09019908442491001,0.4948392907644416,-1.6216823712469601
0.0,-0.5610967369855903,0.3419197396477463,-0.033858095307969065,-0.8068627943757032,-2.825472712993067,-0.048290130707786406,-1.165307347471454,-1.304771842918416,0.3733200880875046,1.8065318463841233,1.5648649103776606,-1.6216823712469601
0.0,-0.15426263880923075,-1.7558635901257902,-0.033858095307969065,-0.5413147120377392,-2.525246014844818,-0.18212326159481948,-0.9215459920606991,-0.12327961926264484,-0.49382364363210457,-0.41460466909250543,-0.49287666580160566,0.21005529145395715
0.0,-0.018651272750444616,-0.9691948414607139,0.08668524940808357,-0.29619340526423393,0.4770209666376692,0.48704239284034584,-0.16588579028735936,-0.3491531326086102,-0.49382364363210457,0.7969243393492924,0.3302199646701009,0.21005529145395715
0.0,-0.018651272750444616,-0.9691948414607139,0.08668524940808357,-0.29619340526423393,0.4770209666376692,0.48704239284034584,-0.16588579028735936,-0.3491531326086102,-0.49382364363210457,0.7969243393492924,0.3302199646701009,0.21005529145395715
0.0,-0.5610967369855903,-0.3136375509064838,-1.1187481977524418,-0.8885698966335382,0.3769454005882529,-0.31595639248185253,-0.09275738366413293,-1.054573489673651,-0.49382364363210457,0.595002837942326,0.6594586168587838,-1.6216823712469601
0.0,-1.2391535672795233,-1.10030629957156,-0.516031474172179,-0.2553398541353165,-0.32358356175766073,1.022374916388478,0.053499429582319936,-0.7592004337597081,-0.2047757330589015,-0.41460466909250543,0.5771489538116135,0.21005529145395715
0.0,0.5237941914847023,0.866365572091131,-1.2392915424684945,-0.37790050752206905,-1.1241880901529906,-1.654287701352183,-1.5553255161286617,-1.0684733981872618,-1.5777533082816144,0.3930813365353596,1.3179359212361481,-1.6216823712469601
0.0,-0.5610967369855903,0.3419197396477463,-0.9982048530363895,-0.6434485898600331,-0.5237346938564934,-0.249039827038336,-1.0190505342250011,-1.5341203333927649,-2.0835871517847213,1.8065318463841233,1.647174573424831,-1.6216823712469601
0.0,0.6594055575434884,0.6041426558694387,-0.8776615083203368,0.0612751671137945,-1.0241125241035742,-0.31595639248185253,0.029123294041244457,-0.4846772406161817,-2.0835871517847213,-1.1213299240168872,0.41252962771727125,1.125924122804416
0.0,0.2525714593671288,0.3419197396477463,0.5688586282722935,-0.9702769988913732,-0.7238858259553254,-0.048290130707786406,-0.26339033245166127,-1.1310229864984338,0.517844043374103,-0.1117224169820564,1.40024558428332,0.21005529145395715
0.0,-0.6967081030443776,0.7352541139802848,-1.842008266048757,2.328647254768718,1.77800332528008,1.0892914818319945,1.2966823421771692,1.850507389668139,-0.4215616659888054,-0.010761666278573195,-1.4805926223676529,0.21005529145395715
0.0,-0.28987400486801806,-2.345865151624597,0.08668524940808357,-1.011130550020291,-0.6238102599059097,-1.1858717432475674,-0.6777846366499444,-0.26922865865540524,0.5901060210174053,1.3017280928667072,-0.9044249810374589,0.21005529145395715
0.0,-0.6967081030443776,0.7352541139802848,-1.842008266048757,2.328647254768718,1.77800332528008,1.0892914818319945,1.2966823421771692,1.850507389668139,-0.4215616659888054,-0.010761666278573195,-1.4805926223676529,0.21005529145395715
0.0,-0.018651272750444616,-1.10030629957156,-0.033858095307969065,0.17362243271831768,0.4770209666376692,-1.1858717432475674,-0.6777846366499444,0.39796694999722476,1.6740356856669152,-0.41460466909250543,-0.16363801361292274,0.21005529145395715
0.0,0.3881828254259149,0.21080828153690087,-0.516031474172179,0.43917051505628163,-1.224263656202407,-0.6505392196994352,1.3210584777182448,-0.1580293905466336,-0.2047757330589015,-0.21268316768553905,1.3179359212361481,-1.6216823712469601
0.0,-1.5103762993970966,-1.4936406739040982,1.7742920754328186,1.031547006425586,-0.7238858259553254,0.9554583509449616,-0.2146380613695103,0.2520179106044644,-1.144181442421813,-1.4242121761273363,-0.08132835056575237,-1.6216823712469601
0.0,-1.3747649333383105,0.1452525524814778,-0.27494478474007433,-0.19405952744194008,0.07671870244000388,0.4201258273968293,0.2972607849930747,-0.42907760656177657,1.0236778868772098,-0.6165261704994719,0.16560063857576018,-1.6216823712469601
0.0,-1.3747649333383105,0.7352541139802848,-0.516031474172179,-0.41875405865098664,-1.0241125241035742,0.754708654614412,-0.5315278234034915,-1.520220424879154,-0.2047757330589015,0.8978850900527745,1.9764132256135138,-1.6216823712469601
0.0,-0.15426263880923075,-0.5758604671281757,0.8099453177043987,-1.0519841011492084,0.6771720987365019,-0.5836226542559186,0.3703891916163011,-0.1302295735194503,2.2521315068133214,-0.1117224169820564,-0.49287666580160566,0.21005529145395715
0.0,-0.42548537092680416,-0.05141463468479146,-0.1544014400240217,-1.0315573255847497,-0.8239613920047416,1.6246240053801269,0.1997562428287728,-1.5271703791359594,-0.2047757330589015,0.595002837942326,1.4825552473304904,0.21005529145395715
0.0,-2.4596558618086033,0.3419197396477463,2.6180954884451872,-0.13277920074856384,-0.7238858259553254,1.2900411781625443,0.4435175982395276,-1.4159711110271878,0.5901060210174053,-1.4242121761273363,1.8941035625663436,-1.6216823712469601
0.0,-0.018651272750444616,-0.706971925239022,-0.7571181636042842,1.092827333118962,-0.42365912780707704,1.75845713626716,0.3703891916163011,0.4848413782071966,-1.2164434200651122,0.7969243393492924,-0.08132835056575237,-1.6216823712469601
0.0,-1.3747649333383105,0.7352541139802848,-0.516031474172179,-0.41875405865098664,-1.0241125241035742,0.754708654614412,-0.5315278234034915,-1.520220424879154,-0.2047757330589015,0.8978850900527745,1.9764132256135138,-1.6216823712469601
0.0,-0.42548537092680416,0.0796968234260547,-0.7571181636042842,0.9498399041677508,-1.224263656202407,-2.1896202249003154,-1.3359402962589824,0.06436914567090976,-0.8551335318486101,-1.2222906747203706,0.4948392907644416,1.125924122804416
0.0,-1.2391535672795233,1.390811404534515,-0.033858095307969065,-0.9702769988913732,-1.3243392222518229,0.4201258273968293,-0.8484175854374727,-1.6244697387311202,1.601773708023616,0.6959635886458092,1.7294842364720013,-1.6216823712469601
0.0,-0.8323194691031637,-0.706971925239022,-1.7214649213327047,1.0724005575545033,0.1767942684894202,1.75845713626716,0.4435175982395276,0.9435383591559328,-0.34929968834550307,0.3930813365353596,-0.9867346440846293,0.21005529145395715
0.0,-0.018651272750444616,0.4730311977585925,-0.395488129456127,-0.030645322926269987,-1.724641486449488,-0.3828729579253691,-1.0190505342250011,-1.0858482838292562,-1.144181442421813,-1.6261336775343027,1.8941035625663436,-1.6216823712469601
0.0,0.6594055575434884,1.9152572369778988,-0.395488129456127,-0.9294234477624558,-1.0241125241035742,-0.5836226542559186,-1.530949380587586,-1.7182941211978975,-1.6500152859249169,-1.3232514254238537,1.9764132256135138,-1.6216823712469601
0.0,-1.9172103975734562,0.4730311977585925,-0.27494478474007433,-1.0519841011492084,-1.3243392222518229,-0.6505392196994352,-1.067802805307152,-2.229115759072617,0.8791539315906084,-0.8184476719064376,2.4702712038965378,-1.6216823712469601
0.0,-0.28987400486801806,0.9974770302019772,-1.4803782319005994,-1.092837652278126,1.0774743629341665,-0.5836226542559186,-0.604656230026718,-0.16497934480343904,0.9514159092339075,0.6959635886458092,-1.2336636332261417,1.125924122804416
0.0,-1.645987665455884,-0.18252609279563764,-1.600921576616652,-0.8068627943757032,0.6771720987365019,0.48704239284034584,0.7116550891913578,-0.6375762342657476,0.4455820657308038,-0.5155654197959887,-0.16363801361292274,0.21005529145395715
0.0,-2.0528217636322434,0.4730311977585925,-0.27494478474007433,-1.0519841011492084,-1.3243392222518229,-0.6505392196994352,-1.067802805307152,-2.229115759072617,0.8791539315906084,-0.8184476719064376,2.4702712038965378,-1.6216823712469601
0.0,0.3881828254259149,-0.8380833833498678,-0.6365748188882316,0.6638650462653279,-0.5237346938564934,-1.0520386123605343,-0.7752891788142463,0.21031818506367017,-1.0719194647785106,-1.1213299240168872,-0.08132835056575237,-1.6216823712469601
0.0,0.2525714593671288,-0.5758604671281757,-0.7571181636042842,0.5821579440074929,-1.5244903543506556,0.15245956562276317,-0.3608948746159632,-0.5402768746705483,-0.9273955094919092,-1.4242121761273363,1.5648649103776606,-1.6216823712469601
0.0,-0.5610967369855903,-1.362529215793252,1.4126620412846613,-1.0519841011492084,0.8773232308353338,0.2862926965097962,-0.3608948746159632,-1.1310229864984338,-0.566085621275407,2.715178602715471,0.5771489538116135,-1.6216823712469601
0.0,-0.018651272750444616,0.6041426558694387,-0.27494478474007433,0.3370366372339878,-1.4244147883012392,-0.11520669615130294,-0.3608948746159632,-0.7626754108881302,-0.4215616659888054,1.5036495942736736,1.647174573424831,-1.6216823712469601
0.0,-1.1035422012207372,-1.362529215793252,-0.6365748188882316,1.1541076598123385,-1.224263656202407,0.2862926965097962,-0.9459221276017746,0.06436914567090976,-0.2770377107022039,-1.4242121761273363,0.16560063857576018,1.125924122804416
0.0,0.3881828254259149,-0.706971925239022,0.3277719388401882,-0.7864360188112444,-0.2235079957082444,0.4201258273968293,1.1991778000128674,-0.8877745875104742,0.9514159092339075,0.7969243393492924,1.5648649103776606,0.21005529145395715
0.0,0.2525714593671288,-0.5758604671281757,-0.7571181636042842,0.5821579440074929,-1.5244903543506556,0.15245956562276317,-0.3608948746159632,-0.5402768746705483,-0.9273955094919092,-1.4242121761273363,1.5648649103776606,-1.6216823712469601
0.0,-1.645987665455884,-0.706971925239022,-0.9982048530363895,-0.39832728308652776,-1.5244903543506556,0.15245956562276317,0.32163692053415016,-0.9850739471056735,0.8068919539473061,-1.727094428237786,0.7417682799059542,-1.6216823712469601
0.0,0.7950169236022757,-0.5758604671281757,-0.7571181636042842,0.500450841749658,-1.5244903543506556,-0.7843723505864683,-0.604656230026718,-0.2553287501418329,-1.5054913306383153,-0.717486921202955,0.6594586168587838,0.21005529145395715
0.0,0.3881828254259149,-0.8380833833498678,-0.6365748188882316,0.6638650462653279,-0.5237346938564934,-1.0520386123605343,-0.7752891788142463,0.21031818506367017,-1.0719194647785106,-1.1213299240168872,-0.08132835056575237,-1.6216823712469601
0.0,-0.018651272750444616,0.6041426558694387,-0.27494478474007433,0.3370366372339878,-1.4244147883012392,-0.11520669615130294,-0.3608948746159632,-0.7626754108881302,-0.4215616659888054,1.5036495942736736,1.647174573424831,-1.6216823712469601
0.0,-0.5610967369855903,-1.4936406739040982,0.9304886624204514,-1.0315573255847497,1.0774743629341665,1.75845713626716,0.22413237836984828,-0.9433742215648793,-0.13251375541560237,2.0084533477910895,0.3302199646701009,0.21005529145395715
0.0,-0.5610967369855903,-1.362529215793252,1.4126620412846613,-1.0519841011492084,0.8773232308353338,0.2862926965097962,-0.3608948746159632,-1.1310229864984338,-0.566085621275407,2.715178602715471,0.5771489538116135,-1.6216823712469601
0.0,-0.6967081030443776,-0.5758604671281757,0.20722859412413622,-1.0519841011492084,-0.6238102599059097,-0.18212326159481948,-0.9946743986839256,-1.468095767953171,-0.9273955094919092,2.6142178520119876,0.8240779429531245,0.21005529145395715
0.0,-0.28987400486801806,-0.05141463468479146,-1.2392915424684945,2.4103543570265527,0.7772476647859181,-0.7843723505864683,0.053499429582319936,1.808807664127345,-0.9273955094919092,0.1911598351283932,-1.1513539701789715,1.125924122804416
0.0,0.9306282896610618,-0.3136375509064838,-0.1544014400240217,1.3788021910213848,0.7772476647859181,-0.5836226542559186,1.0529209867664144,1.739308121559329,-0.9996574871352115,0.4940420872388428,-1.2336636332261417,0.21005529145395715
0.0,0.9306282896610618,-0.3136375509064838,-0.1544014400240217,1.3788021910213848,0.7772476647859181,-0.5836226542559186,1.0529209867664144,1.739308121559329,-0.9996574871352115,0.4940420872388428,-1.2336636332261417,0.21005529145395715
0.0,0.9306282896610618,-0.3136375509064838,-0.1544014400240217,1.3788021910213848,0.7772476647859181,-0.5836226542559186,1.0529209867664144,1.739308121559329,-0.9996574871352115,0.4940420872388428,-1.2336636332261417,0.21005529145395715
0.0,0.9306282896610618,-0.3136375509064838,-0.1544014400240217,1.3788021910213848,0.7772476647859181,-0.5836226542559186,1.0529209867664144,1.739308121559329,-0.9996574871352115,0.4940420872388428,-1.2336636332261417,0.21005529145395715
0.0,-0.28987400486801806,-1.4936406739040982,0.20722859412413622,-1.092837652278126,-0.5237346938564934,0.6877920891708954,-1.4090687028822086,-1.509795493493965,-1.6500152859249169,0.1911598351283932,0.9063876060002949,0.21005529145395715
0.0,-0.15426263880923075,0.9974770302019772,1.2921186965686087,-0.9702769988913732,-0.12343242965882807,-0.3828729579253691,-0.555903958944567,-1.2839219801479997,0.3010581104442022,-0.41460466909250543,1.647174573424831,0.21005529145395715
0.0,0.9306282896610618,-0.3136375509064838,-0.1544014400240217,1.3788021910213848,0.7772476647859181,-0.5836226542559186,1.0529209867664144,1.739308121559329,-0.9996574871352115,0.4940420872388428,-1.2336636332261417,0.21005529145395715
0.0,-0.6967081030443776,-0.8380833833498678,-1.7214649213327047,0.8681328019099157,0.2768698345388365,1.4907908744930938,0.5410221404038295,0.981763107568305,-0.7106095765620085,0.595002837942326,-1.1513539701789715,1.125924122804416
0.0,-0.28987400486801806,0.21080828153690087,-1.1187481977524418,0.8272792507809983,0.6771720987365019,0.6877920891708954,1.2966823421771692,1.2875610948674368,-0.49382364363210457,0.2921205858318764,-1.4805926223676529,1.125924122804416
0.0,2.2867419502489277,-1.10030629957156,-0.27494478474007433,-1.072410876713667,-1.4244147883012392,-0.048290130707786406,-1.0190505342250011,-0.38737788102098236,-2.589420995287825,-1.2222906747203706,-0.49287666580160566,-0.7058135398965015
0.0,-0.42548537092680416,1.1285884883128225,0.6894019729883462,0.21447598384723526,-0.6238102599059097,-0.9851220469170178,1.4429391554236222,1.1416120554746763,2.0353455738834207,-0.010761666278573195,-1.2336636332261417,0.21005529145395715
0.0,-0.018651272750444616,-0.5758604671281757,-0.7571181636042842,-1.0519841011492084,-0.12343242965882807,-0.3828729579253691,1.1016732578485655,-0.9711740385920625,-1.0719194647785106,-1.3232514254238537,0.4948392907644416,1.125924122804416
0.0,-0.6967081030443776,-1.10030629957156,-0.9982048530363895,-0.6025950387311155,1.0774743629341665,-0.9851220469170178,-0.4340232812391896,-0.03640519105267301,-0.566085621275407,0.3930813365353596,-1.1513539701789715,0.21005529145395715
0.0,-0.28987400486801806,-0.05141463468479146,-1.2392915424684945,2.4103543570265527,0.7772476647859181,-0.7843723505864683,0.053499429582319936,1.808807664127345,-0.9273955094919092,0.1911598351283932,-1.1513539701789715,1.125924122804416
0.0,-0.28987400486801806,0.4730311977585925,1.533205386000714,0.3370366372339878,-0.42365912780707704,1.2900411781625443,1.540443697587924,0.6134155319580012,-0.06025177777229999,-0.010761666278573195,-0.9044249810374589,1.125924122804416
0.0,-0.6967081030443776,0.9974770302019772,-0.6365748188882316,-0.7864360188112444,-1.8247170524989043,0.35320926195331276,0.3703891916163011,-1.002448832747668,1.1682018421638114,1.2007673421632241,1.0710069320946372,-1.6216823712469601
0.0,1.2018510217786353,0.4730311977585925,-1.1187481977524418,-0.8885698966335382,2.5786078536754107,-0.4497895233688856,0.029123294041244457,-0.0051303968970677115,-0.566085621275407,1.4026888435701905,-0.6574959918959463,1.125924122804416
0.0,1.2018510217786353,0.6041426558694387,-1.1187481977524418,-0.8885698966335382,2.678683419724827,-0.3828729579253691,-0.06838124812305746,-0.0051303968970677115,-0.566085621275407,1.4026888435701905,-0.6574959918959463,1.125924122804416
0.0,-1.5103762993970966,0.014141094370631628,-0.516031474172179,0.11234210602494142,-0.6238102599059097,0.754708654614412,0.32163692053415016,-0.2935534985542051,1.2404638198071105,-0.41460466909250543,0.16560063857576018,-1.6216823712469601
0.0,-1.9172103975734562,-0.11697036374021454,0.08668524940808357,-1.0519841011492084,0.8773232308353338,-0.3828729579253691,-0.3608948746159632,-1.1657727577824226,1.312725797450413,1.8065318463841233,0.5771489538116135,0.21005529145395715
0.0,-0.28987400486801806,-0.05141463468479146,-0.516031474172179,0.6230114951364106,-1.4244147883012392,-1.4535380050216336,-0.38527101015703863,-0.44992746933219296,-0.13251375541560237,-1.4242121761273363,1.2356262581889779,0.21005529145395715
0.0,-2.7308785939261764,-1.231417757682406,-0.516031474172179,-0.7047289165534094,-1.224263656202407,-0.8512889160299848,-0.6290323655677934,-1.263072117377622,1.384987775093712,-1.4242121761273363,0.5771489538116135,-1.6216823712469601
0.0,-1.5103762993970966,0.014141094370631628,-0.516031474172179,0.11234210602494142,-0.6238102599059097,0.754708654614412,0.32163692053415016,-0.2935534985542051,1.2404638198071105,-0.41460466909250543,0.16560063857576018,-1.6216823712469601
0.0,-0.8323194691031637,-0.8380833833498678,0.08668524940808357,-0.19405952744194008,-1.4244147883012392,-0.9182054814735013,-1.5065732450465106,-1.2908719344048052,1.2404638198071105,-0.717486921202955,2.3879615408493673,-1.6216823712469601
0.0,0.9306282896610618,0.21080828153690087,1.0510320071365034,-1.0315573255847497,0.1767942684894202,-1.5873711359086666,-0.26339033245166127,-0.3144033613246215,0.6623679986607045,-0.3136439183890222,-0.2459476766600931,1.125924122804416
0.0,-0.8323194691031637,-0.5758604671281757,-1.4803782319005994,2.95166390948471,-0.7238858259553254,1.5577074399366102,1.1504255289307164,2.2188549652784815,-0.566085621275407,0.4940420872388428,-1.3159732962733122,0.21005529145395715
0.0,0.2525714593671288,0.9974770302019772,-0.7571181636042842,0.8068524752165396,-0.12343242965882807,1.0892914818319945,0.7116550891913578,-0.0051303968970677115,-0.7828715542053076,-1.3232514254238537,0.8240779429531245,0.21005529145395715
0.0,0.9306282896610618,0.21080828153690087,1.0510320071365034,-1.0315573255847497,0.1767942684894202,-1.5873711359086666,-0.26339033245166127,-0.3144033613246215,0.6623679986607045,-0.3136439183890222,-0.2459476766600931,1.125924122804416
0.0,-0.42548537092680416,-0.9691948414607139,0.20722859412413622,-0.9702769988913732,-1.3243392222518229,0.2862926965097962,-0.507151687862416,-1.4924206078519708,0.15653415515760072,2.0084533477910895,1.5648649103776606,0.21005529145395715
0.0,-1.1035422012207372,-0.706971925239022,-0.395488129456127,1.3788021910213848,-0.023356863609411745,-0.4497895233688856,-0.28776646799273675,1.9200069322361166,1.4572497527370145,-0.3136439183890222,-1.6452119484619951,1.125924122804416
0.0,-1.645987665455884,-0.05141463468479146,-1.7214649213327047,-1.011130550020291,-0.8239613920047416,-1.118955177804051,-0.044005112581981976,-0.7279256396041415,0.9514159092339075,-1.3232514254238537,-0.3282573397072649,0.21005529145395715
0.0,0.2525714593671288,-1.4936406739040982,-0.516031474172179,1.7056306000527253,0.8773232308353338,-0.3828729579253691,0.2972607849930747,1.4196102257466248,-1.6500152859249169,-0.9194084226099208,-1.3159732962733122,-1.6216823712469601
0.0,0.2525714593671288,-1.4936406739040982,-0.516031474172179,1.7056306000527253,0.8773232308353338,-0.3828729579253691,0.2972607849930747,1.4196102257466248,-1.6500152859249169,-0.9194084226099208,-1.3159732962733122,-1.6216823712469601
0.0,0.2525714593671288,-1.4936406739040982,-0.516031474172179,1.7056306000527253,0.8773232308353338,-0.3828729579253691,0.2972607849930747,1.4196102257466248,-1.6500152859249169,-0.9194084226099208,-1.3159732962733122,-1.6216823712469601
0.0,0.2525714593671288,-1.4936406739040982,-0.516031474172179,1.7056306000527253,0.8773232308353338,-0.3828729579253691,0.2972607849930747,1.4196102257466248,-1.6500152859249169,-0.9194084226099208,-1.3159732962733122,-1.6216823712469601
0.0,0.2525714593671288,-1.4936406739040982,-0.516031474172179,1.7056306000527253,0.8773232308353338,-0.3828729579253691,0.2972607849930747,1.4196102257466248,-1.6500152859249169,-0.9194084226099208,-1.3159732962733122,-1.6216823712469601
0.0,0.2525714593671288,-1.4936406739040982,-0.516031474172179,1.7056306000527253,0.8773232308353338,-0.3828729579253691,0.2972607849930747,1.4196102257466248,-1.6500152859249169,-0.9194084226099208,-1.3159732962733122,-1.6216823712469601
0.0,0.2525714593671288,-1.4936406739040982,-0.516031474172179,1.7056306000527253,0.8773232308353338,-0.3828729579253691,0.2972607849930747,1.4196102257466248,-1.6500152859249169,-0.9194084226099208,-1.3159732962733122,-1.6216823712469601
0.0,0.7950169236022757,0.0796968234260547,-0.516031474172179,-0.9294234477624558,-0.2235079957082444,0.6877920891708954,-0.38527101015703863,-1.183147643424417,-1.2164434200651122,-0.8184476719064376,1.0710069320946372,1.125924122804416
0.0,-0.018651272750444616,-0.5758604671281757,-0.27494478474007433,0.8681328019099157,2.7787589857742434,2.159956528928259,1.394186884341471,0.9400633820275107,-2.1558491294280206,-0.6165261704994719,-1.3159732962733122,0.21005529145395715
0.0,-0.8323194691031637,-0.3136375509064838,-0.8776615083203368,1.2562415376346323,1.277625495032999,0.8216252200579285,-0.06838124812305746,1.3014610033810476,0.8068919539473061,0.2921205858318764,-1.3159732962733122,1.125924122804416
0.0,-0.6967081030443776,0.21080828153690087,-0.395488129456127,0.09191533046048254,0.8773232308353338,0.35320926195331276,0.15100397174662183,-0.03293021392428956,1.7462976633102176,1.0998065914597408,0.3302199646701009,0.21005529145395715
0.0,0.2525714593671288,-1.4936406739040982,-0.516031474172179,1.7056306000527253,0.8773232308353338,-0.3828729579253691,0.2972607849930747,1.4196102257466248,-1.6500152859249169,-0.9194084226099208,-1.3159732962733122,-1.6216823712469601
0.0,-1.7815990315146701,-1.231417757682406,-1.1187481977524418,-0.7047289165534094,-0.32358356175766073,-1.654287701352183,-0.7021607721910198,-0.48815221774456513,0.6623679986607045,0.1911598351283932,-0.49287666580160566,1.125924122804416
0.0,-0.42548537092680416,-0.05141463468479146,0.20722859412413622,-1.011130550020291,-0.2235079957082444,-0.6505392196994352,1.1504255289307164,-0.5819766002113425,0.7346299763040068,-0.21268316768553905,0.08329097552858834,1.125924122804416
0.0,-0.28987400486801806,0.0796968234260547,0.08668524940808357,-1.011130550020291,-0.023356863609411745,-0.7174557851429517,1.126049393389641,-0.5854515773397645,0.7346299763040068,-0.21268316768553905,0.08329097552858834,1.125924122804416
0.0,1.3374623878374214,-0.9691948414607139,-0.033858095307969065,0.21447598384723526,-2.7253971469436507,0.8216252200579285,-0.31214260353381224,-0.36652801825060455,-1.4332293529950129,-0.9194084226099208,0.3302199646701009,0.21005529145395715
0.0,-1.7815990315146701,-1.231417757682406,-1.1187481977524418,-0.7047289165534094,-0.32358356175766073,-1.654287701352183,-0.7021607721910198,-0.48815221774456513,0.6623679986607045,0.1911598351283932,-0.49287666580160566,1.125924122804416
0.0,-0.42548537092680416,-0.05141463468479146,0.20722859412413622,-1.011130550020291,-0.2235079957082444,-0.6505392196994352,1.1504255289307164,-0.5819766002113425,0.7346299763040068,-0.21268316768553905,0.08329097552858834,1.125924122804416
0.0,-0.28987400486801806,0.0796968234260547,0.08668524940808357,-1.011130550020291,-0.023356863609411745,-0.7174557851429517,1.126049393389641,-0.5854515773397645,0.7346299763040068,-0.21268316768553905,0.08329097552858834,1.125924122804416
0.0,1.3374623878374214,-0.9691948414607139,-0.033858095307969065,0.21447598384723526,-2.7253971469436507,0.8216252200579285,-0.31214260353381224,-0.36652801825060455,-1.4332293529950129,-0.9194084226099208,0.3302199646701009,0.21005529145395715
0.0,1.3374623878374214,-0.8380833833498678,-0.033858095307969065,-0.2757666296997752,-2.625321580894234,-0.249039827038336,-0.8727937209785482,-0.6862259140633472,-1.4332293529950129,-0.9194084226099208,0.3302199646701009,0.21005529145395715
0.0,-0.967930835161951,-1.231417757682406,-0.516031474172179,-0.7864360188112444,-1.4244147883012392,-0.8512889160299848,-0.9459221276017746,-1.0823733067008343,-0.2047757330589015,-1.1213299240168872,0.41252962771727125,-1.6216823712469601
0.0,-0.15426263880923075,1.6530343207562073,-0.9982048530363895,-0.7455824676823268,-2.525246014844818,-0.8512889160299848,-1.3846925673411332,-1.04067358116004,-1.144181442421813,-1.1213299240168872,0.7417682799059542,1.125924122804416
0.0,0.1169600933083427,1.7841457788670534,-1.842008266048757,1.3379486398924674,-0.924036958054158,1.6246240053801269,1.1991778000128674,1.2875610948674368,-0.7828715542053076,0.09019908442491001,-0.9867346440846293,1.125924122804416
0.0,0.1169600933083427,1.7841457788670534,-1.842008266048757,1.3379486398924674,-0.924036958054158,1.6246240053801269,1.1991778000128674,1.2875610948674368,-0.7828715542053076,0.09019908442491001,-0.9867346440846293,1.125924122804416
0.0,0.1169600933083427,1.7841457788670534,-1.842008266048757,1.3379486398924674,-0.924036958054158,1.6246240053801269,1.1991778000128674,1.2875610948674368,-0.7828715542053076,0.09019908442491001,-0.9867346440846293,1.125924122804416
0.0,-0.6967081030443776,-0.3136375509064838,-0.395488129456127,1.5013628444081373,-0.7238858259553254,1.2231246127190276,-0.06838124812305746,0.6377403718568011,-0.13251375541560237,-1.0203691733134042,0.000981312481417987,0.21005529145395715
0.0,0.1169600933083427,1.7841457788670534,-1.842008266048757,1.3379486398924674,-0.924036958054158,1.6246240053801269,1.1991778000128674,1.2875610948674368,-0.7828715542053076,0.09019908442491001,-0.9867346440846293,1.125924122804416
0.0,0.7950169236022757,0.0796968234260547,-0.1544014400240217,-0.8068627943757032,-2.825472712993067,-1.3197048741346005,0.15100397174662183,-1.0059238098760512,-1.144181442421813,1.70557109568064,1.1533165951418074,-0.7058135398965015
0.0,-0.967930835161951,0.0796968234260547,-0.516031474172179,0.7047185973942457,-0.023356863609411745,1.75845713626716,-0.28776646799273675,0.5161161723628019,-0.34929968834550307,-0.6165261704994719,-0.3282573397072649,0.21005529145395715
0.0,-0.6967081030443776,-0.3136375509064838,-0.395488129456127,1.5013628444081373,-0.7238858259553254,1.2231246127190276,-0.06838124812305746,0.6377403718568011,-0.13251375541560237,-1.0203691733134042,0.000981312481417987,0.21005529145395715
0.0,-0.15426263880923075,2.046368695088745,0.8099453177043987,1.1745344353767972,-0.2235079957082444,1.75845713626716,2.710498203559547,1.4265601800034302,0.8791539315906084,0.9988458407562577,-0.7398056549431182,1.125924122804416
0.0,-0.42548537092680416,0.866365572091131,-0.516031474172179,-0.051072098490728864,-2.425170448795402,0.4201258273968293,-0.8240414498963973,-0.9086244502808906,0.3733200880875046,-1.6261336775343027,1.3179359212361481,0.21005529145395715
0.0,0.1169600933083427,0.866365572091131,-0.1544014400240217,0.2757563105406115,-0.2235079957082444,-0.3828729579253691,-0.044005112581981976,-0.5472268289273537,-0.566085621275407,0.8978850900527745,1.40024558428332,1.125924122804416
0.0,-0.42548537092680416,0.866365572091131,-0.516031474172179,-0.051072098490728864,-2.425170448795402,0.4201258273968293,-0.8240414498963973,-0.9086244502808906,0.3733200880875046,-1.6261336775343027,1.3179359212361481,0.21005529145395715
0.0,-0.6967081030443776,-1.4936406739040982,-0.27494478474007433,-1.011130550020291,-2.0248681845977368,0.2193761310662797,-0.8971698565196237,-0.9885489242340569,1.6740356856669152,0.8978850900527745,0.6594586168587838,-1.6216823712469601
0.0,-0.42548537092680416,0.7352541139802848,1.533205386000714,0.2757563105406115,-2.0248681845977368,-0.249039827038336,-0.9702982631428501,-0.8669247247400964,0.08427217751430155,2.210374849198055,1.7294842364720013,-1.6216823712469601
0.0,-0.15426263880923075,2.046368695088745,0.8099453177043987,1.1745344353767972,-0.2235079957082444,1.75845713626716,2.710498203559547,1.4265601800034302,0.8791539315906084,0.9988458407562577,-0.7398056549431182,1.125924122804416
0.0,0.7950169236022757,-0.18252609279563764,-0.395488129456127,0.09191533046048254,-2.225019316696569,-0.249039827038336,-0.5802800944856424,-0.1580293905466336,-0.4215616659888054,-1.9290159296447522,0.16560063857576018,0.21005529145395715
0.0,1.066239655719848,0.0796968234260547,-0.27494478474007433,0.5821579440074929,-2.425170448795402,-0.7843723505864683,-0.9946743986839256,-0.012080351153873174,-0.7828715542053076,-1.9290159296447522,0.3302199646701009,0.21005529145395715
0.0,-0.5610967369855903,0.0796968234260547,1.533205386000714,0.3983169639273642,0.7772476647859181,1.1562080472755112,1.4429391554236222,0.5786657606740124,-0.06025177777229999,-0.010761666278573195,-0.9044249810374589,1.125924122804416
0.0,-0.42548537092680416,-0.18252609279563764,-0.6365748188882316,2.2571535402931118,2.178305589477745,-0.3828729579253691,0.07787556512339541,1.3640105916922196,0.08427217751430155,0.09019908442491001,-0.41056700275443525,0.21005529145395715
0.0,-1.645987665455884,-0.9691948414607139,-0.1544014400240217,-0.7455824676823268,-1.5244903543506556,-1.5873711359086666,-0.8971698565196237,-1.457670836567982,1.9630835962401183,-0.8184476719064376,2.1410325517078546,-1.6216823712469601
0.0,0.7950169236022757,0.3419197396477463,1.894835420148871,1.3175218643280087,-0.5237346938564934,1.7919154189889182,1.1016732578485655,1.4752098598009913,-1.2164434200651122,-1.4242121761273363,-1.4805926223676529,1.125924122804416
0.0,-0.5610967369855903,0.9974770302019772,1.4126620412846613,0.37789018836290517,0.07671870244000388,1.2900411781625443,1.5648198331289995,0.582140737802396,-0.06025177777229999,-0.010761666278573195,-0.9044249810374589,1.125924122804416
0.0,-0.28987400486801806,0.0796968234260547,2.377008799013082,0.35746341279844646,0.1767942684894202,1.2231246127190276,1.589195968670075,0.571715806417207,-0.06025177777229999,-0.010761666278573195,-0.9044249810374589,1.125924122804416
0.0,-0.28987400486801806,-0.05141463468479146,2.377008799013082,0.37789018836290517,0.4770209666376692,1.1562080472755112,1.3210584777182448,0.5473909665184072,-0.2047757330589015,-0.1117224169820564,-0.9044249810374589,0.21005529145395715
0.0,-0.5610967369855903,0.0796968234260547,1.533205386000714,0.3983169639273642,0.7772476647859181,1.1562080472755112,1.4429391554236222,0.5786657606740124,-0.06025177777229999,-0.010761666278573195,-0.9044249810374589,1.125924122804416
0.0,-0.42548537092680416,-0.05141463468479146,2.1359221095809766,0.3370366372339878,0.8773232308353338,0.754708654614412,1.4673152909646976,0.5300160808764128,-0.06025177777229999,-0.1117224169820564,-0.9044249810374589,1.125924122804416
0.0,-0.018651272750444616,-0.18252609279563764,-0.27494478474007433,1.1132541086834211,0.07671870244000388,1.2231246127190276,-0.09275738366413293,0.4883163553356186,-1.144181442421813,0.9988458407562577,-0.16363801361292274,0.21005529145395715
0.0,-0.6967081030443776,0.7352541139802848,-0.7571181636042842,1.1541076598123385,0.6771720987365019,1.892290267154193,0.8091596313556597,0.7871643883779449,-0.34929968834550307,0.6959635886458092,-0.575186328848776,0.21005529145395715
0.0,-1.7815990315146701,-0.3136375509064838,1.533205386000714,-0.9498502233269145,0.3769454005882529,-0.8512889160299848,-0.5802800944856424,-0.5541767831841592,0.22879613280090308,-0.010761666278573195,-0.49287666580160566,1.125924122804416
0.0,-0.42548537092680416,-0.18252609279563764,-0.6365748188882316,2.2571535402931118,2.178305589477745,-0.3828729579253691,0.07787556512339541,1.3640105916922196,0.08427217751430155,0.09019908442491001,-0.41056700275443525,0.21005529145395715
0.0,-0.28987400486801806,-1.7558635901257902,-0.395488129456127,1.5422163955370551,1.3777010610824154,-0.11520669615130294,-1.0190505342250011,1.1068622841906877,-0.13251375541560237,-0.9194084226099208,-0.9867346440846293,0.21005529145395715
0.0,1.4730737538962086,-0.706971925239022,0.8099453177043987,-0.8885698966335382,1.4777766271318318,-0.9182054814735013,0.029123294041244457,-0.7209756853473359,-0.9996574871352115,0.3930813365353596,0.24791030162293054,1.125924122804416
0.0,0.2525714593671288,0.4730311977585925,-0.516031474172179,-0.8477163455046207,-0.023356863609411745,-0.9182054814735013,0.979792580143188,-0.7557254566313247,0.08427217751430155,0.8978850900527745,0.6594586168587838,1.125924122804416
0.0,1.7442964860137808,-0.8380833833498678,-0.27494478474007433,-1.0315573255847497,-0.6238102599059097,-1.8550373976827328,-2.140352769114473,-0.49162719487298717,-1.4332293529950129,2.5132571013085045,-0.2459476766600931,1.125924122804416
0.0,2.0155192181313555,-1.10030629957156,-0.27494478474007433,-1.072410876713667,-0.924036958054158,-0.9851220469170178,-1.9453436847858692,-0.9537991529500682,-1.2164434200651122,0.2921205858318764,0.3302199646701009,0.21005529145395715
0.0,1.4730737538962086,-0.706971925239022,0.8099453177043987,-0.8885698966335382,1.4777766271318318,-0.9182054814735013,0.029123294041244457,-0.7209756853473359,-0.9996574871352115,0.3930813365353596,0.24791030162293054,1.125924122804416
0.0,0.5237941914847023,-1.231417757682406,0.20722859412413622,0.010208228202647584,-0.023356863609411745,-1.252788308691084,-0.6290323655677934,-0.36652801825060455,-1.4332293529950129,-0.8184476719064376,0.16560063857576018,0.21005529145395715
0.0,1.7442964860137808,-0.8380833833498678,-0.27494478474007433,-1.0315573255847497,-0.6238102599059097,-1.8550373976827328,-2.140352769114473,-0.49162719487298717,-1.4332293529950129,2.5132571013085045,-0.2459476766600931,1.125924122804416
0.0,2.0155192181313555,-1.10030629957156,-0.27494478474007433,-1.072410876713667,-0.924036958054158,-0.9851220469170178,-1.9453436847858692,-0.9537991529500682,-1.2164434200651122,0.2921205858318764,0.3302199646701009,0.21005529145395715
0.0,0.5237941914847023,-1.231417757682406,0.20722859412413622,0.010208228202647584,-0.023356863609411745,-1.252788308691084,-0.6290323655677934,-0.36652801825060455,-1.4332293529950129,-0.8184476719064376,0.16560063857576018,0.21005529145395715
0.0,-0.018651272750444616,-0.05141463468479146,0.20722859412413622,1.78733770231056,1.77800332528008,0.48704239284034584,0.614150547027056,1.1172872155758764,0.3733200880875046,0.3930813365353596,-0.08132835056575237,-0.7058135398965015
0.0,0.5237941914847023,0.21080828153690087,0.6894019729883462,-0.8885698966335382,0.9773987968847501,-0.7843723505864683,0.46789373378060306,-0.915574404537696,-0.4215616659888054,0.3930813365353596,0.41252962771727125,1.125924122804416
0.0,1.4730737538962086,-0.706971925239022,0.8099453177043987,-0.8885698966335382,1.4777766271318318,-0.9182054814735013,0.029123294041244457,-0.7209756853473359,-0.9996574871352115,0.3930813365353596,0.24791030162293054,1.125924122804416
0.0,0.2525714593671288,0.4730311977585925,-0.516031474172179,-0.8477163455046207,-0.023356863609411745,-0.9182054814735013,0.979792580143188,-0.7557254566313247,0.08427217751430155,0.8978850900527745,0.6594586168587838,1.125924122804416
0.0,0.7950169236022757,0.9974770302019772,-0.516031474172179,1.1745344353767972,0.6771720987365019,-0.249039827038336,0.2972607849930747,1.0199878559807156,0.22879613280090308,0.09019908442491001,-0.2459476766600931,1.125924122804416
0.0,-0.6967081030443776,2.1774801531995913,-0.033858095307969065,0.500450841749658,-0.023356863609411745,-1.118955177804051,-0.7509130432731708,-0.7348755938609083,0.6623679986607045,-1.5251729268308196,1.8941035625663436,-1.6216823712469601
0.0,-0.018651272750444616,1.9152572369778988,-0.27494478474007433,0.500450841749658,0.2768698345388365,-0.4497895233688856,-0.14150965474628388,0.5091662181059964,-0.49382364363210457,1.0998065914597408,-0.575186328848776,1.125924122804416
0.0,-0.6967081030443776,1.7841457788670534,-0.9982048530363895,-0.2553398541353165,-0.6238102599059097,0.5539589582838623,-0.14150965474628388,-0.6862259140633472,0.3733200880875046,-0.41460466909250543,0.5771489538116135,0.21005529145395715
0.0,-2.324044495749817,1.1285884883128225,-0.7571181636042842,0.09191533046048254,-0.8239613920047416,0.08554300017924665,-0.4096471456981141,-0.6792759598065418,1.384987775093712,-0.8184476719064376,0.7417682799059542,0.21005529145395715
0.0,-2.324044495749817,1.1285884883128225,-0.7571181636042842,0.09191533046048254,-0.8239613920047416,0.08554300017924665,-0.4096471456981141,-0.6792759598065418,1.384987775093712,-0.8184476719064376,0.7417682799059542,0.21005529145395715
0.0,-0.6967081030443776,0.4730311977585925,-1.4803782319005994,-0.5413147120377392,-0.32358356175766073,-0.048290130707786406,-0.11713351920520841,-0.783525273658508,-1.3609673753517137,-1.0203691733134042,0.08329097552858834,1.125924122804416
0.0,0.1169600933083427,0.21080828153690087,-0.516031474172179,1.194961210941256,-0.023356863609411745,1.1562080472755112,0.053499429582319936,0.4813664010788132,-1.144181442421813,0.7969243393492924,-0.16363801361292274,0.21005529145395715
0.0,0.2525714593671288,0.866365572091131,-0.516031474172179,-0.13277920074856384,-0.924036958054158,0.2862926965097962,1.637948239752226,-0.7209756853473359,-0.13251375541560237,1.604610344977157,1.5648649103776606,0.21005529145395715
0.0,-0.15426263880923075,-0.05141463468479146,2.015378764864924,0.35746341279844646,0.9773987968847501,0.888541785501445,1.4673152909646976,0.6064655777011958,0.012010199870999176,-0.010761666278573195,-0.9044249810374589,1.125924122804416
0.0,0.6594055575434884,-0.3136375509064838,-0.27494478474007433,-0.7864360188112444,-0.023356863609411745,-0.249039827038336,-0.7996653143553217,-0.9503241758216847,-0.9996574871352115,0.7969243393492924,0.5771489538116135,-1.6216823712469601
0.0,-0.15426263880923075,2.57081452753213,-1.3598348871845471,-0.4800343853443629,-0.8239613920047416,-1.52045457046515,-1.1896834830125294,-1.2769720258911943,0.517844043374103,0.595002837942326,1.9764132256135138,0.21005529145395715
0.0,-2.324044495749817,1.1285884883128225,-0.7571181636042842,0.09191533046048254,-0.8239613920047416,0.08554300017924665,-0.4096471456981141,-0.6792759598065418,1.384987775093712,-0.8184476719064376,0.7417682799059542,0.21005529145395715
0.0,-2.324044495749817,-0.4447490090173296,-1.7214649213327047,-1.092837652278126,1.0774743629341665,-1.4535380050216336,-0.9215459920606991,-1.4854706535951654,0.22879613280090308,-0.9194084226099208,0.7417682799059542,1.125924122804416
0.0,-0.6967081030443776,1.7841457788670534,-0.9982048530363895,-0.2553398541353165,-0.6238102599059097,0.5539589582838623,-0.14150965474628388,-0.6862259140633472,0.3733200880875046,-0.41460466909250543,0.5771489538116135,0.21005529145395715
0.0,0.3881828254259149,2.308591611310437,-1.1187481977524418,-0.11235242518410513,-0.7238858259553254,-0.7174557851429517,-0.8971698565196237,-1.1171230779848615,-0.2770377107022039,0.8978850900527745,2.1410325517078546,-1.6216823712469601
0.0,-2.7308785939261764,-0.05141463468479146,-1.1187481977524418,0.8681328019099157,-0.8239613920047416,-0.7843723505864683,-0.6290323655677934,-0.3804279267642155,1.9630835962401183,-2.029976680348235,0.7417682799059542,-1.6216823712469601
0.0,0.2525714593671288,-1.4936406739040982,-0.395488129456127,2.0528857846485242,1.5778521931812481,0.6877920891708954,-0.6534085011088689,1.3779105002058305,-0.2770377107022039,-1.1213299240168872,-0.7398056549431182,0.21005529145395715
0.0,-0.42548537092680416,1.9152572369778988,-1.2392915424684945,-0.3166201808286928,0.9773987968847501,0.9554583509449616,0.12662783620554635,0.26591781911807527,-0.34929968834550307,1.4026888435701905,-1.1513539701789715,1.125924122804416
0.0,-0.8323194691031637,0.6041426558694387,-1.1187481977524418,-0.6230218142955743,0.9773987968847501,-0.048290130707786406,-0.5802800944856424,0.15819352813768706,-0.2047757330589015,-0.010761666278573195,-1.8098312745563359,1.125924122804416
0.0,1.6086851199549947,0.0796968234260547,0.08668524940808357,-1.0519841011492084,0.7772476647859181,0.4201258273968293,-0.8240414498963973,-1.325621705688794,-1.3609673753517137,-0.3136439183890222,1.4825552473304904,0.21005529145395715
0.0,1.6086851199549947,0.0796968234260547,0.08668524940808357,-1.0519841011492084,0.7772476647859181,0.4201258273968293,-0.8240414498963973,-1.325621705688794,-1.3609673753517137,-0.3136439183890222,1.4825552473304904,0.21005529145395715
0.0,-0.42548537092680416,1.9152572369778988,-1.2392915424684945,-0.3166201808286928,0.9773987968847501,0.9554583509449616,0.12662783620554635,0.26591781911807527,-0.34929968834550307,1.4026888435701905,-1.1513539701789715,1.125924122804416
0.0,-0.8323194691031637,0.6041426558694387,-1.1187481977524418,-0.6230218142955743,0.9773987968847501,-0.048290130707786406,-0.5802800944856424,0.15819352813768706,-0.2047757330589015,-0.010761666278573195,-1.8098312745563359,1.125924122804416
0.0,-0.15426263880923075,1.390811404534515,-0.8776615083203368,-0.7864360188112444,-1.4244147883012392,-0.7174557851429517,-1.2871880251768313,-1.0198237183896623,-0.34929968834550307,-1.2222906747203706,0.9063876060002949,0.21005529145395715
0.0,-0.28987400486801806,-0.706971925239022,2.1359221095809766,0.480024066185199,-0.6238102599059097,0.4201258273968293,1.3210584777182448,-0.31092838419619945,-1.6500152859249169,0.7969243393492924,0.3302199646701009,0.21005529145395715
0.0,0.9306282896610618,-0.05141463468479146,-0.1544014400240217,-0.9702769988913732,-1.0241125241035742,0.08554300017924665,-0.6777846366499444,-1.1796726662960335,-1.5777533082816144,-0.5155654197959887,1.0710069320946372,0.21005529145395715
0.0,0.9306282896610618,0.9974770302019772,-0.516031474172179,-0.4800343853443629,-1.4244147883012392,0.754708654614412,-0.8971698565196237,-1.47852069933836,0.08427217751430155,0.1911598351283932,2.1410325517078546,-1.6216823712469601
0.0,-0.15426263880923075,1.390811404534515,-0.8776615083203368,-0.7864360188112444,-1.4244147883012392,-0.7174557851429517,-1.2871880251768313,-1.0198237183896623,-0.34929968834550307,-1.2222906747203706,0.9063876060002949,0.21005529145395715
0.0,-0.5610967369855903,0.7352541139802848,-1.1187481977524418,2.012032233519607,1.277625495032999,0.08554300017924665,0.9554164446021126,1.655908670477779,0.517844043374103,0.595002837942326,-1.2336636332261417,1.125924122804416
0.0,-0.15426263880923075,-0.3136375509064838,-0.033858095307969065,0.5413043928785755,-1.9247926185483206,-0.9851220469170178,-0.6777846366499444,-0.4221276523050097,1.0959398645205092,-1.3232514254238537,1.647174573424831,0.21005529145395715
0.0,-0.5610967369855903,0.7352541139802848,-1.1187481977524418,2.012032233519607,1.277625495032999,0.08554300017924665,0.9554164446021126,1.655908670477779,0.517844043374103,0.595002837942326,-1.2336636332261417,1.125924122804416
0.0,1.879907852072567,0.6041426558694387,1.2921186965686087,0.13276888158940012,0.4770209666376692,-1.118955177804051,-1.2140596185536048,0.8497139766891555,0.3010581104442022,1.604610344977157,0.000981312481417987,1.125924122804416
0.0,-0.15426263880923075,-0.3136375509064838,-0.033858095307969065,0.5413043928785755,-1.9247926185483206,-0.9851220469170178,-0.6777846366499444,-0.4221276523050097,1.0959398645205092,-1.3232514254238537,1.647174573424831,0.21005529145395715
0.0,-1.2391535672795233,-1.231417757682406,-0.395488129456127,-0.6638753654244918,-1.224263656202407,-0.18212326159481948,-0.3365187390748877,-1.6348946701163478,1.601773708023616,-1.5251729268308196,2.552580866943708,-1.6216823712469601
0.0,-1.2391535672795233,-0.8380833833498678,-1.1187481977524418,-0.9907037744558321,-0.5237346938564934,0.2193761310662797,-1.067802805307152,-1.2595971402491999,1.2404638198071105,0.09019908442491001,1.1533165951418074,0.21005529145395715
0.0,-0.28987400486801806,0.7352541139802848,-0.7571181636042842,-0.3574737319576104,-1.1241880901529906,-0.5836226542559186,-0.4096471456981141,-0.6445261885225531,1.5295117303803136,2.5132571013085045,1.5648649103776606,-1.6216823712469601
0.0,-1.2391535672795233,-1.8869750482366363,-0.6365748188882316,-0.3166201808286928,-1.224263656202407,0.35320926195331276,-0.6534085011088689,-0.5472268289273537,2.6134413950298234,2.0084533477910895,1.2356262581889779,0.21005529145395715
0.0,-1.2391535672795233,-1.10030629957156,-0.395488129456127,-0.3574737319576104,-1.0241125241035742,2.2268730943717756,0.004747158500168979,-0.7800502965301246,0.15653415515760072,-1.0203691733134042,0.5771489538116135,0.21005529145395715
0.0,-1.2391535672795233,-0.8380833833498678,-1.1187481977524418,-0.9907037744558321,-0.5237346938564934,0.2193761310662797,-1.067802805307152,-1.2595971402491999,1.2404638198071105,0.09019908442491001,1.1533165951418074,0.21005529145395715
0.0,-1.9172103975734562,-1.231417757682406,-0.6365748188882316,-0.7455824676823268,0.6771720987365019,-0.4497895233688856,-0.7996653143553217,-0.5541767831841592,1.9630835962401183,0.6959635886458092,-0.2459476766600931,0.21005529145395715
0.0,-0.967930835161951,-0.706971925239022,-0.27494478474007433,-0.010218547361811292,-0.32358356175766073,0.8216252200579285,-0.0196289770409065,-1.0962732152144452,0.5901060210174053,-1.727094428237786,1.7294842364720013,0.21005529145395715
0.0,0.6594055575434884,-0.18252609279563764,-0.7571181636042842,0.17362243271831768,0.5770965326870855,1.1562080472755112,1.7110766463754523,0.7072399144247785,-0.49382364363210457,-1.1213299240168872,-1.1513539701789715,1.125924122804416
0.0,0.6594055575434884,-0.18252609279563764,-0.7571181636042842,0.17362243271831768,0.5770965326870855,1.1562080472755112,1.7110766463754523,0.7072399144247785,-0.49382364363210457,-1.1213299240168872,-1.1513539701789715,1.125924122804416
0.0,-0.28987400486801806,1.6530343207562073,-1.2392915424684945,-0.4800343853443629,-0.42365912780707704,-1.1858717432475674,-0.9459221276017746,-1.2700220716344275,0.4455820657308038,0.4940420872388428,1.9764132256135138,-1.6216823712469601
0.0,-1.1035422012207372,0.6041426558694387,0.6894019729883462,-0.3166201808286928,-0.2235079957082444,0.4201258273968293,-0.8727937209785482,-1.4437709280543711,0.3733200880875046,0.7969243393492924,2.058722888660684,0.21005529145395715
0.0,2.151130584190142,-0.4447490090173296,-0.033858095307969065,-1.0315573255847497,0.5770965326870855,1.6246240053801269,-0.5802800944856424,-0.7140257310905305,-0.6383475989187061,0.6959635886458092,0.3302199646701009,0.21005529145395715
0.0,0.6594055575434884,-0.18252609279563764,-0.7571181636042842,0.17362243271831768,0.5770965326870855,1.1562080472755112,1.7110766463754523,0.7072399144247785,-0.49382364363210457,-1.1213299240168872,-1.1513539701789715,1.125924122804416
0.0,-0.967930835161951,-0.4447490090173296,-0.6365748188882316,0.7047185973942457,1.277625495032999,2.6283724870328746,-0.06838124812305746,0.5230661266196074,-0.2047757330589015,-0.8184476719064376,-0.3282573397072649,0.21005529145395715
0.0,0.6594055575434884,1.259699946423669,2.6180954884451872,1.4196557421503027,1.1775499289835827,1.892290267154193,1.3698107488003957,1.6698085789913513,-0.9273955094919092,0.09019908442491001,-1.6452119484619951,-0.7058135398965015
0.0,-0.15426263880923075,-0.05141463468479146,2.2564654542970293,0.3370366372339878,1.9781544573789127,1.022374916388478,1.394186884341471,0.5612908750319795,-0.4215616659888054,0.1911598351283932,-0.8221153179902886,1.125924122804416
0.0,0.7950169236022757,-0.5758604671281757,-0.6365748188882316,-0.9702769988913732,1.4777766271318318,0.6877920891708954,-0.9459221276017746,-0.2935534985542051,0.7346299763040068,-0.41460466909250543,-0.575186328848776,-1.6216823712469601
0.0,-0.967930835161951,-0.5758604671281757,-0.516031474172179,2.083525947995213,1.6779277592306636,1.2900411781625443,-0.044005112581981976,0.9782881304399215,0.08427217751430155,-1.0203691733134042,-0.08132835056575237,1.125924122804416
0.0,0.3881828254259149,0.21080828153690087,-0.1544014400240217,-0.9907037744558321,1.0774743629341665,-0.9851220469170178,-0.9459221276017746,-1.0927982380860617,-0.2770377107022039,0.1911598351283932,0.6594586168587838,1.125924122804416
0.0,-0.42548537092680416,1.1285884883128225,-0.1544014400240217,0.7864256996520805,2.678683419724827,1.5577074399366102,0.8091596313556597,1.0721125129066988,-0.06025177777229999,0.09019908442491001,-0.9867346440846293,1.125924122804416
0.0,-1.1035422012207372,0.21080828153690087,-0.9982048530363895,2.3388606425509475,0.4770209666376692,0.48704239284034584,-0.6290323655677934,1.781007847100123,-0.6383475989187061,-0.3136439183890222,-1.3982829593204826,0.21005529145395715
0.0,-1.1035422012207372,0.21080828153690087,-0.9982048530363895,2.3388606425509475,0.4770209666376692,0.48704239284034584,-0.6290323655677934,1.781007847100123,-0.6383475989187061,-0.3136439183890222,-1.3982829593204826,0.21005529145395715
0.0,0.3881828254259149,-0.8380833833498678,0.5688586282722935,-0.9907037744558321,0.6771720987365019,-0.4497895233688856,-0.19026192582843485,-0.5472268289273537,-0.2770377107022039,0.3930813365353596,0.16560063857576018,1.125924122804416
0.0,-0.018651272750444616,0.866365572091131,-0.1544014400240217,0.21447598384723526,0.2768698345388365,-0.048290130707786406,0.15100397174662183,-0.5472268289273537,-0.9273955094919092,0.6959635886458092,1.3179359212361481,0.21005529145395715
0.0,-1.1035422012207372,0.21080828153690087,-0.9982048530363895,2.3388606425509475,0.4770209666376692,0.48704239284034584,-0.6290323655677934,1.781007847100123,-0.6383475989187061,-0.3136439183890222,-1.3982829593204826,0.21005529145395715
0.0,0.5237941914847023,-0.3136375509064838,0.44831528355624084,-0.8885698966335382,-1.3243392222518229,-0.9182054814735013,-1.7990868715394164,-1.0684733981872618,-0.4215616659888054,1.5036495942736736,1.5648649103776606,0.21005529145395715
0.0,-0.018651272750444616,0.866365572091131,-0.1544014400240217,0.21447598384723526,0.2768698345388365,-0.048290130707786406,0.15100397174662183,-0.5472268289273537,-0.9273955094919092,0.6959635886458092,1.3179359212361481,0.21005529145395715
0.0,0.5237941914847023,-0.3136375509064838,0.44831528355624084,-0.8885698966335382,-1.3243392222518229,-0.9182054814735013,-1.7990868715394164,-1.0684733981872618,-0.4215616659888054,1.5036495942736736,1.5648649103776606,0.21005529145395715
0.0,-1.1035422012207372,0.21080828153690087,-0.9982048530363895,2.3388606425509475,0.4770209666376692,0.48704239284034584,-0.6290323655677934,1.781007847100123,-0.6383475989187061,-0.3136439183890222,-1.3982829593204826,0.21005529145395715
0.0,-0.8323194691031637,0.0796968234260547,-0.7571181636042842,1.1745344353767972,0.3769454005882529,0.5539589582838623,-0.23901419691058579,0.43966667553801897,-0.2047757330589015,-1.1213299240168872,0.16560063857576018,0.21005529145395715
0.0,-0.5610967369855903,1.5219228626453611,-0.7571181636042842,0.37789018836290517,0.07671870244000388,-0.4497895233688856,-0.9459221276017746,-0.5194270119001705,-1.4332293529950129,-1.727094428237786,0.6594586168587838,0.21005529145395715
0.0,0.3881828254259149,-0.8380833833498678,0.5688586282722935,-0.9907037744558321,0.6771720987365019,-0.4497895233688856,-0.19026192582843485,-0.5472268289273537,-0.2770377107022039,0.3930813365353596,0.16560063857576018,1.125924122804416
0.0,-1.1035422012207372,-0.706971925239022,-0.27494478474007433,0.480024066185199,-0.6238102599059097,0.8216252200579285,-0.23901419691058579,-0.053780076694667375,-0.06025177777229999,-0.9194084226099208,0.000981312481417987,1.125924122804416
0.0,-1.2391535672795233,2.2430358822550143,-1.9625516107648096,0.010208228202647584,-1.1241880901529906,-0.9182054814735013,-0.06838124812305746,-0.8078501135573078,0.3733200880875046,-0.21268316768553905,1.3179359212361481,0.21005529145395715
0.0,0.2525714593671288,-0.18252609279563764,0.08668524940808357,-0.8681431210690794,-2.124943750647153,-1.1858717432475674,-1.4821971095054352,-1.2595971402491999,0.517844043374103,-0.3136439183890222,1.40024558428332,0.21005529145395715
0.0,-0.15426263880923075,-0.05141463468479146,-0.395488129456127,0.2757563105406115,-0.42365912780707704,0.35320926195331276,1.028544851225339,0.33194238455763075,0.3010581104442022,0.7969243393492924,-0.16363801361292274,0.21005529145395715
0.0,0.2525714593671288,-0.3136375509064838,-0.27494478474007433,1.215387986505715,-0.7238858259553254,2.4945393561458418,0.8579119024378107,0.5439159893899852,-1.4332293529950129,0.8978850900527745,-0.16363801361292274,0.21005529145395715
0.0,2.2867419502489277,-0.4447490090173296,0.20722859412413622,-1.0315573255847497,-0.7238858259553254,1.2900411781625443,-0.6534085011088689,-0.7209756853473359,-0.8551335318486101,0.6959635886458092,0.3302199646701009,-1.6216823712469601
0.0,-1.1035422012207372,-0.706971925239022,-0.27494478474007433,0.480024066185199,-0.6238102599059097,0.8216252200579285,-0.23901419691058579,-0.053780076694667375,-0.06025177777229999,-0.9194084226099208,0.000981312481417987,1.125924122804416
0.0,-1.3747649333383105,0.0796968234260547,-0.7571181636042842,-0.5821682631666567,2.878834551823658,-0.5836226542559186,-1.6528300582929634,-1.3534215227159772,-0.6383475989187061,-1.0203691733134042,0.7417682799059542,0.21005529145395715
0.0,-0.42548537092680416,0.866365572091131,-0.27494478474007433,-0.5208879364732805,-0.6238102599059097,-0.048290130707786406,-1.1896834830125294,-1.2352723003504,0.4455820657308038,1.5036495942736736,1.5648649103776606,-1.6216823712469601
0.0,-0.42548537092680416,0.866365572091131,-0.27494478474007433,-0.5208879364732805,-0.6238102599059097,-0.048290130707786406,-1.1896834830125294,-1.2352723003504,0.4455820657308038,1.5036495942736736,1.5648649103776606,-1.6216823712469601
0.0,-0.15426263880923075,0.6041426558694387,-0.27494478474007433,-0.8068627943757032,-0.42365912780707704,-0.31595639248185253,-1.3115641607179067,-1.7947436180226806,-0.7106095765620085,-1.2222906747203706,1.8117938995191731,-1.6216823712469601
0.0,-0.8323194691031637,1.6530343207562073,-0.9982048530363895,-0.3166201808286928,-0.5237346938564934,0.6877920891708954,0.029123294041244457,-0.7279256396041415,0.3010581104442022,-0.5155654197959887,0.4948392907644416,-1.6216823712469601
0.0,-0.8323194691031637,1.6530343207562073,-0.9982048530363895,-0.3166201808286928,-0.5237346938564934,0.6877920891708954,0.029123294041244457,-0.7279256396041415,0.3010581104442022,-0.5155654197959887,0.4948392907644416,-1.6216823712469601
0.0,0.3881828254259149,1.390811404534515,-0.27494478474007433,-0.030645322926269987,-0.2235079957082444,0.9554583509449616,0.053499429582319936,-1.2595971402491999,-0.13251375541560237,-2.130937431051718,2.4702712038965378,0.21005529145395715
0.0,-0.42548537092680416,0.866365572091131,-0.27494478474007433,-0.5208879364732805,-0.6238102599059097,-0.048290130707786406,-1.1896834830125294,-1.2352723003504,0.4455820657308038,1.5036495942736736,1.5648649103776606,-1.6216823712469601
0.0,0.5237941914847023,-0.18252609279563764,-0.033858095307969065,-0.9907037744558321,1.1775499289835827,-0.7174557851429517,-0.7752891788142463,-0.7974251821721189,-0.13251375541560237,-0.010761666278573195,0.41252962771727125,0.21005529145395715
0.0,-0.8323194691031637,1.6530343207562073,-0.9982048530363895,-0.3166201808286928,-0.5237346938564934,0.6877920891708954,0.029123294041244457,-0.7279256396041415,0.3010581104442022,-0.5155654197959887,0.4948392907644416,-1.6216823712469601
0.0,0.3881828254259149,1.390811404534515,-0.27494478474007433,-0.030645322926269987,-0.2235079957082444,0.9554583509449616,0.053499429582319936,-1.2595971402491999,-0.13251375541560237,-2.130937431051718,2.4702712038965378,0.21005529145395715
0.0,-0.8323194691031637,0.21080828153690087,2.2564654542970293,0.3166098616695291,1.3777010610824154,0.9554583509449616,1.6867005108343769,0.6134155319580012,-0.06025177777229999,0.3930813365353596,-0.9867346440846293,1.125924122804416
0.0,-0.5610967369855903,1.1285884883128225,-0.516031474172179,-0.9702769988913732,-0.5237346938564934,-0.249039827038336,-0.5802800944856424,-2.1005416053218506,-0.49382364363210457,-0.8184476719064376,2.964129182179561,-1.6216823712469601
0.0,-0.28987400486801806,0.6041426558694387,-0.516031474172179,-1.011130550020291,-0.7238858259553254,-0.4497895233688856,-0.7265369077320953,-1.9024679090030687,-1.3609673753517137,-0.8184476719064376,2.1410325517078546,0.21005529145395715
0.0,0.7950169236022757,-0.18252609279563764,0.5688586282722935,-0.7660092432467857,0.7772476647859181,-0.7174557851429517,-0.11713351920520841,-0.8530248162264854,-1.0719194647785106,0.4940420872388428,0.4948392907644416,0.21005529145395715
0.0,0.6594055575434884,1.259699946423669,0.20722859412413622,1.7260573756171842,1.4777766271318318,0.754708654614412,0.8822880379788861,1.2771361634822478,-0.34929968834550307,0.8978850900527745,-0.3282573397072649,1.125924122804416
0.0,-0.15426263880923075,0.6041426558694387,-0.27494478474007433,-0.8068627943757032,-0.42365912780707704,-0.31595639248185253,-1.3115641607179067,-1.7947436180226806,-0.7106095765620085,-1.2222906747203706,1.8117938995191731,-1.6216823712469601
0.0,2.422353316307714,0.6041426558694387,-0.27494478474007433,-1.1132644278425847,0.2768698345388365,-1.252788308691084,-0.6777846366499444,-0.4673023549741873,-1.722277263568216,-0.9194084226099208,-0.41056700275443525,1.125924122804416
0.0,2.422353316307714,0.6041426558694387,-0.27494478474007433,-1.1132644278425847,0.2768698345388365,-1.252788308691084,-0.6777846366499444,-0.4673023549741873,-1.722277263568216,-0.9194084226099208,-0.41056700275443525,1.125924122804416
0.0,2.422353316307714,-0.5758604671281757,0.08668524940808357,-1.0519841011492084,-1.1241880901529906,0.2193761310662797,-1.0190505342250011,-0.5020521262581761,-2.589420995287825,-1.727094428237786,-0.2459476766600931,1.125924122804416
0.0,0.1169600933083427,-1.624752132014944,-0.395488129456127,0.7251453729587044,1.3777010610824154,-0.31595639248185253,-1.116555076389303,0.4466166297948244,0.012010199870999176,-1.5251729268308196,-0.575186328848776,0.21005529145395715
0.0,-0.42548537092680416,-0.5758604671281757,-0.1544014400240217,-0.5004611609088216,0.3769454005882529,-1.1858717432475674,-0.7509130432731708,-0.992023901362479,-0.2770377107022039,-1.727094428237786,0.7417682799059542,1.125924122804416
0.0,-0.28987400486801806,0.7352541139802848,1.7742920754328186,1.8894715801328539,2.078230023428329,-0.5167060888124021,0.8822880379788861,1.6976083960185733,-0.06025177777229999,0.7969243393492924,-1.3159732962733122,1.125924122804416
0.0,-0.28987400486801806,0.7352541139802848,1.7742920754328186,1.8894715801328539,2.078230023428329,-0.5167060888124021,0.8822880379788861,1.6976083960185733,-0.06025177777229999,0.7969243393492924,-1.3159732962733122,1.125924122804416
0.0,-0.967930835161951,0.21080828153690087,-0.7571181636042842,-0.9907037744558321,-1.224263656202407,-0.6505392196994352,-0.8727937209785482,-1.700919235555903,-1.144181442421813,-0.717486921202955,1.2356262581889779,0.21005529145395715
0.0,-0.8323194691031637,0.4730311977585925,-0.516031474172179,-0.9702769988913732,-0.6238102599059097,-0.4497895233688856,-0.7509130432731708,-1.9424301459796518,-0.34929968834550307,-0.717486921202955,2.2233422147550264,0.21005529145395715
0.0,0.1169600933083427,-0.5758604671281757,-0.516031474172179,0.2961830861050702,0.7772476647859181,0.5539589582838623,-0.507151687862416,-0.19972911608742777,0.22879613280090308,1.2007673421632241,0.7417682799059542,-1.6216823712469601
0.0,2.5579646823665,0.6041426558694387,-1.3598348871845471,-0.1532059763130227,-0.32358356175766073,-0.4497895233688856,-1.7015823293751144,-0.19277916183062233,-1.6500152859249169,0.3930813365353596,0.3302199646701009,-0.7058135398965015
0.0,0.6594055575434884,0.0796968234260547,-0.27494478474007433,-1.0315573255847497,-0.2235079957082444,-0.5836226542559186,-1.2871880251768313,-0.5611267374409646,0.6623679986607045,0.4940420872388428,0.08329097552858834,0.21005529145395715
0.0,0.2525714593671288,2.57081452753213,-1.4803782319005994,2.1141661113419006,0.3769454005882529,1.022374916388478,1.1504255289307164,1.7879578013569284,-0.7828715542053076,0.7969243393492924,-0.9867346440846293,1.125924122804416
0.0,-1.5103762993970966,-0.4447490090173296,-0.8776615083203368,0.32682324945175845,-0.023356863609411745,-1.252788308691084,-0.7021607721910198,0.35626722445643055,1.8185596409535167,1.3017280928667072,-0.2459476766600931,0.21005529145395715
0.0,1.879907852072567,-1.10030629957156,0.6894019729883462,-1.072410876713667,-0.2235079957082444,0.4201258273968293,-1.0921789408482274,-1.1171230779848615,-2.228111107071323,1.2007673421632241,1.1533165951418074,0.21005529145395715
0.0,-0.8323194691031637,0.0796968234260547,-0.033858095307969065,-0.010218547361811292,0.5770965326870855,0.8216252200579285,0.5410221404038295,-0.35262810973699366,0.15653415515760072,1.2007673421632241,0.3302199646701009,0.21005529145395715
0.0,0.1169600933083427,1.7841457788670534,0.5688586282722935,0.5208776173141167,1.0774743629341665,0.08554300017924665,0.27288464945199925,0.7524146170939562,-0.2047757330589015,0.1911598351283932,-1.0690443071317997,1.125924122804416
0.0,-2.595267227867389,1.0630327592573996,0.20722859412413622,-1.092837652278126,2.5786078536754107,-0.18212326159481948,0.15100397174662183,-0.8530248162264854,0.3733200880875046,-0.8184476719064376,-0.41056700275443525,1.125924122804416
0.0,0.5237941914847023,-0.4447490090173296,0.8099453177043987,-0.9907037744558321,1.0774743629341665,-0.5836226542559186,-0.7509130432731708,-0.7557254566313247,-0.06025177777229999,-0.1117224169820564,0.41252962771727125,0.21005529145395715
0.0,-0.5610967369855903,-0.8380833833498678,-2.0830949554808624,0.05106177933156497,0.3769454005882529,-0.5836226542559186,-0.5802800944856424,0.08521900844128757,-1.4332293529950129,0.9988458407562577,-0.575186328848776,0.21005529145395715
0.0,-0.967930835161951,0.0796968234260547,-0.033858095307969065,-0.030645322926269987,0.5770965326870855,0.8216252200579285,0.5897744114859804,-0.35610308686541564,0.22879613280090308,1.2007673421632241,0.3302199646701009,0.21005529145395715
0.0,-0.8323194691031637,0.0796968234260547,-0.033858095307969065,-0.010218547361811292,0.5770965326870855,0.8216252200579285,0.5410221404038295,-0.35262810973699366,0.15653415515760072,1.2007673421632241,0.3302199646701009,0.21005529145395715
0.0,-1.1035422012207372,0.4730311977585925,0.08668524940808357,-0.8681431210690794,-0.023356863609411745,-0.249039827038336,-0.23901419691058579,-1.457670836567982,0.9514159092339075,-0.6165261704994719,1.5648649103776606,0.21005529145395715
0.0,-0.967930835161951,0.4730311977585925,-0.033858095307969065,-0.8477163455046207,-0.023356863609411745,0.4201258273968293,0.12662783620554635,-1.4993705621087763,0.8791539315906084,-0.41460466909250543,1.7294842364720013,-1.6216823712469601
0.0,-1.5103762993970966,-1.624752132014944,-0.27494478474007433,-0.19405952744194008,0.2768698345388365,-0.5836226542559186,-0.7752891788142463,0.297192613273642,0.9514159092339075,-0.3136439183890222,-1.0690443071317997,1.125924122804416
0.0,0.1169600933083427,1.7841457788670534,0.5688586282722935,0.5208776173141167,1.0774743629341665,0.08554300017924665,0.27288464945199925,0.7524146170939562,-0.2047757330589015,0.1911598351283932,-1.0690443071317997,1.125924122804416
0.0,-2.595267227867389,1.0630327592573996,0.20722859412413622,-1.092837652278126,2.5786078536754107,-0.18212326159481948,0.15100397174662183,-0.8530248162264854,0.3733200880875046,-0.8184476719064376,-0.41056700275443525,1.125924122804416
0.0,-0.6967081030443776,0.866365572091131,-1.4803782319005994,2.3592874181154055,2.378456721576578,0.08554300017924665,0.5897744114859804,1.8296575268977227,-0.34929968834550307,0.2921205858318764,-1.4805926223676529,1.125924122804416
0.0,0.2525714593671288,-1.362529215793252,-0.27494478474007433,-0.7660092432467857,0.07671870244000388,-0.048290130707786406,-1.1409312119303785,-1.1692477349108448,-2.228111107071323,-0.1117224169820564,0.4948392907644416,0.21005529145395715
0.0,2.151130584190142,-0.5758604671281757,-0.27494478474007433,-1.0315573255847497,-0.42365912780707704,0.6877920891708954,-0.3608948746159632,-0.7140257310905305,-0.4215616659888054,0.595002837942326,0.16560063857576018,-1.6216823712469601
0.0,-0.6967081030443776,0.866365572091131,-1.4803782319005994,2.3592874181154055,2.378456721576578,0.08554300017924665,0.5897744114859804,1.8296575268977227,-0.34929968834550307,0.2921205858318764,-1.4805926223676529,1.125924122804416
0.0,0.2525714593671288,-1.362529215793252,-0.27494478474007433,-0.7660092432467857,0.07671870244000388,-0.048290130707786406,-1.1409312119303785,-1.1692477349108448,-2.228111107071323,-0.1117224169820564,0.4948392907644416,0.21005529145395715
0.0,-1.9172103975734562,-0.3136375509064838,-1.7214649213327047,-0.827289569940162,0.7772476647859181,-0.8512889160299848,0.1997562428287728,-0.6132513943669478,0.3733200880875046,-0.21268316768553905,-0.2459476766600931,1.125924122804416
0.0,1.2018510217786353,0.6041426558694387,0.44831528355624084,-0.41875405865098664,-1.624565920400072,-1.3197048741346005,-1.2140596185536048,-0.8043751364289243,-0.566085621275407,-0.010761666278573195,1.1533165951418074,1.125924122804416
0.0,-1.645987665455884,-1.034750570516137,-1.600921576616652,0.1531956571538588,0.5770965326870855,0.08554300017924665,-0.6534085011088689,0.18946832229329236,0.517844043374103,-0.717486921202955,-0.9044249810374589,0.21005529145395715
0.0,-1.645987665455884,-1.034750570516137,-1.600921576616652,0.1531956571538588,0.5770965326870855,0.08554300017924665,-0.6534085011088689,0.18946832229329236,0.517844043374103,-0.717486921202955,-0.9044249810374589,0.21005529145395715
0.0,-0.28987400486801806,2.1774801531995913,-0.9982048530363895,1.1336808842478798,-0.2235079957082444,1.2900411781625443,0.5410221404038295,0.828864113918739,-0.34929968834550307,0.595002837942326,-0.6574959918959463,0.21005529145395715
0.0,-1.1035422012207372,0.9974770302019772,-0.033858095307969065,-0.5208879364732805,0.1767942684894202,-1.4535380050216336,-0.507151687862416,-0.9572741300784903,1.4572497527370145,-0.41460466909250543,0.9886972690474667,-1.6216823712469601
0.0,0.9306282896610618,1.1285884883128225,1.894835420148871,1.2358147620701736,1.3777010610824154,1.75845713626716,0.9676045123726503,1.4578349741589969,-1.5777533082816144,0.3930813365353596,-1.4805926223676529,1.125924122804416
0.0,0.6594055575434884,1.5219228626453611,-1.1187481977524418,0.03063500376710628,0.7772476647859181,-1.118955177804051,-0.8484175854374727,-0.2761786129122107,-0.6383475989187061,0.6959635886458092,0.4948392907644416,-0.7058135398965015
0.0,-1.9172103975734562,-1.034750570516137,-1.600921576616652,0.1531956571538588,0.5770965326870855,0.08554300017924665,-0.6534085011088689,0.18946832229329236,0.517844043374103,-0.717486921202955,-0.9044249810374589,0.21005529145395715
0.0,-0.6967081030443776,0.0796968234260547,2.2564654542970293,0.25532953497615263,0.6771720987365019,0.01862643473573012,1.540443697587924,0.571715806417207,-0.2047757330589015,0.595002837942326,-0.9867346440846293,-0.7058135398965015
0.0,-0.42548537092680416,0.3419197396477463,2.377008799013082,0.3166098616695291,0.6771720987365019,0.01862643473573012,1.3454346132593202,0.582140737802396,-0.2047757330589015,0.2921205858318764,-0.9044249810374589,0.21005529145395715
0.0,-0.5610967369855903,-1.231417757682406,-0.27494478474007433,-0.7251556921178681,-0.8239613920047416,-0.11520669615130294,-0.28776646799273675,-0.8043751364289243,-1.144181442421813,0.09019908442491001,-0.16363801361292274,0.21005529145395715
0.0,-0.15426263880923075,-1.10030629957156,-0.1544014400240217,0.8681328019099157,-0.7238858259553254,0.48704239284034584,0.15100397174662183,0.6551152574987954,-0.7828715542053076,0.09019908442491001,-0.6574959918959463,-1.6216823712469601
0.0,-0.5610967369855903,-1.231417757682406,-0.27494478474007433,-0.7251556921178681,-0.8239613920047416,-0.11520669615130294,-0.28776646799273675,-0.8043751364289243,-1.144181442421813,0.09019908442491001,-0.16363801361292274,0.21005529145395715
0.0,-0.6967081030443776,0.0796968234260547,2.2564654542970293,0.25532953497615263,0.6771720987365019,0.01862643473573012,1.540443697587924,0.571715806417207,-0.2047757330589015,0.595002837942326,-0.9867346440846293,-0.7058135398965015
0.0,-0.42548537092680416,0.3419197396477463,2.377008799013082,0.3166098616695291,0.6771720987365019,0.01862643473573012,1.3454346132593202,0.582140737802396,-0.2047757330589015,0.2921205858318764,-0.9044249810374589,0.21005529145395715
0.0,0.2525714593671288,0.7352541139802848,-0.395488129456127,0.25532953497615263,-1.724641486449488,0.01862643473573012,-0.31214260353381224,-0.7696253651449356,-0.2770377107022039,1.70557109568064,1.8117938995191731,-1.6216823712469601
0.0,0.1169600933083427,0.0796968234260547,-0.8776615083203368,0.23490275941169395,-1.224263656202407,-1.118955177804051,-0.48277555232134056,-0.9294743130512684,-0.7106095765620085,-1.0203691733134042,1.9764132256135138,0.21005529145395715
0.0,-0.42548537092680416,0.3419197396477463,2.4975521437291346,-0.9498502233269145,-0.2235079957082444,0.4201258273968293,1.3454346132593202,-0.5680766916977701,0.517844043374103,1.0998065914597408,-0.16363801361292274,-1.6216823712469601
0.0,-0.42548537092680416,0.3419197396477463,2.377008799013082,-0.9498502233269145,-0.8239613920047416,0.4201258273968293,1.3698107488003957,-0.5576517603125812,0.4455820657308038,1.0998065914597408,-0.16363801361292274,0.21005529145395715
0.0,-0.967930835161951,-0.5758604671281757,-0.8776615083203368,1.1745344353767972,-0.7238858259553254,1.2900411781625443,-0.044005112581981976,0.3388923388144362,0.15653415515760072,-0.8184476719064376,0.08329097552858834,1.125924122804416
0.0,-1.645987665455884,-0.4447490090173296,-0.8776615083203368,0.3370366372339878,0.07671870244000388,-0.249039827038336,-0.8727937209785482,0.15819352813768706,0.012010199870999176,-0.6165261704994719,-0.16363801361292274,0.21005529145395715
0.0,0.2525714593671288,0.7352541139802848,-0.395488129456127,0.25532953497615263,-1.724641486449488,0.01862643473573012,-0.31214260353381224,-0.7696253651449356,-0.2770377107022039,1.70557109568064,1.8117938995191731,-1.6216823712469601
0.0,-0.018651272750444616,-2.0180865063474824,-0.6365748188882316,0.45959729062074034,0.1767942684894202,0.6877920891708954,-0.7996653143553217,0.2450679563476589,0.08427217751430155,-1.1213299240168872,-0.575186328848776,0.21005529145395715
0.0,-0.018651272750444616,-2.0180865063474824,-0.6365748188882316,0.45959729062074034,0.1767942684894202,0.6877920891708954,-0.7996653143553217,0.2450679563476589,0.08427217751430155,-1.1213299240168872,-0.575186328848776,0.21005529145395715
0.0,0.6594055575434884,-0.4447490090173296,1.0510320071365034,1.6852038244882661,0.5770965326870855,2.561455921589358,2.10109481503266,1.666333601862968,-0.2047757330589015,2.3113355999015384,-0.9867346440846293,0.21005529145395715
0.0,-0.967930835161951,-0.8380833833498678,-1.842008266048757,-0.9702769988913732,0.5770965326870855,0.754708654614412,-0.19026192582843485,-0.9850739471056735,0.8068919539473061,-0.5155654197959887,0.6594586168587838,0.21005529145395715
0.0,-0.018651272750444616,-2.0180865063474824,-0.6365748188882316,0.45959729062074034,0.1767942684894202,0.6877920891708954,-0.7996653143553217,0.2450679563476589,0.08427217751430155,-1.1213299240168872,-0.575186328848776,0.21005529145395715
0.0,0.6594055575434884,-0.4447490090173296,1.0510320071365034,1.6852038244882661,0.5770965326870855,2.561455921589358,2.10109481503266,1.666333601862968,-0.2047757330589015,2.3113355999015384,-0.9867346440846293,0.21005529145395715
0.0,0.1169600933083427,-0.8380833833498678,1.0510320071365034,-1.072410876713667,1.77800332528008,0.08554300017924665,-0.7996653143553217,-0.23100391024303307,-1.4332293529950129,-0.9194084226099208,-1.1513539701789715,1.125924122804416
0.0,-0.15426263880923075,-0.9691948414607139,-0.033858095307969065,-0.5413147120377392,-0.12343242965882807,-0.5836226542559186,-1.4821971095054352,-0.7314006167325249,-2.0835871517847213,0.8978850900527745,-0.08132835056575237,-1.6216823712469601
0.0,-0.15426263880923075,0.21080828153690087,0.20722859412413622,0.5208776173141167,0.5770965326870855,-0.18212326159481948,-0.6290323655677934,0.24854293347608092,0.4455820657308038,0.595002837942326,0.3302199646701009,-1.6216823712469601
0.0,-0.15426263880923075,0.21080828153690087,0.20722859412413622,0.5208776173141167,0.5770965326870855,-0.18212326159481948,-0.6290323655677934,0.24854293347608092,0.4455820657308038,0.595002837942326,0.3302199646701009,-1.6216823712469601
0.0,1.6086851199549947,1.390811404534515,-0.1544014400240217,-0.3370469563931515,-0.42365912780707704,-2.122703659456799,-0.23901419691058579,-0.6862259140633472,-2.0835871517847213,2.4122963506050215,1.2356262581889779,1.125924122804416
0.0,-0.15426263880923075,0.21080828153690087,0.20722859412413622,0.5208776173141167,0.5770965326870855,-0.18212326159481948,-0.6290323655677934,0.24854293347608092,0.4455820657308038,0.595002837942326,0.3302199646701009,-1.6216823712469601
0.0,-1.1035422012207372,-0.05141463468479146,-0.395488129456127,-0.6638753654244918,-0.12343242965882807,0.15245956562276317,0.17538010728769732,-1.5271703791359594,0.22879613280090308,-0.9194084226099208,1.8117938995191731,-1.6216823712469601
0.0,-0.967930835161951,-0.18252609279563764,1.894835420148871,1.930325131261772,0.9773987968847501,-0.6505392196994352,-1.0434266697660766,1.384860454462636,-0.8551335318486101,-0.3136439183890222,-1.1513539701789715,0.21005529145395715
0.0,-0.018651272750444616,-1.624752132014944,0.3277719388401882,-0.9907037744558321,0.4770209666376692,0.35320926195331276,-0.48277555232134056,-0.9468491986932628,-0.8551335318486101,2.4122963506050215,0.41252962771727125,0.21005529145395715
0.0,-0.42548537092680416,1.5219228626453611,-0.7571181636042842,-0.23491307857085766,-0.023356863609411745,-0.11520669615130294,-0.604656230026718,-1.0997481923428287,-0.9273955094919092,0.1911598351283932,1.40024558428332,-1.6216823712469601
0.0,-0.018651272750444616,-1.624752132014944,0.3277719388401882,-0.9907037744558321,0.4770209666376692,0.35320926195331276,-0.48277555232134056,-0.9468491986932628,-0.8551335318486101,2.4122963506050215,0.41252962771727125,0.21005529145395715
0.0,-1.9172103975734562,-1.4936406739040982,-0.033858095307969065,-0.7864360188112444,-0.5237346938564934,-1.654287701352183,-2.091600498032322,-1.7565188696103082,-1.0719194647785106,0.9988458407562577,1.647174573424831,0.21005529145395715
0.0,-0.967930835161951,-0.18252609279563764,1.894835420148871,1.930325131261772,0.9773987968847501,-0.6505392196994352,-1.0434266697660766,1.384860454462636,-0.8551335318486101,-0.3136439183890222,-1.1513539701789715,0.21005529145395715
0.0,-0.018651272750444616,-0.5758604671281757,-0.033858095307969065,-0.09192564961964625,1.1775499289835827,0.35320926195331276,0.3703891916163011,-0.012080351153873174,0.08427217751430155,0.8978850900527745,0.16560063857576018,0.21005529145395715
0.0,0.5237941914847023,-0.706971925239022,-0.395488129456127,-0.6638753654244918,0.1767942684894202,0.2862926965097962,-0.3608948746159632,-0.8356499305844911,-1.3609673753517137,1.2007673421632241,0.5771489538116135,0.21005529145395715
0.0,-1.1035422012207372,-0.05141463468479146,-0.395488129456127,-0.6638753654244918,-0.12343242965882807,0.15245956562276317,0.17538010728769732,-1.5271703791359594,0.22879613280090308,-0.9194084226099208,1.8117938995191731,-1.6216823712469601
0.0,-0.42548537092680416,2.57081452753213,-0.9982048530363895,1.0519737819900445,0.8773232308353338,1.4238743090495773,0.8335357668967353,0.7107148915531619,-0.7828715542053076,0.7969243393492924,-0.6574959918959463,0.21005529145395715
0.0,-0.42548537092680416,-1.10030629957156,1.894835420148871,2.379714193679865,1.1775499289835827,1.4238743090495773,1.126049393389641,2.2744545993328478,-1.5054913306383153,1.3017280928667072,-1.7275216115091654,0.21005529145395715
0.0,-0.8323194691031637,0.7352541139802848,-2.44472498962902,-0.3166201808286928,1.1775499289835827,-1.9219539631262492,-0.9702982631428501,0.1408186424956927,-0.2047757330589015,0.1911598351283932,-1.0690443071317997,1.125924122804416
0.0,0.5237941914847023,1.7841457788670534,-0.9982048530363895,0.43917051505628163,1.277625495032999,0.6877920891708954,0.34601305607522564,0.84276402243235,0.08427217751430155,0.3930813365353596,-1.1513539701789715,1.125924122804416
0.0,-1.2391535672795233,-0.4447490090173296,-0.9982048530363895,-0.9702769988913732,-0.5237346938564934,-0.18212326159481948,-0.5315278234034915,-1.0684733981872618,0.15653415515760072,0.2921205858318764,0.6594586168587838,0.21005529145395715
0.0,-0.5610967369855903,-1.10030629957156,1.894835420148871,2.379714193679865,1.1775499289835827,1.4238743090495773,1.126049393389641,2.2744545993328478,-1.5054913306383153,1.3017280928667072,-1.7275216115091654,0.21005529145395715
0.0,-0.8323194691031637,0.7352541139802848,-2.44472498962902,-0.3166201808286928,1.1775499289835827,-1.9219539631262492,-0.9702982631428501,0.1408186424956927,-0.2047757330589015,0.1911598351283932,-1.0690443071317997,1.125924122804416
0.0,-0.5610967369855903,1.390811404534515,-2.44472498962902,-0.09192564961964625,1.3777010610824154,-1.9219539631262492,-1.116555076389303,0.5300160808764128,-0.9273955094919092,-0.21268316768553905,-1.8098312745563359,-0.7058135398965015
0.0,0.2525714593671288,-0.4447490090173296,1.171575351852556,-1.072410876713667,1.9781544573789127,0.01862643473573012,-0.8971698565196237,-0.22752893311464964,-1.0719194647785106,-0.8184476719064376,-1.1513539701789715,1.125924122804416
0.0,0.5237941914847023,1.7841457788670534,-0.9982048530363895,0.43917051505628163,1.277625495032999,0.6877920891708954,0.34601305607522564,0.84276402243235,0.08427217751430155,0.3930813365353596,-1.1513539701789715,1.125924122804416
0.0,-1.1035422012207372,0.21080828153690087,-0.6365748188882316,-0.4596076097799042,0.3769454005882529,1.022374916388478,0.24850851391092374,-0.8947245417672797,0.5901060210174053,0.7969243393492924,0.8240779429531245,0.21005529145395715
0.0,-0.8323194691031637,0.7352541139802848,1.533205386000714,-0.7047289165534094,-1.3243392222518229,0.15245956562276317,-1.0434266697660766,-1.339521614202405,0.4455820657308038,1.2007673421632241,1.4825552473304904,0.21005529145395715
0.0,-0.5610967369855903,-0.05141463468479146,-0.7571181636042842,-1.072410876713667,0.9773987968847501,-0.8512889160299848,0.9554164446021126,-0.2761786129122107,-0.7106095765620085,0.595002837942326,-1.0690443071317997,1.125924122804416
0.0,-1.2391535672795233,-0.18252609279563764,-0.6365748188882316,-0.9907037744558321,-1.3243392222518229,0.15245956562276317,-1.3603164318000578,-1.610569830217548,0.08427217751430155,-0.21268316768553905,1.3179359212361481,0.21005529145395715
0.0,-0.967930835161951,0.21080828153690087,-0.27494478474007433,0.28596969832284086,-1.1241880901529906,-0.11520669615130294,0.053499429582319936,-0.3039784299394326,0.22879613280090308,-0.21268316768553905,0.3302199646701009,0.21005529145395715
0.0,0.1169600933083427,-0.9691948414607139,0.6894019729883462,-1.0621974889314378,-1.9247926185483206,-0.31595639248185253,-0.7752891788142463,-1.1692477349108448,-0.566085621275407,-1.0203691733134042,0.6594586168587838,1.125924122804416
0.0,-0.018651272750444616,0.0796968234260547,-1.2392915424684945,2.3388606425509475,-0.8239613920047416,-1.252788308691084,-0.507151687862416,1.7601579843297452,-0.8551335318486101,0.4940420872388428,-1.1513539701789715,1.125924122804416
0.0,0.9306282896610618,-0.05141463468479146,0.6894019729883462,-0.13277920074856384,-2.124943750647153,-0.7843723505864683,-0.28776646799273675,-0.1580293905466336,-0.4215616659888054,1.4026888435701905,0.41252962771727125,0.21005529145395715
0.0,-0.018651272750444616,0.0796968234260547,-1.2392915424684945,2.3388606425509475,-0.8239613920047416,-1.252788308691084,-0.507151687862416,1.7601579843297452,-0.8551335318486101,0.4940420872388428,-1.1513539701789715,1.125924122804416
0.0,-0.5610967369855903,-0.8380833833498678,-1.2392915424684945,0.21447598384723526,-1.0241125241035742,1.2231246127190276,0.8579119024378107,0.07131909992771522,0.3733200880875046,0.9988458407562577,0.3302199646701009,0.21005529145395715
0.0,0.6594055575434884,0.866365572091131,-1.2392915424684945,-1.011130550020291,-0.12343242965882807,0.35320926195331276,0.979792580143188,-0.3352532240949993,-0.34929968834550307,-0.010761666278573195,-0.575186328848776,1.125924122804416
0.0,0.6594055575434884,0.9974770302019772,-1.2392915424684945,-1.011130550020291,0.1767942684894202,0.5539589582838623,0.9554164446021126,-0.3387282012234213,-0.34929968834550307,-0.21268316768553905,-0.575186328848776,1.125924122804416
0.0,-0.6967081030443776,-0.3136375509064838,-0.395488129456127,-0.9702769988913732,0.9773987968847501,0.888541785501445,1.1748016644717918,-0.1510794362898667,0.15653415515760072,0.1911598351283932,-0.9867346440846293,1.125924122804416
0.0,-0.8323194691031637,-0.3136375509064838,-1.2392915424684945,0.3166098616695291,1.0774743629341665,0.6877920891708954,0.2972607849930747,0.5612908750319795,0.3010581104442022,0.3930813365353596,-1.0690443071317997,1.125924122804416
0.0,0.7950169236022757,-1.362529215793252,-0.6365748188882316,1.8690448045683956,0.7772476647859181,-0.6505392196994352,-0.044005112581981976,1.586409127909763,-2.0835871517847213,-0.5155654197959887,-1.5629022854148247,-1.6216823712469601
0.0,0.7950169236022757,-1.362529215793252,-0.6365748188882316,1.8690448045683956,0.7772476647859181,-0.6505392196994352,-0.044005112581981976,1.586409127909763,-2.0835871517847213,-0.5155654197959887,-1.5629022854148247,-1.6216823712469601
0.0,0.7950169236022757,-1.362529215793252,-0.6365748188882316,1.8690448045683956,0.7772476647859181,-0.6505392196994352,-0.044005112581981976,1.586409127909763,-2.0835871517847213,-0.5155654197959887,-1.5629022854148247,-1.6216823712469601
0.0,0.7950169236022757,-1.362529215793252,-0.6365748188882316,1.8690448045683956,0.7772476647859181,-0.6505392196994352,-0.044005112581981976,1.586409127909763,-2.0835871517847213,-0.5155654197959887,-1.5629022854148247,-1.6216823712469601
0.0,0.5237941914847023,-1.231417757682406,-0.516031474172179,2.2877937036398004,0.7772476647859181,-0.11520669615130294,0.4191414626984521,2.0416311317300773,-1.7945392412115184,-0.5155654197959887,-1.3159732962733122,-1.6216823712469601
0.0,0.1169600933083427,-0.9691948414607139,0.3277719388401882,1.46050929327922,-0.42365912780707704,0.9554583509449616,-0.4583994167802651,0.5647658521604015,-1.3609673753517137,1.5036495942736736,0.08329097552858834,0.21005529145395715
0.0,0.1169600933083427,-0.9691948414607139,0.3277719388401882,1.46050929327922,-0.42365912780707704,0.9554583509449616,-0.4583994167802651,0.5647658521604015,-1.3609673753517137,1.5036495942736736,0.08329097552858834,0.21005529145395715
0.0,-0.018651272750444616,-1.362529215793252,0.44831528355624084,-1.0315573255847497,-0.8239613920047416,-0.18212326159481948,-0.9459221276017746,-1.1310229864984338,-1.2164434200651122,0.9988458407562577,0.5771489538116135,0.21005529145395715
0.0,0.7950169236022757,-1.362529215793252,-0.6365748188882316,1.8690448045683956,0.7772476647859181,-0.6505392196994352,-0.044005112581981976,1.586409127909763,-2.0835871517847213,-0.5155654197959887,-1.5629022854148247,-1.6216823712469601
0.0,-0.018651272750444616,0.4730311977585925,-0.6365748188882316,1.0724005575545033,-1.4244147883012392,-0.8512889160299848,-0.9702982631428501,-0.24142884162822198,-1.6500152859249169,-1.0203691733134042,0.9063876060002949,0.21005529145395715
0.0,-0.8323194691031637,-0.3136375509064838,-1.2392915424684945,0.3166098616695291,1.0774743629341665,0.6877920891708954,0.2972607849930747,0.5612908750319795,0.3010581104442022,0.3930813365353596,-1.0690443071317997,1.125924122804416
0.0,0.7950169236022757,-1.362529215793252,-0.6365748188882316,1.8690448045683956,0.7772476647859181,-0.6505392196994352,-0.044005112581981976,1.586409127909763,-2.0835871517847213,-0.5155654197959887,-1.5629022854148247,-1.6216823712469601
0.0,0.5237941914847023,-1.231417757682406,-0.516031474172179,2.2877937036398004,0.7772476647859181,-0.11520669615130294,0.4191414626984521,2.0416311317300773,-1.7945392412115184,-0.5155654197959887,-1.3159732962733122,-1.6216823712469601
0.0,-0.018651272750444616,0.4730311977585925,-0.6365748188882316,1.0724005575545033,-1.4244147883012392,-0.8512889160299848,-0.9702982631428501,-0.24142884162822198,-1.6500152859249169,-1.0203691733134042,0.9063876060002949,0.21005529145395715
0.0,-0.42548537092680416,2.1774801531995913,-1.7214649213327047,1.3890155788036145,-1.0241125241035742,-0.6505392196994352,-0.14150965474628388,0.6307904175999955,0.3010581104442022,0.2921205858318764,0.08329097552858834,1.125924122804416
0.0,-0.28987400486801806,-1.231417757682406,0.44831528355624084,-0.9089966721979972,-0.6238102599059097,0.2193761310662797,-0.6534085011088689,-1.1379729407552395,-0.9996574871352115,0.595002837942326,0.6594586168587838,0.21005529145395715
0.0,0.1169600933083427,-0.9691948414607139,0.3277719388401882,1.46050929327922,-0.42365912780707704,0.9554583509449616,-0.4583994167802651,0.5647658521604015,-1.3609673753517137,1.5036495942736736,0.08329097552858834,0.21005529145395715
0.0,-0.018651272750444616,-1.362529215793252,0.44831528355624084,-1.0315573255847497,-0.8239613920047416,-0.18212326159481948,-0.9459221276017746,-1.1310229864984338,-1.2164434200651122,0.9988458407562577,0.5771489538116135,0.21005529145395715
0.0,0.7950169236022757,1.259699946423669,-0.033858095307969065,-0.9089966721979972,-0.6238102599059097,-0.5167060888124021,-0.4340232812391896,-0.6514761427793585,-0.2770377107022039,0.09019908442491001,0.4948392907644416,0.21005529145395715
0.0,-1.7815990315146701,0.21080828153690087,-1.3598348871845471,-0.9702769988913732,-1.0241125241035742,-0.7843723505864683,-1.2628118896357559,-1.2387472774788222,1.6740356856669152,-0.6165261704994719,1.5648649103776606,1.125924122804416
0.0,0.3881828254259149,2.308591611310437,-0.6365748188882316,0.4187437394918229,1.4777766271318318,1.6915405708236433,0.565398275944905,-0.43950253794700406,-0.2047757330589015,-1.2222906747203706,0.9886972690474667,0.21005529145395715
0.0,0.1169600933083427,1.5219228626453611,-0.516031474172179,0.3983169639273642,1.9781544573789127,-0.8512889160299848,0.7116550891913578,0.425766767024408,-0.2047757330589015,2.4122963506050215,0.000981312481417987,1.125924122804416
0.0,0.3881828254259149,2.308591611310437,-0.6365748188882316,0.4187437394918229,1.4777766271318318,1.6915405708236433,0.565398275944905,-0.43950253794700406,-0.2047757330589015,-1.2222906747203706,0.9886972690474667,0.21005529145395715
0.0,-0.8323194691031637,-0.3136375509064838,-0.516031474172179,1.194961210941256,0.6771720987365019,1.2900411781625443,-0.09275738366413293,0.4744164468220077,0.012010199870999176,-1.1213299240168872,0.08329097552858834,0.21005529145395715
0.0,-0.967930835161951,0.21080828153690087,-0.6365748188882316,0.3370366372339878,0.5770965326870855,0.4201258273968293,0.614150547027056,0.39796694999722476,0.15653415515760072,0.2921205858318764,-0.575186328848776,1.125924122804416
0.0,1.066239655719848,-0.05141463468479146,-0.033858095307969065,-1.0315573255847497,0.5770965326870855,-0.7843723505864683,-1.4821971095054352,-1.2283223460936332,-1.6500152859249169,-0.21268316768553905,1.1533165951418074,0.21005529145395715
0.0,-0.42548537092680416,1.259699946423669,-1.9625516107648096,-1.0315573255847497,1.1775499289835827,-1.5873711359086666,-0.7265369077320953,0.050469237157298834,0.012010199870999176,-0.9194084226099208,-1.7275216115091654,1.125924122804416
0.0,-0.28987400486801806,1.1285884883128225,-1.600921576616652,0.847706026345457,1.77800332528008,-1.3197048741346005,-1.3359402962589824,0.7107148915531619,-0.4215616659888054,-1.0203691733134042,-0.575186328848776,-0.7058135398965015
0.0,-1.5103762993970966,-0.18252609279563764,-0.7571181636042842,1.2562415376346323,0.6771720987365019,1.1896663299972694,-0.4096471456981141,1.0686375357782767,-0.7828715542053076,-0.3136439183890222,-0.9867346440846293,0.21005529145395715
0.0,0.7950169236022757,1.390811404534515,-0.7571181636042842,0.6638650462653279,0.7772476647859181,-0.11520669615130294,-0.06838124812305746,0.7802144341211394,-0.4215616659888054,-0.21268316768553905,-0.16363801361292274,1.125924122804416
0.0,-1.5103762993970966,-0.18252609279563764,-1.3598348871845471,-0.9907037744558321,0.1767942684894202,-0.9182054814735013,-0.7021607721910198,-0.8391249077129131,0.8068919539473061,1.0998065914597408,0.3302199646701009,0.21005529145395715
0.0,-1.3747649333383105,-0.4447490090173296,-1.3598348871845471,-0.9907037744558321,0.1767942684894202,-0.9182054814735013,-0.6534085011088689,-0.8530248162264854,0.8068919539473061,0.8978850900527745,0.3302199646701009,0.21005529145395715
0.0,-1.9172103975734562,0.014141094370631628,-0.516031474172179,0.2961830861050702,0.9773987968847501,-0.5167060888124021,-1.116555076389303,0.16861845952287596,0.012010199870999176,-1.0203691733134042,-0.16363801361292274,0.21005529145395715
0.0,-1.5103762993970966,-0.18252609279563764,-0.6365748188882316,0.9089863530388335,0.7772476647859181,1.5577074399366102,-0.507151687862416,0.7246148000667729,-0.6383475989187061,0.1911598351283932,-0.6574959918959463,0.21005529145395715
0.0,-1.5103762993970966,-0.18252609279563764,-0.7571181636042842,1.2562415376346323,0.6771720987365019,1.1896663299972694,-0.7509130432731708,1.0686375357782767,-0.7828715542053076,-0.3136439183890222,-0.9867346440846293,0.21005529145395715
0.0,-1.2391535672795233,-0.4447490090173296,-0.516031474172179,0.45959729062074034,0.3769454005882529,0.15245956562276317,0.12662783620554635,0.16861845952287596,0.3010581104442022,0.4940420872388428,0.000981312481417987,0.21005529145395715
0.0,-0.8323194691031637,0.4730311977585925,-0.033858095307969065,-1.0519841011492084,0.9773987968847501,-0.18212326159481948,1.1748016644717918,-0.40822774379139876,0.6623679986607045,-0.41460466909250543,-0.41056700275443525,1.125924122804416
0.0,-0.42548537092680416,0.866365572091131,-0.9982048530363895,1.6647770489238078,0.5770965326870855,-0.9851220469170178,-0.9946743986839256,0.2520179106044644,-0.9273955094919092,-1.8280551789412691,0.7417682799059542,-1.6216823712469601
0.0,0.7950169236022757,-0.05141463468479146,-0.395488129456127,-0.5413147120377392,0.5770965326870855,-1.386621439578117,-1.5553255161286617,-0.8113250906856913,-0.9273955094919092,-0.3136439183890222,0.6594586168587838,0.21005529145395715
0.0,0.2525714593671288,-0.8380833833498678,0.9304886624204514,-1.072410876713667,1.5778521931812481,-0.31595639248185253,-1.067802805307152,-0.2136290246010387,-1.144181442421813,-1.0203691733134042,-1.1513539701789715,0.21005529145395715
0.0,-0.42548537092680416,-0.706971925239022,1.171575351852556,-1.072410876713667,1.6779277592306636,-0.11520669615130294,-0.8727937209785482,-0.39432783527778786,-0.49382364363210457,-1.0203691733134042,-0.7398056549431182,0.21005529145395715
0.0,0.6594055575434884,-0.18252609279563764,-0.6365748188882316,-0.5208879364732805,0.4770209666376692,-1.252788308691084,-1.4090687028822086,-0.7314006167325249,-0.8551335318486101,-0.21268316768553905,0.5771489538116135,0.21005529145395715
0.0,-0.15426263880923075,-0.3136375509064838,-0.27494478474007433,0.7864256996520805,2.7787589857742434,0.6208755237273789,1.028544851225339,0.981763107568305,-2.3726350623579244,-0.21268316768553905,-1.3982829593204826,0.21005529145395715
0.0,-0.5610967369855903,-1.624752132014944,-0.516031474172179,0.3166098616695291,1.4777766271318318,-0.9182054814735013,-1.3359402962589824,0.14429361962407614,0.517844043374103,-1.2222906747203706,-0.49287666580160566,0.21005529145395715
0.0,-0.5610967369855903,-0.18252609279563764,-0.516031474172179,-0.29619340526423393,-1.224263656202407,-0.3828729579253691,-0.9459221276017746,-1.2491722088640111,-0.7106095765620085,0.9988458407562577,1.8117938995191731,-1.6216823712469601
0.0,1.6086851199549947,-0.18252609279563764,0.3277719388401882,-1.072410876713667,1.1775499289835827,-1.4535380050216336,-0.0196289770409065,-0.060730030951472835,-0.7828715542053076,0.6959635886458092,-0.9044249810374589,1.125924122804416
0.0,-0.5610967369855903,-1.624752132014944,-0.516031474172179,0.3166098616695291,1.4777766271318318,-0.9182054814735013,-1.3359402962589824,0.14429361962407614,0.517844043374103,-1.2222906747203706,-0.49287666580160566,0.21005529145395715
0.0,-0.28987400486801806,-0.706971925239022,0.20722859412413622,-0.1532059763130227,0.3769454005882529,-0.31595639248185253,0.07787556512339541,-0.2935534985542051,0.22879613280090308,-1.0203691733134042,0.3302199646701009,1.125924122804416
0.0,-0.6967081030443776,0.3419197396477463,-1.1187481977524418,1.6034967222304313,-0.5237346938564934,-0.7174557851429517,-0.9215459920606991,0.5022162638492296,-0.7828715542053076,-1.0203691733134042,0.000981312481417987,0.21005529145395715
0.0,0.1169600933083427,1.390811404534515,-1.1187481977524418,0.6434382707008693,1.4777766271318318,1.2900411781625443,0.7116550891913578,0.6412153489851845,0.3010581104442022,-0.6165261704994719,-0.49287666580160566,1.125924122804416
0.0,0.1169600933083427,1.390811404534515,-1.1187481977524418,0.6434382707008693,1.4777766271318318,1.2900411781625443,0.7116550891913578,0.6412153489851845,0.3010581104442022,-0.6165261704994719,-0.49287666580160566,1.125924122804416
0.0,-1.5103762993970966,0.6041426558694387,-0.516031474172179,-0.4596076097799042,-1.224263656202407,-0.8512889160299848,-1.2384357540946804,-1.1171230779848615,0.8791539315906084,-1.0203691733134042,0.9063876060002949,-1.6216823712469601
0.0,0.1169600933083427,2.4397030694212836,-0.6365748188882316,-0.3370469563931515,-0.7238858259553254,-1.1858717432475674,-1.3846925673411332,-1.1310229864984338,-0.49382364363210457,-1.2222906747203706,1.5648649103776606,-1.6216823712469601
0.0,0.1169600933083427,0.4730311977585925,1.533205386000714,-1.011130550020291,-0.32358356175766073,0.08554300017924665,-0.3608948746159632,-1.1275480093700505,-0.8551335318486101,-0.1117224169820564,0.41252962771727125,-1.6216823712469601
0.0,-0.018651272750444616,0.4730311977585925,-0.7571181636042842,2.8495300316624164,-0.5237346938564934,0.6877920891708954,0.32163692053415016,1.1937367124006595,-1.0719194647785106,-1.0203691733134042,1.40024558428332,0.21005529145395715
0.0,-0.15426263880923075,0.21080828153690087,1.171575351852556,-0.5821682631666567,-0.7238858259553254,0.5539589582838623,-0.7752891788142463,-1.2595971402491999,-0.06025177777229999,-1.0203691733134042,1.3179359212361481,0.21005529145395715
0.0,1.066239655719848,1.7841457788670534,-0.6365748188882316,-1.0519841011492084,1.0774743629341665,-0.7843723505864683,1.3698107488003957,-0.7626754108881302,0.22879613280090308,-1.0203691733134042,0.8240779429531245,1.125924122804416
0.0,-1.7815990315146701,-0.706971925239022,-0.8776615083203368,-1.0519841011492084,-0.2235079957082444,-1.118955177804051,-1.5065732450465106,-1.3117217971751831,0.8791539315906084,0.7969243393492924,0.5771489538116135,0.21005529145395715
0.0,-1.1035422012207372,-0.8380833833498678,-0.8776615083203368,-0.8885698966335382,-0.12343242965882807,-0.31595639248185253,-1.0190505342250011,-1.0615234439304564,0.5901060210174053,0.7969243393492924,0.41252962771727125,0.21005529145395715
0.0,-0.967930835161951,-1.231417757682406,-0.395488129456127,-1.072410876713667,-0.12343242965882807,-0.18212326159481948,-1.0921789408482274,-1.2074724833232169,0.517844043374103,0.8978850900527745,0.4948392907644416,0.21005529145395715
0.0,0.9306282896610618,-0.706971925239022,-0.395488129456127,-0.9907037744558321,0.3769454005882529,0.01862643473573012,-0.7265369077320953,-0.9051494731524685,-0.2770377107022039,-0.3136439183890222,0.5771489538116135,0.21005529145395715
0.0,0.6594055575434884,-0.05141463468479146,-0.033858095307969065,-1.0519841011492084,-0.12343242965882807,-0.3828729579253691,-1.0434266697660766,-1.4090211567703823,-0.8551335318486101,-0.3136439183890222,1.1533165951418074,0.21005529145395715
0.0,-0.8323194691031637,1.1285884883128225,-1.4803782319005994,2.400140969244324,2.678683419724827,-0.11520669615130294,0.516646004862754,1.8227075726409172,-0.2770377107022039,0.1911598351283932,-1.4805926223676529,0.21005529145395715
0.0,-0.8323194691031637,1.1285884883128225,-1.4803782319005994,2.400140969244324,2.678683419724827,-0.11520669615130294,0.516646004862754,1.8227075726409172,-0.2770377107022039,0.1911598351283932,-1.4805926223676529,0.21005529145395715
0.0,-0.42548537092680416,2.1774801531995913,-0.1544014400240217,-0.561741487602198,0.3769454005882529,-1.0520386123605343,0.15100397174662183,-1.2561221631208166,-0.2770377107022039,-1.4242121761273363,1.1533165951418074,-1.6216823712469601
0.0,-0.42548537092680416,1.7841457788670534,-0.1544014400240217,-0.5821682631666567,0.3769454005882529,-0.8512889160299848,0.24850851391092374,-1.2491722088640111,-0.2770377107022039,-1.727094428237786,1.1533165951418074,-1.6216823712469601
0.0,0.7950169236022757,0.21080828153690087,2.1359221095809766,1.1745344353767972,0.6771720987365019,0.888541785501445,-0.3608948746159632,1.2041616437858482,-1.2887053977084146,-0.41460466909250543,-1.3159732962733122,1.125924122804416
0.0,-0.6967081030443776,-0.4447490090173296,-1.2392915424684945,2.2673669280753415,1.1775499289835827,0.48704239284034584,0.34601305607522564,1.6315838305789792,-0.49382364363210457,1.2007673421632241,-1.0690443071317997,0.21005529145395715
0.0,-0.8323194691031637,0.9974770302019772,-0.8776615083203368,1.1745344353767972,1.6779277592306636,-0.11520669615130294,0.8335357668967353,1.3396857517934198,-0.34929968834550307,0.7969243393492924,-1.5629022854148247,0.21005529145395715
0.0,-1.1035422012207372,-1.7558635901257902,0.44831528355624084,-0.9702769988913732,0.9773987968847501,-0.7843723505864683,-1.579701651669737,-1.4229210652839932,-0.6383475989187061,0.1911598351283932,0.7417682799059542,-1.6216823712469601
0.0,-0.6967081030443776,-1.231417757682406,-1.1187481977524418,-0.13277920074856384,0.5770965326870855,0.6208755237273789,0.24850851391092374,-0.0051303968970677115,-0.7828715542053076,0.595002837942326,-0.49287666580160566,1.125924122804416
0.0,-0.6967081030443776,-1.10030629957156,-1.2392915424684945,-0.1532059763130227,0.4770209666376692,0.6877920891708954,0.24850851391092374,-0.0016554197686842697,-0.7106095765620085,0.595002837942326,-0.49287666580160566,1.125924122804416
0.0,-0.15426263880923075,0.6041426558694387,0.20722859412413622,0.09191533046048254,1.6779277592306636,1.0892914818319945,1.9060857307040562,0.5369660351332183,1.0236778868772098,0.7969243393492924,-0.2459476766600931,1.125924122804416
0.0,-0.28987400486801806,0.866365572091131,-0.033858095307969065,1.8894715801328539,1.1775499289835827,1.8253737017106764,2.198599357196962,1.2180615522994591,0.4455820657308038,0.7969243393492924,-0.16363801361292274,1.125924122804416
0.0,-0.6967081030443776,0.9974770302019772,-0.1544014400240217,-0.07149887405518755,-2.225019316696569,-1.118955177804051,-1.677206193834039,-1.3985962253851936,0.22879613280090308,-1.9290159296447522,2.305651877802197,-1.6216823712469601
0.0,-0.018651272750444616,0.3419197396477463,-0.033858095307969065,-0.9294234477624558,-1.0241125241035742,-1.118955177804051,-0.16588579028735936,-1.002448832747668,-0.9996574871352115,1.4026888435701905,0.4948392907644416,0.21005529145395715
0.0,0.7950169236022757,0.6041426558694387,-0.7571181636042842,0.45959729062074034,0.5770965326870855,0.8216252200579285,1.6867005108343769,0.8914137022299111,0.517844043374103,-1.2222906747203706,-1.2336636332261417,1.125924122804416
0.0,0.7950169236022757,0.6041426558694387,-0.7571181636042842,0.45959729062074034,0.5770965326870855,0.8216252200579285,1.6867005108343769,0.8914137022299111,0.517844043374103,-1.2222906747203706,-1.2336636332261417,1.125924122804416
0.0,-1.5103762993970966,-0.18252609279563764,-0.6365748188882316,1.0519737819900445,-0.2235079957082444,-0.7174557851429517,-0.4096471456981141,0.09564393982651505,1.0236778868772098,-1.727094428237786,0.16560063857576018,0.21005529145395715
0.0,-0.018651272750444616,0.0796968234260547,-0.516031474172179,0.2961830861050702,-0.42365912780707704,-0.5836226542559186,-1.165307347471454,-0.8113250906856913,0.3733200880875046,-1.4242121761273363,1.5648649103776606,0.21005529145395715
0.0,0.7950169236022757,0.6041426558694387,-0.7571181636042842,0.45959729062074034,0.5770965326870855,0.8216252200579285,1.6867005108343769,0.8914137022299111,0.517844043374103,-1.2222906747203706,-1.2336636332261417,1.125924122804416
0.0,-0.28987400486801806,-0.4447490090173296,-0.033858095307969065,-0.9907037744558321,-0.12343242965882807,-1.7881208322392161,-1.579701651669737,-1.509795493493965,0.22879613280090308,-0.9194084226099208,1.7294842364720013,0.21005529145395715
0.0,-0.018651272750444616,-1.10030629957156,0.3277719388401882,-0.19405952744194008,1.1775499289835827,1.2231246127190276,0.15100397174662183,-0.3352532240949993,-0.6383475989187061,0.595002837942326,0.3302199646701009,-1.6216823712469601
0.0,-0.018651272750444616,0.21080828153690087,-0.395488129456127,1.1336808842478798,0.9773987968847501,1.0892914818319945,0.2972607849930747,0.5578158979035961,-1.2164434200651122,0.9988458407562577,-0.16363801361292274,0.21005529145395715
0.0,-0.018651272750444616,0.21080828153690087,-0.395488129456127,1.1336808842478798,0.9773987968847501,1.0892914818319945,0.2972607849930747,0.5578158979035961,-1.2164434200651122,0.9988458407562577,-0.16363801361292274,0.21005529145395715
0.0,-1.2391535672795233,0.0796968234260547,-0.6365748188882316,0.5413043928785755,0.8773232308353338,0.5539589582838623,-0.0196289770409065,0.09216896269809303,0.4455820657308038,0.4940420872388428,0.08329097552858834,0.21005529145395715
0.0,-0.967930835161951,-0.18252609279563764,-0.516031474172179,0.7455721485231631,1.277625495032999,1.4238743090495773,-0.14150965474628388,0.057419191414104294,0.22879613280090308,-1.3232514254238537,0.24791030162293054,0.21005529145395715
0.0,-0.018651272750444616,0.21080828153690087,-0.395488129456127,1.1336808842478798,0.9773987968847501,1.0892914818319945,0.2972607849930747,0.5578158979035961,-1.2164434200651122,0.9988458407562577,-0.16363801361292274,0.21005529145395715
0.0,-0.018651272750444616,-0.05141463468479146,-0.395488129456127,1.1336808842478798,0.9773987968847501,1.2900411781625443,0.565398275944905,0.5647658521604015,-1.144181442421813,0.9988458407562577,-0.16363801361292274,0.21005529145395715
0.0,0.3881828254259149,-1.7558635901257902,-0.395488129456127,1.8690448045683956,2.178305589477745,1.4238743090495773,-0.5193397556329538,1.228486483684648,-0.2047757330589015,-0.717486921202955,-0.7398056549431182,-1.6216823712469601
0.0,-0.018651272750444616,-1.10030629957156,0.3277719388401882,-0.19405952744194008,1.1775499289835827,1.2231246127190276,0.15100397174662183,-0.3352532240949993,-0.6383475989187061,0.595002837942326,0.3302199646701009,-1.6216823712469601
0.0,-0.8323194691031637,-0.8380833833498678,-0.8776615083203368,1.7669109267461016,1.277625495032999,-1.7881208322392161,-0.4096471456981141,1.3327357975366143,0.012010199870999176,0.4940420872388428,-0.8221153179902886,0.21005529145395715
0.0,-1.3747649333383105,-0.3136375509064838,-0.516031474172179,-1.011130550020291,-0.42365912780707704,0.35320926195331276,-1.4821971095054352,-2.3368400500529667,-0.6383475989187061,-1.9290159296447522,2.71720019303805,-1.6216823712469601
0.0,1.066239655719848,2.8330374437538213,-0.1544014400240217,0.6230114951364106,0.3769454005882529,-1.9219539631262492,1.394186884341471,1.1485620097314817,-0.8551335318486101,1.3017280928667072,-0.9867346440846293,1.125924122804416
0.0,0.7950169236022757,-0.05141463468479146,-0.033858095307969065,-0.5413147120377392,-1.0241125241035742,-0.3828729579253691,1.3698107488003957,-0.8669247247400964,-0.6383475989187061,1.9074925970876064,1.5648649103776606,0.21005529145395715
0.0,-0.8323194691031637,-0.8380833833498678,-0.8776615083203368,1.7669109267461016,1.277625495032999,-1.7881208322392161,-0.4096471456981141,1.3327357975366143,0.012010199870999176,0.4940420872388428,-0.8221153179902886,0.21005529145395715
0.0,-0.967930835161951,0.4730311977585925,1.7742920754328186,-1.011130550020291,0.6771720987365019,1.022374916388478,1.2235539355539429,-0.39432783527778786,0.012010199870999176,-0.3136439183890222,-0.9044249810374589,1.125924122804416
0.0,-0.8323194691031637,0.7352541139802848,2.1359221095809766,0.03063500376710628,0.5770965326870855,1.75845713626716,1.1991778000128674,0.33541736168605274,0.012010199870999176,-0.3136439183890222,-0.8221153179902886,1.125924122804416
0.0,-0.967930835161951,0.4730311977585925,1.7742920754328186,-1.011130550020291,0.6771720987365019,1.022374916388478,1.2235539355539429,-0.39432783527778786,0.012010199870999176,-0.3136439183890222,-0.9044249810374589,1.125924122804416
0.0,-0.6967081030443776,0.9974770302019772,2.377008799013082,-0.010218547361811292,0.4770209666376692,1.892290267154193,1.1991778000128674,0.3388923388144362,-0.06025177777229999,-0.41460466909250543,-0.8221153179902886,1.125924122804416
0.0,0.7950169236022757,-1.362529215793252,-0.27494478474007433,1.5013628444081373,1.3777010610824154,-0.11520669615130294,0.7604073602735087,1.53428447098378,-2.0835871517847213,-0.41460466909250543,-1.5629022854148247,-1.6216823712469601
0.0,0.7950169236022757,-1.362529215793252,-0.27494478474007433,1.5013628444081373,1.3777010610824154,-0.11520669615130294,0.7604073602735087,1.53428447098378,-2.0835871517847213,-0.41460466909250543,-1.5629022854148247,-1.6216823712469601
0.0,0.7950169236022757,-1.362529215793252,-0.27494478474007433,1.5013628444081373,1.3777010610824154,-0.11520669615130294,0.7604073602735087,1.53428447098378,-2.0835871517847213,-0.41460466909250543,-1.5629022854148247,-1.6216823712469601
0.0,0.7950169236022757,-1.362529215793252,-0.27494478474007433,1.5013628444081373,1.3777010610824154,-0.11520669615130294,0.7604073602735087,1.53428447098378,-2.0835871517847213,-0.41460466909250543,-1.5629022854148247,-1.6216823712469601
0.0,0.7950169236022757,-1.362529215793252,-0.27494478474007433,1.5013628444081373,1.3777010610824154,-0.11520669615130294,0.7604073602735087,1.53428447098378,-2.0835871517847213,-0.41460466909250543,-1.5629022854148247,-1.6216823712469601
0.0,0.7950169236022757,-1.362529215793252,-0.27494478474007433,1.5013628444081373,1.3777010610824154,-0.11520669615130294,0.7604073602735087,1.53428447098378,-2.0835871517847213,-0.41460466909250543,-1.5629022854148247,-1.6216823712469601
0.0,0.5237941914847023,-0.05141463468479146,0.6894019729883462,-0.9907037744558321,1.8780788913294963,-1.52045457046515,-0.4096471456981141,-0.6653760512929309,-0.06025177777229999,-0.21268316768553905,-0.16363801361292274,1.125924122804416
0.0,0.2525714593671288,0.6041426558694387,0.3277719388401882,-0.9702769988913732,2.078230023428329,-1.4535380050216336,-0.4340232812391896,-0.6931758683201141,0.22879613280090308,0.1911598351283932,0.08329097552858834,1.125924122804416
0.0,-0.28987400486801806,-0.5758604671281757,0.3277719388401882,-1.011130550020291,0.7772476647859181,-0.7843723505864683,-1.3115641607179067,-1.2665470945060053,-0.13251375541560237,-0.010761666278573195,1.1533165951418074,-1.6216823712469601
0.0,-1.3747649333383105,-0.4447490090173296,-0.1544014400240217,-0.5821682631666567,0.1767942684894202,0.01862643473573012,0.516646004862754,-1.339521614202405,0.012010199870999176,-1.1213299240168872,1.2356262581889779,-1.6216823712469601
0.0,-0.6967081030443776,-1.231417757682406,-0.033858095307969065,-1.092837652278126,-0.2235079957082444,0.2862926965097962,-0.4583994167802651,-1.728719052583125,0.8791539315906084,-0.8184476719064376,2.058722888660684,-1.6216823712469601
0.0,-1.1035422012207372,-0.9691948414607139,-0.7571181636042842,-1.011130550020291,-0.32358356175766073,-0.31595639248185253,-0.7996653143553217,-1.339521614202405,0.9514159092339075,-0.717486921202955,1.4825552473304904,0.21005529145395715
0.0,-0.15426263880923075,-0.706971925239022,0.20722859412413622,-0.9907037744558321,-0.7238858259553254,0.6877920891708954,-0.3365187390748877,-1.509795493493965,0.3733200880875046,-1.2222906747203706,1.647174573424831,-1.6216823712469601
0.0,0.7950169236022757,-1.362529215793252,-0.27494478474007433,1.5013628444081373,1.3777010610824154,-0.11520669615130294,0.7604073602735087,1.53428447098378,-2.0835871517847213,-0.41460466909250543,-1.5629022854148247,-1.6216823712469601
0.0,-0.28987400486801806,-0.5758604671281757,0.5688586282722935,-0.9702769988913732,-0.2235079957082444,-0.249039827038336,-0.8727937209785482,-1.3012968657899942,-0.2770377107022039,1.8065318463841233,1.1533165951418074,1.125924122804416
0.0,-0.018651272750444616,0.9974770302019772,-0.6365748188882316,-0.23491307857085766,1.77800332528008,-1.386621439578117,0.7847834958145843,-0.4568774235889984,0.5901060210174053,0.8978850900527745,0.8240779429531245,0.21005529145395715
0.0,-0.6967081030443776,-0.3136375509064838,-1.2392915424684945,1.1336808842478798,0.7772476647859181,2.026123398041226,1.028544851225339,0.9574382676695051,-0.9273955094919092,0.9988458407562577,-1.0690443071317997,0.21005529145395715
0.0,0.1169600933083427,1.1285884883128225,0.8099453177043987,-0.8068627943757032,0.5770965326870855,-0.6505392196994352,0.49226986932167854,-0.8703997018684798,0.08427217751430155,0.595002837942326,0.41252962771727125,-1.6216823712469601
0.0,-0.018651272750444616,-0.3136375509064838,0.08668524940808357,-0.6434485898600331,0.6771720987365019,2.2268730943717756,0.5897744114859804,-0.20667907034423325,-0.6383475989187061,2.1094140984945717,-0.3282573397072649,0.21005529145395715
0.0,-0.5610967369855903,-0.18252609279563764,0.08668524940808357,-0.9498502233269145,-0.5237346938564934,0.01862643473573012,-0.5802800944856424,-0.7626754108881302,0.3010581104442022,1.8065318463841233,0.000981312481417987,0.21005529145395715
0.0,-1.3747649333383105,-0.9691948414607139,0.08668524940808357,-0.43918083421544535,-0.42365912780707704,0.9554583509449616,-0.09275738366413293,-0.9607491072068737,-0.2047757330589015,-0.6165261704994719,0.5771489538116135,-1.6216823712469601
0.0,-0.28987400486801806,-0.18252609279563764,-0.033858095307969065,-0.1532059763130227,-0.32358356175766073,-1.3197048741346005,-1.677206193834039,-0.7661503880165136,-1.6500152859249169,0.3930813365353596,0.41252962771727125,0.21005529145395715
0.0,-0.8323194691031637,0.4730311977585925,-0.27494478474007433,-0.7864360188112444,-0.12343242965882807,-0.3828729579253691,-1.3359402962589824,-1.1066981465996342,0.8791539315906084,1.3017280928667072,0.9886972690474667,-1.6216823712469601
0.0,-0.5610967369855903,0.866365572091131,-0.516031474172179,-0.4800343853443629,-0.2235079957082444,-0.7174557851429517,-1.3603164318000578,-1.2283223460936332,0.517844043374103,1.604610344977157,1.647174573424831,-1.6216823712469601
0.0,1.066239655719848,0.0796968234260547,-0.033858095307969065,-1.0519841011492084,0.07671870244000388,-0.7843723505864683,-1.579701651669737,-0.5124770576433649,-0.9273955094919092,2.0084533477910895,-0.08132835056575237,1.125924122804416
0.0,-1.2391535672795233,-0.3136375509064838,0.20722859412413622,-0.8885698966335382,-0.5237346938564934,0.35320926195331276,-0.7021607721910198,-1.5132704706223485,0.012010199870999176,0.1911598351283932,1.40024558428332,0.21005529145395715
0.0,-2.0528217636322434,0.866365572091131,-0.27494478474007433,-1.0519841011492084,0.5770965326870855,-0.6505392196994352,-0.4340232812391896,-1.1761976891676116,0.9514159092339075,1.4026888435701905,0.5771489538116135,0.21005529145395715
0.0,0.2525714593671288,-0.5758604671281757,-0.27494478474007433,-1.011130550020291,-0.2235079957082444,-1.386621439578117,-1.7990868715394164,-1.3846963168715825,0.08427217751430155,-1.5251729268308196,1.1533165951418074,0.21005529145395715
0.0,1.3374623878374214,0.0796968234260547,0.3277719388401882,-1.0519841011492084,0.7772476647859181,0.08554300017924665,0.07787556512339541,-0.8530248162264854,-0.7106095765620085,-0.3136439183890222,0.4948392907644416,1.125924122804416
0.0,-0.15426263880923075,-0.8380833833498678,-0.9982048530363895,0.03063500376710628,0.1767942684894202,-0.4497895233688856,-0.8971698565196237,-0.12327961926264484,-0.49382364363210457,-1.5251729268308196,-0.3282573397072649,0.21005529145395715
0.0,1.7442964860137808,0.0796968234260547,0.08668524940808357,-1.0315573255847497,0.2768698345388365,-0.5836226542559186,-0.8971698565196237,-1.1032231694712507,-1.5054913306383153,-0.41460466909250543,1.4825552473304904,0.21005529145395715
0.0,-0.15426263880923075,-0.8380833833498678,-0.9982048530363895,0.03063500376710628,0.1767942684894202,-0.4497895233688856,-0.8971698565196237,-0.12327961926264484,-0.49382364363210457,-1.5251729268308196,-0.3282573397072649,0.21005529145395715
0.0,0.3881828254259149,2.4397030694212836,-0.9982048530363895,-0.7455824676823268,-0.2235079957082444,-0.7174557851429517,-1.2140596185536048,-1.8121185036646748,-1.7945392412115184,-1.0203691733134042,2.305651877802197,-1.6216823712469601
0.0,-1.3747649333383105,-0.5758604671281757,-0.395488129456127,-1.0315573255847497,-0.6238102599059097,-0.6505392196994352,-1.677206193834039,-1.801693572279486,0.3733200880875046,-1.3232514254238537,1.647174573424831,0.21005529145395715
0.0,-0.6967081030443776,0.4730311977585925,1.894835420148871,0.21447598384723526,1.0774743629341665,-0.048290130707786406,0.2972607849930747,0.3076175446588695,-0.06025177777229999,0.4940420872388428,-0.6574959918959463,1.125924122804416
0.0,1.4730737538962086,1.259699946423669,2.4975521437291346,1.3379486398924674,0.6771720987365019,1.892290267154193,0.053499429582319936,1.4196102257466248,-1.7945392412115184,-0.3136439183890222,-1.2336636332261417,1.125924122804416
0.0,1.7442964860137808,0.0796968234260547,0.08668524940808357,-1.0315573255847497,0.2768698345388365,-0.5836226542559186,-0.8971698565196237,-1.1032231694712507,-1.5054913306383153,-0.41460466909250543,1.4825552473304904,0.21005529145395715
0.0,1.6086851199549947,-0.3136375509064838,0.08668524940808357,-1.0519841011492084,0.1767942684894202,-0.4497895233688856,-0.8727937209785482,-1.2109474604516388,-1.144181442421813,-0.5155654197959887,1.5648649103776606,0.21005529145395715
0.0,-0.15426263880923075,1.9152572369778988,-0.6365748188882316,-0.7660092432467857,-0.924036958054158,-0.6505392196994352,-1.2628118896357559,-1.0337236269032732,-0.9996574871352115,-1.4242121761273363,0.9063876060002949,0.21005529145395715
0.0,-0.15426263880923075,-0.3136375509064838,-0.1544014400240217,-0.827289569940162,0.1767942684894202,0.15245956562276317,-0.5802800944856424,-1.287396957276422,0.7346299763040068,-0.21268316768553905,1.8941035625663436,0.21005529145395715
0.0,-0.8323194691031637,0.4730311977585925,-0.033858095307969065,-1.0315573255847497,1.1775499289835827,-0.5167060888124021,1.126049393389641,-0.40822774379139876,0.8068919539473061,-0.5155654197959887,-0.41056700275443525,1.125924122804416
0.0,0.1169600933083427,-0.05141463468479146,0.6894019729883462,0.847706026345457,0.1767942684894202,-0.11520669615130294,0.053499429582319936,0.46399151543681877,-0.9273955094919092,0.1911598351283932,-0.2459476766600931,0.21005529145395715
0.0,-0.15426263880923075,1.9152572369778988,-0.6365748188882316,-0.7660092432467857,-0.924036958054158,-0.6505392196994352,-1.2628118896357559,-1.0337236269032732,-0.9996574871352115,-1.4242121761273363,0.9063876060002949,0.21005529145395715
0.0,-1.2391535672795233,0.7352541139802848,-1.4803782319005994,1.6443502733593487,0.7772476647859181,-0.3828729579253691,0.17538010728769732,0.981763107568305,0.3733200880875046,-0.717486921202955,-0.2459476766600931,0.21005529145395715
0.0,-0.967930835161951,-0.18252609279563764,-0.27494478474007433,-1.0519841011492084,-0.6238102599059097,0.48704239284034584,-0.7265369077320953,-0.9850739471056735,1.0959398645205092,0.7969243393492924,0.16560063857576018,-1.6216823712469601
0.0,-1.645987665455884,-0.4447490090173296,-0.395488129456127,-0.6638753654244918,-1.9247926185483206,-1.0520386123605343,-1.165307347471454,-1.0962732152144452,0.4455820657308038,0.2921205858318764,0.4948392907644416,0.21005529145395715
0.0,-0.28987400486801806,-0.4447490090173296,-0.033858095307969065,-0.9498502233269145,-1.8247170524989043,-0.5836226542559186,-0.8484175854374727,-1.04067358116004,0.7346299763040068,1.2007673421632241,0.9886972690474667,0.21005529145395715
0.0,-1.1035422012207372,-1.231417757682406,-1.3598348871845471,-0.07149887405518755,0.7772476647859181,-0.5836226542559186,-0.06838124812305746,0.02266942013011556,-0.7828715542053076,0.595002837942326,-0.6574959918959463,0.21005529145395715
0.0,0.3881828254259149,1.5219228626453611,1.171575351852556,1.1132541086834211,-0.12343242965882807,-0.18212326159481948,1.3698107488003957,0.8358140681755446,-1.0719194647785106,0.09019908442491001,-0.49287666580160566,0.21005529145395715
0.0,-0.28987400486801806,0.6041426558694387,0.5688586282722935,-0.030645322926269987,0.9773987968847501,-1.4535380050216336,0.6629028181092068,0.7593645713507616,0.3733200880875046,-0.9194084226099208,-1.4805926223676529,-0.7058135398965015
0.0,0.2525714593671288,2.308591611310437,-0.9982048530363895,1.1745344353767972,1.3777010610824154,2.2268730943717756,1.7842050529986788,1.1624619182450542,-0.9996574871352115,0.1911598351283932,-0.9044249810374589,1.125924122804416
0.0,0.2525714593671288,2.308591611310437,-0.9982048530363895,1.1745344353767972,1.3777010610824154,2.2268730943717756,1.7842050529986788,1.1624619182450542,-0.9996574871352115,0.1911598351283932,-0.9044249810374589,1.125924122804416
0.0,0.2525714593671288,2.308591611310437,-0.9982048530363895,1.1745344353767972,1.3777010610824154,2.2268730943717756,1.7842050529986788,1.1624619182450542,-0.9996574871352115,0.1911598351283932,-0.9044249810374589,1.125924122804416
0.0,-0.967930835161951,1.5219228626453611,-2.2036383001969146,-0.5004611609088216,1.77800332528008,-0.5167060888124021,-0.5802800944856424,-0.13717952777625578,-0.8551335318486101,-1.4242121761273363,-1.1513539701789715,-0.7058135398965015
0.0,1.6086851199549947,0.866365572091131,-0.033858095307969065,-0.3574737319576104,-0.12343242965882807,-0.249039827038336,1.0529209867664144,-0.6931758683201141,-1.93906319649812,2.6142178520119876,1.3179359212361481,0.21005529145395715
0.0,0.2525714593671288,2.308591611310437,-0.9982048530363895,1.1745344353767972,1.3777010610824154,2.2268730943717756,1.7842050529986788,1.1624619182450542,-0.9996574871352115,0.1911598351283932,-0.9044249810374589,1.125924122804416
0.0,-1.1035422012207372,-0.9691948414607139,-0.395488129456127,-1.0519841011492084,0.3769454005882529,-0.3828729579253691,-1.0921789408482274,-1.2178974147084058,0.22879613280090308,0.4940420872388428,0.5771489538116135,0.21005529145395715
0.0,-0.6967081030443776,0.21080828153690087,0.20722859412413622,0.35746341279844646,-0.42365912780707704,0.6208755237273789,-0.19026192582843485,-0.4707773321025708,0.517844043374103,-1.9290159296447522,1.2356262581889779,0.21005529145395715
0.0,-0.967930835161951,1.5219228626453611,-2.2036383001969146,-0.5004611609088216,1.77800332528008,-0.5167060888124021,-0.5802800944856424,-0.13717952777625578,-0.8551335318486101,-1.4242121761273363,-1.1513539701789715,-0.7058135398965015
0.0,-2.0528217636322434,2.1774801531995913,-2.5652683343450726,-1.072410876713667,-1.3243392222518229,-1.9219539631262492,-2.091600498032322,-1.0684733981872618,2.3243934844566203,-0.010761666278573195,0.4948392907644416,-0.7058135398965015
0.0,-1.9172103975734562,-0.5758604671281757,0.3277719388401882,0.03063500376710628,-1.3243392222518229,-0.5836226542559186,-1.2140596185536048,-1.0128737641328567,0.7346299763040068,-0.41460466909250543,1.5648649103776606,-1.6216823712469601
0.0,-0.8323194691031637,1.0630327592573996,-0.6365748188882316,0.7659989240876218,1.3777010610824154,0.2193761310662797,1.2235539355539429,0.35626722445643055,0.8791539315906084,0.7969243393492924,0.000981312481417987,1.125924122804416
0.0,-2.1884331296910298,-0.8380833833498678,-0.6365748188882316,-0.6434485898600331,0.4770209666376692,-1.252788308691084,-1.067802805307152,-0.515952034771787,1.8185596409535167,0.4940420872388428,-0.41056700275443525,-1.6216823712469601
0.0,-0.8323194691031637,0.3419197396477463,-1.1187481977524418,1.2358147620701736,0.5770965326870855,-0.11520669615130294,1.5648198331289995,0.7941143426347503,-0.566085621275407,0.7969243393492924,-0.575186328848776,0.21005529145395715
0.0,-0.6967081030443776,-0.05141463468479146,-0.8776615083203368,-0.23491307857085766,0.3769454005882529,-1.5873711359086666,-0.09275738366413293,-0.630626280008942,-1.5777533082816144,2.0084533477910895,0.3302199646701009,0.21005529145395715
0.0,-1.1035422012207372,-0.5758604671281757,-1.1187481977524418,-0.2757666296997752,0.2768698345388365,-1.654287701352183,-0.3608948746159632,-0.4256026294333931,-1.7945392412115184,1.5036495942736736,-0.49287666580160566,0.21005529145395715
0.0,0.9306282896610618,1.1285884883128225,0.5688586282722935,-0.7864360188112444,2.378456721576578,-0.3828729579253691,-1.165307347471454,-1.457670836567982,-0.34929968834550307,-0.6165261704994719,1.7294842364720013,0.21005529145395715
0.0,-0.28987400486801806,1.6530343207562073,-0.516031474172179,0.5821579440074929,-0.6238102599059097,-1.654287701352183,-1.0921789408482274,-0.6167263714953312,-0.8551335318486101,-1.3232514254238537,1.2356262581889779,0.21005529145395715
0.0,-0.6967081030443776,-0.4447490090173296,0.08668524940808357,0.11234210602494142,0.9773987968847501,-0.7843723505864683,-0.4583994167802651,-0.012080351153873174,0.3010581104442022,-0.21268316768553905,-0.16363801361292274,0.21005529145395715
0.0,-0.6967081030443776,-0.5758604671281757,-0.27494478474007433,-0.8885698966335382,0.7772476647859181,-0.7843723505864683,-0.4096471456981141,-0.6236763257521366,0.3733200880875046,-0.1117224169820564,-0.16363801361292274,0.21005529145395715
0.0,-0.5610967369855903,0.3419197396477463,-1.7214649213327047,1.7669109267461016,-0.2235079957082444,-0.9182054814735013,-0.507151687862416,1.2250115065562648,-0.34929968834550307,0.1911598351283932,-1.1513539701789715,1.125924122804416
0.0,-0.5610967369855903,0.3419197396477463,-1.7214649213327047,1.7669109267461016,-0.2235079957082444,-0.9182054814735013,-0.507151687862416,1.2250115065562648,-0.34929968834550307,0.1911598351283932,-1.1513539701789715,1.125924122804416
0.0,0.9306282896610618,-0.4447490090173296,-0.27494478474007433,-1.0519841011492084,-1.224263656202407,-0.5167060888124021,-1.3846925673411332,-0.6653760512929309,-0.9996574871352115,2.0084533477910895,-0.08132835056575237,1.125924122804416
0.0,-0.5610967369855903,0.3419197396477463,-1.7214649213327047,1.7669109267461016,-0.2235079957082444,-0.9182054814735013,-0.507151687862416,1.2250115065562648,-0.34929968834550307,0.1911598351283932,-1.1513539701789715,1.125924122804416
0.0,-0.42548537092680416,-0.05141463468479146,-0.9982048530363895,0.9089863530388335,-0.023356863609411745,0.8216252200579285,-0.16588579028735936,0.7524146170939562,-0.7828715542053076,-0.8184476719064376,-0.41056700275443525,0.21005529145395715
0.0,-0.5610967369855903,0.0796968234260547,-0.395488129456127,-0.5004611609088216,-0.8239613920047416,1.8253737017106764,0.07787556512339541,-0.5090020805149815,-0.6383475989187061,1.0998065914597408,0.41252962771727125,0.21005529145395715
0.0,-1.2391535672795233,-0.5758604671281757,-0.395488129456127,-0.43918083421544535,-0.5237346938564934,2.293789659815292,0.17538010728769732,-0.5889265544681479,-0.4215616659888054,2.6142178520119876,0.16560063857576018,-1.6216823712469601
0.0,-0.018651272750444616,-0.05141463468479146,-0.7571181636042842,-0.8885698966335382,-2.3250948827459856,-0.7509140678647099,-1.579701651669737,-1.1900975976812225,-0.2047757330589015,-0.1117224169820564,0.9886972690474667,0.21005529145395715
0.0,1.066239655719848,1.259699946423669,1.894835420148871,1.46050929327922,-0.42365912780707704,0.6208755237273789,-0.507151687862416,1.5169095853417855,-1.0719194647785106,-0.010761666278573195,-1.1513539701789715,1.125924122804416
0.0,1.066239655719848,1.1285884883128225,1.7742920754328186,1.4196557421503027,-0.5237346938564934,0.48704239284034584,-0.507151687862416,1.523859539598591,-1.0719194647785106,0.1911598351283932,-1.1513539701789715,1.125924122804416
0.0,-1.5103762993970966,-1.10030629957156,-0.7571181636042842,-0.8477163455046207,-1.9247926185483206,-0.9182054814735013,-1.0190505342250011,-1.5758200589335591,-0.8551335318486101,0.595002837942326,1.40024558428332,0.21005529145395715
0.0,-1.2391535672795233,-1.624752132014944,-1.4803782319005994,-0.9702769988913732,-0.2235079957082444,-0.5836226542559186,-0.555903958944567,-0.9676990614636791,0.4455820657308038,-0.3136439183890222,0.6594586168587838,0.21005529145395715
0.0,-1.7815990315146701,-0.4447490090173296,-1.600921576616652,-0.8477163455046207,0.1767942684894202,0.2862926965097962,0.5897744114859804,-0.6063014401101423,0.012010199870999176,-0.5155654197959887,-0.16363801361292274,0.21005529145395715
0.0,-0.15426263880923075,-2.0180865063474824,-0.7571181636042842,1.7260573756171842,1.0774743629341665,0.6208755237273789,-1.0190505342250011,1.0165128788522937,0.08427217751430155,-1.3232514254238537,-0.6574959918959463,0.21005529145395715
0.0,0.2525714593671288,-0.3136375509064838,-0.9982048530363895,-0.9294234477624558,0.4770209666376692,-0.3828729579253691,-1.116555076389303,-0.46035240071738187,0.8068919539473061,-0.5155654197959887,-0.575186328848776,0.21005529145395715
0.0,-0.15426263880923075,-2.0180865063474824,-0.7571181636042842,1.7260573756171842,1.0774743629341665,0.6208755237273789,-1.0190505342250011,1.0165128788522937,0.08427217751430155,-1.3232514254238537,-0.6574959918959463,0.21005529145395715
0.0,0.9306282896610618,0.3419197396477463,-0.9982048530363895,0.7251453729587044,1.5778521931812481,-0.6505392196994352,-0.5315278234034915,0.6377403718568011,-0.2770377107022039,-0.21268316768553905,0.24791030162293054,1.125924122804416
0.0,-1.1035422012207372,0.866365572091131,-0.7571181636042842,-0.2553398541353165,0.8773232308353338,-1.252788308691084,-0.4340232812391896,0.11301882546850942,-0.2770377107022039,-0.717486921202955,-1.1513539701789715,1.125924122804416
0.0,-1.1035422012207372,0.866365572091131,-0.7571181636042842,-0.2553398541353165,0.8773232308353338,-1.252788308691084,-0.4340232812391896,0.11301882546850942,-0.2770377107022039,-0.717486921202955,-1.1513539701789715,1.125924122804416
0.0,-1.3747649333383105,0.7352541139802848,-1.1187481977524418,-0.9907037744558321,-0.924036958054158,0.2862926965097962,-0.38527101015703863,-1.7843186866374916,-1.6500152859249169,-1.3232514254238537,1.1533165951418074,1.125924122804416
0.0,-1.3747649333383105,0.4730311977585925,-1.1187481977524418,-0.9907037744558321,-0.8239613920047416,0.15245956562276317,-0.38527101015703863,-1.780843709509108,-1.6500152859249169,-1.4242121761273363,1.2356262581889779,0.21005529145395715
0.0,-0.8323194691031637,1.259699946423669,-1.2392915424684945,-0.2246996907886283,-0.42365912780707704,0.6208755237273789,0.1997562428287728,-0.6931758683201141,0.22879613280090308,-0.8184476719064376,0.4948392907644416,0.21005529145395715
0.0,-1.1035422012207372,0.6041426558694387,-0.6365748188882316,-0.827289569940162,-0.023356863609411745,-1.0520386123605343,-0.4096471456981141,-1.4993705621087763,0.9514159092339075,-0.717486921202955,1.7294842364720013,-1.6216823712469601
0.0,-1.3747649333383105,-0.8380833833498678,-1.9625516107648096,-1.011130550020291,-0.023356863609411745,0.6208755237273789,-0.9215459920606991,-1.638369647244731,0.3010581104442022,-1.1213299240168872,1.3179359212361481,0.21005529145395715
0.0,-0.8323194691031637,1.259699946423669,-1.2392915424684945,-0.2246996907886283,-0.42365912780707704,0.6208755237273789,0.1997562428287728,-0.6931758683201141,0.22879613280090308,-0.8184476719064376,0.4948392907644416,0.21005529145395715
0.0,-1.1035422012207372,0.6041426558694387,-0.6365748188882316,-0.827289569940162,-0.023356863609411745,-1.0520386123605343,-0.4096471456981141,-1.4993705621087763,0.9514159092339075,-0.717486921202955,1.7294842364720013,-1.6216823712469601
0.0,-1.1035422012207372,0.3419197396477463,-0.6365748188882316,-0.827289569940162,0.1767942684894202,-0.9851220469170178,-0.48277555232134056,-1.506320516365543,0.8791539315906084,-0.717486921202955,1.7294842364720013,-1.6216823712469601
0.0,-1.5103762993970966,-0.5758604671281757,-0.395488129456127,-0.5821682631666567,-0.2235079957082444,-0.5167060888124021,0.22413237836984828,-1.336046637073983,-0.13251375541560237,-1.2222906747203706,1.2356262581889779,0.21005529145395715
0.0,0.3881828254259149,2.57081452753213,-1.1187481977524418,1.5013628444081373,0.2768698345388365,0.6208755237273789,1.3454346132593202,1.4821598140577967,-0.566085621275407,0.4940420872388428,-0.9867346440846293,1.125924122804416
0.0,-0.28987400486801806,-0.706971925239022,-0.27494478474007433,0.7251453729587044,-0.12343242965882807,1.9592068325977094,0.9066641735199616,0.4049169042540302,-0.8551335318486101,0.1911598351283932,-0.41056700275443525,0.21005529145395715
0.0,0.1169600933083427,2.046368695088745,-1.4803782319005994,1.8486180290039365,0.07671870244000388,1.4907908744930938,1.5648198331289995,1.6142089449369847,-0.7828715542053076,0.595002837942326,-0.9867346440846293,1.125924122804416
0.0,-1.5103762993970966,-0.5758604671281757,-1.4803782319005994,1.9711786823906894,0.1767942684894202,0.4201258273968293,-0.5802800944856424,1.6628586247345458,0.22879613280090308,-0.21268316768553905,-1.3982829593204826,0.21005529145395715
0.0,-1.5103762993970966,-0.5758604671281757,-1.4803782319005994,1.9711786823906894,0.1767942684894202,0.4201258273968293,-0.5802800944856424,1.6628586247345458,0.22879613280090308,-0.21268316768553905,-1.3982829593204826,0.21005529145395715
0.0,-1.5103762993970966,-0.5758604671281757,-1.4803782319005994,1.9711786823906894,0.1767942684894202,0.4201258273968293,-0.5802800944856424,1.6628586247345458,0.22879613280090308,-0.21268316768553905,-1.3982829593204826,0.21005529145395715
0.0,-1.5103762993970966,-0.5758604671281757,-1.4803782319005994,1.9711786823906894,0.1767942684894202,0.4201258273968293,-0.5802800944856424,1.6628586247345458,0.22879613280090308,-0.21268316768553905,-1.3982829593204826,0.21005529145395715
0.0,-2.1884331296910298,0.6041426558694387,-1.4803782319005994,-0.8068627943757032,-1.5244903543506556,-0.5167060888124021,-0.48277555232134056,-1.728719052583125,2.685703372673126,-0.3136439183890222,1.9764132256135138,-1.6216823712469601
0.0,0.5237941914847023,-0.5758604671281757,0.3277719388401882,-0.1736327518774814,1.1775499289835827,0.15245956562276317,1.126049393389641,0.31456749891563635,-0.7828715542053076,0.1911598351283932,-0.2459476766600931,1.125924122804416
0.0,-1.645987665455884,-1.10030629957156,-0.395488129456127,-0.827289569940162,-0.2235079957082444,-1.9888705285697659,-2.189105040196624,-0.8947245417672797,-0.8551335318486101,-0.3136439183890222,-0.41056700275443525,-0.7058135398965015
0.0,-0.8323194691031637,-0.3136375509064838,-0.6365748188882316,2.1345928869063595,-0.2235079957082444,0.888541785501445,-0.19026192582843485,1.0686375357782767,0.3010581104442022,-1.0203691733134042,-0.08132835056575237,0.21005529145395715
0.0,-1.5103762993970966,-0.5758604671281757,-1.4803782319005994,1.9711786823906894,0.1767942684894202,0.4201258273968293,-0.5802800944856424,1.6628586247345458,0.22879613280090308,-0.21268316768553905,-1.3982829593204826,0.21005529145395715
0.0,-1.5103762993970966,-0.05141463468479146,-0.9982048530363895,2.3388606425509475,1.6779277592306636,-0.7843723505864683,-0.31214260353381224,1.3535856603070306,0.8068919539473061,0.1911598351283932,-0.41056700275443525,1.125924122804416
0.0,-1.5103762993970966,-0.05141463468479146,-0.9982048530363895,2.3388606425509475,1.6779277592306636,-0.7843723505864683,-0.31214260353381224,1.3535856603070306,0.8068919539473061,0.1911598351283932,-0.41056700275443525,1.125924122804416
0.0,-1.1035422012207372,-0.8380833833498678,-0.7571181636042842,0.09191533046048254,0.6771720987365019,-0.8512889160299848,-1.067802805307152,-0.3595780639937991,-0.2770377107022039,-0.6165261704994719,0.3302199646701009,0.21005529145395715
0.0,-1.1035422012207372,-0.8380833833498678,-0.7571181636042842,0.09191533046048254,0.6771720987365019,-0.8512889160299848,-1.067802805307152,-0.3595780639937991,-0.2770377107022039,-0.6165261704994719,0.3302199646701009,0.21005529145395715
0.0,-1.1035422012207372,-0.8380833833498678,-0.7571181636042842,0.09191533046048254,0.6771720987365019,-0.8512889160299848,-1.067802805307152,-0.3595780639937991,-0.2770377107022039,-0.6165261704994719,0.3302199646701009,0.21005529145395715
0.0,-1.1035422012207372,-0.8380833833498678,-0.7571181636042842,0.09191533046048254,0.6771720987365019,-0.8512889160299848,-1.067802805307152,-0.3595780639937991,-0.2770377107022039,-0.6165261704994719,0.3302199646701009,0.21005529145395715
0.0,1.066239655719848,0.21080828153690087,-1.842008266048757,-0.9702769988913732,0.3769454005882529,-0.4497895233688856,-0.48277555232134056,-0.33177824696661584,-0.7828715542053076,-0.5155654197959887,-0.49287666580160566,1.125924122804416
0.0,0.2525714593671288,-0.8380833833498678,0.08668524940808357,-0.3370469563931515,-1.224263656202407,-0.6505392196994352,-1.4821971095054352,-0.630626280008942,-2.228111107071323,0.595002837942326,-0.08132835056575237,0.21005529145395715
0.0,-0.28987400486801806,-0.05141463468479146,-0.6365748188882316,1.1132541086834211,0.5770965326870855,-0.4497895233688856,-0.604656230026718,0.773264479864334,-2.300373084714622,0.09019908442491001,-0.7398056549431182,0.21005529145395715
0.0,-1.5103762993970966,-0.05141463468479146,-0.9982048530363895,2.3388606425509475,1.6779277592306636,-0.7843723505864683,-0.31214260353381224,1.3535856603070306,0.8068919539473061,0.1911598351283932,-0.41056700275443525,1.125924122804416
0.0,0.5237941914847023,-0.706971925239022,0.44831528355624084,1.9098983556973128,0.2768698345388365,2.2268730943717756,1.126049393389641,1.871357252438517,0.4455820657308038,2.8161393534189543,-0.9867346440846293,1.125924122804416
0.0,0.1169600933083427,-0.5758604671281757,-0.033858095307969065,-0.11235242518410513,-0.12343242965882807,-0.9851220469170178,-0.4340232812391896,-0.3039784299394326,-0.13251375541560237,0.6959635886458092,0.4948392907644416,0.21005529145395715
0.0,0.5237941914847023,-0.706971925239022,0.44831528355624084,1.9098983556973128,0.2768698345388365,2.2268730943717756,1.126049393389641,1.871357252438517,0.4455820657308038,2.8161393534189543,-0.9867346440846293,1.125924122804416
0.0,0.7950169236022757,-0.5758604671281757,-0.516031474172179,0.5413043928785755,0.3769454005882529,-0.8512889160299848,-0.38527101015703863,0.2937176361452586,-0.6383475989187061,0.6959635886458092,0.16560063857576018,1.125924122804416
0.0,0.5237941914847023,-0.706971925239022,0.44831528355624084,1.9098983556973128,0.2768698345388365,2.2268730943717756,1.126049393389641,1.871357252438517,0.4455820657308038,2.8161393534189543,-0.9867346440846293,1.125924122804416
0.0,0.1169600933083427,-0.5758604671281757,-0.033858095307969065,-0.11235242518410513,-0.12343242965882807,-0.9851220469170178,-0.4340232812391896,-0.3039784299394326,-0.13251375541560237,0.6959635886458092,0.4948392907644416,0.21005529145395715
0.0,0.2525714593671288,-0.8380833833498678,0.3277719388401882,0.500450841749658,-0.5237346938564934,-0.249039827038336,-0.8240414498963973,0.015719465873310096,-0.4215616659888054,0.09019908442491001,0.3302199646701009,0.21005529145395715
0.0,0.3881828254259149,1.6530343207562073,0.8099453177043987,0.9702666797322095,-0.8239613920047416,-0.6505392196994352,1.637948239752226,0.8080142511483613,-0.9996574871352115,0.3930813365353596,-0.49287666580160566,0.21005529145395715
0.0,0.1169600933083427,-0.05141463468479146,-0.395488129456127,-0.43918083421544535,0.07671870244000388,-0.11520669615130294,-0.555903958944567,-1.263072117377622,-0.2047757330589015,-1.727094428237786,1.5648649103776606,0.21005529145395715
0.0,-0.967930835161951,-0.3136375509064838,-0.8776615083203368,-0.9702769988913732,0.1767942684894202,-0.7174557851429517,-0.5315278234034915,-0.6028264629817588,1.4572497527370145,1.0998065914597408,0.24791030162293054,0.21005529145395715
0.0,-1.2391535672795233,-0.18252609279563764,-0.9982048530363895,0.21447598384723526,0.1767942684894202,-0.9182054814735013,-0.5802800944856424,0.2728677733748422,1.384987775093712,0.9988458407562577,-0.08132835056575237,0.21005529145395715
0.0,-0.967930835161951,-0.3136375509064838,-0.6365748188882316,1.0519737819900445,0.7772476647859181,1.0892914818319945,-0.09275738366413293,0.32151745317244185,0.22879613280090308,-1.1213299240168872,0.16560063857576018,0.21005529145395715
0.0,-0.42548537092680416,-0.5758604671281757,-0.6365748188882316,-0.9702769988913732,-0.32358356175766073,0.08554300017924665,-0.507151687862416,-0.7140257310905305,1.384987775093712,0.8978850900527745,0.3302199646701009,-1.6216823712469601
0.0,-0.8323194691031637,-0.05141463468479146,-0.395488129456127,-0.8885698966335382,-0.6238102599059097,-1.252788308691084,-1.2140596185536048,-1.0510985125452674,1.0236778868772098,1.3017280928667072,0.9886972690474667,0.21005529145395715
0.0,-0.28987400486801806,0.9974770302019772,-0.8776615083203368,-0.3166201808286928,-0.42365912780707704,-1.252788308691084,-0.38527101015703863,-0.6445261885225531,1.2404638198071105,2.3113355999015384,1.647174573424831,0.21005529145395715
0.0,-1.645987665455884,-0.5103047380727527,-0.9982048530363895,0.7047185973942457,1.1775499289835827,1.6246240053801269,0.07787556512339541,0.5612908750319795,-0.13251375541560237,-0.9194084226099208,-0.3282573397072649,0.21005529145395715
0.0,0.3881828254259149,-0.4447490090173296,-0.516031474172179,-0.9089966721979972,0.3769454005882529,-0.11520669615130294,-0.8240414498963973,-1.3429965913307884,-0.49382364363210457,-1.727094428237786,1.1533165951418074,1.125924122804416
0.0,0.1169600933083427,-0.05141463468479146,-0.395488129456127,-0.43918083421544535,0.07671870244000388,-0.11520669615130294,-0.555903958944567,-1.263072117377622,-0.2047757330589015,-1.727094428237786,1.5648649103776606,0.21005529145395715
0.0,-0.5610967369855903,0.0796968234260547,-0.27494478474007433,-0.9702769988913732,-0.2235079957082444,-1.0520386123605343,-1.2384357540946804,-1.0232986955180456,0.9514159092339075,1.70557109568064,0.7417682799059542,0.21005529145395715
0.0,-0.6967081030443776,1.9152572369778988,-1.2392915424684945,0.1940492082827764,-0.7238858259553254,-0.7843723505864683,-0.48277555232134056,-0.7348755938609083,0.08427217751430155,-0.9194084226099208,1.1039307973135046,-1.6216823712469601
0.0,-0.15426263880923075,1.9152572369778988,-0.9982048530363895,-0.19405952744194008,-0.7238858259553254,-0.11520669615130294,-0.5315278234034915,-1.2978218886616106,-0.49382364363210457,-0.41460466909250543,1.888616248952877,-1.6216823712469601
0.0,-0.15426263880923075,0.9974770302019772,-0.7571181636042842,-0.9089966721979972,-0.42365912780707704,1.5577074399366102,0.029123294041244457,-1.5758200589335591,-1.3609673753517137,-0.1117224169820564,1.3179359212361481,-1.6216823712469601
0.0,-0.6967081030443776,1.9152572369778988,-1.2392915424684945,0.1940492082827764,-0.7238858259553254,-0.7843723505864683,-0.48277555232134056,-0.7348755938609083,0.08427217751430155,-0.9194084226099208,1.1039307973135046,-1.6216823712469601
0.0,-0.15426263880923075,1.9152572369778988,-0.9982048530363895,-0.19405952744194008,-0.7238858259553254,-0.11520669615130294,-0.5315278234034915,-1.2978218886616106,-0.49382364363210457,-0.41460466909250543,1.888616248952877,-1.6216823712469601
0.0,-0.5610967369855903,-0.05141463468479146,0.3277719388401882,0.2757563105406115,1.3777010610824154,0.6877920891708954,1.3210584777182448,0.49874128672080753,-0.2047757330589015,0.1911598351283932,-0.9044249810374589,1.125924122804416
0.0,-0.6967081030443776,0.21080828153690087,-1.2392915424684945,1.0519737819900445,-0.6238102599059097,-0.5167060888124021,0.32163692053415016,0.2137931621920536,-1.3609673753517137,-1.5251729268308196,0.000981312481417987,0.21005529145395715
0.0,0.7950169236022757,-1.362529215793252,0.08668524940808357,-1.0519841011492084,-0.023356863609411745,0.8216252200579285,-0.38527101015703863,-0.6445261885225531,-1.0719194647785106,2.0084533477910895,-0.08132835056575237,-1.6216823712469601
0.0,2.151130584190142,0.0796968234260547,-0.27494478474007433,-0.8477163455046207,-0.5237346938564934,0.08554300017924665,-0.19026192582843485,-1.0371986040316565,-2.1558491294280206,-1.8280551789412691,0.714331728300553,0.21005529145395715
0.0,-1.2391535672795233,-0.8380833833498678,-0.516031474172179,-1.092837652278126,0.07671870244000388,0.6877920891708954,-0.8971698565196237,-1.2178974147084058,1.5295117303803136,-0.717486921202955,0.6594586168587838,0.21005529145395715
0.0,-0.5610967369855903,-0.3136375509064838,-0.7571181636042842,0.37789018836290517,1.1775499289835827,0.8216252200579285,1.1016732578485655,0.5369660351332183,-0.49382364363210457,0.1911598351283932,-0.9044249810374589,1.125924122804416
0.0,0.7950169236022757,1.5219228626453611,0.20722859412413622,0.3983169639273642,0.9773987968847501,0.6208755237273789,0.7604073602735087,0.8462389995607335,-0.566085621275407,0.3930813365353596,-1.1513539701789715,1.125924122804416
0.0,-0.5610967369855903,-0.3136375509064838,-0.7571181636042842,0.37789018836290517,1.1775499289835827,0.8216252200579285,1.1016732578485655,0.5369660351332183,-0.49382364363210457,0.1911598351283932,-0.9044249810374589,1.125924122804416
0.0,-0.5610967369855903,2.046368695088745,-1.600921576616652,0.6025847195719519,0.07671870244000388,-0.4497895233688856,0.1997562428287728,0.17209343665129798,0.3010581104442022,0.4940420872388428,0.3137580320606671,1.125924122804416
0.0,-0.5610967369855903,-0.4447490090173296,-0.7571181636042842,0.35746341279844646,1.1775499289835827,0.8216252200579285,1.0772971223074899,0.5439159893899852,-0.49382364363210457,0.09019908442491001,-0.9867346440846293,1.125924122804416
0.0,-0.5610967369855903,-0.3136375509064838,-0.7571181636042842,0.37789018836290517,1.1775499289835827,0.8216252200579285,1.1016732578485655,0.5369660351332183,-0.49382364363210457,0.1911598351283932,-0.9044249810374589,1.125924122804416
0.0,0.7950169236022757,1.5219228626453611,0.20722859412413622,0.3983169639273642,0.9773987968847501,0.6208755237273789,0.7604073602735087,0.8462389995607335,-0.566085621275407,0.3930813365353596,-1.1513539701789715,1.125924122804416
0.0,0.6594055575434884,-0.9691948414607139,-0.6365748188882316,1.5422163955370551,1.4777766271318318,0.6877920891708954,0.4435175982395276,1.4717348826726078,-1.7945392412115184,-0.717486921202955,-1.4805926223676529,-1.6216823712469601
0.0,0.6594055575434884,-0.9691948414607139,-0.6365748188882316,1.5422163955370551,1.4777766271318318,0.6877920891708954,0.4435175982395276,1.4717348826726078,-1.7945392412115184,-0.717486921202955,-1.4805926223676529,-1.6216823712469601
0.0,0.6594055575434884,-0.9691948414607139,-0.6365748188882316,1.5422163955370551,1.4777766271318318,0.6877920891708954,0.4435175982395276,1.4717348826726078,-1.7945392412115184,-0.717486921202955,-1.4805926223676529,-1.6216823712469601
0.0,0.6594055575434884,-0.9691948414607139,-0.6365748188882316,1.5422163955370551,1.4777766271318318,0.6877920891708954,0.4435175982395276,1.4717348826726078,-1.7945392412115184,-0.717486921202955,-1.4805926223676529,-1.6216823712469601
0.0,0.6594055575434884,-0.9691948414607139,-0.6365748188882316,1.5422163955370551,1.4777766271318318,0.6877920891708954,0.4435175982395276,1.4717348826726078,-1.7945392412115184,-0.717486921202955,-1.4805926223676529,-1.6216823712469601
0.0,0.6594055575434884,-0.9691948414607139,-0.6365748188882316,1.5422163955370551,1.4777766271318318,0.6877920891708954,0.4435175982395276,1.4717348826726078,-1.7945392412115184,-0.717486921202955,-1.4805926223676529,-1.6216823712469601
0.0,0.6594055575434884,-0.9691948414607139,-0.6365748188882316,1.5422163955370551,1.4777766271318318,0.6877920891708954,0.4435175982395276,1.4717348826726078,-1.7945392412115184,-0.717486921202955,-1.4805926223676529,-1.6216823712469601
0.0,-0.018651272750444616,-0.3136375509064838,-0.395488129456127,-0.8885698966335382,0.1767942684894202,-1.3197048741346005,-0.9946743986839256,-0.5263769661569759,0.3010581104442022,1.604610344977157,-0.16363801361292274,-1.6216823712469601
0.0,0.6594055575434884,-0.9691948414607139,-0.6365748188882316,1.5422163955370551,1.4777766271318318,0.6877920891708954,0.4435175982395276,1.4717348826726078,-1.7945392412115184,-0.717486921202955,-1.4805926223676529,-1.6216823712469601
0.0,0.7950169236022757,0.0796968234260547,2.377008799013082,1.9098983556973128,1.1775499289835827,0.08554300017924665,0.053499429582319936,1.4057103172330139,-1.0719194647785106,1.4026888435701905,-0.4654401141962045,0.21005529145395715
0.0,-1.5103762993970966,0.21080828153690087,0.3277719388401882,-1.0519841011492084,0.9773987968847501,0.2862926965097962,0.10225170066447088,-0.9572741300784903,1.8185596409535167,2.1094140984945717,0.5771489538116135,0.21005529145395715
0.0,-1.3747649333383105,-0.5758604671281757,-0.8776615083203368,-0.9907037744558321,-1.8247170524989043,-0.9182054814735013,-0.6777846366499444,-0.5194270119001705,1.312725797450413,0.9988458407562577,-0.16363801361292274,0.21005529145395715
0.0,0.3881828254259149,-0.8380833833498678,0.3277719388401882,-0.6434485898600331,-0.8239613920047416,-0.9182054814735013,-0.7265369077320953,-0.6549511199077419,-0.566085621275407,0.595002837942326,0.41252962771727125,0.21005529145395715
0.0,0.3881828254259149,-0.4447490090173296,-0.27494478474007433,-0.7660092432467857,-0.8239613920047416,1.8253737017106764,0.27288464945199925,-0.912099427409274,-1.144181442421813,0.7969243393492924,0.5771489538116135,-1.6216823712469601
0.0,1.066239655719848,0.6041426558694387,2.377008799013082,1.3992289665858435,-0.023356863609411745,1.75845713626716,0.27288464945199925,1.5829341507813794,-1.5054913306383153,-0.1117224169820564,-1.2336636332261417,0.21005529145395715
0.0,0.2525714593671288,1.259699946423669,-0.8776615083203368,-0.13277920074856384,-2.7253971469436507,-1.386621439578117,-1.5553255161286617,-1.4611458136963655,-2.6616829729311275,1.0998065914597408,2.1410325517078546,0.21005529145395715
0.0,-0.5610967369855903,0.6041426558694387,-0.516031474172179,-0.7864360188112444,-0.32358356175766073,-0.048290130707786406,0.004747158500168979,-1.520220424879154,0.22879613280090308,-1.0203691733134042,1.7294842364720013,0.21005529145395715
0.0,0.6594055575434884,0.21080828153690087,0.3277719388401882,-0.9702769988913732,1.1775499289835827,-0.249039827038336,0.27288464945199925,-0.7140257310905305,-0.06025177777229999,-0.1117224169820564,0.08329097552858834,1.125924122804416
0.0,0.7950169236022757,-1.362529215793252,-0.27494478474007433,-1.011130550020291,2.178305589477745,-0.048290130707786406,0.7116550891913578,-0.859974770483291,-0.566085621275407,-0.6165261704994719,0.686895168464185,0.21005529145395715
0.0,-0.5610967369855903,0.6041426558694387,-0.6365748188882316,0.21447598384723526,0.6771720987365019,0.888541785501445,0.7847834958145843,-0.21015404747265526,0.5901060210174053,-0.3136439183890222,0.41252962771727125,0.21005529145395715
0.0,-0.5610967369855903,0.6041426558694387,-0.516031474172179,-0.7864360188112444,-0.32358356175766073,-0.048290130707786406,0.004747158500168979,-1.520220424879154,0.22879613280090308,-1.0203691733134042,1.7294842364720013,0.21005529145395715
0.0,-0.8323194691031637,0.3419197396477463,-0.395488129456127,-0.1532059763130227,0.3769454005882529,0.01862643473573012,1.0041687156842636,-0.244903818756644,0.4455820657308038,0.2921205858318764,-0.05389179896035125,1.125924122804416
0.0,-1.2391535672795233,0.21080828153690087,0.20722859412413622,-0.561741487602198,-0.2235079957082444,1.022374916388478,1.394186884341471,-0.915574404537696,0.8791539315906084,0.3930813365353596,0.8240779429531245,0.21005529145395715
0.0,-0.42548537092680416,-0.4447490090173296,-1.4803782319005994,0.23490275941169395,0.7772476647859181,0.6208755237273789,1.028544851225339,0.41881681276764116,-0.06025177777229999,-0.010761666278573195,-0.8769884269627677,1.125924122804416
0.0,0.5237941914847023,0.9974770302019772,-1.4803782319005994,-0.11235242518410513,1.9781544573789127,1.1562080472755112,1.6135721042111504,0.26939279624645873,-0.13251375541560237,-0.41460466909250543,-0.6574959918959463,0.21005529145395715
0.0,0.6594055575434884,0.21080828153690087,0.3277719388401882,-0.9702769988913732,1.1775499289835827,-0.249039827038336,0.27288464945199925,-0.7140257310905305,-0.06025177777229999,-0.1117224169820564,0.08329097552858834,1.125924122804416
0.0,-0.42548537092680416,-0.8380833833498678,0.08668524940808357,-0.9907037744558321,-0.32358356175766073,0.08554300017924665,-0.6534085011088689,-1.304771842918416,0.22879613280090308,1.70557109568064,1.1533165951418074,0.21005529145395715
0.0,-0.8323194691031637,-0.3136375509064838,-0.6365748188882316,-0.7047289165534094,-0.32358356175766073,-0.31595639248185253,-0.3365187390748877,-1.4750457222099764,-0.49382364363210457,-1.1213299240168872,1.8117938995191731,0.21005529145395715
0.0,0.3881828254259149,0.6041426558694387,-0.8776615083203368,0.9906934552966682,0.5770965326870855,-0.18212326159481948,-0.0196289770409065,0.971338176183116,-0.34929968834550307,-0.8184476719064376,-0.9044249810374589,1.125924122804416
0.0,-0.5610967369855903,0.3419197396477463,-1.3598348871845471,0.6740784340475575,-0.12343242965882807,0.08554300017924665,-0.4340232812391896,-0.1719292990602445,-1.4332293529950129,-1.4242121761273363,0.27534685322833163,0.21005529145395715
0.0,-0.6967081030443776,-0.9691948414607139,0.08668524940808357,0.7659989240876218,2.078230023428329,1.892290267154193,-0.09275738366413293,0.6168905090863847,-2.3726350623579244,-0.717486921202955,-1.2336636332261417,1.125924122804416
0.0,-1.2391535672795233,0.3419197396477463,-0.516031474172179,-0.6434485898600331,-0.7238858259553254,-1.252788308691084,-0.48277555232134056,-1.4750457222099764,0.517844043374103,-0.6165261704994719,1.647174573424831,0.21005529145395715
0.0,0.3881828254259149,0.6041426558694387,-0.8776615083203368,0.9906934552966682,0.5770965326870855,-0.18212326159481948,-0.0196289770409065,0.971338176183116,-0.34929968834550307,-0.8184476719064376,-0.9044249810374589,1.125924122804416
0.0,-0.42548537092680416,0.4730311977585925,-0.516031474172179,1.041760394207815,-0.12343242965882807,-0.3828729579253691,-0.6777846366499444,0.11996877972527631,-1.5054913306383153,-1.8280551789412691,0.24791030162293054,0.21005529145395715
0.0,-0.5610967369855903,0.3419197396477463,-1.3598348871845471,0.6740784340475575,-0.12343242965882807,0.08554300017924665,-0.4340232812391896,-0.1719292990602445,-1.4332293529950129,-1.4242121761273363,0.27534685322833163,0.21005529145395715
0.0,0.2525714593671288,-0.4447490090173296,-0.516031474172179,-0.7455824676823268,1.0774743629341665,-1.252788308691084,-1.0921789408482274,-0.03988016818105645,-0.06025177777229999,0.7969243393492924,-1.0690443071317997,1.125924122804416
0.0,0.3881828254259149,-0.4447490090173296,-1.1187481977524418,-0.5821682631666567,-0.42365912780707704,-0.7843723505864683,-0.604656230026718,-0.78700025078693,-0.9996574871352115,-1.1213299240168872,0.6320220652533827,0.21005529145395715
0.0,-0.967930835161951,-0.05141463468479146,-0.516031474172179,-0.9498502233269145,0.07671870244000388,-0.7174557851429517,-0.9459221276017746,-1.6175197844743534,-0.34929968834550307,-0.41460466909250543,1.5648649103776606,0.21005529145395715
0.0,-0.5610967369855903,1.1285884883128225,-1.3598348871845471,-0.8681431210690794,0.8773232308353338,0.754708654614412,0.8335357668967353,-0.22057897885784417,-0.2047757330589015,0.1911598351283932,-0.9044249810374589,1.125924122804416
0.0,-1.1035422012207372,0.7352541139802848,-0.033858095307969065,-0.3166201808286928,-0.12343242965882807,0.35320926195331276,1.1991778000128674,-0.515952034771787,0.22879613280090308,0.595002837942326,0.3302199646701009,0.21005529145395715
0.0,-0.967930835161951,0.9974770302019772,-1.3598348871845471,-0.2757666296997752,-0.023356863609411745,-1.1858717432475674,-0.09275738366413293,-0.03640519105267301,-1.2164434200651122,0.4940420872388428,-0.9867346440846293,1.125924122804416
0.0,-0.42548537092680416,-1.7558635901257902,-0.6365748188882316,-0.7660092432467857,-0.7238858259553254,-0.18212326159481948,-1.4821971095054352,-0.8460748619697186,0.15653415515760072,2.8161393534189543,0.6045855054170146,0.21005529145395715
0.0,-0.42548537092680416,0.6696983849248618,-1.4803782319005994,0.05106177933156497,-0.12343242965882807,-1.7212042667956997,-0.26339033245166127,0.3840670414836524,-1.7945392412115184,0.2921205858318764,-1.4805926223676529,1.125924122804416
0.0,-0.967930835161951,0.9974770302019772,-1.3598348871845471,-0.2757666296997752,-0.023356863609411745,-1.1858717432475674,-0.09275738366413293,-0.03640519105267301,-1.2164434200651122,0.4940420872388428,-0.9867346440846293,1.125924122804416
0.0,-1.5103762993970966,0.6041426558694387,-0.395488129456127,0.1940492082827764,0.7772476647859181,-0.11520669615130294,0.15100397174662183,-0.17887925331704996,0.8791539315906084,0.1911598351283932,0.3850930761118701,0.21005529145395715
0.0,-0.5610967369855903,0.4730311977585925,-0.6365748188882316,-0.2757666296997752,1.5778521931812481,-0.5167060888124021,0.34601305607522564,-0.6445261885225531,0.22879613280090308,0.09019908442491001,1.3179359212361481,0.21005529145395715
0.0,0.2525714593671288,-0.3136375509064838,-0.7571181636042842,-0.9498502233269145,-0.12343242965882807,-0.249039827038336,-0.6534085011088689,-0.8391249077129131,0.08427217751430155,0.4940420872388428,0.3302199646701009,0.21005529145395715
0.0,-0.42548537092680416,-1.7558635901257902,-0.6365748188882316,-0.7660092432467857,-0.7238858259553254,-0.18212326159481948,-1.4821971095054352,-0.8460748619697186,0.15653415515760072,2.8161393534189543,0.6045855054170146,0.21005529145395715
0.0,-0.5610967369855903,-0.05141463468479146,-1.3598348871845471,0.37789018836290517,0.7772476647859181,1.0892914818319945,1.1016732578485655,0.5508659436467906,0.3010581104442022,-0.010761666278573195,-0.9044249810374589,1.125924122804416
0.0,-0.5610967369855903,-0.05141463468479146,-1.3598348871845471,0.37789018836290517,0.7772476647859181,1.0892914818319945,1.1016732578485655,0.5508659436467906,0.3010581104442022,-0.010761666278573195,-0.9044249810374589,1.125924122804416
0.0,-1.1035422012207372,0.0796968234260547,-0.1544014400240217,-0.2757666296997752,0.07671870244000388,1.2900411781625443,0.8091596313556597,-0.4985771491297926,0.6623679986607045,0.3930813365353596,0.3302199646701009,0.21005529145395715
0.0,0.3881828254259149,-0.706971925239022,0.08668524940808357,-1.0519841011492084,-0.32358356175766073,-0.048290130707786406,-0.9702982631428501,-0.9433742215648793,-0.566085621275407,2.715178602715471,0.4948392907644416,0.21005529145395715
0.0,-0.15426263880923075,-0.05141463468479146,-0.395488129456127,0.1531956571538588,-0.6238102599059097,-0.4497895233688856,-0.8971698565196237,0.5230661266196074,-0.7828715542053076,-1.2222906747203706,-1.0690443071317997,0.21005529145395715
0.0,-0.6967081030443776,0.21080828153690087,-1.2392915424684945,0.6434382707008693,-0.2235079957082444,-0.31595639248185253,-0.6290323655677934,-0.1580293905466336,-0.9996574871352115,-1.727094428237786,0.16560063857576018,-0.7058135398965015
0.0,-0.8323194691031637,-0.18252609279563764,1.4126620412846613,1.930325131261772,1.4777766271318318,0.2862926965097962,0.7360312247324333,1.461309951287419,-0.34929968834550307,0.2921205858318764,-1.1513539701789715,1.125924122804416
0.0,-0.8323194691031637,-0.18252609279563764,1.4126620412846613,1.930325131261772,1.4777766271318318,0.2862926965097962,0.7360312247324333,1.461309951287419,-0.34929968834550307,0.2921205858318764,-1.1513539701789715,1.125924122804416
0.0,-0.5610967369855903,-1.10030629957156,-0.516031474172179,2.1856598258175066,0.4770209666376692,1.2231246127190276,0.053499429582319936,1.1833117810154705,0.4455820657308038,-1.3232514254238537,-0.08132835056575237,0.21005529145395715
0.0,-0.6967081030443776,-0.8380833833498678,-0.7571181636042842,1.2970950887635497,0.3769454005882529,1.6915405708236433,0.15100397174662183,0.49526630959242407,0.517844043374103,-1.3232514254238537,0.16560063857576018,0.21005529145395715
0.0,-0.28987400486801806,-0.3136375509064838,-1.2392915424684945,1.215387986505715,0.8773232308353338,0.01862643473573012,0.22413237836984828,1.0165128788522937,-0.6383475989187061,1.9074925970876064,-0.9867346440846293,1.125924122804416
0.0,0.7950169236022757,0.0796968234260547,-0.7571181636042842,1.1132541086834211,1.0774743629341665,1.3569577436060607,0.8822880379788861,1.0964373528054987,-0.566085621275407,1.2007673421632241,-0.6574959918959463,1.125924122804416
0.0,0.7950169236022757,0.0796968234260547,-0.7571181636042842,1.1132541086834211,1.0774743629341665,1.3569577436060607,0.8822880379788861,1.0964373528054987,-0.566085621275407,1.2007673421632241,-0.6574959918959463,1.125924122804416
0.0,0.7950169236022757,0.0796968234260547,-0.7571181636042842,1.1132541086834211,1.0774743629341665,1.3569577436060607,0.8822880379788861,1.0964373528054987,-0.566085621275407,1.2007673421632241,-0.6574959918959463,1.125924122804416
0.0,-0.28987400486801806,-0.3136375509064838,-1.2392915424684945,1.215387986505715,0.8773232308353338,0.01862643473573012,0.22413237836984828,1.0165128788522937,-0.6383475989187061,1.9074925970876064,-0.9867346440846293,1.125924122804416
0.0,0.7950169236022757,0.0796968234260547,-0.7571181636042842,1.1132541086834211,1.0774743629341665,1.3569577436060607,0.8822880379788861,1.0964373528054987,-0.566085621275407,1.2007673421632241,-0.6574959918959463,1.125924122804416
0.0,-0.018651272750444616,2.1774801531995913,-0.7571181636042842,-0.23491307857085766,0.07671870244000388,0.35320926195331276,0.9554164446021126,-0.9294743130512684,-0.13251375541560237,-0.717486921202955,1.40024558428332,0.21005529145395715
0.0,-2.1884331296910298,-0.5758604671281757,1.6537487307167666,-0.030645322926269987,2.378456721576578,0.4201258273968293,1.2235539355539429,-0.07462993946508376,0.012010199870999176,-0.6165261704994719,-0.712369100868427,1.125924122804416
0.0,-1.2391535672795233,0.3419197396477463,-1.9625516107648096,0.3166098616695291,0.1767942684894202,0.888541785501445,1.4673152909646976,0.4466166297948244,0.15653415515760072,-1.2222906747203706,-0.9867346440846293,1.125924122804416
0.0,-1.2391535672795233,0.3419197396477463,-1.9625516107648096,0.3166098616695291,0.1767942684894202,0.888541785501445,1.4673152909646976,0.4466166297948244,0.15653415515760072,-1.2222906747203706,-0.9867346440846293,1.125924122804416
0.0,-0.6967081030443776,0.3419197396477463,-0.395488129456127,-0.6230218142955743,-0.5237346938564934,-0.18212326159481948,0.07787556512339541,-1.506320516365543,-0.13251375541560237,-1.2222906747203706,1.8117938995191731,-1.6216823712469601
0.0,-0.6967081030443776,-0.9691948414607139,-0.033858095307969065,-0.7251556921178681,0.3769454005882529,-1.118955177804051,-1.3846925673411332,-1.183147643424417,-1.93906319649812,-0.1117224169820564,0.3713747961936868,0.21005529145395715
0.0,-1.5103762993970966,0.3419197396477463,-1.9625516107648096,0.3166098616695291,0.1767942684894202,0.888541785501445,1.4673152909646976,0.4466166297948244,0.15653415515760072,-1.2222906747203706,-0.9867346440846293,1.125924122804416
0.0,-0.6967081030443776,0.3419197396477463,-0.395488129456127,-0.6230218142955743,-0.5237346938564934,-0.18212326159481948,0.07787556512339541,-1.506320516365543,-0.13251375541560237,-1.2222906747203706,1.8117938995191731,-1.6216823712469601
0.0,-1.5103762993970966,-0.3136375509064838,1.7742920754328186,-0.010218547361811292,2.678683419724827,0.01862643473573012,1.1016732578485655,0.026144397258499003,-0.566085621275407,-0.21268316768553905,-0.712369100868427,1.125924122804416
0.0,-1.3747649333383105,0.4730311977585925,0.6894019729883462,-0.29619340526423393,-0.32358356175766073,-0.8512889160299848,-1.2384357540946804,-1.4611458136963655,0.3010581104442022,0.9988458407562577,2.058722888660684,-1.6216823712469601
0.0,0.3881828254259149,0.0796968234260547,-0.6365748188882316,0.8272792507809983,-0.12343242965882807,-0.5836226542559186,-0.555903958944567,-0.16845432193186105,-1.0719194647785106,0.3930813365353596,0.7417682799059542,-1.6216823712469601
0.0,-1.3747649333383105,0.4730311977585925,0.6894019729883462,-0.29619340526423393,-0.32358356175766073,-0.8512889160299848,-1.2384357540946804,-1.4611458136963655,0.3010581104442022,0.9988458407562577,2.058722888660684,-1.6216823712469601
0.0,0.3881828254259149,0.0796968234260547,-0.6365748188882316,0.8272792507809983,-0.12343242965882807,-0.5836226542559186,-0.555903958944567,-0.16845432193186105,-1.0719194647785106,0.3930813365353596,0.7417682799059542,-1.6216823712469601
0.0,-0.6967081030443776,0.5385869268140155,-1.2392915424684945,1.9711786823906894,1.8780788913294963,-0.5836226542559186,0.10225170066447088,1.5308094938553964,-0.7828715542053076,0.1911598351283932,-1.2336636332261417,1.125924122804416
0.0,-1.5103762993970966,-0.3136375509064838,1.7742920754328186,-0.010218547361811292,2.678683419724827,0.01862643473573012,1.1016732578485655,0.026144397258499003,-0.566085621275407,-0.21268316768553905,-0.6986508234195322,1.125924122804416
0.0,-0.8323194691031637,-0.5758604671281757,-0.516031474172179,-0.8477163455046207,-0.2235079957082444,-0.7174557851429517,-0.28776646799273675,-0.7418255481177137,0.012010199870999176,-0.010761666278573195,-0.08132835056575237,0.21005529145395715
0.0,-0.28987400486801806,-0.5758604671281757,-1.1187481977524418,2.2367267647286533,0.4770209666376692,0.15245956562276317,-0.4583994167802651,1.8157576183841118,-0.7828715542053076,-0.21268316768553905,-1.4805926223676529,0.21005529145395715
0.0,-0.28987400486801806,-0.5758604671281757,-1.1187481977524418,2.2367267647286533,0.4770209666376692,0.15245956562276317,-0.4583994167802651,1.8157576183841118,-0.7828715542053076,-0.21268316768553905,-1.4805926223676529,0.21005529145395715
0.0,-0.28987400486801806,-0.5758604671281757,-1.1187481977524418,2.2367267647286533,0.4770209666376692,0.15245956562276317,-0.4583994167802651,1.8157576183841118,-0.7828715542053076,-0.21268316768553905,-1.4805926223676529,0.21005529145395715
0.0,-0.28987400486801806,-0.5758604671281757,-1.1187481977524418,2.2367267647286533,0.4770209666376692,0.15245956562276317,-0.4583994167802651,1.8157576183841118,-0.7828715542053076,-0.21268316768553905,-1.4805926223676529,0.21005529145395715
0.0,-0.8323194691031637,-0.5758604671281757,-0.516031474172179,-0.8477163455046207,-0.2235079957082444,-0.7174557851429517,-0.28776646799273675,-0.7418255481177137,0.012010199870999176,-0.010761666278573195,-0.08132835056575237,0.21005529145395715
0.0,-0.8323194691031637,-0.5758604671281757,-0.516031474172179,-0.8477163455046207,-0.2235079957082444,-0.7174557851429517,-0.28776646799273675,-0.7418255481177137,0.012010199870999176,-0.010761666278573195,-0.08132835056575237,0.21005529145395715
0.0,-0.28987400486801806,-0.5758604671281757,-1.1187481977524418,2.2367267647286533,0.4770209666376692,0.15245956562276317,-0.4583994167802651,1.8157576183841118,-0.7828715542053076,-0.21268316768553905,-1.4805926223676529,0.21005529145395715
0.0,-0.967930835161951,-0.5758604671281757,2.1359221095809766,0.05106177933156497,0.2768698345388365,-0.31595639248185253,-0.3608948746159632,0.1095438483400874,0.22879613280090308,0.09019908442491001,-0.575186328848776,0.21005529145395715
0.0,-0.8323194691031637,-0.706971925239022,2.377008799013082,0.03063500376710628,0.4770209666376692,-0.4497895233688856,-0.3365187390748877,0.11996877972527631,0.22879613280090308,0.09019908442491001,-0.575186328848776,0.21005529145395715
0.0,-0.6967081030443776,0.7352541139802848,-0.7571181636042842,1.215387986505715,0.1767942684894202,-0.7174557851429517,1.6623243752933015,0.7906393655063669,-0.566085621275407,0.9988458407562577,-0.575186328848776,1.125924122804416
0.0,0.1169600933083427,2.308591611310437,-0.6365748188882316,-0.2757666296997752,-0.42365912780707704,-0.11520669615130294,0.7116550891913578,-0.9016744960240851,0.08427217751430155,-0.6165261704994719,1.3179359212361481,0.21005529145395715
0.0,-0.967930835161951,0.6041426558694387,0.20722859412413622,-0.7251556921178681,-0.023356863609411745,1.658082288101885,0.614150547027056,-0.7105507539621471,0.5901060210174053,-0.1117224169820564,0.16560063857576018,0.21005529145395715
0.0,-0.28987400486801806,1.5219228626453611,-0.516031474172179,-0.7251556921178681,0.07671870244000388,-1.1858717432475674,-1.7015823293751144,-1.596669921703937,0.15653415515760072,-0.1117224169820564,2.1410325517078546,0.21005529145395715
0.0,-0.15426263880923075,-0.3136375509064838,-0.7571181636042842,-0.19405952744194008,-1.224263656202407,-1.3197048741346005,-1.0434266697660766,-1.1761976891676116,-0.2770377107022039,-1.0203691733134042,1.7294842364720013,0.21005529145395715
0.0,0.5237941914847023,-0.3136375509064838,-0.9982048530363895,-0.9498502233269145,0.2768698345388365,-1.118955177804051,0.5897744114859804,-0.6514761427793585,0.4455820657308038,0.4940420872388428,0.4948392907644416,0.21005529145395715
0.0,-0.42548537092680416,0.3419197396477463,-0.27494478474007433,0.5719445562252636,0.8773232308353338,-0.6505392196994352,0.7116550891913578,-0.15455441341825013,0.3733200880875046,0.7969243393492924,0.6045855054170146,0.21005529145395715
0.0,-0.15426263880923075,0.21080828153690087,-0.516031474172179,-0.37790050752206905,0.8773232308353338,-1.386621439578117,-1.0921789408482274,-0.5541767831841592,1.2404638198071105,0.9988458407562577,1.0710069320946372,0.21005529145395715
0.0,-0.42548537092680416,0.3419197396477463,-0.27494478474007433,0.5719445562252636,0.8773232308353338,-0.6505392196994352,0.7116550891913578,-0.15455441341825013,0.3733200880875046,0.7969243393492924,0.6183037853351979,0.21005529145395715
0.0,-0.967930835161951,-0.706971925239022,-1.600921576616652,-1.011130550020291,0.3769454005882529,1.0892914818319945,-0.14150965474628388,-0.6931758683201141,0.22879613280090308,-0.9194084226099208,-0.08132835056575237,1.125924122804416
0.0,0.5237941914847023,2.7019259856429754,-1.9625516107648096,-0.09192564961964625,0.5770965326870855,-1.386621439578117,-0.28776646799273675,0.15471855100930362,-0.7106095765620085,0.09019908442491001,-0.6574959918959463,1.125924122804416
0.0,-0.15426263880923075,0.9974770302019772,-0.1544014400240217,2.0528857846485242,0.8773232308353338,-0.9851220469170178,0.22413237836984828,1.5655592651393853,-0.9273955094919092,0.595002837942326,-1.2336636332261417,1.125924122804416
0.0,-0.28987400486801806,0.0796968234260547,-0.8776615083203368,-1.0519841011492084,-0.924036958054158,0.08554300017924665,-0.6290323655677934,-1.6175197844743534,-0.2047757330589015,-1.1213299240168872,1.4825552473304904,0.21005529145395715
0.0,-0.15426263880923075,0.9974770302019772,-0.1544014400240217,2.0528857846485242,0.8773232308353338,-0.9851220469170178,0.22413237836984828,1.5655592651393853,-0.9273955094919092,0.595002837942326,-1.2336636332261417,1.125924122804416
0.0,0.5237941914847023,2.7019259856429754,-1.9625516107648096,-0.09192564961964625,0.5770965326870855,-1.386621439578117,-0.28776646799273675,0.15471855100930362,-0.7106095765620085,0.09019908442491001,-0.6574959918959463,1.125924122804416
0.0,-2.4596558618086033,1.1285884883128225,-0.8776615083203368,0.2961830861050702,-1.1241880901529906,-0.7174557851429517,-0.507151687862416,-0.49510217200137063,1.4572497527370145,-0.8184476719064376,0.5771489538116135,0.21005529145395715
0.0,-2.4596558618086033,1.1285884883128225,-0.8776615083203368,0.2961830861050702,-1.1241880901529906,-0.7174557851429517,-0.507151687862416,-0.49510217200137063,1.4572497527370145,-0.8184476719064376,0.5771489538116135,0.21005529145395715
0.0,-0.28987400486801806,1.5219228626453611,-0.395488129456127,-0.7047289165534094,-0.7238858259553254,-1.3197048741346005,-0.8727937209785482,-1.6244697387311202,-1.0719194647785106,-1.1213299240168872,1.5648649103776606,0.21005529145395715
0.0,0.6594055575434884,0.4730311977585925,-0.8776615083203368,-0.7864360188112444,0.2768698345388365,-0.18212326159481948,-0.3608948746159632,-0.18930418470223886,-0.06025177777229999,0.595002837942326,-0.2459476766600931,1.125924122804416
0.0,-0.5610967369855903,0.21080828153690087,-1.2392915424684945,1.3175218643280087,-0.32358356175766073,1.0892914818319945,0.32163692053415016,0.5265411037479908,0.3010581104442022,-0.5155654197959887,0.08329097552858834,0.21005529145395715
0.0,0.1169600933083427,0.3419197396477463,-0.8776615083203368,1.194961210941256,-0.2235079957082444,-0.3828729579253691,-0.0196289770409065,0.5856157149307794,-0.9996574871352115,1.70557109568064,-0.16363801361292274,0.21005529145395715
0.0,-0.6967081030443776,0.4730311977585925,-1.600921576616652,0.2757563105406115,0.6771720987365019,0.8216252200579285,1.1504255289307164,0.4535665840516299,0.22879613280090308,-0.010761666278573195,-0.9044249810374589,1.125924122804416
0.0,-0.6967081030443776,1.6530343207562073,-1.2392915424684945,-0.7251556921178681,0.5770965326870855,1.2231246127190276,0.8822880379788861,-0.2761786129122107,0.3733200880875046,-0.3136439183890222,-0.6574959918959463,1.125924122804416
0.0,-0.28987400486801806,1.5219228626453611,-0.395488129456127,-0.7047289165534094,-0.7238858259553254,-1.3197048741346005,-0.8727937209785482,-1.6244697387311202,-1.0719194647785106,-1.1213299240168872,1.5648649103776606,0.21005529145395715
0.0,-0.28987400486801806,-1.10030629957156,-0.7571181636042842,2.2367267647286533,0.8773232308353338,-1.1858717432475674,0.2972607849930747,1.586409127909763,-1.3609673753517137,-0.5155654197959887,-0.9867346440846293,0.21005529145395715
0.0,-1.1035422012207372,0.21080828153690087,-0.395488129456127,2.645262276017829,0.8773232308353338,0.08554300017924665,0.9066641735199616,1.8331325040261448,-0.34929968834550307,0.1911598351283932,-1.3159732962733122,1.125924122804416
0.0,-1.1035422012207372,0.21080828153690087,-0.395488129456127,2.645262276017829,0.8773232308353338,0.08554300017924665,0.9066641735199616,1.8331325040261448,-0.34929968834550307,0.1911598351283932,-1.3159732962733122,1.125924122804416
0.0,-1.1035422012207372,0.21080828153690087,-0.395488129456127,2.645262276017829,0.8773232308353338,0.08554300017924665,0.9066641735199616,1.8331325040261448,-0.34929968834550307,0.1911598351283932,-1.3159732962733122,1.125924122804416
0.0,-0.28987400486801806,1.1285884883128225,-0.7571181636042842,-0.7455824676823268,0.2768698345388365,-1.0520386123605343,-0.19026192582843485,-1.4993705621087763,0.3733200880875046,-0.010761666278573195,1.9764132256135138,-1.6216823712469601
0.0,-1.2391535672795233,-0.5758604671281757,-1.7214649213327047,0.010208228202647584,-0.12343242965882807,-0.4497895233688856,-0.4096471456981141,0.06784412279929321,0.5901060210174053,0.1911598351283932,-0.575186328848776,1.125924122804416
0.0,-0.28987400486801806,-1.10030629957156,-0.7571181636042842,2.2367267647286533,0.8773232308353338,-1.1858717432475674,0.2972607849930747,1.586409127909763,-1.3609673753517137,-0.5155654197959887,-0.9867346440846293,0.21005529145395715
0.0,1.2018510217786353,0.21080828153690087,-0.9982048530363895,-0.8068627943757032,0.1767942684894202,-0.3828729579253691,0.49226986932167854,-0.24837879588502743,0.5901060210174053,0.7969243393492924,0.000981312481417987,0.21005529145395715
0.0,0.3881828254259149,2.046368695088745,-1.4803782319005994,-0.7251556921178681,-0.42365912780707704,-0.4497895233688856,-0.6777846366499444,-1.4437709280543711,0.3010581104442022,-0.1117224169820564,2.305651877802197,0.21005529145395715
0.0,-0.15426263880923075,0.7352541139802848,-0.033858095307969065,-0.9498502233269145,-1.1241880901529906,-0.249039827038336,-0.555903958944567,-1.520220424879154,-0.49382364363210457,-1.3232514254238537,1.5648649103776606,0.21005529145395715
0.0,-0.8323194691031637,0.7352541139802848,-0.9982048530363895,-0.4596076097799042,0.8773232308353338,-0.048290130707786406,0.2972607849930747,-0.26922865865540524,1.2404638198071105,0.3930813365353596,0.3302199646701009,1.125924122804416
0.0,-0.6967081030443776,-0.18252609279563764,-0.6365748188882316,0.05106177933156497,1.1775499289835827,0.35320926195331276,0.516646004862754,-0.019030305410678638,0.08427217751430155,-0.010761666278573195,-0.2459476766600931,1.125924122804416
0.0,-0.8323194691031637,-0.706971925239022,-0.9982048530363895,-1.0519841011492084,0.8773232308353338,-0.249039827038336,-1.0190505342250011,-1.2074724833232169,0.3733200880875046,0.8978850900527745,0.5771489538116135,0.21005529145395715
0.0,-0.5610967369855903,-0.4447490090173296,-0.6365748188882316,-0.8681431210690794,-0.023356863609411745,0.01862643473573012,-0.8971698565196237,-1.0059238098760512,-1.144181442421813,1.5036495942736736,0.24791030162293054,0.21005529145395715
0.0,-0.8323194691031637,-0.8380833833498678,-0.516031474172179,-1.072410876713667,-0.32358356175766073,-0.7174557851429517,-1.433444838423284,-1.3673214312295883,1.2404638198071105,-0.1117224169820564,1.2356262581889779,0.21005529145395715
0.0,0.2525714593671288,0.21080828153690087,-0.516031474172179,-1.011130550020291,-0.32358356175766073,-1.52045457046515,-1.3115641607179067,-0.7314006167325249,-0.06025177777229999,1.70557109568064,0.41252962771727125,1.125924122804416
0.0,-1.5103762993970966,-0.18252609279563764,-1.2392915424684945,0.7047185973942457,0.6771720987365019,1.022374916388478,-0.28776646799273675,0.6516402803703734,0.08427217751430155,-0.3136439183890222,-0.41056700275443525,0.21005529145395715
0.0,-1.5103762993970966,-0.5758604671281757,0.08668524940808357,-0.9089966721979972,-0.6238102599059097,0.15245956562276317,-0.6534085011088689,-1.5236954020075375,0.517844043374103,0.9988458407562577,1.4825552473304904,0.21005529145395715
0.0,-1.1035422012207372,-0.8380833833498678,0.6894019729883462,-1.0315573255847497,-0.8239613920047416,0.15245956562276317,-0.7996653143553217,-1.801693572279486,-0.566085621275407,0.3930813365353596,1.7294842364720013,0.21005529145395715
0.0,-0.5610967369855903,0.7352541139802848,-0.7571181636042842,0.3166098616695291,0.7772476647859181,1.2231246127190276,1.0529209867664144,0.4535665840516299,-0.34929968834550307,0.1911598351283932,-0.8221153179902886,1.125924122804416
0.0,-0.5610967369855903,0.7352541139802848,-0.7571181636042842,0.3166098616695291,0.7772476647859181,1.2231246127190276,1.0529209867664144,0.4535665840516299,-0.34929968834550307,0.1911598351283932,-0.8221153179902886,1.125924122804416
0.0,-0.5610967369855903,0.7352541139802848,-0.7571181636042842,0.3166098616695291,0.7772476647859181,1.2231246127190276,1.0529209867664144,0.4535665840516299,-0.34929968834550307,0.1911598351283932,-0.8221153179902886,1.125924122804416
0.0,-0.8323194691031637,0.4730311977585925,0.08668524940808357,-0.5821682631666567,-0.5237346938564934,0.15245956562276317,0.4435175982395276,-1.377746362614777,-0.06025177777229999,-1.1213299240168872,1.4825552473304904,0.21005529145395715
0.0,-1.3747649333383105,0.21080828153690087,-1.7214649213327047,-1.0519841011492084,1.5778521931812481,-1.8550373976827328,-0.7021607721910198,-0.33177824696661584,0.3010581104442022,0.9988458407562577,-0.863270149513873,-0.7058135398965015
0.0,-0.15426263880923075,0.6041426558694387,0.08668524940808357,-0.8885698966335382,-0.924036958054158,-1.52045457046515,-1.530949380587586,-1.110173123728056,0.7346299763040068,1.70557109568064,1.5648649103776606,0.21005529145395715
0.0,-0.5610967369855903,-1.4936406739040982,-0.8776615083203368,0.2961830861050702,0.7772476647859181,-1.4535380050216336,-1.677206193834039,0.03656932864372649,-0.2047757330589015,-0.8184476719064376,-0.575186328848776,0.21005529145395715
0.0,-0.5610967369855903,-1.7558635901257902,-0.516031474172179,-1.1132644278425847,0.2768698345388365,-0.18212326159481948,-1.2140596185536048,-0.7244506624757194,2.0353455738834207,0.3930813365353596,0.4948392907644416,0.21005529145395715
0.0,-0.15426263880923075,2.8330374437538213,2.015378764864924,-0.7047289165534094,-1.224263656202407,-0.4497895233688856,-0.3608948746159632,-1.5897199674471314,-0.4215616659888054,-0.8184476719064376,1.9764132256135138,0.21005529145395715
0.0,-0.15426263880923075,2.8330374437538213,2.015378764864924,-0.7047289165534094,-1.224263656202407,-0.4497895233688856,-0.3608948746159632,-1.5897199674471314,-0.4215616659888054,-0.8184476719064376,1.9764132256135138,0.21005529145395715
0.0,-1.3747649333383105,0.4730311977585925,0.08668524940808357,-0.5821682631666567,-0.924036958054158,-0.6505392196994352,-0.507151687862416,-1.134497963626856,0.08427217751430155,-0.41460466909250543,0.9063876060002949,0.21005529145395715
0.0,-0.967930835161951,0.21080828153690087,-1.1187481977524418,-0.43918083421544535,-0.42365912780707704,-1.4535380050216336,-1.0190505342250011,-1.6870193270423308,-1.5777533082816144,2.210374849198055,2.058722888660684,0.21005529145395715
0.0,-1.1035422012207372,-0.9691948414607139,0.5688586282722935,0.6842918218297867,-1.0241125241035742,-1.1858717432475674,-2.1159766335733976,-0.22057897885784417,-0.7828715542053076,1.8065318463841233,1.1533165951418074,0.21005529145395715
0.0,-0.018651272750444616,0.6041426558694387,-0.8776615083203368,0.847706026345457,0.07671870244000388,-0.31595639248185253,0.6872789536502824,1.1694118725018596,1.2404638198071105,0.6959635886458092,-0.04017351904216646,0.21005529145395715
0.0,0.9306282896610618,-0.3136375509064838,-0.395488129456127,-1.072410876713667,0.3769454005882529,-0.048290130707786406,-1.2871880251768313,-1.263072117377622,-1.0719194647785106,-0.9194084226099208,0.7006134483823683,0.21005529145395715
0.0,-0.018651272750444616,-0.4447490090173296,0.8099453177043987,1.9916054579551483,1.0774743629341665,2.4276227907023253,1.394186884341471,1.7254082130457564,-0.06025177777229999,1.604610344977157,-0.3282573397072649,0.21005529145395715
0.0,0.9306282896610618,-0.3136375509064838,-0.395488129456127,-1.072410876713667,0.3769454005882529,-0.048290130707786406,-1.2871880251768313,-1.263072117377622,-1.0719194647785106,-0.9194084226099208,0.7006134483823683,0.21005529145395715
0.0,-0.018651272750444616,-0.8380833833498678,-0.8776615083203368,-0.030645322926269987,0.9773987968847501,-0.8512889160299848,-0.7509130432731708,-0.11632966500583938,-0.7106095765620085,0.595002837942326,0.16560063857576018,1.125924122804416
0.0,-2.1884331296910298,1.5219228626453611,-0.7571181636042842,0.2757563105406115,1.0774743629341665,-0.9851220469170178,-0.8240414498963973,-0.46382737784576533,0.5901060210174053,-0.3136439183890222,1.3179359212361481,0.21005529145395715
0.0,1.3374623878374214,0.0796968234260547,0.08668524940808357,-0.8068627943757032,1.0774743629341665,0.08554300017924665,0.9310403090610371,-0.6375762342657476,0.08427217751430155,0.6959635886458092,0.3302199646701009,0.21005529145395715
0.0,0.3881828254259149,-0.18252609279563764,-0.1544014400240217,-0.827289569940162,0.7772476647859181,-0.18212326159481948,0.46789373378060306,-0.8460748619697186,-0.34929968834550307,0.2921205858318764,0.6594586168587838,0.21005529145395715
0.0,-0.42548537092680416,0.7352541139802848,-1.1187481977524418,0.43917051505628163,0.8773232308353338,-0.9851220469170178,0.029123294041244457,0.1616685052660705,-1.144181442421813,-0.6165261704994719,0.08329097552858834,1.125924122804416
0.0,-0.5610967369855903,0.21080828153690087,-1.1187481977524418,-0.07149887405518755,0.8773232308353338,1.022374916388478,0.614150547027056,0.057419191414104294,-0.2770377107022039,0.3930813365353596,-0.3282573397072649,1.125924122804416
0.0,-0.28987400486801806,-0.9691948414607139,-0.516031474172179,-1.072410876713667,0.1767942684894202,0.2193761310662797,-0.8971698565196237,-1.1935725748096444,0.22879613280090308,2.1094140984945717,0.4948392907644416,0.21005529145395715
0.0,-2.324044495749817,0.5385869268140155,-2.3241816449129673,-0.9396368355446851,-0.6238102599059097,-1.1858717432475674,-1.5553255161286617,-1.3325716599455995,1.5295117303803136,0.2921205858318764,1.427682135888721,1.125924122804416
0.0,-1.3747649333383105,-0.05141463468479146,-0.27494478474007433,-0.7660092432467857,-0.8239613920047416,2.6952890524763915,-0.19026192582843485,-1.263072117377622,0.08427217751430155,-1.0203691733134042,0.7417682799059542,-0.7058135398965015
0.0,-0.15426263880923075,-0.4447490090173296,-1.842008266048757,-1.0315573255847497,1.8780788913294963,-1.386621439578117,-0.8971698565196237,-0.46382737784576533,-0.8551335318486101,0.6959635886458092,-0.9044249810374589,1.125924122804416
0.0,-0.018651272750444616,0.866365572091131,-0.27494478474007433,-0.8681431210690794,0.4770209666376692,0.01862643473573012,0.24850851391092374,-1.8190684579214804,0.3733200880875046,0.7969243393492924,2.305651877802197,0.21005529145395715
0.0,-0.967930835161951,0.0796968234260547,-0.033858095307969065,-1.072410876713667,-0.8239613920047416,-0.7174557851429517,-0.6534085011088689,-1.4020712025135769,1.2404638198071105,-0.8184476719064376,1.5648649103776606,0.21005529145395715
0.0,-0.967930835161951,0.0796968234260547,-0.033858095307969065,-1.072410876713667,-0.8239613920047416,-0.7174557851429517,-0.6534085011088689,-1.4020712025135769,1.2404638198071105,-0.8184476719064376,1.5648649103776606,0.21005529145395715
0.0,-0.018651272750444616,1.7841457788670534,-0.395488129456127,-0.7251556921178681,0.1767942684894202,-0.5167060888124021,-0.9702982631428501,-1.1935725748096444,-0.49382364363210457,-0.6165261704994719,0.4948392907644416,0.21005529145395715
0.0,0.3881828254259149,0.21080828153690087,-0.7571181636042842,-0.7251556921178681,-0.32358356175766073,1.022374916388478,-0.4583994167802651,-1.054573489673651,-0.9273955094919092,1.0998065914597408,0.4948392907644416,0.21005529145395715
0.0,-0.8323194691031637,0.7352541139802848,-0.033858095307969065,-0.8477163455046207,-0.6238102599059097,-1.3197048741346005,-1.628453922751888,-1.3673214312295883,-0.2047757330589015,-0.010761666278573195,1.7294842364720013,0.21005529145395715
0.0,-0.018651272750444616,-1.231417757682406,-1.842008266048757,-0.2553398541353165,0.6771720987365019,-0.5836226542559186,-1.3359402962589824,-0.29007852142582163,-1.3609673753517137,-1.0203691733134042,-0.6574959918959463,0.21005529145395715
0.0,-1.3747649333383105,-1.7558635901257902,-1.2392915424684945,1.2970950887635497,1.5778521931812481,-0.7174557851429517,1.126049393389641,0.6134155319580012,0.9514159092339075,-0.6165261704994719,0.9063876060002949,0.21005529145395715
0.0,-1.3747649333383105,0.6041426558694387,-0.1544014400240217,0.23490275941169395,0.9773987968847501,1.3569577436060607,2.2717277638201883,0.3701671329700415,0.012010199870999176,-0.21268316768553905,-0.6574959918959463,1.125924122804416
0.0,-0.6967081030443776,1.259699946423669,-1.4803782319005994,-0.8885698966335382,0.5770965326870855,0.888541785501445,1.3210584777182448,-0.3248282927098104,-0.13251375541560237,0.2921205858318764,-0.8221153179902886,1.125924122804416
0.0,-0.15426263880923075,-1.10030629957156,-0.8776615083203368,1.6239234977948902,0.5770965326870855,2.962955314250457,0.2972607849930747,1.2736611863538643,-0.49382364363210457,-1.1213299240168872,-0.7398056549431182,1.125924122804416
0.0,-0.28987400486801806,-1.362529215793252,-0.8776615083203368,0.7047185973942457,0.6771720987365019,1.658082288101885,0.004747158500168979,0.4049169042540302,-0.2047757330589015,-1.0203691733134042,-0.49287666580160566,0.21005529145395715
0.0,-1.3747649333383105,-1.7558635901257902,-1.2392915424684945,1.2970950887635497,1.5778521931812481,-0.7174557851429517,1.126049393389641,0.6134155319580012,0.9514159092339075,-0.6165261704994719,0.9063876060002949,0.21005529145395715
0.0,-1.3747649333383105,0.0796968234260547,-1.2392915424684945,1.2970950887635497,1.5778521931812481,0.48704239284034584,1.6867005108343769,0.26591781911807527,0.9514159092339075,-1.0203691733134042,1.40024558428332,0.21005529145395715
0.0,-0.018651272750444616,-1.231417757682406,-1.842008266048757,-0.2553398541353165,0.6771720987365019,-0.5836226542559186,-1.3359402962589824,-0.29007852142582163,-1.3609673753517137,-1.0203691733134042,-0.6574959918959463,0.21005529145395715
0.0,-0.5610967369855903,1.390811404534515,-1.600921576616652,-0.5821682631666567,2.5786078536754107,-1.118955177804051,-0.8727937209785482,-0.1510794362898667,-1.144181442421813,-1.0203691733134042,-1.3159732962733122,0.21005529145395715
0.0,0.6594055575434884,-0.05141463468479146,2.4975521437291346,1.2970950887635497,0.4770209666376692,1.7249988535454017,0.6750908858797446,1.586409127909763,-0.9273955094919092,-0.3136439183890222,-1.2336636332261417,0.21005529145395715
0.0,0.6594055575434884,0.21080828153690087,2.6180954884451872,1.3379486398924674,0.6771720987365019,1.8253737017106764,0.6263386147975937,1.586409127909763,-0.9273955094919092,-0.3136439183890222,-1.2336636332261417,0.21005529145395715
0.0,0.6594055575434884,0.21080828153690087,2.6180954884451872,1.3379486398924674,0.6771720987365019,1.8253737017106764,0.6263386147975937,1.586409127909763,-0.9273955094919092,-0.3136439183890222,-1.2336636332261417,0.21005529145395715
0.0,-1.3747649333383105,-1.8869750482366363,-1.3598348871845471,-1.0315573255847497,1.3777010610824154,0.01862643473573012,-0.38527101015703863,-1.054573489673651,0.9514159092339075,-1.5251729268308196,0.6594586168587838,0.21005529145395715
0.0,-0.967930835161951,-0.18252609279563764,-1.7214649213327047,0.847706026345457,0.6771720987365019,0.4201258273968293,-0.31214260353381224,0.8566639309459224,-0.34929968834550307,-1.3232514254238537,-0.08132835056575237,1.125924122804416
0.0,-0.5610967369855903,-0.3136375509064838,-0.6365748188882316,-0.9907037744558321,-0.2235079957082444,0.01862643473573012,-0.7752891788142463,-1.6314196929879257,-0.4215616659888054,-1.8280551789412691,1.4825552473304904,0.21005529145395715
0.0,0.6594055575434884,-0.05141463468479146,2.4975521437291346,1.2970950887635497,0.4770209666376692,1.7249988535454017,0.46789373378060306,1.586409127909763,-0.9273955094919092,-0.3136439183890222,-1.2336636332261417,0.21005529145395715
0.0,0.6594055575434884,0.21080828153690087,2.6180954884451872,1.3379486398924674,0.6771720987365019,1.8253737017106764,0.3703891916163011,1.586409127909763,-0.9273955094919092,-0.3136439183890222,-1.2336636332261417,0.21005529145395715
0.0,2.0155192181313555,-1.10030629957156,0.5688586282722935,-1.0519841011492084,0.6771720987365019,-1.9219539631262492,-1.0434266697660766,-0.04683012243786191,-0.06025177777229999,0.3930813365353596,-0.41056700275443525,1.125924122804416
0.0,0.3881828254259149,-2.2803094225691747,-0.27494478474007433,-0.030645322926269987,-1.0241125241035742,-0.7174557851429517,-0.06838124812305746,-0.29007852142582163,-1.4332293529950129,-0.9194084226099208,0.24791030162293054,0.21005529145395715
0.0,2.0155192181313555,-1.624752132014944,0.44831528355624084,0.500450841749658,-1.624565920400072,-1.4535380050216336,-1.8722152781626427,0.6134155319580012,-0.4215616659888054,-1.3232514254238537,0.3713747961936868,1.125924122804416
0.0,-1.3747649333383105,0.21080828153690087,-0.27494478474007433,-0.5004611609088216,-1.624565920400072,0.08554300017924665,-0.7752891788142463,-1.4611458136963655,0.517844043374103,0.9988458407562577,1.7706390679955872,0.21005529145395715
0.0,-1.1035422012207372,-0.4447490090173296,0.20722859412413622,-1.0315573255847497,-1.724641486449488,-0.7843723505864683,-0.6290323655677934,-1.468095767953171,1.2404638198071105,-1.1213299240168872,1.7294842364720013,0.21005529145395715
0.0,0.1169600933083427,0.21080828153690087,0.5688586282722935,0.5617311684430342,-0.5237346938564934,-1.252788308691084,-1.4821971095054352,0.33541736168605274,-0.9996574871352115,0.595002837942326,0.41252962771727125,1.125924122804416
0.0,0.1169600933083427,0.21080828153690087,0.5688586282722935,0.5617311684430342,-0.5237346938564934,-1.252788308691084,-1.4821971095054352,0.33541736168605274,-0.9996574871352115,0.595002837942326,0.41252962771727125,1.125924122804416
0.0,-1.3747649333383105,0.21080828153690087,-0.27494478474007433,-0.5004611609088216,-1.624565920400072,0.08554300017924665,-0.7752891788142463,-1.4611458136963655,0.517844043374103,0.9988458407562577,1.7706390679955872,0.21005529145395715
0.0,-0.6967081030443776,-0.18252609279563764,2.4975521437291346,-0.9294234477624558,-2.124943750647153,0.4201258273968293,-0.8727937209785482,-1.570607593240926,0.012010199870999176,-1.727094428237786,1.9764132256135138,0.21005529145395715
0.0,-0.42548537092680416,-0.8380833833498678,-0.1544014400240217,-0.8681431210690794,-0.924036958054158,-0.18212326159481948,-1.0190505342250011,-1.5289078677001706,-1.6500152859249169,1.3017280928667072,1.1533165951418074,0.21005529145395715
0.0,-1.2391535672795233,0.3419197396477463,-0.033858095307969065,-1.011130550020291,-2.0248681845977368,-1.1858717432475674,-2.189105040196624,-1.3673214312295883,1.1682018421638114,-1.3232514254238537,0.7417682799059542,0.21005529145395715
0.0,-0.5610967369855903,2.57081452753213,-1.2392915424684945,1.7056306000527253,0.4770209666376692,1.0892914818319945,1.126049393389641,1.5429719138047964,1.4572497527370145,1.2007673421632241,-0.08132835056575237,1.125924122804416
0.0,0.1169600933083427,0.21080828153690087,0.5688586282722935,0.5617311684430342,-0.5237346938564934,-1.252788308691084,-1.4821971095054352,0.33541736168605274,-0.9996574871352115,0.595002837942326,0.41252962771727125,1.125924122804416
0.0,-0.018651272750444616,-0.4447490090173296,0.08668524940808357,-0.9089966721979972,0.4770209666376692,-0.9851220469170178,-0.8727937209785482,-0.8460748619697186,-0.6383475989187061,-0.21268316768553905,0.41252962771727125,0.21005529145395715
0.0,0.2525714593671288,-0.4447490090173296,-0.033858095307969065,-0.9294234477624558,0.5770965326870855,-0.6505392196994352,-0.5802800944856424,-0.8113250906856913,-0.566085621275407,-0.1117224169820564,0.41252962771727125,0.21005529145395715
0.0,-1.5103762993970966,0.21080828153690087,-0.27494478474007433,-0.5004611609088216,-1.624565920400072,0.08554300017924665,-0.7752891788142463,-1.4611458136963655,0.517844043374103,0.9988458407562577,1.7706390679955872,0.21005529145395715
0.0,-1.1035422012207372,-0.4447490090173296,0.20722859412413622,-1.0315573255847497,-1.724641486449488,-0.7843723505864683,-0.6290323655677934,-1.468095767953171,1.2404638198071105,-1.1213299240168872,1.7294842364720013,0.21005529145395715
0.0,-0.967930835161951,-0.8380833833498678,0.9304886624204514,-0.9089966721979972,-1.4244147883012392,-0.18212326159481948,0.029123294041244457,-0.8460748619697186,0.517844043374103,2.4122963506050215,0.9063876060002949,1.125924122804416
0.0,-0.967930835161951,1.390811404534515,1.6537487307167666,1.1541076598123385,-0.023356863609411745,1.75845713626716,1.7842050529986788,1.099912329933882,-0.13251375541560237,1.0998065914597408,-0.7398056549431182,0.21005529145395715
0.0,-1.2391535672795233,-0.706971925239022,-1.1187481977524418,0.3166098616695291,-0.924036958054158,-0.8512889160299848,-0.16588579028735936,0.19641827655005925,1.384987775093712,1.0998065914597408,0.24791030162293054,0.21005529145395715
0.0,0.1169600933083427,-0.5758604671281757,-0.033858095307969065,0.6025847195719519,-0.2235079957082444,-0.8512889160299848,-0.6534085011088689,0.6829150745259787,1.0959398645205092,0.595002837942326,0.08329097552858834,-1.6216823712469601
0.0,-1.9172103975734562,0.0796968234260547,-1.2392915424684945,-0.3574737319576104,-2.0248681845977368,-0.3828729579253691,-0.7265369077320953,-1.7182941211978975,1.0236778868772098,0.595002837942326,2.6348905299908796,0.21005529145395715
0.0,-1.1035422012207372,-0.05141463468479146,-0.7571181636042842,-0.8477163455046207,-0.7238858259553254,-1.654287701352183,-1.579701651669737,-1.518482936314943,-0.566085621275407,-0.010761666278573195,1.2767810897125638,0.21005529145395715
0.0,-1.645987665455884,-1.10030629957156,-0.27494478474007433,0.7864256996520805,-1.4244147883012392,-0.4497895233688856,-0.14150965474628388,0.5439159893899852,2.179869529170022,-0.6165261704994719,0.16560063857576018,-1.6216823712469601
0.0,-1.645987665455884,-0.05141463468479146,-0.6365748188882316,0.8681328019099157,-1.224263656202407,-0.5167060888124021,-0.4340232812391896,0.30066759040206403,1.5295117303803136,-1.4242121761273363,0.08329097552858834,-1.6216823712469601
0.0,0.2525714593671288,-0.4447490090173296,0.3277719388401882,-1.011130550020291,-0.6238102599059097,-0.249039827038336,-0.5802800944856424,-0.915574404537696,-0.2047757330589015,-0.010761666278573195,0.16560063857576018,-1.6216823712469601
0.0,2.422353316307714,1.259699946423669,-0.7571181636042842,0.9702666797322095,-1.224263656202407,0.5874172410056206,0.8335357668967353,0.33541736168605274,-1.144181442421813,0.09019908442491001,1.1533165951418074,1.125924122804416
0.0,-0.5610967369855903,0.4730311977585925,-0.6365748188882316,-0.39832728308652776,1.277625495032999,-1.1858717432475674,-0.044005112581981976,-0.46382737784576533,0.3010581104442022,-0.41460466909250543,1.3179359212361481,0.21005529145395715
0.0,-0.8323194691031637,-0.8380833833498678,-0.033858095307969065,-0.7251556921178681,0.7772476647859181,-1.1858717432475674,-0.26339033245166127,-0.08157989372185065,-0.06025177777229999,0.6959635886458092,-0.9867346440846293,0.21005529145395715
0.0,-1.3747649333383105,0.3419197396477463,-2.0830949554808624,-1.072410876713667,-1.3243392222518229,-1.52045457046515,-1.3115641607179067,-1.4020712025135769,0.8068919539473061,-0.8184476719064376,0.6594586168587838,0.21005529145395715
0.0,-1.5103762993970966,-0.5758604671281757,-0.516031474172179,-1.0315573255847497,-1.5244903543506556,-0.5836226542559186,-0.8727937209785482,-1.5132704706223485,1.1682018421638114,-1.0203691733134042,1.5648649103776606,-1.6216823712469601
0.0,-1.645987665455884,-0.5758604671281757,-0.033858095307969065,-1.0519841011492084,-1.8247170524989043,-0.3828729579253691,-0.9702982631428501,-1.9476426116722463,0.08427217751430155,-0.21268316768553905,2.0175680571370997,-1.6216823712469601
0.0,-0.018651272750444616,0.7352541139802848,-1.1187481977524418,-0.6230218142955743,-1.624565920400072,-0.249039827038336,-0.9215459920606991,-1.4715707450815543,-0.6383475989187061,-0.8184476719064376,1.4825552473304904,0.21005529145395715
0.0,-0.8323194691031637,-0.8380833833498678,-0.7571181636042842,0.6842918218297867,-1.224263656202407,0.2862926965097962,-0.8484175854374727,-1.054573489673651,-0.7828715542053076,0.7969243393492924,1.8941035625663436,-1.6216823712469601
0.0,-0.967930835161951,1.1285884883128225,-0.9982048530363895,-0.827289569940162,-0.8239613920047416,-0.6505392196994352,-0.09275738366413293,-1.1240730322416284,1.0959398645205092,1.0998065914597408,1.1533165951418074,-1.6216823712469601
0.0,-1.2391535672795233,0.4730311977585925,-0.395488129456127,-1.072410876713667,-0.6238102599059097,-0.7843723505864683,-1.9697198203269446,-1.1935725748096444,0.012010199870999176,-1.0203691733134042,0.5771489538116135,1.125924122804416
0.0,-0.6967081030443776,-1.4936406739040982,0.20722859412413622,1.031547006425586,0.7772476647859181,-0.6505392196994352,-0.9946743986839256,1.2875610948674368,0.15653415515760072,0.09019908442491001,-0.49287666580160566,0.21005529145395715
0.0,-2.7308785939261764,-1.7558635901257902,-0.033858095307969065,-1.0519841011492084,-0.023356863609411745,0.35320926195331276,-0.9459221276017746,-1.4020712025135769,1.6740356856669152,1.604610344977157,0.9886972690474667,-1.6216823712469601
0.0,-1.1035422012207372,-0.8380833833498678,-0.7571181636042842,1.7056306000527253,0.2768698345388365,1.2231246127190276,-0.28776646799273675,1.574246707960363,-1.4332293529950129,2.1094140984945717,-0.9867346440846293,0.21005529145395715
0.0,-1.5103762993970966,-0.8380833833498678,-0.9982048530363895,1.5217896199725964,0.4770209666376692,0.6208755237273789,-0.604656230026718,1.575984196524574,-1.5777533082816144,1.8065318463841233,-1.4805926223676529,0.21005529145395715
0.0,-1.1035422012207372,0.0796968234260547,-0.7571181636042842,-1.0315573255847497,-0.42365912780707704,-0.18212326159481948,0.029123294041244457,-0.8981995188957017,1.9630835962401183,-0.5155654197959887,0.41252962771727125,0.21005529145395715
0.0,-0.5610967369855903,-0.4447490090173296,0.5688586282722935,0.3166098616695291,0.7772476647859181,1.6915405708236433,0.32163692053415016,0.36321717871323606,-2.3726350623579244,0.09019908442491001,-1.0690443071317997,0.21005529145395715
0.0,-1.2391535672795233,0.9974770302019772,-0.8776615083203368,-0.8885698966335382,-0.023356863609411745,-1.52045457046515,-0.6534085011088689,-1.2144224375800223,-1.2164434200651122,0.595002837942326,0.6594586168587838,0.21005529145395715
0.0,-2.4596558618086033,0.866365572091131,-1.1187481977524418,1.1132541086834211,-1.224263656202407,-0.7843723505864683,0.516646004862754,-0.2136290246010387,1.601773708023616,1.604610344977157,0.9886972690474667,0.21005529145395715
0.0,-1.9172103975734562,0.3419197396477463,0.6894019729883462,-1.0519841011492084,-1.3243392222518229,-0.249039827038336,-0.11713351920520841,-1.6974442584275198,0.6623679986607045,-1.2222906747203706,1.4825552473304904,0.21005529145395715
0.0,1.6086851199549947,0.866365572091131,0.3277719388401882,0.7455721485231631,-0.7238858259553254,-0.8512889160299848,-0.7021607721910198,0.2554928877328478,-0.49382364363210457,-1.2222906747203706,0.8240779429531245,0.21005529145395715
0.0,-0.5610967369855903,0.4730311977585925,0.08668524940808357,-0.23491307857085766,0.7772476647859181,-0.31595639248185253,0.004747158500168979,-0.2761786129122107,0.517844043374103,0.9988458407562577,0.41252962771727125,1.125924122804416
0.0,-1.9172103975734562,0.3419197396477463,0.6894019729883462,-1.0519841011492084,-1.3243392222518229,-0.249039827038336,-0.11713351920520841,-1.6974442584275198,0.6623679986607045,-1.2222906747203706,1.4825552473304904,0.21005529145395715
0.0,-0.5610967369855903,0.866365572091131,-0.27494478474007433,0.17362243271831768,-0.12343242965882807,0.48704239284034584,0.7604073602735087,-0.18235423044543342,0.22879613280090308,0.09019908442491001,0.41252962771727125,0.21005529145395715
0.0,-0.15426263880923075,2.4397030694212836,-0.27494478474007433,-0.21448630300639895,-0.6238102599059097,-0.5167060888124021,0.6872789536502824,-0.9086244502808906,-0.49382364363210457,-0.21268316768553905,1.3179359212361481,0.21005529145395715
0.0,-0.42548537092680416,1.259699946423669,-0.1544014400240217,1.4707226810614495,1.0774743629341665,-0.9851220469170178,-0.5802800944856424,0.5578158979035961,0.08427217751430155,0.7969243393492924,0.3302199646701009,0.21005529145395715
0.0,-1.3747649333383105,2.046368695088745,-0.27494478474007433,-0.8477163455046207,-0.7238858259553254,-0.5836226542559186,-0.19026192582843485,-1.6800693727855254,0.9514159092339075,-0.1117224169820564,1.8941035625663436,0.21005529145395715
0.0,0.3881828254259149,1.6530343207562073,-0.27494478474007433,0.7251453729587044,-0.5237346938564934,-0.3828729579253691,-0.31214260353381224,0.10606887121170396,-0.8551335318486101,-0.6165261704994719,0.24791030162293054,0.21005529145395715
0.0,-0.42548537092680416,1.259699946423669,-0.1544014400240217,1.4707226810614495,1.0774743629341665,-0.9851220469170178,-0.5802800944856424,0.5578158979035961,0.08427217751430155,0.7969243393492924,0.3302199646701009,0.21005529145395715
0.0,-0.42548537092680416,-1.362529215793252,0.08668524940808357,-1.092837652278126,-1.5244903543506556,-0.7843723505864683,-1.5065732450465106,-1.054573489673651,0.8068919539473061,-0.9194084226099208,0.6594586168587838,-1.6216823712469601
0.0,2.0155192181313555,-0.5758604671281757,0.20722859412413622,-1.072410876713667,0.07671870244000388,-0.9851220469170178,-0.507151687862416,-0.39432783527778786,-1.3609673753517137,-0.1117224169820564,-0.3282573397072649,0.21005529145395715
0.0,-0.5610967369855903,-1.231417757682406,0.20722859412413622,1.4400825177147614,0.1767942684894202,0.6877920891708954,0.053499429582319936,1.2806111406106313,-0.9273955094919092,-0.5155654197959887,-1.2336636332261417,0.21005529145395715
0.0,-2.4596558618086033,0.866365572091131,-1.7214649213327047,-0.3574737319576104,-1.0241125241035742,0.35320926195331276,-0.31214260353381224,-0.9364242673080738,-0.06025177777229999,-0.8184476719064376,0.3302199646701009,0.21005529145395715
0.0,-0.018651272750444616,1.5219228626453611,-0.395488129456127,0.7251453729587044,-0.5237346938564934,0.35320926195331276,0.22413237836984828,-0.19972911608742777,-0.566085621275407,-1.1213299240168872,0.7417682799059542,0.21005529145395715
0.0,-0.42548537092680416,0.3419197396477463,-0.033858095307969065,-0.6843021409889506,-0.6238102599059097,0.2193761310662797,-1.067802805307152,-1.1240730322416284,-0.2047757330589015,1.0998065914597408,1.1533165951418074,0.21005529145395715
0.0,0.1169600933083427,0.3419197396477463,-0.033858095307969065,-0.11235242518410513,-0.2235079957082444,-1.252788308691084,-0.604656230026718,-0.29007852142582163,-1.0719194647785106,0.9988458407562577,0.4948392907644416,1.125924122804416
0.0,-0.28987400486801806,0.21080828153690087,-0.27494478474007433,1.3379486398924674,-0.924036958054158,-0.249039827038336,0.979792580143188,0.33194238455763075,-0.49382364363210457,-0.9194084226099208,0.4948392907644416,0.21005529145395715
0.0,-0.8323194691031637,1.259699946423669,-0.6365748188882316,-0.6434485898600331,-1.0241125241035742,-1.4535380050216336,-1.5553255161286617,-1.5341203333927649,-2.0835871517847213,2.1094140984945717,1.647174573424831,-1.6216823712469601
0.0,-1.2391535672795233,2.308591611310437,0.44831528355624084,-0.7864360188112444,-1.224263656202407,-1.52045457046515,-1.5553255161286617,-0.6341012571373641,0.22879613280090308,-0.010761666278573195,0.16560063857576018,0.21005529145395715
0.0,-1.2391535672795233,2.046368695088745,0.44831528355624084,-0.8068627943757032,-0.8239613920047416,-1.0520386123605343,-1.4578209739643597,-0.6931758683201141,0.4455820657308038,-0.010761666278573195,0.24791030162293054,1.125924122804416
0.0,-1.3747649333383105,0.9974770302019772,-1.3598348871845471,0.17362243271831768,-0.12343242965882807,0.888541785501445,0.22413237836984828,0.19989325367848126,-0.2047757330589015,0.09019908442491001,-0.6574959918959463,1.125924122804416
0.0,-1.3747649333383105,0.0796968234260547,-1.4803782319005994,0.1940492082827764,-0.2235079957082444,0.48704239284034584,0.1997562428287728,0.2033682308068647,-0.2770377107022039,-0.010761666278573195,-0.6574959918959463,1.125924122804416
0.0,-0.967930835161951,2.308591611310437,-0.516031474172179,-0.428967446433216,-1.0241125241035742,0.5539589582838623,-0.11713351920520841,-0.7765753194017025,0.517844043374103,-0.1117224169820564,0.5497124022062109,-1.6216823712469601
0.0,0.6594055575434884,0.21080828153690087,0.5688586282722935,-1.0519841011492084,-0.32358356175766073,-0.5836226542559186,-0.9215459920606991,-0.6445261885225531,-1.2887053977084146,1.4026888435701905,0.16560063857576018,1.125924122804416
0.0,-0.967930835161951,2.308591611310437,-0.516031474172179,-0.428967446433216,-1.0241125241035742,0.5539589582838623,-0.11713351920520841,-0.7765753194017025,0.517844043374103,-0.1117224169820564,0.5771489538116135,-1.6216823712469601
0.0,-0.5610967369855903,1.5219228626453611,-1.600921576616652,-0.37790050752206905,-0.42365912780707704,0.08554300017924665,-0.4340232812391896,-0.8078501135573078,-0.8551335318486101,-0.6165261704994719,0.4948392907644416,0.21005529145395715
0.0,0.9306282896610618,0.5385869268140155,0.6894019729883462,-1.011130550020291,0.4770209666376692,-0.31595639248185253,-1.0190505342250011,-0.783525273658508,0.22879613280090308,0.3930813365353596,0.7417682799059542,-1.6216823712469601
0.0,-0.28987400486801806,1.7841457788670534,-0.27494478474007433,-0.21448630300639895,-0.42365912780707704,-0.9851220469170178,-0.28776646799273675,-0.6236763257521366,1.2404638198071105,2.5132571013085045,1.647174573424831,0.21005529145395715
0.0,-0.5610967369855903,1.7841457788670534,-0.8776615083203368,-0.43918083421544535,-1.0241125241035742,-1.3197048741346005,-1.116555076389303,-1.3742713854863937,0.517844043374103,0.3930813365353596,2.058722888660684,0.21005529145395715
0.0,-0.967930835161951,-0.9691948414607139,0.5688586282722935,-0.7660092432467857,-0.12343242965882807,-0.7174557851429517,-0.9215459920606991,-0.8009001593005023,-0.06025177777229999,0.1911598351283932,0.24791030162293054,0.21005529145395715
0.0,-0.967930835161951,-0.9691948414607139,0.5688586282722935,-0.7660092432467857,-0.12343242965882807,-0.7174557851429517,-0.9215459920606991,-0.8009001593005023,-0.06025177777229999,0.1911598351283932,0.24791030162293054,0.21005529145395715
0.0,-1.645987665455884,-0.3136375509064838,0.20722859412413622,-0.8885698966335382,-0.12343242965882807,-1.386621439578117,-1.5553255161286617,-1.3985962253851936,-1.0719194647785106,-0.3136439183890222,0.8240779429531245,-1.6216823712469601
0.0,-1.5103762993970966,-0.18252609279563764,-0.033858095307969065,1.194961210941256,-0.12343242965882807,0.5539589582838623,-0.23901419691058579,0.4883163553356186,0.3010581104442022,0.4940420872388428,-0.16363801361292274,-1.6216823712469601
0.0,-0.28987400486801806,-0.706971925239022,0.8099453177043987,-0.827289569940162,-0.12343242965882807,-0.249039827038336,-0.8484175854374727,-0.564601714569348,0.22879613280090308,0.9988458407562577,0.24791030162293054,-1.6216823712469601
0.0,-0.8323194691031637,0.21080828153690087,1.0510320071365034,-0.2757666296997752,0.07671870244000388,1.022374916388478,1.2479300710950183,-0.22752893311464964,0.3010581104442022,1.604610344977157,0.16560063857576018,0.21005529145395715
0.0,-1.3747649333383105,0.3419197396477463,0.6894019729883462,0.8885595774743743,-0.42365912780707704,0.9554583509449616,-0.0196289770409065,-0.060730030951472835,-0.566085621275407,1.0998065914597408,0.4948392907644416,0.21005529145395715
0.0,-1.3747649333383105,1.0630327592573996,-2.0830949554808624,0.9089863530388335,-0.924036958054158,-0.5836226542559186,-0.4096471456981141,0.3840670414836524,0.4455820657308038,0.09019908442491001,-0.49287666580160566,0.21005529145395715
0.0,-1.1035422012207372,-0.3136375509064838,1.0510320071365034,-1.0315573255847497,-0.6238102599059097,0.48704239284034584,-0.4583994167802651,-1.2700220716344275,-1.0719194647785106,1.604610344977157,0.9338241576056975,0.21005529145395715
0.0,-1.1035422012207372,-0.3136375509064838,1.0510320071365034,-1.0315573255847497,-0.6238102599059097,0.48704239284034584,-0.4583994167802651,-1.2700220716344275,-1.0719194647785106,1.604610344977157,0.9475424375238808,0.21005529145395715
0.0,-0.28987400486801806,-0.05141463468479146,0.44831528355624084,-1.0519841011492084,-0.7238858259553254,0.5539589582838623,-0.26339033245166127,-1.0059238098760512,-1.2887053977084146,1.5036495942736736,0.6594586168587838,0.21005529145395715
0.0,-1.5103762993970966,-0.3136375509064838,-0.27494478474007433,-1.0315573255847497,-1.224263656202407,-0.6505392196994352,-0.9459221276017746,-1.4437709280543711,1.312725797450413,-0.5155654197959887,1.4825552473304904,-1.6216823712469601
0.0,-0.42548537092680416,-0.706971925239022,0.3277719388401882,-0.13277920074856384,0.07671870244000388,0.8216252200579285,1.4673152909646976,0.029619374386921023,0.3733200880875046,0.1911598351283932,-0.41056700275443525,0.21005529145395715
0.0,-0.018651272750444616,0.3419197396477463,-1.2392915424684945,-0.6025950387311155,-0.7238858259553254,0.35320926195331276,-0.3608948746159632,-1.2491722088640111,-0.7106095765620085,-0.1117224169820564,1.40024558428332,0.21005529145395715
0.0,-2.4596558618086033,-0.3136375509064838,0.20722859412413622,-1.072410876713667,-0.8239613920047416,0.9554583509449616,0.516646004862754,-2.1179164909638453,0.9514159092339075,-1.6261336775343027,2.058722888660684,-1.6216823712469601
0.0,-1.2391535672795233,-1.10030629957156,-0.516031474172179,-1.092837652278126,-0.5237346938564934,-0.7174557851429517,-1.1896834830125294,-1.0059238098760512,0.7346299763040068,0.6959635886458092,0.0421361440050039,-1.6216823712469601
0.0,-1.3747649333383105,-0.05141463468479146,-0.395488129456127,-1.092837652278126,-0.023356863609411745,0.01862643473573012,-0.8727937209785482,-1.1796726662960335,1.2404638198071105,-0.010761666278573195,0.6594586168587838,-1.6216823712469601
0.0,-1.5103762993970966,1.6530343207562073,-0.8776615083203368,-0.29619340526423393,-0.924036958054158,0.9554583509449616,-0.5802800944856424,-1.4507208823111766,0.517844043374103,0.9988458407562577,2.058722888660684,-1.6216823712469601
0.0,-0.967930835161951,1.5219228626453611,1.7742920754328186,-1.011130550020291,0.8773232308353338,1.6246240053801269,1.7842050529986788,-0.25880372727021633,0.3733200880875046,0.1911598351283932,-0.8221153179902886,1.125924122804416
0.0,-0.6967081030443776,1.259699946423669,-0.516031474172179,-0.7864360188112444,-0.7238858259553254,-1.118955177804051,-1.5553255161286617,-1.791268640894297,-0.6383475989187061,-0.1117224169820564,1.8117938995191731,-1.6216823712469601
0.0,-1.1035422012207372,0.3419197396477463,1.0510320071365034,0.9089863530388335,0.5770965326870855,1.3569577436060607,0.2972607849930747,-0.04683012243786191,-0.7106095765620085,1.0998065914597408,0.30278341306469975,-1.6216823712469601
0.0,-1.1035422012207372,0.3419197396477463,1.0510320071365034,0.9089863530388335,0.5770965326870855,1.3569577436060607,0.2972607849930747,-0.04683012243786191,-0.7106095765620085,1.0998065914597408,0.30278341306469975,-1.6216823712469601
0.0,-1.1035422012207372,0.3419197396477463,1.0510320071365034,0.9089863530388335,0.5770965326870855,1.3569577436060607,0.2972607849930747,-0.04683012243786191,-0.7106095765620085,1.0998065914597408,0.30278341306469975,-1.6216823712469601
0.0,-1.1035422012207372,0.3419197396477463,1.0510320071365034,0.9089863530388335,0.5770965326870855,1.3569577436060607,0.2972607849930747,-0.04683012243786191,-0.7106095765620085,1.0998065914597408,0.3302199646701009,-1.6216823712469601
0.0,0.3881828254259149,2.1774801531995913,-0.8776615083203368,-0.7251556921178681,-0.6238102599059097,0.5539589582838623,-0.11713351920520841,-1.4194460881555713,0.15653415515760072,-0.1117224169820564,2.305651877802197,0.21005529145395715
0.0,-0.28987400486801806,-0.18252609279563764,-0.8776615083203368,-1.0315573255847497,-0.2235079957082444,-0.4497895233688856,-1.2628118896357559,-1.388171293999966,-2.300373084714622,-0.010761666278573195,0.4948392907644416,0.21005529145395715
0.0,-0.28987400486801806,0.866365572091131,1.0510320071365034,-0.8885698966335382,-1.5244903543506556,-1.386621439578117,-1.4090687028822086,-1.1136481008564396,0.5901060210174053,1.5036495942736736,1.4825552473304904,0.21005529145395715
0.0,1.6086851199549947,-0.4447490090173296,1.0510320071365034,-1.072410876713667,0.5770965326870855,0.01862643473573012,0.32163692053415016,-0.7487755023745193,-0.7106095765620085,-0.1117224169820564,0.4948392907644416,1.125924122804416
0.0,0.6594055575434884,-1.231417757682406,0.44831528355624084,0.37789018836290517,-1.4244147883012392,0.6208755237273789,-0.6290323655677934,-0.38737788102098236,-0.34929968834550307,-0.717486921202955,1.4825552473304904,0.21005529145395715
0.0,-1.1035422012207372,-1.231417757682406,0.08668524940808357,-0.07149887405518755,-0.6238102599059097,-0.31595639248185253,-0.6290323655677934,-0.07462993946508376,0.9514159092339075,0.9988458407562577,-0.38313045114903416,-1.6216823712469601
0.0,-0.967930835161951,-1.362529215793252,0.20722859412413622,-0.051072098490728864,-0.8239613920047416,-0.249039827038336,-0.555903958944567,-0.06420500807985628,0.9514159092339075,0.9988458407562577,-0.38313045114903416,-1.6216823712469601
0.0,0.6594055575434884,-1.231417757682406,0.44831528355624084,0.37789018836290517,-1.4244147883012392,0.6208755237273789,-0.6290323655677934,-0.38737788102098236,-0.34929968834550307,-0.717486921202955,1.4825552473304904,0.21005529145395715
0.0,-0.5610967369855903,0.6041426558694387,2.4975521437291346,0.500450841749658,1.4777766271318318,0.08554300017924665,2.052342543950509,0.8983636564867166,-0.13251375541560237,-0.41460466909250543,-1.2336636332261417,1.125924122804416
0.0,-0.967930835161951,-1.362529215793252,0.20722859412413622,-0.051072098490728864,-0.8239613920047416,-0.249039827038336,-0.555903958944567,-0.06420500807985628,0.9514159092339075,0.9988458407562577,-0.36941217123084935,-1.6216823712469601
0.0,-1.1035422012207372,-1.231417757682406,0.08668524940808357,-0.07149887405518755,-0.6238102599059097,-0.31595639248185253,-0.6290323655677934,-0.07462993946508376,0.9514159092339075,0.9988458407562577,-0.36941217123084935,-1.6216823712469601
0.0,-1.2391535672795233,2.308591611310437,0.08668524940808357,-1.0519841011492084,0.6771720987365019,-1.52045457046515,-0.48277555232134056,-0.8669247247400964,1.9630835962401183,-0.41460466909250543,0.7417682799059542,1.125924122804416
0.0,-0.28987400486801806,0.27636401059232324,2.015378764864924,1.031547006425586,-0.7238858259553254,1.4907908744930938,0.004747158500168979,1.2111115980426537,-0.7828715542053076,0.595002837942326,-1.3982829593204826,0.21005529145395715
0.0,-2.595267227867389,0.9319213011465541,-2.2036383001969146,-1.0315573255847497,-0.6238102599059097,2.293789659815292,0.7604073602735087,-0.5958765087249533,2.0353455738834207,-0.21268316768553905,-0.1087649021711535,1.125924122804416
0.0,-2.595267227867389,0.9319213011465541,-2.2036383001969146,-1.0315573255847497,-0.6238102599059097,2.293789659815292,0.7604073602735087,-0.5958765087249533,2.0353455738834207,-0.21268316768553905,-0.1087649021711535,1.125924122804416
0.0,-1.1035422012207372,0.21080828153690087,2.377008799013082,-0.030645322926269987,-1.4244147883012392,0.15245956562276317,-0.7996653143553217,-0.773100342273319,0.6623679986607045,0.2921205858318764,0.9886972690474667,-1.6216823712469601
0.0,-1.3747649333383105,1.1285884883128225,-0.395488129456127,-0.6434485898600331,-0.8239613920047416,0.4201258273968293,0.34601305607522564,-0.915574404537696,1.1682018421638114,0.9988458407562577,0.8515144945585257,-1.6216823712469601
0.0,-1.5103762993970966,-0.706971925239022,0.5688586282722935,-0.37790050752206905,-0.2235079957082444,1.5577074399366102,0.07787556512339541,-0.17887925331704996,0.7346299763040068,1.4026888435701905,0.000981312481417987,0.21005529145395715
0.0,-0.42548537092680416,-0.18252609279563764,-0.033858095307969065,0.7251453729587044,0.2768698345388365,0.4201258273968293,-0.2146380613695103,0.8775137937163388,-0.06025177777229999,0.3930813365353596,-0.8221153179902886,0.21005529145395715
0.0,-1.1035422012207372,0.21080828153690087,2.377008799013082,-0.030645322926269987,-1.4244147883012392,0.15245956562276317,-0.7996653143553217,-0.773100342273319,0.6623679986607045,0.2921205858318764,0.9886972690474667,-1.6216823712469601
0.0,-0.28987400486801806,0.27636401059232324,2.015378764864924,1.031547006425586,-0.7238858259553254,1.4907908744930938,0.004747158500168979,1.2111115980426537,-0.7828715542053076,0.595002837942326,-1.3982829593204826,0.21005529145395715
0.0,-1.645987665455884,0.0796968234260547,0.5688586282722935,-1.1132644278425847,-1.724641486449488,-1.5873711359086666,-2.140352769114473,-1.8711931148474634,0.7346299763040068,-1.5251729268308196,2.058722888660684,0.21005529145395715
0.0,-0.018651272750444616,0.7352541139802848,0.08668524940808357,-1.1541179789715021,-1.5244903543506556,-1.3197048741346005,-1.7259584649161899,-1.3673214312295883,-0.566085621275407,-1.727094428237786,0.9886972690474667,0.21005529145395715
0.0,-0.42548537092680416,0.866365572091131,-0.033858095307969065,-1.092837652278126,-0.12343242965882807,0.2862926965097962,-0.4096471456981141,-1.3186717514319886,-0.9273955094919092,-1.1213299240168872,1.3179359212361481,0.21005529145395715
0.0,-1.1035422012207372,-0.3136375509064838,0.20722859412413622,-1.092837652278126,-0.6238102599059097,1.1562080472755112,1.1504255289307164,-0.9954988784908624,1.8185596409535167,-0.41460466909250543,0.7006134483823683,0.21005529145395715
0.0,0.5237941914847023,-0.05141463468479146,-0.033858095307969065,0.8272792507809983,1.9781544573789127,-0.7843723505864683,-0.555903958944567,0.9609132447979272,0.3010581104442022,0.09019908442491001,-0.08132835056575237,1.125924122804416
0.0,-0.15426263880923075,-1.362529215793252,-0.033858095307969065,1.2562415376346323,-0.7238858259553254,-1.118955177804051,0.46789373378060306,0.981763107568305,-2.228111107071323,-1.2222906747203706,-1.3159732962733122,0.21005529145395715
0.0,-0.15426263880923075,-1.362529215793252,-0.033858095307969065,1.2562415376346323,-0.7238858259553254,-1.118955177804051,0.46789373378060306,0.981763107568305,-2.228111107071323,-1.2222906747203706,-1.3159732962733122,0.21005529145395715
0.0,-0.15426263880923075,-1.362529215793252,-0.033858095307969065,1.2562415376346323,-0.7238858259553254,-1.118955177804051,0.46789373378060306,0.981763107568305,-2.228111107071323,-1.2222906747203706,-1.3159732962733122,0.21005529145395715
0.0,-0.15426263880923075,-1.362529215793252,-0.033858095307969065,1.2562415376346323,-0.7238858259553254,-1.118955177804051,0.46789373378060306,0.981763107568305,-2.228111107071323,-1.2222906747203706,-1.3159732962733122,0.21005529145395715
0.0,0.1169600933083427,-0.9691948414607139,-0.1544014400240217,2.635048888235599,0.07671870244000388,0.2193761310662797,0.7360312247324333,1.9825565205472886,-1.8668012188548175,0.3930813365353596,-1.2336636332261417,-1.6216823712469601
0.0,-1.1035422012207372,1.259699946423669,-0.033858095307969065,-1.072410876713667,1.0774743629341665,-0.5836226542559186,0.8822880379788861,0.10606887121170396,1.384987775093712,0.595002837942326,-1.4805926223676529,1.125924122804416
0.0,-0.15426263880923075,-1.362529215793252,-0.033858095307969065,1.2562415376346323,-0.7238858259553254,-1.118955177804051,0.46789373378060306,0.981763107568305,-2.228111107071323,-1.2222906747203706,-1.3159732962733122,0.21005529145395715
0.0,0.1169600933083427,-0.9691948414607139,-0.1544014400240217,2.635048888235599,0.07671870244000388,0.2193761310662797,0.7360312247324333,1.9825565205472886,-1.8668012188548175,0.3930813365353596,-1.2336636332261417,-1.6216823712469601
0.0,-0.15426263880923075,1.1285884883128225,-0.033858095307969065,0.5413043928785755,-1.0241125241035742,-0.3828729579253691,-0.5802800944856424,-0.6792759598065418,-0.4215616659888054,1.70557109568064,1.8941035625663436,-1.6216823712469601
0.0,-0.15426263880923075,1.1285884883128225,-0.033858095307969065,0.5413043928785755,-1.0241125241035742,-0.3828729579253691,-0.5802800944856424,-0.6792759598065418,-0.4215616659888054,1.70557109568064,1.8941035625663436,-1.6216823712469601
0.0,-0.018651272750444616,0.4730311977585925,0.08668524940808357,1.3175218643280087,-0.12343242965882807,1.6915405708236433,0.7604073602735087,0.9574382676695051,-0.6383475989187061,0.7969243393492924,-0.6574959918959463,1.125924122804416
0.0,-0.018651272750444616,0.4730311977585925,0.08668524940808357,1.3175218643280087,-0.12343242965882807,1.6915405708236433,0.7604073602735087,0.9574382676695051,-0.6383475989187061,0.7969243393492924,-0.6574959918959463,1.125924122804416
0.0,-1.2391535672795233,-1.8869750482366363,-0.516031474172179,-1.011130550020291,-0.5237346938564934,0.08554300017924665,-1.3115641607179067,-1.0754233524440673,1.0236778868772098,-0.6165261704994719,0.24791030162293054,-1.6216823712469601
0.0,-0.6967081030443776,1.259699946423669,2.1359221095809766,0.3983169639273642,1.0774743629341665,1.0892914818319945,1.589195968670075,0.5786657606740124,0.08427217751430155,0.2921205858318764,-0.8221153179902886,0.21005529145395715
0.0,-1.5103762993970966,0.0796968234260547,-1.9625516107648096,0.5413043928785755,1.0774743629341665,-0.18212326159481948,-0.6290323655677934,0.31456749891563635,1.2404638198071105,-1.1213299240168872,-0.16363801361292274,0.21005529145395715
0.0,-0.967930835161951,-0.5758604671281757,0.9304886624204514,-0.9192100599802263,-1.1241880901529906,-0.6505392196994352,-0.6290323655677934,-1.4507208823111766,-1.144181442421813,-1.8280551789412691,0.9886972690474667,-1.6216823712469601
0.0,-1.645987665455884,-0.772527654294445,-1.9625516107648096,1.2664549254168618,0.8773232308353338,-0.249039827038336,-0.5315278234034915,0.6273154404715736,1.5295117303803136,-1.0203691733134042,0.16560063857576018,0.21005529145395715
0.0,0.5237941914847023,0.866365572091131,-0.516031474172179,-1.011130550020291,-0.8239613920047416,-0.5836226542559186,-0.6777846366499444,-0.4777272863593762,0.6623679986607045,0.8978850900527745,0.000981312481417987,0.21005529145395715
0.0,-1.2391535672795233,-0.706971925239022,-0.1544014400240217,-0.9294234477624558,-0.924036958054158,0.6877920891708954,0.12662783620554635,-1.388171293999966,1.1682018421638114,0.1911598351283932,1.7294842364720013,0.21005529145395715
0.0,-1.9172103975734562,0.866365572091131,-0.1544014400240217,-0.4800343853443629,-1.224263656202407,-0.5167060888124021,-0.7021607721910198,-1.2248473689652113,0.8068919539473061,-0.5155654197959887,1.3179359212361481,-1.6216823712469601
0.0,-1.9172103975734562,-0.772527654294445,-1.9625516107648096,1.2664549254168618,0.8773232308353338,-0.249039827038336,-0.5315278234034915,0.6273154404715736,1.5295117303803136,-1.0203691733134042,0.16560063857576018,0.21005529145395715
0.0,-1.5103762993970966,0.0796968234260547,-1.9625516107648096,0.5413043928785755,1.0774743629341665,-0.18212326159481948,-0.6290323655677934,0.31456749891563635,1.2404638198071105,-1.1213299240168872,-0.16363801361292274,0.21005529145395715
0.0,-0.5610967369855903,0.21080828153690087,-0.516031474172179,-0.6843021409889506,-0.2235079957082444,-1.0520386123605343,-0.9459221276017746,-0.5819766002113425,0.4455820657308038,-0.1117224169820564,0.41252962771727125,0.21005529145395715
0.0,-0.967930835161951,-0.5758604671281757,0.9304886624204514,-0.9192100599802263,-1.1241880901529906,-0.6505392196994352,-0.6290323655677934,-1.4507208823111766,-1.144181442421813,-1.8280551789412691,0.9886972690474667,-1.6216823712469601
0.0,-0.15426263880923075,-1.4936406739040982,-0.033858095307969065,0.3166098616695291,-0.8239613920047416,-1.1858717432475674,-1.3603164318000578,0.4466166297948244,0.7346299763040068,-1.727094428237786,-0.49287666580160566,0.21005529145395715
0.0,-1.7815990315146701,0.6696983849248618,0.6894019729883462,-0.7660092432467857,-0.924036958054158,-1.654287701352183,-1.6528300582929634,-1.0198237183896623,-0.49382364363210457,1.0998065914597408,0.16560063857576018,0.21005529145395715
0.0,-2.1884331296910298,-0.3136375509064838,-2.0830949554808624,0.1531956571538588,0.07671870244000388,-0.18212326159481948,-0.06838124812305746,-0.019030305410678638,0.3733200880875046,-0.010761666278573195,-0.575186328848776,0.21005529145395715
0.0,-0.15426263880923075,-1.4936406739040982,-0.033858095307969065,0.3166098616695291,-0.8239613920047416,-1.1858717432475674,-1.3603164318000578,0.4466166297948244,0.7346299763040068,-1.727094428237786,-0.49287666580160566,0.21005529145395715
0.0,-0.28987400486801806,0.0796968234260547,-0.033858095307969065,-1.0315573255847497,0.1767942684894202,-1.118955177804051,-1.067802805307152,-1.1796726662960335,-0.566085621275407,0.7969243393492924,1.359090752759734,1.125924122804416
0.0,-0.967930835161951,0.7352541139802848,0.08668524940808357,0.8885595774743743,-0.6238102599059097,-0.5167060888124021,-0.9459221276017746,0.4778914239504297,1.0959398645205092,0.3930813365353596,-0.3282573397072649,0.21005529145395715
0.0,-1.1035422012207372,-0.18252609279563764,-0.516031474172179,0.2757563105406115,1.0774743629341665,0.15245956562276317,-0.11713351920520841,0.36669215584165804,-0.9273955094919092,0.1911598351283932,-0.9867346440846293,0.21005529145395715
0.0,-0.5610967369855903,2.046368695088745,1.6537487307167666,0.4187437394918229,0.7772476647859181,1.5577074399366102,1.0529209867664144,0.38754201861203585,-0.06025177777229999,-0.21268316768553905,-0.7398056549431182,0.21005529145395715
0.0,-0.967930835161951,0.7352541139802848,0.08668524940808357,0.8885595774743743,-0.6238102599059097,-0.5167060888124021,-0.9459221276017746,0.4778914239504297,1.0959398645205092,0.3930813365353596,-0.3282573397072649,0.21005529145395715
0.0,0.1169600933083427,0.6041426558694387,0.08668524940808357,1.2970950887635497,-0.42365912780707704,-0.11520669615130294,-0.507151687862416,0.5439159893899852,-1.0719194647785106,1.70557109568064,-0.16363801361292274,0.21005529145395715
0.0,-0.6967081030443776,2.8330374437538213,1.894835420148871,-0.9294234477624558,-0.7238858259553254,0.01862643473573012,-0.9946743986839256,-0.912099427409274,2.179869529170022,2.6142178520119876,1.3179359212361481,0.21005529145395715
0.0,-1.1035422012207372,-0.18252609279563764,-0.516031474172179,0.2757563105406115,1.0774743629341665,0.15245956562276317,-0.11713351920520841,0.36669215584165804,-0.9273955094919092,0.1911598351283932,-0.9867346440846293,0.21005529145395715
0.0,0.5237941914847023,-0.706971925239022,-0.1544014400240217,0.847706026345457,-0.7238858259553254,0.08554300017924665,-0.3608948746159632,0.3284674074292473,-0.49382364363210457,-0.8184476719064376,0.000981312481417987,0.21005529145395715
0.0,-0.018651272750444616,0.7352541139802848,1.2921186965686087,-0.9702769988913732,0.7772476647859181,-2.055787094013282,-1.7503346004572653,-0.1302295735194503,0.5901060210174053,-0.1117224169820564,0.08329097552858834,1.125924122804416
0.0,-2.0528217636322434,0.6041426558694387,0.6894019729883462,0.847706026345457,-1.1241880901529906,1.2231246127190276,0.07787556512339541,-0.21710400172942215,1.0959398645205092,-0.21268316768553905,0.9063876060002949,0.21005529145395715
0.0,-2.0528217636322434,0.6041426558694387,0.6894019729883462,0.847706026345457,-1.1241880901529906,1.2231246127190276,0.07787556512339541,-0.21710400172942215,1.0959398645205092,-0.21268316768553905,0.9063876060002949,0.21005529145395715
0.0,-2.1884331296910298,-1.034750570516137,-1.2392915424684945,-1.092837652278126,-1.224263656202407,0.8216252200579285,-0.3365187390748877,-0.5750266459545755,2.6134413950298234,-0.41460466909250543,-0.36941217123084935,0.21005529145395715
0.0,-1.7815990315146701,-1.362529215793252,-0.1544014400240217,-1.0519841011492084,-1.624565920400072,-0.249039827038336,-1.677206193834039,-1.4020712025135769,1.0236778868772098,-0.41460466909250543,0.8515144945585257,0.21005529145395715
0.0,-1.1035422012207372,-1.231417757682406,0.44831528355624084,-0.9498502233269145,-0.023356863609411745,-1.386621439578117,-1.8478391426215672,-0.8321749534561076,0.22879613280090308,0.595002837942326,0.16560063857576018,0.21005529145395715
0.0,-1.1035422012207372,-1.362529215793252,0.44831528355624084,-0.9702769988913732,-0.023356863609411745,-1.4535380050216336,-1.8478391426215672,-0.8356499305844911,0.22879613280090308,0.595002837942326,0.16560063857576018,0.21005529145395715
0.0,-0.967930835161951,-0.3136375509064838,-0.033858095307969065,0.5413043928785755,-1.1241880901529906,0.4201258273968293,-0.06838124812305746,-0.5194270119001705,0.4455820657308038,-2.2318981817552013,1.40024558428332,-1.6216823712469601
0.0,-1.7815990315146701,0.4730311977585925,-0.8776615083203368,-0.9089966721979972,-1.3243392222518229,-0.11520669615130294,-0.4583994167802651,-1.4298710195407602,1.2404638198071105,1.8065318463841233,1.5648649103776606,0.21005529145395715
0.0,-1.7815990315146701,-1.362529215793252,-0.1544014400240217,-1.0519841011492084,-1.624565920400072,-0.249039827038336,-1.677206193834039,-1.4020712025135769,1.0236778868772098,-0.41460466909250543,0.8652327744767104,0.21005529145395715
0.0,-1.1035422012207372,0.7352541139802848,1.6537487307167666,-0.9907037744558321,0.7772476647859181,1.4238743090495773,1.2723062066360937,-0.2622787043986384,0.3733200880875046,0.09019908442491001,-0.8221153179902886,1.125924122804416
0.0,-0.967930835161951,0.0796968234260547,-0.1544014400240217,-0.5004611609088216,-0.8239613920047416,0.48704239284034584,0.004747158500168979,-0.5750266459545755,0.3733200880875046,-0.21268316768553905,0.24791030162293054,0.21005529145395715
0.0,-1.1035422012207372,0.0796968234260547,-0.033858095307969065,-0.561741487602198,-0.7238858259553254,0.08554300017924665,-0.09275738366413293,-0.5854515773397645,0.3010581104442022,-0.21268316768553905,0.16560063857576018,0.21005529145395715
0.0,-1.1035422012207372,-1.624752132014944,0.5688586282722935,-1.0519841011492084,-1.0241125241035742,1.892290267154193,0.27288464945199925,-0.6897008911917307,0.9514159092339075,-0.41460466909250543,0.4948392907644416,1.125924122804416
0.0,-0.6967081030443776,-0.4447490090173296,2.1359221095809766,0.8272792507809983,0.07671870244000388,1.75845713626716,-0.11713351920520841,0.5508659436467906,-2.3726350623579244,-0.21268316768553905,-1.2336636332261417,0.21005529145395715
0.0,-1.645987665455884,-0.05141463468479146,2.1359221095809766,1.031547006425586,-1.3243392222518229,-0.6505392196994352,-1.067802805307152,0.15471855100930362,0.3010581104442022,0.09019908442491001,-0.08132835056575237,0.21005529145395715
0.0,-0.967930835161951,0.9974770302019772,-0.9982048530363895,2.4512079081554705,0.7772476647859181,-0.11520669615130294,1.1504255289307164,1.9443317721349165,-0.49382364363210457,1.3017280928667072,-1.0690443071317997,1.125924122804416
0.0,-0.8323194691031637,1.1285884883128225,-0.8776615083203368,2.4614212959376993,0.8773232308353338,-0.4497895233688856,1.1016732578485655,1.9547567035201052,-0.4215616659888054,1.4026888435701905,-1.0690443071317997,0.21005529145395715
0.0,-1.1035422012207372,-1.624752132014944,0.5688586282722935,-1.0519841011492084,-1.0241125241035742,1.892290267154193,0.27288464945199925,-0.6897008911917307,0.9514159092339075,-0.41460466909250543,0.4948392907644416,1.125924122804416
0.0,-2.324044495749817,-0.18252609279563764,0.44831528355624084,-1.0315573255847497,-0.7238858259553254,0.35320926195331276,-1.433444838423284,-1.6453196015015366,0.3010581104442022,1.604610344977157,1.2356262581889779,-1.6216823712469601
0.0,-0.5610967369855903,-0.9691948414607139,0.3277719388401882,0.7864256996520805,0.07671870244000388,0.35320926195331276,-0.7509130432731708,0.8636138852027279,-0.2047757330589015,0.1911598351283932,-0.7398056549431182,0.21005529145395715
0.0,-1.1035422012207372,1.5219228626453611,-0.7571181636042842,-0.5821682631666567,-0.7238858259553254,0.2193761310662797,-0.6290323655677934,-1.7773687323806862,-0.06025177777229999,-0.1117224169820564,2.4702712038965378,-1.6216823712469601
0.0,-1.1035422012207372,1.5219228626453611,-0.7571181636042842,-0.5821682631666567,-0.7238858259553254,0.2193761310662797,-0.6290323655677934,-1.7773687323806862,-0.06025177777229999,-0.1117224169820564,2.4702712038965378,-1.6216823712469601
0.0,-0.42548537092680416,-0.8380833833498678,0.3277719388401882,-0.5004611609088216,-0.2235079957082444,-0.5167060888124021,0.07787556512339541,-0.9781239928488681,-1.5054913306383153,0.4940420872388428,0.9886972690474667,0.21005529145395715
0.0,-0.28987400486801806,-1.231417757682406,-0.7571181636042842,0.21447598384723526,0.9773987968847501,0.6877920891708954,-0.2146380613695103,0.015719465873310096,-0.2047757330589015,-1.1213299240168872,-0.49287666580160566,0.21005529145395715
0.0,-0.28987400486801806,-1.231417757682406,-0.7571181636042842,0.21447598384723526,0.9773987968847501,0.6877920891708954,-0.2146380613695103,0.015719465873310096,-0.2047757330589015,-1.1213299240168872,-0.49287666580160566,0.21005529145395715
0.0,-0.8323194691031637,-1.4936406739040982,-0.6365748188882316,0.9498399041677508,-0.7238858259553254,0.754708654614412,-0.507151687862416,0.7593645713507616,-0.49382364363210457,-1.0203691733134042,-1.2336636332261417,0.21005529145395715
0.0,-1.2391535672795233,2.8330374437538213,-0.27494478474007433,-0.9907037744558321,-0.5237346938564934,-1.0520386123605343,-1.433444838423284,-1.134497963626856,2.0353455738834207,-0.6165261704994719,1.0710069320946372,-1.6216823712469601
0.0,-2.0528217636322434,1.7841457788670534,-0.8776615083203368,-0.5004611609088216,-1.1241880901529906,0.6877920891708954,-0.16588579028735936,-1.0823733067008343,0.8791539315906084,0.9988458407562577,0.9475424375238808,-1.6216823712469601
0.0,-1.2391535672795233,-0.05141463468479146,-0.395488129456127,-0.19405952744194008,0.3769454005882529,-0.048290130707786406,-0.507151687862416,-0.5541767831841592,0.3733200880875046,-0.717486921202955,0.6594586168587838,0.21005529145395715
0.0,-2.1884331296910298,0.4730311977585925,0.20722859412413622,-0.9907037744558321,-0.42365912780707704,-1.118955177804051,-0.9946743986839256,-1.5341203333927649,2.685703372673126,-0.010761666278573195,1.9764132256135138,-1.6216823712469601
0.0,-0.5610967369855903,0.7352541139802848,-0.8776615083203368,-0.2757666296997752,1.277625495032999,-0.4497895233688856,0.029123294041244457,-0.7383505709893303,0.5901060210174053,0.1911598351283932,1.4825552473304904,-1.6216823712469601
0.0,-0.28987400486801806,-0.9691948414607139,-0.8776615083203368,-1.0519841011492084,0.9773987968847501,-0.048290130707786406,1.0772971223074899,-0.1093797107490725,0.8068919539473061,-0.6165261704994719,-0.9867346440846293,-1.6216823712469601
0.0,-0.018651272750444616,0.0796968234260547,-0.27494478474007433,1.358375415456926,0.4770209666376692,2.293789659815292,0.565398275944905,1.1172872155758764,-0.2047757330589015,0.1911598351283932,-0.8221153179902886,0.21005529145395715
0.0,-0.018651272750444616,0.0796968234260547,-0.27494478474007433,1.358375415456926,0.4770209666376692,2.293789659815292,0.565398275944905,1.1172872155758764,-0.2047757330589015,0.1911598351283932,-0.8221153179902886,0.21005529145395715
0.0,-0.018651272750444616,0.0796968234260547,-0.27494478474007433,1.358375415456926,0.4770209666376692,2.293789659815292,0.565398275944905,1.1172872155758764,-0.2047757330589015,0.1911598351283932,-0.8221153179902886,0.21005529145395715
0.0,-0.018651272750444616,0.0796968234260547,-0.27494478474007433,1.358375415456926,0.4770209666376692,2.293789659815292,0.565398275944905,1.1172872155758764,-0.2047757330589015,0.1911598351283932,-0.8221153179902886,0.21005529145395715
0.0,-0.5610967369855903,0.21080828153690087,1.533205386000714,0.45959729062074034,1.4777766271318318,0.8216252200579285,2.10109481503266,0.9400633820275107,-0.2047757330589015,0.2921205858318764,-1.2336636332261417,1.125924122804416
0.0,-2.1884331296910298,-0.706971925239022,-0.1544014400240217,-0.9498502233269145,0.5770965326870855,-1.1858717432475674,-1.8478391426215672,-1.4958955849803541,0.3733200880875046,-1.1213299240168872,1.1533165951418074,-1.6216823712469601
0.0,0.3881828254259149,-0.3136375509064838,0.20722859412413622,-1.0519841011492084,0.2768698345388365,-1.9219539631262492,-0.11713351920520841,-0.8738746789969019,-0.2047757330589015,-0.21268316768553905,0.4948392907644416,-0.7058135398965015
0.0,-1.2391535672795233,0.0796968234260547,-0.033858095307969065,-0.8885698966335382,-0.8239613920047416,-0.249039827038336,-0.8484175854374727,-1.4993705621087763,-0.2047757330589015,0.7969243393492924,1.40024558428332,0.21005529145395715
0.0,-1.3747649333383105,0.6696983849248618,-1.600921576616652,2.6656890515822873,-1.1241880901529906,-0.4497895233688856,-0.7509130432731708,1.113812238447493,-1.5777533082816144,-0.8184476719064376,-0.04017351904216646,0.21005529145395715
0.0,-0.15426263880923075,0.4730311977585925,2.1359221095809766,1.1745344353767972,0.2768698345388365,0.2193761310662797,-0.23901419691058579,1.238911415069837,-1.0719194647785106,0.4940420872388428,-1.3982829593204826,0.21005529145395715
0.0,-0.15426263880923075,0.4730311977585925,2.1359221095809766,1.1745344353767972,0.2768698345388365,0.2193761310662797,-0.23901419691058579,1.238911415069837,-1.0719194647785106,0.4940420872388428,-1.3982829593204826,0.21005529145395715
0.0,-0.5610967369855903,0.6041426558694387,-0.1544014400240217,1.3379486398924674,0.2768698345388365,1.3569577436060607,0.5897744114859804,0.5647658521604015,-1.2164434200651122,1.0998065914597408,-0.3282573397072649,1.125924122804416
0.0,0.1169600933083427,-0.18252609279563764,-0.395488129456127,-0.8068627943757032,-0.42365912780707704,-0.4497895233688856,-1.4821971095054352,-1.0267736726464678,-1.2887053977084146,-1.2222906747203706,0.9063876060002949,-1.6216823712469601
0.0,-0.5610967369855903,0.6041426558694387,-0.1544014400240217,1.3379486398924674,0.2768698345388365,1.3569577436060607,0.5897744114859804,0.5647658521604015,-1.2164434200651122,1.0998065914597408,-0.3282573397072649,1.125924122804416
0.0,-0.8323194691031637,0.4730311977585925,1.171575351852556,-0.8477163455046207,-0.6238102599059097,-0.4497895233688856,-0.2146380613695103,-1.2978218886616106,-0.4215616659888054,-1.0203691733134042,0.8240779429531245,0.21005529145395715
0.0,-0.15426263880923075,0.4730311977585925,2.1359221095809766,1.1745344353767972,0.2768698345388365,0.2193761310662797,-0.23901419691058579,1.238911415069837,-1.0719194647785106,0.4940420872388428,-1.3982829593204826,0.21005529145395715
0.0,-0.5610967369855903,-2.083642235402906,-0.395488129456127,-1.072410876713667,-0.7238858259553254,0.6208755237273789,0.07787556512339541,-0.8391249077129131,-0.13251375541560237,0.6959635886458092,0.08329097552858834,-1.6216823712469601
0.0,-0.5610967369855903,-2.083642235402906,-0.395488129456127,-1.072410876713667,-0.7238858259553254,0.6208755237273789,0.07787556512339541,-0.8391249077129131,-0.13251375541560237,0.6959635886458092,0.08329097552858834,-1.6216823712469601
0.0,-1.5103762993970966,0.866365572091131,-0.033858095307969065,-1.011130550020291,0.07671870244000388,-0.4497895233688856,-1.067802805307152,-1.4368209737975657,0.8791539315906084,0.1911598351283932,1.40024558428332,0.21005529145395715
0.0,-1.2391535672795233,0.7352541139802848,-1.600921576616652,1.6647770489238078,-0.023356863609411745,0.15245956562276317,-0.5315278234034915,1.044312695879477,-0.2047757330589015,-0.5155654197959887,-0.2459476766600931,1.125924122804416
0.0,-0.8323194691031637,-0.05141463468479146,-1.4803782319005994,0.3370366372339878,0.4770209666376692,0.01862643473573012,-0.6290323655677934,0.2137931621920536,-0.566085621275407,-0.6165261704994719,-0.16363801361292274,0.21005529145395715
0.0,-1.1035422012207372,-0.8380833833498678,0.08668524940808357,-1.072410876713667,-0.32358356175766073,0.6877920891708954,-0.26339033245166127,-1.1553478263972337,0.8791539315906084,-0.3136439183890222,0.8240779429531245,-1.6216823712469601
0.0,-0.5610967369855903,-2.083642235402906,-0.395488129456127,-1.072410876713667,-0.7238858259553254,0.6208755237273789,0.07787556512339541,-0.8391249077129131,-0.13251375541560237,0.6959635886458092,0.08329097552858834,-1.6216823712469601
0.0,-1.3747649333383105,0.21080828153690087,0.20722859412413622,-0.8477163455046207,-0.5237346938564934,-0.7174557851429517,-0.28776646799273675,-1.3812213397431992,1.2404638198071105,-1.5251729268308196,1.8117938995191731,-1.6216823712469601
0.0,-0.5610967369855903,0.6041426558694387,2.1359221095809766,-0.11235242518410513,-0.42365912780707704,0.48704239284034584,-0.6290323655677934,-0.6758009826781197,-0.06025177777229999,0.4940420872388428,1.0710069320946372,-1.6216823712469601
0.0,-1.1035422012207372,1.1285884883128225,1.6537487307167666,-1.1132644278425847,-0.924036958054158,-1.7212042667956997,-1.7503346004572653,-1.5619201504199482,0.3733200880875046,-1.3232514254238537,1.2356262581889779,-0.7058135398965015
0.0,-2.324044495749817,-0.05141463468479146,0.20722859412413622,0.010208228202647584,-0.8239613920047416,-0.5836226542559186,-0.9215459920606991,0.22769307070566452,0.3010581104442022,-0.717486921202955,-1.1513539701789715,0.21005529145395715
0.0,-1.1035422012207372,-1.231417757682406,-0.27494478474007433,0.1940492082827764,-0.32358356175766073,0.2862926965097962,-0.7996653143553217,-0.4568774235889984,-2.011325174141419,0.8978850900527745,0.3302199646701009,0.21005529145395715
0.0,-1.1035422012207372,-0.05141463468479146,-0.9982048530363895,-1.0315573255847497,1.0774743629341665,2.0930399634847427,0.32163692053415016,-0.4985771491297926,0.15653415515760072,1.4026888435701905,-0.16363801361292274,0.21005529145395715
0.0,-1.9172103975734562,1.456367133589938,0.9304886624204514,-0.6230218142955743,1.1775499289835827,-0.3828729579253691,0.24850851391092374,0.34236731594285824,1.6740356856669152,0.3930813365353596,-1.2336636332261417,1.125924122804416
0.0,-2.324044495749817,-0.05141463468479146,0.08668524940808357,-1.072410876713667,-1.5244903543506556,0.754708654614412,-0.5802800944856424,-1.520220424879154,1.1682018421638114,-0.5155654197959887,0.6594586168587838,-1.6216823712469601
0.0,-1.5103762993970966,1.7841457788670534,0.3277719388401882,-0.2553398541353165,-1.624565920400072,-1.1858717432475674,-0.5802800944856424,-1.1518728492688504,-0.06025177777229999,1.9074925970876064,1.4825552473304904,0.21005529145395715
0.0,-0.967930835161951,1.9152572369778988,-1.4803782319005994,1.276668313199091,-1.0241125241035742,1.2900411781625443,-0.0196289770409065,0.46051653830843536,-2.011325174141419,-0.5155654197959887,0.000981312481417987,0.21005529145395715
0.0,-1.3747649333383105,1.5874785917007843,-0.8776615083203368,-0.5413147120377392,-1.1241880901529906,0.2193761310662797,-0.3608948746159632,-0.8877745875104742,0.08427217751430155,1.5036495942736736,0.4948392907644416,0.21005529145395715
0.0,-1.5103762993970966,1.7841457788670534,0.3277719388401882,-0.2553398541353165,-1.624565920400072,-1.1858717432475674,-0.5802800944856424,-1.1518728492688504,-0.06025177777229999,1.9074925970876064,1.4825552473304904,0.21005529145395715
0.0,0.2525714593671288,-0.3136375509064838,1.7742920754328186,-1.0315573255847497,0.07671870244000388,-1.118955177804051,-0.14150965474628388,-0.7209756853473359,0.012010199870999176,-0.3136439183890222,0.3302199646701009,0.21005529145395715
0.0,-0.018651272750444616,-0.4447490090173296,1.894835420148871,-0.9907037744558321,-0.6238102599059097,0.01862643473573012,0.6872789536502824,-0.7696253651449356,-0.06025177777229999,-0.3136439183890222,0.5771489538116135,0.21005529145395715
0.0,-0.42548537092680416,0.21080828153690087,0.20722859412413622,-0.3574737319576104,1.1775499289835827,-0.8512889160299848,-0.16588579028735936,-0.6619010741645474,0.08427217751430155,-0.21268316768553905,1.1533165951418074,-1.6216823712469601
0.0,-0.5610967369855903,-0.4447490090173296,0.3277719388401882,0.8068524752165396,-0.023356863609411745,1.2900411781625443,0.07787556512339541,0.9956630160819159,0.3010581104442022,-0.1117224169820564,-1.1513539701789715,1.125924122804416
0.0,-1.1035422012207372,0.9974770302019772,-0.395488129456127,-0.051072098490728864,0.3769454005882529,-0.3828729579253691,-0.06838124812305746,0.2728677733748422,2.1076075515267196,0.8978850900527745,0.08329097552858834,0.21005529145395715
0.0,-1.1035422012207372,0.9974770302019772,-0.395488129456127,-0.051072098490728864,0.3769454005882529,-0.3828729579253691,-0.06838124812305746,0.2728677733748422,2.1076075515267196,0.8978850900527745,0.08329097552858834,0.21005529145395715
0.0,-0.15426263880923075,-0.5758604671281757,0.08668524940808357,-1.0519841011492084,-0.6238102599059097,0.08554300017924665,-1.2384357540946804,-1.1310229864984338,-0.6383475989187061,2.8161393534189543,0.6594586168587838,0.21005529145395715
0.0,-0.5610967369855903,-0.4447490090173296,0.3277719388401882,0.8068524752165396,-0.023356863609411745,1.2900411781625443,0.07787556512339541,0.9956630160819159,0.3010581104442022,-0.1117224169820564,-1.1513539701789715,1.125924122804416
0.0,-1.1035422012207372,0.7352541139802848,0.08668524940808357,0.7251453729587044,-1.0241125241035742,-0.8512889160299848,-1.1409312119303785,-0.436027560818582,-0.6383475989187061,-0.5155654197959887,1.2356262581889779,-1.6216823712469601
0.0,-1.3747649333383105,0.3419197396477463,-0.6365748188882316,-0.9702769988913732,1.9781544573789127,-1.1858717432475674,0.07787556512339541,-0.8530248162264854,0.3010581104442022,-1.3232514254238537,0.41252962771727125,0.21005529145395715
0.0,-1.3747649333383105,1.5219228626453611,-0.7571181636042842,-1.072410876713667,1.5778521931812481,-0.9851220469170178,0.07787556512339541,-0.3908528581494044,0.5901060210174053,-0.5155654197959887,-0.7398056549431182,0.21005529145395715
0.0,-1.2391535672795233,0.7352541139802848,-0.7571181636042842,-0.9907037744558321,1.4777766271318318,-1.1858717432475674,0.10225170066447088,-0.7418255481177137,0.3733200880875046,-1.2222906747203706,0.08329097552858834,1.125924122804416
0.0,-1.645987665455884,0.866365572091131,-0.516031474172179,-1.0519841011492084,-1.1241880901529906,-0.11520669615130294,-0.9702982631428501,-0.8947245417672797,2.179869529170022,0.9988458407562577,0.24791030162293054,0.21005529145395715
0.0,-1.2391535672795233,1.390811404534515,-0.27494478474007433,-0.9907037744558321,-0.924036958054158,0.01862643473573012,-1.0190505342250011,-1.3812213397431992,1.2404638198071105,0.7969243393492924,1.1533165951418074,-1.6216823712469601
0.0,-1.645987665455884,0.4074754687031694,-0.7571181636042842,-1.072410876713667,-0.7238858259553254,0.35320926195331276,-0.8484175854374727,-0.7974251821721189,2.0353455738834207,0.7969243393492924,0.000981312481417987,0.21005529145395715
0.0,-0.42548537092680416,0.21080828153690087,0.6894019729883462,0.2961830861050702,-1.1241880901529906,1.2900411781625443,1.9304618662451316,-0.7974251821721189,-1.144181442421813,-0.6165261704994719,2.058722888660684,0.21005529145395715
0.0,-2.0528217636322434,0.1452525524814778,-0.9982048530363895,0.21447598384723526,-0.42365912780707704,-0.4497895233688856,-0.555903958944567,-0.244903818756644,1.384987775093712,0.2921205858318764,0.3302199646701009,0.21005529145395715
0.0,-2.1884331296910298,1.8497015079224766,-2.0830949554808624,-1.0009171622380615,-0.42365912780707704,-1.654287701352183,-2.26223344681985,-0.8981995188957017,2.3966554620999228,-0.8184476719064376,0.8240779429531245,-0.7058135398965015
0.0,-0.018651272750444616,0.9974770302019772,0.44831528355624084,0.5208776173141167,-1.3243392222518229,0.6208755237273789,-0.2146380613695103,-0.22752893311464964,0.6623679986607045,-1.3232514254238537,1.1121617636182215,-1.6216823712469601
0.0,-1.645987665455884,0.9974770302019772,-0.8776615083203368,-0.7864360188112444,0.3769454005882529,0.8216252200579285,1.1016732578485655,-1.0093987870044734,0.15653415515760072,-0.8184476719064376,0.5771489538116135,1.125924122804416
0.0,-2.7308785939261764,0.3419197396477463,-1.1187481977524418,-1.072410876713667,0.1767942684894202,0.2193761310662797,1.0529209867664144,-1.596669921703937,0.6623679986607045,-1.4242121761273363,1.0710069320946372,0.21005529145395715
0.0,-2.324044495749817,0.4730311977585925,-0.27494478474007433,-0.827289569940162,0.5770965326870855,0.35320926195331276,0.32163692053415016,-1.5271703791359594,0.7346299763040068,-0.21268316768553905,1.3179359212361481,0.21005529145395715
0.0,0.2525714593671288,1.259699946423669,0.3277719388401882,-0.7864360188112444,0.5770965326870855,2.159956528928259,0.5897744114859804,-0.8252249991993021,-0.9996574871352115,0.7969243393492924,0.41252962771727125,0.21005529145395715
0.0,-0.5610967369855903,0.866365572091131,1.4126620412846613,0.5208776173141167,1.277625495032999,1.1562080472755112,0.6629028181092068,0.36321717871323606,-0.6383475989187061,-0.010761666278573195,-0.8221153179902886,1.125924122804416
0.0,0.2525714593671288,1.259699946423669,0.3277719388401882,-0.7864360188112444,0.5770965326870855,2.159956528928259,0.5897744114859804,-0.8252249991993021,-0.9996574871352115,0.7969243393492924,0.41252962771727125,0.21005529145395715
0.0,-0.5610967369855903,0.866365572091131,1.4126620412846613,0.5208776173141167,1.277625495032999,1.1562080472755112,0.6629028181092068,0.36321717871323606,-0.6383475989187061,-0.010761666278573195,-0.8221153179902886,1.125924122804416
0.0,-0.8323194691031637,-0.4447490090173296,0.6894019729883462,-0.9702769988913732,0.1767942684894202,-1.52045457046515,-0.5802800944856424,-0.7209756853473359,0.8068919539473061,2.5132571013085045,0.6594586168587838,1.125924122804416
0.0,-2.1884331296910298,-0.18252609279563764,-1.1187481977524418,-1.011130550020291,0.4770209666376692,-0.9851220469170178,-1.4578209739643597,-1.329096682817216,0.9514159092339075,1.4026888435701905,0.6594586168587838,1.125924122804416
0.0,-0.8323194691031637,1.1285884883128225,-0.395488129456127,-0.5004611609088216,-0.12343242965882807,-0.8512889160299848,-1.4090687028822086,-1.315196774303605,-0.6383475989187061,1.0998065914597408,1.2081897065835767,0.21005529145395715
0.0,0.3881828254259149,-0.4447490090173296,0.8099453177043987,1.5013628444081373,1.5778521931812481,-0.5836226542559186,0.8579119024378107,1.2910360719958587,-2.0835871517847213,-0.21268316768553905,-1.3159732962733122,0.21005529145395715
0.0,0.3881828254259149,-0.4447490090173296,0.8099453177043987,1.5013628444081373,1.5778521931812481,-0.5836226542559186,0.8579119024378107,1.2910360719958587,-2.0835871517847213,-0.21268316768553905,-1.3159732962733122,0.21005529145395715
0.0,0.9306282896610618,1.5219228626453611,0.08668524940808357,0.5821579440074929,0.07671870244000388,-1.0520386123605343,-0.507151687862416,0.21031818506367017,-0.7828715542053076,-0.6165261704994719,0.6594586168587838,0.21005529145395715
0.0,-0.5610967369855903,1.1285884883128225,2.2564654542970293,0.2961830861050702,1.277625495032999,1.2231246127190276,0.979792580143188,0.4118668585108357,-0.49382364363210457,-0.3136439183890222,-0.8221153179902886,1.125924122804416
0.0,-1.1035422012207372,2.1774801531995913,0.20722859412413622,0.25532953497615263,0.2768698345388365,-0.6505392196994352,-0.4583994167802651,-0.5611267374409646,-1.144181442421813,-1.1213299240168872,0.3302199646701009,0.21005529145395715
0.0,-1.7815990315146701,0.6041426558694387,-0.395488129456127,-0.6843021409889506,-1.5244903543506556,-1.252788308691084,-0.8484175854374727,-1.0997481923428287,0.3010581104442022,0.7969243393492924,0.4948392907644416,0.21005529145395715
0.0,-1.2391535672795233,-0.5758604671281757,-0.27494478474007433,-1.0315573255847497,0.9773987968847501,0.48704239284034584,-1.2384357540946804,-1.0927982380860617,0.8791539315906084,-0.1117224169820564,0.7829231114295401,0.21005529145395715
0.0,-0.8323194691031637,1.259699946423669,-0.033858095307969065,-0.4800343853443629,-0.6238102599059097,0.6208755237273789,-1.0921789408482274,-1.5549701961631428,0.08427217751430155,0.1911598351283932,2.2233422147550264,-1.6216823712469601
0.0,-1.1035422012207372,1.9152572369778988,-1.1187481977524418,-1.072410876713667,2.378456721576578,-0.8512889160299848,0.27288464945199925,-0.40822774379139876,0.8068919539473061,-0.1117224169820564,-0.7946787639155973,1.125924122804416
0.0,-0.8323194691031637,1.1941442173682457,0.3277719388401882,-0.8885698966335382,0.3769454005882529,-0.249039827038336,-1.0190505342250011,-1.9511175888006684,-0.9273955094919092,-0.21268316768553905,2.4702712038965378,0.21005529145395715
0.0,-1.5103762993970966,1.9152572369778988,-1.3598348871845471,-0.9089966721979972,0.5770965326870855,-0.31595639248185253,-0.604656230026718,-0.8530248162264854,0.7346299763040068,0.6959635886458092,0.4948392907644416,0.21005529145395715
0.0,-1.3747649333383105,-0.4447490090173296,-0.1544014400240217,-0.37790050752206905,0.3769454005882529,0.48704239284034584,-0.31214260353381224,-0.20667907034423325,0.8791539315906084,1.604610344977157,0.16560063857576018,0.21005529145395715
0.0,-0.28987400486801806,-0.3136375509064838,0.08668524940808357,0.7659989240876218,-1.0241125241035742,-1.7881208322392161,-1.3603164318000578,0.84276402243235,0.012010199870999176,0.2921205858318764,-0.6574959918959463,0.21005529145395715
0.0,-0.967930835161951,0.7352541139802848,-0.516031474172179,0.05106177933156497,-2.124943750647153,-0.3828729579253691,-0.11713351920520841,-0.6792759598065418,-0.2770377107022039,-1.2222906747203706,0.7006134483823683,-1.6216823712469601
0.0,-2.4596558618086033,-0.8380833833498678,0.9304886624204514,-0.9089966721979972,-2.7253971469436507,-0.9851220469170178,-0.9459221276017746,-1.4368209737975657,1.312725797450413,0.6959635886458092,1.1944714266653933,0.21005529145395715
0.0,-1.1035422012207372,2.046368695088745,1.0510320071365034,1.2358147620701736,-1.0241125241035742,1.022374916388478,1.028544851225339,0.828864113918739,-0.34929968834550307,1.2007673421632241,-0.7398056549431182,1.125924122804416
0.0,-1.5103762993970966,-0.706971925239022,-0.033858095307969065,-0.9702769988913732,-1.224263656202407,-0.11520669615130294,-0.3608948746159632,-1.1796726662960335,1.0236778868772098,0.3930813365353596,1.0710069320946372,0.21005529145395715
0.0,-1.645987665455884,-0.8380833833498678,0.44831528355624084,-0.7864360188112444,0.5770965326870855,-1.252788308691084,-0.28776646799273675,-0.35262810973699366,2.179869529170022,0.09019908442491001,-0.49287666580160566,0.21005529145395715
0.0,0.7950169236022757,-0.5758604671281757,-0.7571181636042842,-1.0519841011492084,-0.7238858259553254,-1.118955177804051,-0.9702982631428501,-0.4812022634877597,-0.49382364363210457,-0.717486921202955,-0.7398056549431182,0.21005529145395715
0.0,-0.8323194691031637,1.5219228626453611,1.171575351852556,-0.7864360188112444,-0.42365912780707704,-0.048290130707786406,-0.48277555232134056,-0.8738746789969019,1.2404638198071105,1.0998065914597408,0.8240779429531245,-1.6216823712469601
0.0,-0.28987400486801806,0.9974770302019772,0.9304886624204514,0.35746341279844646,0.3769454005882529,2.2268730943717756,0.8091596313556597,0.3840670414836524,-0.2770377107022039,0.1911598351283932,-0.8769884269627677,0.21005529145395715
0.0,-0.28987400486801806,0.9974770302019772,0.9304886624204514,0.35746341279844646,0.3769454005882529,2.2268730943717756,0.8091596313556597,0.3840670414836524,-0.2770377107022039,0.1911598351283932,-0.8769884269627677,0.21005529145395715
0.0,-2.4596558618086033,-0.3791932799619069,-0.6365748188882316,1.1030407209011917,-1.224263656202407,-0.048290130707786406,-0.4583994167802651,0.5439159893899852,-0.8551335318486101,0.1911598351283932,-0.9867346440846293,0.21005529145395715
0.0,-1.7815990315146701,0.7352541139802848,-2.3241816449129673,-1.0315573255847497,-0.5237346938564934,0.6877920891708954,0.46789373378060306,-0.6931758683201141,0.517844043374103,-1.0203691733134042,0.08329097552858834,1.125924122804416
0.0,-2.595267227867389,2.7019259856429754,-1.842008266048757,-0.9089966721979972,-0.7238858259553254,1.6915405708236433,0.27288464945199925,-1.457670836567982,0.5901060210174053,-1.3232514254238537,0.7417682799059542,0.21005529145395715
0.0,-0.42548537092680416,0.866365572091131,0.6894019729883462,0.3983169639273642,0.5770965326870855,2.2268730943717756,0.9066641735199616,0.37711708722684695,-0.34929968834550307,0.1911598351283932,-0.8221153179902886,1.125924122804416
0.0,-0.28987400486801806,0.9974770302019772,0.9304886624204514,0.35746341279844646,0.3769454005882529,2.2268730943717756,0.8091596313556597,0.3840670414836524,-0.2770377107022039,0.1911598351283932,-0.863270149513873,0.21005529145395715
0.0,-0.018651272750444616,-0.5758604671281757,0.44831528355624084,-1.0519841011492084,0.9773987968847501,0.2193761310662797,-0.23901419691058579,-0.18582920757385543,-1.0719194647785106,0.595002837942326,-1.1513539701789715,1.125924122804416
0.0,-2.595267227867389,-0.3791932799619069,-0.6365748188882316,1.1030407209011917,-1.224263656202407,-0.048290130707786406,-0.4583994167802651,0.5439159893899852,-0.8551335318486101,0.1911598351283932,-0.9867346440846293,0.21005529145395715
0.0,-0.967930835161951,0.9974770302019772,-0.395488129456127,-0.8477163455046207,-0.6238102599059097,-0.6505392196994352,-0.8971698565196237,-1.5480202419063374,-0.9273955094919092,-0.41460466909250543,0.9886972690474667,0.21005529145395715
0.0,-1.5103762993970966,-0.706971925239022,-0.033858095307969065,-1.1132644278425847,-0.42365912780707704,0.2193761310662797,-0.38527101015703863,-1.0754233524440673,0.3733200880875046,-0.21268316768553905,0.000981312481417987,0.21005529145395715
0.0,-0.8323194691031637,-0.706971925239022,-0.395488129456127,-0.9702769988913732,-0.32358356175766073,-0.7174557851429517,-1.0921789408482274,-0.9364242673080738,0.5901060210174053,0.1911598351283932,0.4948392907644416,0.21005529145395715
0.0,-0.28987400486801806,0.7352541139802848,0.44831528355624084,0.3370366372339878,0.4770209666376692,1.4907908744930938,0.7604073602735087,0.3701671329700415,-0.2770377107022039,-0.21268316768553905,-0.8221153179902886,1.125924122804416
0.0,-1.7815990315146701,0.3419197396477463,-0.27494478474007433,-1.072410876713667,-2.0248681845977368,-0.9851220469170178,-0.6534085011088689,-1.7877936637659135,1.0959398645205092,-1.0203691733134042,1.8117938995191731,-1.6216823712469601
0.0,-1.1035422012207372,-0.706971925239022,0.6894019729883462,-1.1336912034070434,-2.225019316696569,-0.8512889160299848,-0.9459221276017746,-1.5375953105211484,0.517844043374103,-1.6261336775343027,0.9886972690474667,0.21005529145395715
