fixed acidity,volatile acidity,citric acid,residual sugar,chlorides,free sulfur dioxide,total sulfur dioxide,density,pH,sulphates,alcohol,type_white,quality
0.4210526315789475,0.06818181818181823,0.6279069767441858,0.03164556962025317,0.05660377358490565,0.33333333333333337,0.25654450261780115,0.27926078028746953,0.6166666666666666,0.3111111111111111,0.5000000000000002,0.0,0.0
0.6842105263157897,0.31818181818181823,0.46511627906976727,0.46835443037974683,0.09433962264150936,0.4761904761904763,0.46596858638743466,0.25051334702258776,0.0,0.22222222222222218,0.8947368421052635,0.0,0.6666666666666666
0.5000000000000001,0.27272727272727276,0.4883720930232557,0.037974683544303806,0.28301886792452835,0.5396825396825398,0.7696335078534033,0.2381930184804924,0.4333333333333333,0.4222222222222222,0.6578947368421055,0.0,0.6666666666666666
0.10526315789473678,0.4545454545454546,0.2558139534883719,0.3924050632911392,0.30188679245283023,0.6825396825396826,0.6282722513089006,0.5061601642710477,0.3833333333333336,0.37777777777777777,0.23684210526315808,0.0,1.0
0.5789473684210528,0.3863636363636364,0.44186046511627886,0.60126582278481,0.28301886792452835,0.25396825396825395,0.6230366492146598,0.7310061601642748,0.18333333333333324,0.0666666666666666,0.13157894736842113,0.0,1.0
0.21052631578947378,0.18181818181818182,0.4186046511627906,0.07594936708860758,0.28301886792452835,0.3015873015873016,0.518324607329843,0.22792607802874815,0.4333333333333333,0.3555555555555555,0.4210526315789474,0.0,0.6666666666666666
0.21052631578947378,0.6590909090909092,0.9069767441860463,0.34177215189873417,0.37735849056603776,0.11111111111111116,0.46596858638743466,0.7002053388090306,0.5666666666666669,0.5555555555555555,0.02631578947368418,0.0,0.3333333333333333
0.6052631578947371,0.6818181818181819,0.325581395348837,0.6455696202531644,0.1132075471698113,0.5714285714285715,0.7382198952879583,0.546201232032855,0.3166666666666668,0.2444444444444444,0.6315789473684214,0.0,0.0
0.2368421052631579,0.47727272727272724,0.46511627906976727,0.2974683544303797,0.18867924528301894,0.047619047619047616,0.3717277486910996,0.3305954825462023,0.5666666666666669,0.19999999999999993,0.5526315789473686,0.0,0.0
0.2894736842105264,0.6590909090909092,0.4186046511627906,0.6962025316455696,0.5849056603773586,0.28571428571428575,0.7748691099476441,0.9363449691991832,0.6333333333333336,0.5111111111111112,0.105263157894737,0.0,1.0
0.9210526315789478,0.4545454545454546,0.5116279069767441,0.01898734177215189,0.30188679245283023,0.11111111111111116,0.8481675392670158,0.5975359342915764,0.3999999999999999,0.37777777777777777,0.15789473684210523,0.0,1.0
0.5526315789473686,0.11363636363636359,0.9069767441860463,0.05063291139240503,0.5660377358490566,0.22222222222222224,0.4397905759162305,0.5256673511293665,0.666666666666667,0.26666666666666666,0.26315789473684226,0.0,1.0
0.44736842105263164,0.3409090909090909,0.4186046511627906,0.5253164556962026,0.4339622641509434,0.7142857142857144,0.6020942408376965,0.5564681724845992,0.33333333333333315,0.37777777777777777,0.3684210526315792,0.0,0.6666666666666666
0.26315789473684226,0.20454545454545456,0.5813953488372091,0.5886075949367088,0.3207547169811321,0.7777777777777779,0.5968586387434556,0.7412731006160191,0.5,0.33333333333333326,0.07894736842105238,0.0,1.0
0.3157894736842105,0.18181818181818182,0.6279069767441858,0.037974683544303806,0.28301886792452835,0.4126984126984128,0.39267015706806296,0.06262833675564694,0.36666666666666653,0.7555555555555555,0.8157894736842106,0.0,1.0
0.736842105263158,0.20454545454545456,0.6279069767441858,0.01898734177215189,0.3207547169811321,0.5396825396825398,0.47643979057591634,0.3408624229979466,0.10000000000000014,0.0888888888888888,0.2894736842105263,0.0,1.0
0.5789473684210528,0.2954545454545455,0.44186046511627886,0.09493670886075947,0.6415094339622641,0.507936507936508,0.46596858638743466,0.3901437371663283,0.2666666666666664,0.1111111111111111,0.23684210526315808,0.0,1.0
0.3157894736842105,0.9090909090909092,0.2558139534883719,0.9683544303797469,0.5660377358490566,0.5714285714285715,0.8167539267015709,0.9363449691991832,0.7000000000000004,0.48888888888888893,0.39473684210526333,0.0,0.6666666666666666
0.18421052631578938,0.36363636363636365,0.46511627906976727,0.06962025316455694,0.1132075471698113,0.7142857142857144,0.7172774869109949,0.002053388090351216,0.7666666666666672,0.2444444444444444,1.0,0.0,0.0
0.5000000000000001,0.25,0.6046511627906975,0.06962025316455694,0.169811320754717,0.39682539682539686,0.7905759162303665,0.14065708418891038,0.5333333333333334,0.17777777777777778,0.7894736842105265,0.0,0.0
0.3157894736842105,0.09090909090909088,0.4186046511627906,0.04430379746835442,0.30188679245283023,0.7619047619047621,0.7068062827225132,0.2659137577002042,0.33333333333333315,0.2888888888888889,0.3421052631578946,0.0,0.6666666666666666
0.6578947368421055,0.36363636363636365,0.3953488372093022,0.47468354430379744,0.2075471698113207,0.23809523809523814,0.4502617801047122,0.4537987679671451,0.04999999999999971,0.3111111111111111,0.7368421052631579,0.0,0.6666666666666666
0.36842105263157904,0.09090909090909088,0.5813953488372091,0.27848101265822783,0.5471698113207547,0.7619047619047621,0.6125654450261782,0.3480492813141699,0.28333333333333344,0.48888888888888893,0.5526315789473686,0.0,0.0
0.473684210526316,0.02272727272727265,0.6744186046511627,0.05063291139240503,0.3396226415094339,0.25396825396825395,0.6963350785340315,0.546201232032855,0.9833333333333338,0.33333333333333326,0.2894736842105263,0.0,1.0
0.18421052631578938,0.25,0.46511627906976727,0.012658227848101278,0.2075471698113207,0.5873015873015874,0.42408376963350797,0.15605749486652676,0.6833333333333333,0.5333333333333334,0.5000000000000002,0.0,0.0
0.34210526315789486,0.02272727272727265,0.44186046511627886,0.25316455696202533,0.6226415094339623,0.36507936507936517,0.4136125654450263,0.5256673511293665,0.9833333333333338,0.26666666666666666,0.3421052631578946,0.0,0.0
0.5263157894736845,0.31818181818181823,0.9069767441860463,0.03164556962025317,0.169811320754717,0.23809523809523814,0.5235602094240839,0.2381930184804924,0.08333333333333309,0.15555555555555556,0.4473684210526315,0.0,0.6666666666666666
0.2368421052631579,0.2954545454545455,0.6279069767441858,0.43670886075949367,0.41509433962264153,0.8412698412698415,0.9895287958115186,0.6098562628336718,0.4333333333333333,0.3555555555555555,0.15789473684210523,0.0,0.6666666666666666
0.1578947368421053,0.15909090909090906,0.46511627906976727,0.48734177215189867,0.2075471698113207,0.6666666666666667,0.5287958115183247,0.4312114989733054,0.41666666666666696,0.15555555555555556,0.4473684210526315,0.0,1.0
0.3157894736842105,0.11363636363636359,0.5348837209302324,0.05063291139240503,0.18867924528301894,0.5873015873015874,0.6387434554973823,0.25462012320327865,0.36666666666666653,0.0888888888888888,0.3421052631578946,0.0,1.0
0.7894736842105267,0.06818181818181823,0.4883720930232557,0.27848101265822783,0.5094339622641509,0.6666666666666667,0.649214659685864,0.5975359342915764,0.5166666666666672,0.1333333333333333,0.23684210526315808,0.0,1.0
0.34210526315789486,0.47727272727272724,0.8837209302325579,0.4936708860759494,0.5849056603773586,0.4761904761904763,0.7382198952879583,0.6981519507186909,0.18333333333333324,0.33333333333333326,0.13157894736842113,0.0,1.0
0.36842105263157904,0.06818181818181823,0.5116279069767441,0.0253164556962025,0.28301886792452835,0.4761904761904763,0.4188481675392671,0.08008213552361448,0.3833333333333336,0.7555555555555555,0.8157894736842106,0.0,1.0
0.3157894736842105,0.2954545454545455,0.9069767441860463,0.430379746835443,0.45283018867924535,0.904761904761905,1.0,0.6591375770020534,0.3999999999999999,0.2888888888888889,0.13157894736842113,0.0,0.6666666666666666
0.5000000000000001,0.4090909090909091,0.5813953488372091,0.0253164556962025,0.47169811320754723,0.047619047619047616,0.7172774869109949,0.3039014373716603,0.5166666666666672,0.22222222222222218,0.4736842105263157,0.0,1.0
0.6315789473684212,0.09090909090909088,0.4883720930232557,0.7088607594936708,0.5283018867924528,0.6507936507936509,0.5968586387434556,0.8747433264887062,0.21666666666666662,0.46666666666666673,0.0,0.0,0.6666666666666666
0.026315789473684237,0.04545454545454547,0.4883720930232557,0.012658227848101278,0.018867924528301827,0.4126984126984128,0.2198952879581153,0.03285420944558398,0.666666666666667,0.26666666666666666,0.723684210526316,0.0,0.6666666666666666
0.05263157894736831,0.47727272727272724,0.09302325581395338,0.25316455696202533,0.39622641509433965,0.6825396825396826,0.9005235602094241,0.4332648870636565,0.6166666666666666,0.8666666666666667,0.3684210526315792,0.0,1.0
0.473684210526316,0.4545454545454546,0.23255813953488358,0.30379746835443033,0.6981132075471699,0.7460317460317462,0.9267015706806284,0.5266940451745363,0.3999999999999999,0.26666666666666666,0.23684210526315808,0.0,0.6666666666666666
0.026315789473684237,0.44318181818181823,0.46511627906976727,0.09493670886075947,0.8679245283018867,0.34920634920634924,0.5340314136125656,0.2997946611909581,0.3500000000000002,0.4222222222222222,0.18421052631578938,0.0,0.6666666666666666
0.1578947368421053,0.1363636363636364,0.325581395348837,0.05063291139240503,0.09433962264150936,0.39682539682539686,0.4136125654450263,0.14579055441478245,0.6333333333333336,0.33333333333333326,0.6842105263157896,0.0,0.6666666666666666
0.5000000000000001,0.5909090909090909,0.325581395348837,0.36075949367088606,0.6226415094339623,0.5714285714285715,0.7329842931937174,0.5667351129363436,0.45000000000000034,0.19999999999999993,0.26315789473684226,0.0,0.6666666666666666
0.5263157894736845,0.5454545454545454,0.5581395348837208,0.4620253164556962,0.5094339622641509,0.6190476190476192,0.7434554973821991,0.6971252566735096,0.2999999999999997,0.4444444444444445,0.07894736842105238,0.0,1.0
0.21052631578947378,0.36363636363636365,0.5116279069767441,0.01898734177215189,0.5471698113207547,0.34920634920634924,0.8219895287958117,0.3264887063655001,0.6166666666666666,0.2444444444444444,0.3157894736842105,0.0,1.0
0.44736842105263164,0.1363636363636364,0.7209302325581394,0.06962025316455694,0.5471698113207547,0.3015873015873016,0.7329842931937174,0.546201232032855,0.9166666666666672,0.6666666666666666,0.4210526315789474,0.0,0.6666666666666666
0.3947368421052634,0.02272727272727265,0.4186046511627906,0.21518987341772156,0.07547169811320759,0.14285714285714285,0.42408376963350797,0.40965092402463554,0.5166666666666672,0.3111111111111111,0.39473684210526333,0.0,0.0
0.3157894736842105,0.25,0.44186046511627886,0.006329113924050611,0.8113207547169812,0.5396825396825398,0.5130890052356022,0.1971252566735039,0.6833333333333333,0.5777777777777777,0.5526315789473686,0.0,0.0
0.18421052631578938,0.5454545454545454,0.23255813953488358,0.3544303797468354,0.15094339622641506,0.3174603174603175,0.5811518324607331,0.4435318275154008,0.6166666666666666,0.8222222222222222,0.39473684210526333,0.0,0.6666666666666666
0.36842105263157904,0.09090909090909088,0.5116279069767441,0.3924050632911392,0.41509433962264153,0.1904761904761905,0.43455497382198965,0.5646817248459924,0.8166666666666669,0.26666666666666666,0.39473684210526333,0.0,0.6666666666666666
0.26315789473684226,0.4318181818181819,0.4883720930232557,0.28481012658227844,0.4339622641509434,0.5873015873015874,0.7696335078534033,0.5770020533880879,0.4333333333333333,0.7555555555555555,0.105263157894737,0.0,0.6666666666666666
0.473684210526316,0.1363636363636364,0.6511627906976742,0.0,0.22641509433962262,0.25396825396825395,0.2513089005235603,0.2381930184804924,0.4666666666666667,0.1111111111111111,0.5526315789473686,0.0,1.0
0.5789473684210528,0.1363636363636364,0.46511627906976727,0.8354430379746833,0.5849056603773586,0.7619047619047621,0.9764397905759163,0.9774127310061603,0.3500000000000002,0.3111111111111111,0.0,0.0,0.0
0.4210526315789475,0.4545454545454546,0.0,0.15822784810126578,0.35849056603773577,0.1904761904761905,0.1937172774869111,0.4332648870636565,0.1333333333333328,0.15555555555555556,0.07894736842105238,0.0,1.0
0.1578947368421053,0.27272727272727276,0.5581395348837208,0.01898734177215189,0.39622641509433965,0.015873015873015872,0.015706806282722585,0.2997946611909581,0.6000000000000002,0.6888888888888889,0.39473684210526333,0.0,1.0
0.3157894736842105,0.20454545454545456,0.44186046511627886,0.85126582278481,0.6037735849056605,0.380952380952381,0.617801047120419,0.8295687885010268,0.666666666666667,0.48888888888888893,0.3421052631578946,0.0,0.6666666666666666
0.21052631578947378,0.931818181818182,0.8139534883720929,0.6962025316455696,0.45283018867924535,0.34920634920634924,0.8376963350785342,0.8131416837782292,0.3999999999999999,0.39999999999999997,0.105263157894737,0.0,0.6666666666666666
0.2894736842105264,0.22727272727272724,0.6046511627906975,0.07594936708860758,0.037735849056603765,0.49206349206349215,0.5654450261780106,0.03285420944558398,0.5833333333333331,0.0888888888888888,0.9473684210526319,0.0,0.0
0.5263157894736845,0.1363636363636364,0.6279069767441858,0.012658227848101278,0.05660377358490565,0.36507936507936517,0.3298429319371729,0.18891170431211074,0.3500000000000002,0.6444444444444444,0.7631578947368425,0.0,0.6666666666666666
0.05263157894736831,0.25,0.20930232558139522,0.08860759493670883,0.45283018867924535,0.5873015873015874,0.7329842931937174,0.25872689938398097,0.5333333333333334,0.2444444444444444,0.39473684210526333,0.0,0.6666666666666666
0.3157894736842105,0.18181818181818182,0.4186046511627906,0.2468354430379747,0.3207547169811321,0.7301587301587302,0.8062827225130891,0.5872689938398321,0.6166666666666666,0.9555555555555555,0.15789473684210523,0.0,0.6666666666666666
0.9736842105263162,0.31818181818181823,0.9069767441860463,0.0632911392405063,0.6415094339622641,0.07936507936507936,0.4502617801047122,0.6488706365503092,0.36666666666666653,0.3111111111111111,0.3157894736842105,0.0,1.0
0.2894736842105264,0.09090909090909088,0.7209302325581394,0.8354430379746833,0.2641509433962264,0.6666666666666667,0.5392670157068064,0.7494866529774122,0.5833333333333331,0.8888888888888888,0.3684210526315792,0.0,0.0
0.44736842105263164,0.3863636363636364,0.3488372093023254,0.6455696202531644,0.4339622641509434,0.4285714285714286,0.5759162303664922,0.7340862422997958,0.3500000000000002,0.17777777777777778,0.15789473684210523,0.0,1.0
0.3157894736842105,0.9545454545454546,0.2790697674418603,0.5,0.169811320754717,0.34920634920634924,0.5602094240837697,0.7464065708418912,0.45000000000000034,0.4222222222222222,0.05263157894736825,0.0,1.0
0.13157894736842113,0.3863636363636364,0.46511627906976727,0.42405063291139233,0.41509433962264153,0.8730158730158731,0.9424083769633509,0.5667351129363436,0.45000000000000034,0.15555555555555556,0.18421052631578938,0.0,0.6666666666666666
0.3157894736842105,0.1363636363636364,0.5116279069767441,0.006329113924050611,0.2641509433962264,0.3174603174603175,0.2722513089005237,0.32032854209445805,0.7666666666666672,0.48888888888888893,0.3421052631578946,0.0,0.0
0.3157894736842105,0.20454545454545456,0.3953488372093022,0.29113924050632906,0.3396226415094339,0.6031746031746033,0.7225130890052358,0.5975359342915764,0.5666666666666669,0.9777777777777779,0.15789473684210523,0.0,1.0
0.18421052631578938,0.06818181818181823,0.4186046511627906,0.09493670886075947,0.05660377358490565,0.2698412698412699,0.3769633507853404,0.12731006160164504,0.3833333333333336,0.1111111111111111,0.5789473684210527,0.0,0.0
0.3157894736842105,0.5454545454545454,0.11627906976744168,0.22784810126582278,0.35849056603773577,0.3174603174603175,0.2722513089005237,0.37166324435317943,0.2999999999999997,0.1333333333333333,0.3421052631578946,0.0,0.6666666666666666
0.44736842105263164,0.18181818181818182,0.5348837209302324,0.11392405063291136,0.15094339622641506,0.6825396825396826,0.6649214659685865,0.04312114989732829,0.36666666666666653,0.1333333333333333,1.0,0.0,0.0
0.5789473684210528,0.1363636363636364,0.46511627906976727,0.8354430379746833,0.5849056603773586,0.7619047619047621,0.9764397905759163,0.9774127310061603,0.3500000000000002,0.3111111111111111,0.0,0.0,0.0
0.5263157894736845,0.25,0.6046511627906975,0.7721518987341771,0.7924528301886794,0.7619047619047621,0.7958115183246075,0.8336755646817291,0.1333333333333328,0.3555555555555555,0.02631578947368418,0.0,0.6666666666666666
0.3947368421052634,0.0,0.44186046511627886,0.5632911392405062,0.5849056603773586,0.39682539682539686,0.34031413612565453,0.579055441478439,0.4333333333333333,0.0222222222222222,0.26315789473684226,0.0,0.6666666666666666
0.36842105263157904,0.7272727272727273,0.37209302325581384,0.10759493670886075,0.3207547169811321,0.36507936507936517,0.29842931937172784,0.17043121149897333,0.7500000000000001,0.4222222222222222,0.8157894736842106,0.0,0.0
0.5263157894736845,0.7045454545454546,0.5116279069767441,0.38607594936708856,0.35849056603773577,0.1904761904761905,0.47643979057591634,0.6899383983572863,0.6499999999999999,0.19999999999999993,0.39473684210526333,0.0,0.3333333333333333
0.473684210526316,0.25,0.5116279069767441,0.03164556962025317,0.41509433962264153,0.34920634920634924,0.5549738219895289,0.392197125256668,0.5499999999999998,0.26666666666666666,0.4210526315789474,0.0,1.0
0.44736842105263164,0.5681818181818182,0.6744186046511627,0.6392405063291138,0.169811320754717,0.3174603174603175,0.9319371727748693,0.6858316221765954,0.19999999999999962,0.4444444444444445,0.2894736842105263,0.0,0.6666666666666666
0.1578947368421053,0.27272727272727276,0.5116279069767441,0.17721518987341772,0.07547169811320759,0.6825396825396826,0.8062827225130891,0.0646817248459981,0.36666666666666653,0.04444444444444445,0.8157894736842106,0.0,0.6666666666666666
0.26315789473684226,0.27272727272727276,0.2790697674418603,0.25949367088607594,0.22641509433962262,0.28571428571428575,0.549738219895288,0.5051334702258665,0.6000000000000002,0.0,0.3157894736842105,0.0,1.0
0.10526315789473678,0.27272727272727276,0.1860465116279068,0.012658227848101278,0.1132075471698113,0.5555555555555557,0.46073298429319387,0.1355236139630382,0.8166666666666669,0.17777777777777778,0.5526315789473686,0.0,0.0
0.3157894736842105,0.25,0.4883720930232557,0.03164556962025317,0.18867924528301894,0.4285714285714286,0.5287958115183247,0.2689938398357252,0.8000000000000006,0.33333333333333326,0.6315789473684214,0.0,0.6666666666666666
0.07894736842105271,0.2840909090909091,0.4186046511627906,0.37341772151898733,0.2075471698113207,0.6507936507936509,0.649214659685864,0.3603696098562653,0.7166666666666668,0.26666666666666666,0.5000000000000002,0.0,0.0
0.36842105263157904,0.3409090909090909,0.9302325581395348,0.7784810126582278,0.5283018867924528,0.6825396825396826,0.8795811518324609,0.8131416837782292,0.2666666666666664,0.2888888888888889,0.13157894736842113,0.0,1.0
0.026315789473684237,0.39772727272727276,0.6511627906976742,0.10126582278481011,0.15094339622641506,0.07936507936507936,0.22513089005235615,0.14579055441478245,0.3166666666666668,0.6,0.5000000000000002,0.0,0.6666666666666666
0.473684210526316,0.06818181818181823,0.5581395348837208,0.34177215189873417,0.3207547169811321,0.17460317460317462,0.44502617801047134,0.33880903490759545,0.10000000000000014,0.17777777777777778,0.5000000000000002,0.0,0.6666666666666666
0.026315789473684237,0.04545454545454547,0.2790697674418603,0.22151898734177214,0.09433962264150936,0.39682539682539686,0.39790575916230375,0.4435318275154008,0.5166666666666672,0.0888888888888888,0.13157894736842113,0.0,0.6666666666666666
0.3157894736842105,0.20454545454545456,0.23255813953488358,0.6582278481012658,0.35849056603773577,0.634920634920635,0.549738219895288,0.6735112936345,0.04999999999999971,0.4222222222222222,0.2105263157894735,0.0,0.6666666666666666
0.5789473684210528,0.9090909090909092,0.3023255813953487,0.0632911392405063,0.07547169811320759,0.126984126984127,0.6544502617801048,0.37166324435317943,0.18333333333333324,0.0222222222222222,0.39473684210526333,0.0,1.0
0.44736842105263164,0.6818181818181819,0.3953488372093022,0.46835443037974683,0.6037735849056605,0.8730158730158731,0.7015706806282724,0.3172484599589256,0.3833333333333336,0.0888888888888888,0.7631578947368425,0.0,0.6666666666666666
0.5000000000000001,0.25,0.6046511627906975,0.7658227848101264,0.47169811320754723,0.4761904761904763,0.9109947643979059,0.9363449691991832,0.18333333333333324,0.3111111111111111,0.0,0.0,0.0
0.736842105263158,0.02272727272727265,0.8837209302325579,0.10759493670886075,0.5094339622641509,0.3015873015873016,0.8586387434554975,0.5667351129363436,0.9500000000000004,0.2888888888888889,0.5263157894736844,0.0,0.0
0.44736842105263164,0.02272727272727265,0.5581395348837208,0.27215189873417717,0.169811320754717,0.4444444444444445,0.40837696335078544,0.5975359342915764,0.7333333333333338,0.4444444444444445,0.105263157894737,0.0,0.0
0.3947368421052634,0.11363636363636359,0.6976744186046511,0.0253164556962025,0.2075471698113207,0.14285714285714285,0.1518324607329844,0.14579055441478245,0.25000000000000006,0.8,0.6842105263157896,0.0,0.0
0.5526315789473686,0.22727272727272724,0.4883720930232557,0.7658227848101264,0.47169811320754723,0.33333333333333337,0.8062827225130891,0.9609856262833627,0.19999999999999962,0.46666666666666673,0.05263157894736825,0.0,0.6666666666666666
0.3947368421052634,0.22727272727272724,0.5348837209302324,0.7278481012658228,0.39622641509433965,0.6666666666666667,0.6649214659685865,0.905544147843939,0.5833333333333331,1.0,0.18421052631578938,0.0,0.6666666666666666
0.07894736842105271,0.2954545454545455,0.1395348837209301,0.5063291139240506,0.5283018867924528,0.4285714285714286,0.44502617801047134,0.5400410677618016,0.7166666666666668,0.1111111111111111,0.39473684210526333,0.0,0.6666666666666666
0.6842105263157897,0.36363636363636365,0.9069767441860463,0.5316455696202531,0.39622641509433965,0.6666666666666667,0.8481675392670158,0.7104722792607749,0.3500000000000002,0.3555555555555555,0.2894736842105263,0.0,1.0
0.1578947368421053,0.18181818181818182,0.3023255813953487,0.25316455696202533,0.37735849056603776,0.07936507936507936,0.5026178010471205,0.3213552361396279,0.01666666666666633,0.6888888888888889,0.2894736842105263,0.0,0.6666666666666666
0.2368421052631579,0.09090909090909088,0.6046511627906975,0.012658227848101278,0.169811320754717,0.33333333333333337,0.44502617801047134,0.12936344969198477,0.3833333333333336,0.4222222222222222,0.5526315789473686,0.0,0.6666666666666666
0.4210526315789475,0.20454545454545456,0.5348837209302324,0.30379746835443033,0.28301886792452835,0.3174603174603175,0.5759162303664922,0.5667351129363436,0.4333333333333333,0.5777777777777777,0.15789473684210523,0.0,0.6666666666666666
0.21052631578947378,0.4318181818181819,0.3953488372093022,0.2468354430379747,0.2075471698113207,0.39682539682539686,0.5654450261780106,0.3305954825462023,0.45000000000000034,0.22222222222222218,0.39473684210526333,0.0,0.0
0.36842105263157904,0.4090909090909091,0.6744186046511627,0.5443037974683544,0.018867924528301827,0.4603174603174604,0.5130890052356022,0.3470225872689886,0.41666666666666696,0.0666666666666666,0.8421052631578949,0.0,0.6666666666666666
0.473684210526316,0.15909090909090906,0.7209302325581394,0.01898734177215189,0.2075471698113207,0.4444444444444445,0.30890052356020953,0.25872689938398097,0.3999999999999999,0.4222222222222222,0.39473684210526333,0.0,1.0
0.1578947368421053,0.4545454545454546,0.325581395348837,0.27848101265822783,0.6603773584905661,0.28571428571428575,0.5235602094240839,0.5770020533880879,0.5333333333333334,0.26666666666666666,0.02631578947368418,0.0,0.0
0.26315789473684226,0.36363636363636365,0.6511627906976742,0.430379746835443,0.39622641509433965,0.4761904761904763,0.8691099476439792,0.6180698151950763,0.28333333333333344,0.1111111111111111,0.02631578947368418,0.0,1.0
0.5263157894736845,0.25,0.6046511627906975,0.7721518987341771,0.7924528301886794,0.7619047619047621,0.7958115183246075,0.8336755646817291,0.1333333333333328,0.3555555555555555,0.02631578947368418,0.0,0.6666666666666666
0.44736842105263164,0.1363636363636364,0.4883720930232557,0.37025316455696194,0.5283018867924528,0.4285714285714286,0.9685863874345552,0.6560574948665325,0.6333333333333336,0.6,0.39473684210526333,0.0,0.6666666666666666
0.7894736842105267,0.06818181818181823,0.4883720930232557,0.36075949367088606,0.2452830188679245,0.380952380952381,0.5549738219895289,0.5154004106776222,0.28333333333333344,0.0,0.4473684210526315,0.0,0.0
0.07894736842105271,0.5909090909090909,0.5813953488372091,0.25949367088607594,0.018867924528301827,0.1904761904761905,0.45549738219895297,0.1067761806981451,0.41666666666666696,0.7777777777777779,0.9210526315789476,0.0,0.6666666666666666
0.3947368421052634,0.20454545454545456,0.6511627906976742,0.4620253164556962,0.41509433962264153,0.6666666666666667,0.712041884816754,0.6078028747433207,0.6833333333333333,0.4444444444444445,0.4210526315789474,0.0,0.0
0.473684210526316,0.04545454545454547,0.9069767441860463,0.01898734177215189,0.22641509433962262,0.34920634920634924,0.40837696335078544,0.2997946611909581,0.5,0.5555555555555555,0.4473684210526315,0.0,0.6666666666666666
0.2368421052631579,0.09090909090909088,0.2790697674418603,0.03164556962025317,0.3396226415094339,0.634920634920635,0.6753926701570682,0.2977412731006183,0.4333333333333333,0.3555555555555555,0.3421052631578946,0.0,1.0
0.5263157894736845,0.5227272727272727,0.37209302325581384,0.5443037974683544,0.47169811320754723,0.4444444444444445,0.5654450261780106,0.6776180698151909,0.33333333333333315,0.3111111111111111,0.39473684210526333,0.0,1.0
0.07894736842105271,0.18181818181818182,0.2790697674418603,0.990506329113924,0.35849056603773577,0.5396825396825398,0.4397905759162305,0.9312114989733111,0.5166666666666672,0.3555555555555555,0.02631578947368418,0.0,0.6666666666666666
0.3947368421052634,0.25,0.5813953488372091,0.01898734177215189,0.2641509433962264,0.380952380952381,0.8638743455497384,0.1355236139630382,0.33333333333333315,0.4444444444444445,0.5526315789473686,0.0,0.6666666666666666
0.21052631578947378,0.22727272727272724,0.4186046511627906,0.7088607594936708,0.45283018867924535,0.7777777777777779,0.5602094240837697,0.5872689938398321,0.4333333333333333,0.1111111111111111,0.4736842105263157,0.0,0.6666666666666666
0.3947368421052634,0.11363636363636359,0.5813953488372091,0.25316455696202533,0.7924528301886794,0.4285714285714286,0.649214659685864,0.5667351129363436,0.7166666666666668,0.3555555555555555,0.23684210526315808,0.0,1.0
0.36842105263157904,0.27272727272727276,0.44186046511627886,0.6898734177215191,0.5094339622641509,0.7777777777777779,0.7015706806282724,0.6139630390143741,0.16666666666666619,0.5777777777777777,0.39473684210526333,0.0,0.6666666666666666
0.36842105263157904,0.5454545454545454,0.44186046511627886,0.5632911392405062,0.22641509433962262,0.5555555555555557,0.6282722513089006,0.3880903490759771,0.2999999999999997,0.1111111111111111,0.6842105263157896,0.0,0.6666666666666666
0.5263157894736845,0.25,0.6046511627906975,0.7721518987341771,0.7924528301886794,0.7619047619047621,0.7958115183246075,0.8336755646817291,0.1333333333333328,0.3555555555555555,0.02631578947368418,0.0,0.6666666666666666
0.36842105263157904,0.20454545454545456,0.8837209302325579,0.03164556962025317,0.2075471698113207,0.4761904761904763,0.7277486910994766,0.21971252566734356,0.41666666666666696,0.2888888888888889,0.6315789473684214,0.0,0.6666666666666666
0.36842105263157904,0.02272727272727265,0.46511627906976727,0.27215189873417717,0.47169811320754723,0.5555555555555557,0.5287958115183247,0.48459958932237795,0.7833333333333334,0.15555555555555556,0.2105263157894735,0.0,0.6666666666666666
0.5789473684210528,0.1363636363636364,0.5581395348837208,0.05063291139240503,0.30188679245283023,0.5873015873015874,0.6387434554973823,0.3973305954825401,0.7000000000000004,0.7555555555555555,0.5789473684210527,0.0,0.6666666666666666
0.2368421052631579,0.22727272727272724,0.2790697674418603,0.6898734177215191,0.47169811320754723,0.9523809523809527,0.8010471204188483,0.7299794661190936,0.21666666666666662,0.5777777777777777,0.105263157894737,0.0,0.6666666666666666
0.34210526315789486,0.1363636363636364,0.7209302325581394,0.5126582278481012,0.35849056603773577,0.7142857142857144,0.7329842931937174,0.6078028747433207,0.3500000000000002,0.5777777777777777,0.23684210526315808,0.0,0.6666666666666666
0.2894736842105264,0.3409090909090909,0.37209302325581384,0.37974683544303794,0.28301886792452835,0.20634920634920637,0.45549738219895297,0.42915811088295425,0.3999999999999999,0.1333333333333333,0.3421052631578946,0.0,0.6666666666666666
0.3947368421052634,0.5227272727272727,0.3023255813953487,0.5379746835443038,0.6037735849056605,0.7777777777777779,0.7329842931937174,0.6365503080082138,0.5,0.22222222222222218,0.2894736842105263,0.0,1.0
0.736842105263158,0.1363636363636364,0.6511627906976742,0.15822784810126578,0.5283018867924528,0.5714285714285715,0.7748691099476441,0.36755646817248855,0.4833333333333337,0.19999999999999993,0.7105263157894737,0.0,1.0
0.07894736842105271,0.18181818181818182,0.2790697674418603,0.990506329113924,0.35849056603773577,0.5396825396825398,0.4397905759162305,0.9312114989733111,0.5166666666666672,0.3555555555555555,0.02631578947368418,0.0,0.6666666666666666
0.18421052631578938,0.4090909090909091,0.325581395348837,0.03164556962025317,0.2075471698113207,0.5238095238095238,0.5130890052356022,0.03285420944558398,0.6000000000000002,0.22222222222222218,0.9210526315789476,0.0,0.0
0.736842105263158,0.09090909090909088,0.9069767441860463,0.006329113924050611,0.15094339622641506,0.36507936507936517,0.2879581151832462,0.2895277207392138,0.11666666666666653,0.8,0.39473684210526333,0.0,0.0
0.26315789473684226,0.2954545454545455,0.9069767441860463,0.39873417721518983,0.39622641509433965,0.7619047619047621,0.9424083769633509,0.6283367556468207,0.5166666666666672,0.2444444444444444,0.07894736842105238,0.0,0.6666666666666666
0.26315789473684226,0.3409090909090909,0.46511627906976727,0.120253164556962,0.2075471698113207,0.3174603174603175,0.2774869109947645,0.09137577002052866,0.6000000000000002,0.6222222222222222,0.9210526315789476,0.0,0.0
0.2894736842105264,0.36363636363636365,0.5116279069767441,0.0632911392405063,0.35849056603773577,0.4603174603174604,0.33507853403141374,0.24332648870636453,0.7333333333333338,0.8,0.5526315789473686,0.0,0.0
0.4210526315789475,0.3863636363636364,0.37209302325581384,0.4050632911392405,0.8301886792452833,0.36507936507936517,0.7015706806282724,0.6078028747433207,0.33333333333333315,0.3111111111111111,0.23684210526315808,0.0,0.6666666666666666
0.2368421052631579,0.06818181818181823,0.5116279069767441,0.20253164556962028,0.28301886792452835,0.507936507936508,0.47643979057591634,0.2402464065708435,0.5166666666666672,0.2444444444444444,0.6315789473684214,0.0,0.6666666666666666
0.26315789473684226,0.36363636363636365,0.9534883720930232,0.28481012658227844,0.4339622641509434,0.904761904761905,0.7643979057591626,0.48459958932237795,0.25000000000000006,0.2888888888888889,0.05263157894736825,0.0,0.6666666666666666
0.6052631578947371,0.31818181818181823,0.44186046511627886,0.37341772151898733,0.30188679245283023,0.380952380952381,0.7172774869109949,0.5872689938398321,0.8500000000000003,0.6222222222222222,0.4210526315789474,0.0,0.6666666666666666
0.05263157894736831,0.4090909090909091,0.5348837209302324,0.4050632911392405,0.22641509433962262,0.3174603174603175,0.3612565445026179,0.3285420944558512,0.5333333333333334,0.37777777777777777,0.5789473684210527,0.0,0.6666666666666666
0.21052631578947378,0.25,0.7906976744186045,0.9367088607594938,0.6037735849056605,0.5396825396825398,0.7382198952879583,0.8788501026694084,0.3500000000000002,0.4222222222222222,0.07894736842105238,0.0,1.0
0.18421052631578938,0.4318181818181819,0.5116279069767441,0.430379746835443,0.5094339622641509,0.7460317460317462,0.8219895287958117,0.7279260780287424,0.7666666666666672,0.7333333333333334,0.15789473684210523,0.0,1.0
0.34210526315789486,0.22727272727272724,0.7209302325581394,0.120253164556962,0.2641509433962264,0.6825396825396826,0.5026178010471205,0.1067761806981451,0.5333333333333334,0.2444444444444444,0.8157894736842106,0.0,1.0
0.07894736842105271,0.4090909090909091,0.9302325581395348,0.10126582278481011,0.45283018867924535,0.1904761904761905,0.6753926701570682,0.3305954825462023,0.4833333333333337,0.7111111111111111,0.2894736842105263,0.0,0.6666666666666666
0.5789473684210528,0.7727272727272727,0.4883720930232557,0.5316455696202531,0.39622641509433965,0.015873015873015872,0.8795811518324609,0.7864476386036985,0.233333333333333,0.6444444444444444,0.13157894736842113,0.0,1.0
0.4210526315789475,0.0,0.4186046511627906,0.01898734177215189,0.018867924528301827,0.07936507936507936,0.15706806282722519,0.4147843942505077,0.8833333333333336,0.2888888888888889,0.26315789473684226,0.0,1.0
0.3947368421052634,0.04545454545454547,0.46511627906976727,0.5443037974683544,0.6037735849056605,0.7142857142857144,0.8324607329842932,0.8542094455852176,0.7666666666666672,0.1333333333333333,0.18421052631578938,0.0,0.6666666666666666
0.1578947368421053,0.06818181818181823,0.44186046511627886,0.5506329113924049,0.35849056603773577,0.4444444444444445,0.3769633507853404,0.6036960985626298,0.3166666666666668,0.0888888888888888,0.07894736842105238,0.0,0.6666666666666666
0.6578947368421055,0.09090909090909088,0.5348837209302324,0.012658227848101278,0.15094339622641506,0.23809523809523814,0.24083769633507868,0.27926078028746953,0.3166666666666668,0.1333333333333333,0.4210526315789474,0.0,0.0
0.7105263157894738,0.18181818181818182,0.4186046511627906,0.42405063291139233,0.3396226415094339,0.8253968253968255,0.7853403141361257,0.6078028747433207,0.3166666666666668,0.5111111111111112,0.2894736842105263,0.0,1.0
0.3157894736842105,0.18181818181818182,0.9999999999999999,0.8924050632911391,0.5094339622641509,0.2698412698412699,0.5759162303664922,0.9363449691991832,0.01666666666666633,0.0666666666666666,0.13157894736842113,0.0,1.0
0.26315789473684226,0.2954545454545455,0.44186046511627886,0.18354430379746833,0.169811320754717,0.904761904761905,0.5968586387434556,0.2967145790554371,0.28333333333333344,0.6,0.5789473684210527,0.0,0.6666666666666666
0.868421052631579,0.4545454545454546,0.8372093023255813,0.8101265822784809,0.5660377358490566,1.0,0.9005235602094241,0.9568788501026718,0.7166666666666668,0.1111111111111111,0.15789473684210523,0.0,0.6666666666666666
0.21052631578947378,0.1363636363636364,0.3488372093023254,0.8860759493670884,0.5660377358490566,0.047619047619047616,0.4921465968586389,0.8408624229979409,0.4333333333333333,0.46666666666666673,0.18421052631578938,0.0,0.6666666666666666
0.10526315789473678,0.22727272727272724,0.37209302325581384,0.5727848101265822,0.2641509433962264,0.9206349206349208,0.712041884816754,0.43839835728952864,0.666666666666667,0.39999999999999997,0.6052631578947367,0.0,0.6666666666666666
0.5789473684210528,0.09090909090909088,0.8372093023255813,0.5822784810126582,0.5660377358490566,0.8412698412698415,0.5706806282722514,0.7515400410677634,0.3500000000000002,0.2444444444444444,0.26315789473684226,0.0,0.6666666666666666
0.5526315789473686,0.06818181818181823,0.5116279069767441,0.04430379746835442,0.28301886792452835,0.7301587301587302,0.6387434554973823,0.21765913757700384,0.4666666666666667,0.26666666666666666,0.6842105263157896,0.0,0.0
0.3947368421052634,0.3863636363636364,0.5116279069767441,0.037974683544303806,0.2075471698113207,0.4603174603174604,0.46073298429319387,0.12320328542094283,0.4333333333333333,0.2888888888888889,0.6578947368421055,0.0,0.0
0.26315789473684226,0.7272727272727273,0.2790697674418603,0.8670886075949367,0.41509433962264153,0.7301587301587302,0.8219895287958117,0.9029774127310086,0.7666666666666672,0.6222222222222222,0.4210526315789474,0.0,1.0
0.1578947368421053,0.27272727272727276,0.5116279069767441,0.15822784810126578,0.05660377358490565,0.380952380952381,0.45549738219895297,0.17659137577001532,0.7833333333333334,0.8666666666666667,0.8947368421052635,0.0,0.0
0.7105263157894738,0.31818181818181823,0.6976744186046511,0.37341772151898733,0.47169811320754723,0.39682539682539686,0.3717277486910996,0.5770020533880879,0.5499999999999998,0.26666666666666666,0.3157894736842105,0.0,0.6666666666666666
0.36842105263157904,0.27272727272727276,0.7906976744186045,0.4556962025316455,0.39622641509433965,0.7460317460317462,0.8219895287958117,0.6529774127310001,0.45000000000000034,0.4222222222222222,0.13157894736842113,0.0,1.0
0.21052631578947378,0.4318181818181819,0.7209302325581394,1.0,0.22641509433962262,0.8412698412698415,0.7696335078534033,0.958932238193023,0.5333333333333334,0.5555555555555555,0.13157894736842113,0.0,0.6666666666666666
0.5263157894736845,0.3863636363636364,0.8837209302325579,0.8354430379746833,0.3207547169811321,0.904761904761905,0.9319371727748693,0.905544147843939,0.21666666666666662,0.6,0.13157894736842113,0.0,1.0
0.1578947368421053,0.4090909090909091,0.5348837209302324,0.5632911392405062,0.13207547169811318,0.2698412698412699,0.33507853403141374,0.3182751540041069,0.28333333333333344,0.2444444444444444,0.8421052631578949,0.0,0.0
0.26315789473684226,0.3863636363636364,0.4883720930232557,0.7531645569620252,0.37735849056603776,0.7936507936507937,0.7068062827225132,0.6139630390143741,0.1499999999999999,0.6,0.3421052631578946,0.0,1.0
0.34210526315789486,0.36363636363636365,0.9069767441860463,0.24050632911392406,0.169811320754717,0.49206349206349215,0.6910994764397906,0.5154004106776222,0.3166666666666668,0.2888888888888889,0.26315789473684226,0.0,0.6666666666666666
0.5526315789473686,0.4090909090909091,0.325581395348837,0.22784810126582278,0.5283018867924528,0.047619047619047616,0.5654450261780106,0.6488706365503092,0.3500000000000002,0.39999999999999997,0.05263157894736825,0.0,0.3333333333333333
0.7105263157894738,0.3409090909090909,0.9069767441860463,0.38607594936708856,0.3207547169811321,0.2698412698412699,0.5130890052356022,0.5051334702258665,0.3500000000000002,0.19999999999999993,0.5000000000000002,0.0,0.6666666666666666
0.8157894736842107,0.25,0.4883720930232557,0.11392405063291136,0.13207547169811318,0.09523809523809523,0.18324607329842946,0.2474332648870668,0.21666666666666662,0.26666666666666666,0.6842105263157896,0.0,0.6666666666666666
0.5526315789473686,0.15909090909090906,0.5581395348837208,0.012658227848101278,0.6603773584905661,0.33333333333333337,0.44502617801047134,0.37166324435317943,0.9666666666666669,0.33333333333333326,0.4736842105263157,0.0,0.6666666666666666
0.34210526315789486,0.1363636363636364,0.325581395348837,0.3481012658227848,0.35849056603773577,0.36507936507936517,0.3874345549738221,0.41067761806981684,0.3166666666666668,0.0222222222222222,0.3421052631578946,0.0,0.6666666666666666
0.07894736842105271,0.04545454545454547,0.5116279069767441,0.012658227848101278,0.2075471698113207,0.031746031746031744,0.3298429319371729,0.1673511293634523,0.5499999999999998,0.3555555555555555,0.5526315789473686,0.0,1.0
0.2894736842105264,0.3409090909090909,0.9767441860465116,0.43670886075949367,0.45283018867924535,0.4761904761904763,0.8691099476439792,0.6190965092402462,0.3833333333333336,0.4222222222222222,0.15789473684210523,0.0,0.6666666666666666
0.5526315789473686,0.09090909090909088,0.6279069767441858,0.3291139240506329,0.47169811320754723,0.25396825396825395,0.586387434554974,0.6139630390143741,0.45000000000000034,0.5111111111111112,0.4210526315789474,0.0,0.6666666666666666
0.8157894736842107,0.04545454545454547,0.5348837209302324,0.0,0.9622641509433962,0.1904761904761905,0.16230366492146608,0.2689938398357252,0.3500000000000002,0.3111111111111111,0.4473684210526315,0.0,0.6666666666666666
0.07894736842105271,0.18181818181818182,0.23255813953488358,0.9493670886075949,0.35849056603773577,0.5714285714285715,0.45549738219895297,0.9383983572895229,0.4833333333333337,0.3111111111111111,0.0,0.0,0.6666666666666666
0.4210526315789475,0.4090909090909091,0.5813953488372091,0.03164556962025317,0.2641509433962264,0.3015873015873016,0.518324607329843,0.2381930184804924,0.3999999999999999,0.7111111111111111,0.868421052631579,0.0,0.6666666666666666
0.6052631578947371,0.25,0.46511627906976727,0.430379746835443,0.2452830188679245,0.9841269841269843,0.8900523560209426,0.6232032854209485,0.28333333333333344,0.39999999999999997,0.3157894736842105,0.0,1.0
0.6842105263157897,0.7045454545454546,0.4186046511627906,0.620253164556962,0.490566037735849,0.3174603174603175,0.6858638743455499,0.6386036960985649,0.21666666666666662,0.33333333333333326,0.6578947368421055,0.0,0.0
0.7894736842105267,0.09090909090909088,0.7441860465116277,0.25949367088607594,0.2075471698113207,0.031746031746031744,0.2670157068062828,0.4537987679671451,0.3833333333333336,0.4444444444444445,0.7368421052631579,0.0,1.0
0.07894736842105271,0.3863636363636364,0.4186046511627906,0.19620253164556956,0.09433962264150936,0.2698412698412699,0.31413612565445037,0.1170431211498894,0.6333333333333336,0.1333333333333333,0.7368421052631579,0.0,0.0
0.5526315789473686,0.20454545454545456,0.5116279069767441,0.5189873417721518,0.2452830188679245,0.7777777777777779,0.8638743455497384,0.7310061601642748,0.18333333333333324,0.5333333333333334,0.2105263157894735,0.0,0.6666666666666666
0.3947368421052634,0.2954545454545455,0.7209302325581394,0.04430379746835442,0.41509433962264153,0.015873015873015872,0.5654450261780106,0.35112936344969087,0.36666666666666653,0.8222222222222222,0.6578947368421055,0.0,0.6666666666666666
0.18421052631578938,0.18181818181818182,0.9069767441860463,0.03164556962025317,0.490566037735849,0.20634920634920637,0.31937172774869116,0.3408624229979466,0.6166666666666666,0.3111111111111111,0.18421052631578938,0.0,1.0
0.473684210526316,0.22727272727272724,0.325581395348837,0.04430379746835442,0.37735849056603776,0.20634920634920637,0.7068062827225132,0.25462012320327865,0.5333333333333334,0.46666666666666673,0.6052631578947367,0.0,0.6666666666666666
0.473684210526316,0.31818181818181823,0.37209302325581384,0.7278481012658228,0.39622641509433965,0.6825396825396826,0.8010471204188483,0.8234086242299847,0.28333333333333344,0.4444444444444445,0.02631578947368418,0.0,0.6666666666666666
0.5263157894736845,0.25,0.6279069767441858,0.7911392405063291,0.6603773584905661,0.7460317460317462,0.8691099476439792,0.8234086242299847,0.11666666666666653,0.26666666666666666,0.05263157894736825,0.0,1.0
0.10526315789473678,0.2954545454545455,0.2790697674418603,0.740506329113924,0.6226415094339623,0.5873015873015874,0.9424083769633509,0.5256673511293665,0.6499999999999999,0.1333333333333333,0.8947368421052635,0.0,0.6666666666666666
1.0000000000000002,0.04545454545454547,0.9069767441860463,0.0632911392405063,0.35849056603773577,0.20634920634920637,0.42408376963350797,0.5811088295687901,0.28333333333333344,0.46666666666666673,0.3421052631578946,0.0,0.3333333333333333
0.473684210526316,0.09090909090909088,0.7209302325581394,0.012658227848101278,0.4339622641509434,0.5714285714285715,0.3717277486910996,0.24845995893223666,0.3500000000000002,0.2888888888888889,0.39473684210526333,0.0,1.0
0.13157894736842113,0.09090909090909088,0.4186046511627906,0.0,0.22641509433962262,0.3015873015873016,0.32460732984293206,0.14989733059548477,0.6000000000000002,0.5111111111111112,0.46052631578947384,0.0,0.0
0.2894736842105264,0.5227272727272727,0.5348837209302324,0.15822784810126578,0.2075471698113207,0.28571428571428575,0.3455497382198954,0.193018480492813,0.41666666666666696,0.1333333333333333,0.6052631578947367,0.0,0.6666666666666666
0.44736842105263164,0.25,0.9069767441860463,0.12658227848101267,0.09433962264150936,0.39682539682539686,0.36649214659685875,0.08418891170430542,0.33333333333333315,0.15555555555555556,0.8947368421052635,0.0,0.0
0.26315789473684226,0.06818181818181823,0.5116279069767441,0.08860759493670883,0.4339622641509434,0.5714285714285715,0.9109947643979059,0.4435318275154008,0.9500000000000004,0.39999999999999997,0.2105263157894735,0.0,0.6666666666666666
0.44736842105263164,0.4090909090909091,0.6976744186046511,0.03164556962025317,0.169811320754717,0.126984126984127,0.3036649214659687,0.5051334702258665,0.8166666666666669,0.6222222222222222,0.39473684210526333,0.0,1.0
0.21052631578947378,0.06818181818181823,0.4186046511627906,0.23417721518987344,0.22641509433962262,0.5396825396825398,0.5602094240837697,0.37166324435317943,0.8000000000000006,0.3111111111111111,0.5000000000000002,0.0,0.0
0.21052631578947378,0.15909090909090906,0.3953488372093022,0.04430379746835442,0.2452830188679245,0.5714285714285715,0.649214659685864,0.392197125256668,0.933333333333334,0.8666666666666667,0.4210526315789474,0.0,0.0
0.5789473684210528,0.3863636363636364,0.44186046511627886,0.60126582278481,0.28301886792452835,0.25396825396825395,0.6230366492146598,0.7310061601642748,0.18333333333333324,0.0666666666666666,0.13157894736842113,0.0,1.0
0.5526315789473686,0.20454545454545456,0.44186046511627886,0.10126582278481011,0.1132075471698113,0.3015873015873016,0.3769633507853404,0.2525667351129389,0.11666666666666653,0.48888888888888893,0.5263157894736844,0.0,0.6666666666666666
0.5526315789473686,0.22727272727272724,0.4883720930232557,0.7658227848101264,0.47169811320754723,0.33333333333333337,0.8062827225130891,0.9609856262833627,0.19999999999999962,0.46666666666666673,0.05263157894736825,0.0,0.6666666666666666
0.2894736842105264,0.3409090909090909,0.9767441860465116,0.43670886075949367,0.45283018867924535,0.4761904761904763,0.8691099476439792,0.6190965092402462,0.3833333333333336,0.4222222222222222,0.15789473684210523,0.0,0.6666666666666666
0.6315789473684212,0.22727272727272724,0.6511627906976742,0.06962025316455694,0.6226415094339623,0.14285714285714285,0.7382198952879583,0.4640657084188894,0.4666666666666667,0.5111111111111112,0.26315789473684226,0.0,1.0
0.7105263157894738,0.3863636363636364,0.325581395348837,0.037974683544303806,0.13207547169811318,0.07936507936507936,0.2146596858638744,0.2997946611909581,0.25000000000000006,0.33333333333333326,0.4210526315789474,0.0,1.0
0.26315789473684226,0.18181818181818182,0.9069767441860463,0.4113924050632911,0.5471698113207547,0.5873015873015874,0.6544502617801048,0.546201232032855,0.5666666666666669,0.4444444444444445,0.3157894736842105,0.0,0.6666666666666666
0.2368421052631579,0.25,0.3023255813953487,0.879746835443038,0.2641509433962264,0.6666666666666667,0.6073298429319373,0.7772073921971241,0.3500000000000002,0.0666666666666666,0.2105263157894735,0.0,0.6666666666666666
0.44736842105263164,0.6818181818181819,0.3953488372093022,0.46835443037974683,0.6037735849056605,0.8730158730158731,0.7015706806282724,0.3172484599589256,0.3833333333333336,0.0888888888888888,0.7631578947368425,0.0,0.6666666666666666
0.34210526315789486,0.3863636363636364,0.7441860465116277,0.34177215189873417,0.6037735849056605,0.3174603174603175,0.6387434554973823,0.6180698151950763,0.3833333333333336,0.2888888888888889,0.18421052631578938,0.0,1.0
0.5263157894736845,0.1363636363636364,0.4186046511627906,0.5126582278481012,0.41509433962264153,0.380952380952381,0.3612565445026179,0.5995893223819275,0.3833333333333336,0.33333333333333326,0.23684210526315808,0.0,0.0
0.6578947368421055,0.25,0.5581395348837208,0.6582278481012658,0.28301886792452835,0.7619047619047621,0.9214659685863875,0.7802874743326451,0.2999999999999997,0.5555555555555555,0.18421052631578938,0.0,0.6666666666666666
0.6052631578947371,0.31818181818181823,0.325581395348837,0.08860759493670883,0.35849056603773577,0.380952380952381,0.6858638743455499,0.3737166324435306,0.5666666666666669,0.5333333333333334,0.4473684210526315,0.0,0.6666666666666666
1.0000000000000002,0.09090909090909088,0.9069767441860463,0.03164556962025317,0.30188679245283023,0.5396825396825398,0.5445026178010473,0.5154004106776222,0.18333333333333324,0.37777777777777777,0.23684210526315808,0.0,0.0
0.3157894736842105,0.27272727272727276,0.3488372093023254,0.670886075949367,0.37735849056603776,0.634920634920635,0.7958115183246075,0.7628336755646775,0.666666666666667,0.2444444444444444,0.23684210526315808,0.0,0.6666666666666666
0.473684210526316,0.04545454545454547,0.44186046511627886,0.0,0.1132075471698113,0.5555555555555557,0.5078534031413614,0.010266940451744255,0.3166666666666668,0.17777777777777778,0.8421052631578949,0.0,0.0
0.18421052631578938,0.2954545454545455,0.5116279069767441,0.3291139240506329,0.4339622641509434,0.6666666666666667,0.7068062827225132,0.3418891170431165,0.4833333333333337,0.6222222222222222,0.5526315789473686,0.0,0.6666666666666666
0.3157894736842105,0.7272727272727273,0.9069767441860463,0.4050632911392405,0.5094339622641509,0.22222222222222224,0.8272251308900525,0.6283367556468207,0.2999999999999997,0.1333333333333333,0.02631578947368418,0.0,1.0
0.3157894736842105,0.25,0.5581395348837208,0.12658227848101267,0.5471698113207547,0.2698412698412699,0.6020942408376965,0.40041067761807253,0.5499999999999998,0.33333333333333326,0.39473684210526333,0.0,0.6666666666666666
0.21052631578947378,0.36363636363636365,0.5348837209302324,0.15822784810126578,0.22641509433962262,0.507936507936508,0.6753926701570682,0.04004106776180727,0.41666666666666696,0.1111111111111111,0.9210526315789476,0.0,0.6666666666666666
0.3157894736842105,0.31818181818181823,0.46511627906976727,0.7531645569620252,0.15094339622641506,0.4126984126984128,0.7905759162303665,0.5451745379876738,0.3166666666666668,0.15555555555555556,0.6052631578947367,0.0,0.6666666666666666
0.21052631578947378,0.36363636363636365,0.4883720930232557,0.012658227848101278,0.4339622641509434,0.22222222222222224,0.518324607329843,0.052361396303902685,0.6499999999999999,0.48888888888888893,0.9736842105263159,0.0,0.6666666666666666
0.3947368421052634,0.11363636363636359,0.5116279069767441,0.43670886075949367,0.3207547169811321,0.39682539682539686,0.5445026178010473,0.5215605749486641,0.7833333333333334,0.15555555555555556,0.4210526315789474,0.0,0.6666666666666666
0.1578947368421053,0.3409090909090909,0.7209302325581394,0.620253164556962,0.4339622641509434,0.7936507936507937,0.6439790575916231,0.4332648870636565,0.2666666666666664,0.6,0.5438596500000001,0.0,0.0
0.36842105263157904,0.11363636363636359,0.6046511627906975,0.05696202531645567,0.18867924528301894,0.39682539682539686,0.36649214659685875,0.22792607802874815,0.36666666666666653,0.48888888888888893,0.5000000000000002,0.0,0.0
0.2894736842105264,0.4318181818181819,0.6511627906976742,0.4620253164556962,0.4339622641509434,1.0,0.7748691099476441,0.5585215605749504,0.3500000000000002,0.39999999999999997,0.18421052631578938,0.0,1.0
0.4210526315789475,0.1363636363636364,0.46511627906976727,0.3227848101265822,0.22641509433962262,0.4126984126984128,0.4921465968586389,0.4537987679671451,0.5166666666666672,0.4222222222222222,0.5000000000000002,0.0,1.0
0.6578947368421055,0.06818181818181823,0.5116279069767441,0.037974683544303806,0.5283018867924528,0.6666666666666667,0.649214659685864,0.546201232032855,0.6000000000000002,0.9777777777777779,0.18421052631578938,0.0,0.6666666666666666
0.6578947368421055,0.2954545454545455,0.3953488372093022,0.04430379746835442,0.169811320754717,0.3174603174603175,0.5026178010471205,0.14373716632443134,0.06666666666666671,0.4222222222222222,0.7894736842105265,0.0,0.6666666666666666
0.1578947368421053,0.2954545454545455,0.37209302325581384,0.01898734177215189,0.2452830188679245,0.4285714285714286,0.586387434554974,0.18172484599588745,0.8833333333333336,0.2444444444444444,0.5789473684210527,0.0,0.6666666666666666
0.1578947368421053,0.11363636363636359,0.6279069767441858,0.5506329113924049,0.13207547169811318,0.1904761904761905,0.12565445026178024,0.3819301848049237,0.25000000000000006,0.7555555555555555,0.8157894736842106,0.0,0.6666666666666666
0.5000000000000001,0.25,0.44186046511627886,0.4113924050632911,0.45283018867924535,0.5238095238095238,0.6910994764397906,0.7207392197125306,0.8333333333333339,0.1333333333333333,0.18421052631578938,0.0,1.0
0.2368421052631579,0.18181818181818182,0.4186046511627906,0.08860759493670883,0.3207547169811321,0.5238095238095238,0.39790575916230375,0.05133470225872144,0.3500000000000002,0.1111111111111111,0.7105263157894737,0.0,0.0
1.0000000000000002,0.0,0.6279069767441858,0.006329113924050611,0.169811320754717,0.49206349206349215,0.3036649214659687,0.193018480492813,0.19999999999999962,0.5111111111111112,0.7105263157894737,0.0,0.6666666666666666
0.5263157894736845,0.1363636363636364,0.6046511627906975,0.012658227848101278,0.2452830188679245,0.6190476190476192,0.44502617801047134,0.32032854209445805,0.7166666666666668,0.04444444444444445,0.26315789473684226,0.0,0.6666666666666666
0.2368421052631579,0.4090909090909091,0.5116279069767441,0.03164556962025317,0.22641509433962262,0.11111111111111116,0.26178010471204194,0.046201232032849315,0.6166666666666666,0.3111111111111111,0.8947368421052635,0.0,0.6666666666666666
0.21052631578947378,0.75,0.2558139534883719,0.0,0.35849056603773577,0.126984126984127,0.3769633507853404,0.4075975359342958,0.3500000000000002,0.3111111111111111,0.07894736842105238,0.0,1.0
0.3947368421052634,0.11363636363636359,0.5813953488372091,0.7911392405063291,0.2452830188679245,0.6984126984126985,0.4816753926701572,0.6139630390143741,0.11666666666666653,0.6888888888888889,0.4736842105263157,0.0,0.6666666666666666
0.4210526315789475,0.3409090909090909,0.9069767441860463,0.17721518987341772,0.41509433962264153,0.507936507936508,0.5759162303664922,0.4435318275154008,0.033333333333333326,0.17777777777777778,0.13157894736842113,0.0,0.6666666666666666
0.5000000000000001,0.09090909090909088,0.44186046511627886,0.0,0.2075471698113207,0.33333333333333337,0.39267015706806296,0.05338809034907255,0.2666666666666664,0.1111111111111111,0.7368421052631579,0.0,0.6666666666666666
0.6052631578947371,0.5681818181818182,0.46511627906976727,0.26582278481012656,0.22641509433962262,0.380952380952381,0.549738219895288,0.4948665297741222,0.7500000000000001,0.26666666666666666,0.5526315789473686,0.0,0.6666666666666666
0.2894736842105264,0.09090909090909088,0.44186046511627886,0.04430379746835442,0.18867924528301894,0.5396825396825398,0.617801047120419,0.3305954825462023,0.933333333333334,0.39999999999999997,0.4210526315789474,0.0,0.6666666666666666
0.5000000000000001,0.18181818181818182,0.37209302325581384,0.03164556962025317,0.28301886792452835,0.4285714285714286,0.7643979057591626,0.2525667351129389,0.5666666666666669,0.3555555555555555,0.6052631578947367,0.0,0.6666666666666666
0.6315789473684212,0.27272727272727276,0.3953488372093022,0.05696202531645567,0.490566037735849,0.7460317460317462,0.8848167539267017,0.3408624229979466,0.5,0.39999999999999997,0.5263157894736844,0.0,0.6666666666666666
0.6842105263157897,0.25,0.5813953488372091,0.006329113924050611,0.5471698113207547,0.126984126984127,0.5759162303664922,0.42915811088295425,0.25000000000000006,0.5111111111111112,0.15789473684210523,0.0,1.0
0.5789473684210528,0.36363636363636365,0.3488372093023254,0.20886075949367086,0.5471698113207547,0.2698412698412699,0.44502617801047134,0.6283367556468207,0.3166666666666668,0.37777777777777777,0.07894736842105238,0.0,1.0
0.7105263157894738,0.2954545454545455,0.5348837209302324,0.01898734177215189,0.37735849056603776,0.33333333333333337,0.3874345549738221,0.12114989733059162,0.08333333333333309,0.26666666666666666,0.9210526315789476,0.0,0.6666666666666666
0.5263157894736845,0.3409090909090909,0.9302325581395348,0.05063291139240503,0.3207547169811321,0.4761904761904763,0.5287958115183247,0.4332648870636565,0.8666666666666674,0.39999999999999997,0.3421052631578946,0.0,0.0
0.36842105263157904,0.31818181818181823,0.7674418604651161,0.41772151898734167,0.09433962264150936,0.39682539682539686,0.4397905759162305,0.22176591375769472,0.25000000000000006,0.6,0.9473684210526319,0.0,0.0
0.10526315789473678,0.4090909090909091,0.6511627906976742,0.23734177215189872,0.15094339622641506,0.28571428571428575,0.35602094240837706,0.15605749486652676,0.8166666666666669,0.22222222222222218,0.7631578947368425,0.0,0.0
0.26315789473684226,0.20454545454545456,0.5813953488372091,0.22784810126582278,0.2641509433962264,0.6031746031746033,0.6335078534031415,0.27515400410677865,0.41666666666666696,0.17777777777777778,0.5526315789473686,0.0,0.0
0.7894736842105267,0.9772727272727272,0.7906976744186045,0.6139240506329113,0.490566037735849,0.6507936507936509,0.8848167539267017,0.8850102669404505,0.36666666666666653,0.4222222222222222,0.39473684210526333,0.0,1.0
0.6052631578947371,0.31818181818181823,0.6744186046511627,0.5,0.2075471698113207,0.047619047619047616,0.47643979057591634,0.412731006160168,0.21666666666666662,0.1333333333333333,0.8157894736842106,0.0,0.0
0.36842105263157904,0.22727272727272724,0.6279069767441858,0.4082278481012658,0.3396226415094339,0.8571428571428573,0.8481675392670158,0.6478439425051279,0.45000000000000034,0.39999999999999997,0.13157894736842113,0.0,0.6666666666666666
0.36842105263157904,0.18181818181818182,0.4883720930232557,0.37341772151898733,0.22641509433962262,0.4444444444444445,0.4973821989528797,0.23408624229979014,0.1499999999999999,0.15555555555555556,0.7894736842105265,0.0,0.0
0.1578947368421053,0.36363636363636365,0.5348837209302324,0.06962025316455694,0.3207547169811321,0.4126984126984128,0.5287958115183247,0.0164271047227863,0.6499999999999999,0.22222222222222218,0.9473684210526319,0.0,0.6666666666666666
0.5263157894736845,0.11363636363636359,0.4883720930232557,0.8544303797468353,0.37735849056603776,0.5396825396825398,0.87434554973822,0.9363449691991832,0.28333333333333344,0.39999999999999997,0.07894736842105238,0.0,0.6666666666666666
0.05263157894736831,0.1477272727272727,0.1395348837209301,0.7310126582278482,0.490566037735849,0.4126984126984128,0.46596858638743466,0.6324435318275115,0.7833333333333334,0.1333333333333333,0.5000000000000002,0.0,0.6666666666666666
0.4210526315789475,0.47727272727272724,0.4883720930232557,0.05063291139240503,0.8301886792452833,0.15873015873015875,0.712041884816754,0.5051334702258665,0.41666666666666696,0.33333333333333326,0.13157894736842113,0.0,1.0
0.2894736842105264,0.36363636363636365,0.3953488372093022,0.189873417721519,0.2452830188679245,0.507936507936508,0.3717277486910996,0.08008213552361448,0.45000000000000034,0.6222222222222222,0.9736842105263159,0.0,0.0
0.36842105263157904,0.4545454545454546,0.0,0.0253164556962025,0.45283018867924535,0.380952380952381,0.4816753926701572,0.42299794661191226,0.4666666666666667,0.19999999999999993,0.15789473684210523,0.0,1.0
0.1578947368421053,0.1363636363636364,0.325581395348837,0.27215189873417717,0.9433962264150944,0.6984126984126985,0.9162303664921467,0.5318275154004084,0.4666666666666667,0.2444444444444444,0.15789473684210523,0.0,1.0
0.1578947368421053,0.2954545454545455,0.4883720930232557,0.25316455696202533,0.3396226415094339,0.7777777777777779,0.7539267015706808,0.2997946611909581,0.5833333333333331,0.4444444444444445,0.5526315789473686,0.0,0.6666666666666666
0.5263157894736845,0.25,0.6279069767441858,0.10126582278481011,0.47169811320754723,0.3015873015873016,0.5549738219895289,0.19507186858316422,0.18333333333333324,0.46666666666666673,0.6052631578947367,0.0,0.6666666666666666
0.26315789473684226,0.25,0.5116279069767441,0.28481012658227844,0.45283018867924535,0.5714285714285715,0.7853403141361257,0.5667351129363436,0.4333333333333333,0.8,0.07894736842105238,0.0,0.6666666666666666
0.34210526315789486,0.5,0.4186046511627906,0.4620253164556962,0.169811320754717,0.380952380952381,0.2879581151832462,0.20841889117042944,0.04999999999999971,0.15555555555555556,0.9473684210526319,0.0,0.6666666666666666
0.5526315789473686,0.06818181818181823,0.7906976744186045,0.6518987341772151,0.39622641509433965,0.9523809523809527,0.6282722513089006,0.772073921971252,0.3999999999999999,0.2888888888888889,0.2894736842105263,0.0,0.6666666666666666
0.3157894736842105,0.4090909090909091,0.8604651162790696,0.9240506329113922,0.7169811320754718,0.34920634920634924,0.7696335078534033,0.9486652977412786,0.41666666666666696,0.5333333333333334,0.02631578947368418,0.0,1.0
0.1578947368421053,0.11363636363636359,0.37209302325581384,0.7215189873417721,0.4339622641509434,0.7142857142857144,0.6335078534031415,0.7926078028747405,0.6166666666666666,0.0888888888888888,0.0,0.0,0.6666666666666666
0.07894736842105271,0.27272727272727276,0.46511627906976727,0.05063291139240503,0.2641509433962264,0.39682539682539686,0.4136125654450263,0.04825462012320042,0.9166666666666672,0.4444444444444445,0.9473684210526319,0.0,0.0
0.6842105263157897,0.04545454545454547,0.6046511627906975,0.03164556962025317,0.15094339622641506,0.14285714285714285,0.5026178010471205,0.47433264887063364,0.45000000000000034,0.15555555555555556,0.3684210526315792,0.0,0.3333333333333333
0.3157894736842105,0.31818181818181823,0.7209302325581394,0.37974683544303794,0.39622641509433965,0.8571428571428573,0.8795811518324609,0.6262833675564695,0.3500000000000002,0.3555555555555555,0.13157894736842113,0.0,1.0
0.3157894736842105,0.31818181818181823,0.7209302325581394,0.37974683544303794,0.39622641509433965,0.8571428571428573,0.8795811518324609,0.6262833675564695,0.3500000000000002,0.3555555555555555,0.13157894736842113,0.0,1.0
0.36842105263157904,0.4090909090909091,0.5581395348837208,0.012658227848101278,0.35849056603773577,0.14285714285714285,0.2146596858638744,0.24845995893223666,0.19999999999999962,0.33333333333333326,0.4473684210526315,0.0,0.3333333333333333
0.3157894736842105,0.25,0.6046511627906975,0.4493670886075949,0.37735849056603776,0.7777777777777779,0.8062827225130891,0.6488706365503092,0.25000000000000006,0.22222222222222218,0.07894736842105238,0.0,1.0
0.44736842105263164,0.4090909090909091,0.5116279069767441,0.6329113924050633,0.2452830188679245,0.17460317460317462,0.20942408376963362,0.4332648870636565,0.5166666666666672,0.17777777777777778,0.6842105263157896,0.0,0.3333333333333333
0.05263157894736831,0.4545454545454546,0.0,0.01898734177215189,0.1132075471698113,0.23809523809523814,0.2198952879581153,0.11498973305954968,0.7166666666666668,0.4222222222222222,0.6052631578947367,0.0,0.0
0.2368421052631579,0.6136363636363636,0.2790697674418603,0.39873417721518983,0.18867924528301894,0.28571428571428575,0.47643979057591634,0.22997946611909925,0.45000000000000034,0.15555555555555556,0.8,0.0,0.0
0.26315789473684226,0.8181818181818182,0.23255813953488358,0.08860759493670883,0.6415094339622641,0.22222222222222224,0.4502617801047122,0.3757700205338817,0.41666666666666696,0.17777777777777778,0.07894736842105238,0.0,0.6666666666666666
0.9210526315789478,0.15909090909090906,0.6279069767441858,0.012658227848101278,0.05660377358490565,0.23809523809523814,0.3507853403141362,0.3039014373716603,0.45000000000000034,0.1111111111111111,0.6842105263157896,0.0,1.0
0.5789473684210528,0.5909090909090909,0.3953488372093022,0.012658227848101278,0.5283018867924528,0.28571428571428575,0.87434554973822,0.22176591375769472,0.4833333333333337,0.1333333333333333,0.7105263157894737,0.0,1.0
0.34210526315789486,0.5227272727272727,0.7209302325581394,0.3354430379746835,0.679245283018868,0.2698412698412699,0.6439790575916231,0.5975359342915764,0.3833333333333336,0.33333333333333326,0.18421052631578938,0.0,0.6666666666666666
0.26315789473684226,0.27272727272727276,0.5813953488372091,0.42405063291139233,0.5849056603773586,0.634920634920635,0.8638743455497384,0.5944558521560553,0.3833333333333336,0.39999999999999997,0.15789473684210523,0.0,1.0
0.5263157894736845,0.04545454545454547,0.9069767441860463,0.012658227848101278,0.5660377358490566,0.20634920634920637,0.649214659685864,0.22792607802874815,0.5,0.33333333333333326,0.6052631578947367,0.0,0.6666666666666666
0.07894736842105271,0.5,0.5581395348837208,0.20253164556962028,0.018867924528301827,0.25396825396825395,0.2670157068062828,0.12525667351129388,0.8000000000000006,0.2888888888888889,0.7894736842105265,0.0,0.6666666666666666
0.13157894736842113,0.7272727272727273,0.09302325581395338,0.10759493670886075,0.3207547169811321,0.34920634920634924,0.7015706806282724,0.37166324435317943,0.8833333333333336,0.4222222222222222,0.4473684210526315,0.0,0.0
0.26315789473684226,0.4090909090909091,0.3953488372093022,0.2468354430379747,0.169811320754717,0.20634920634920637,0.5026178010471205,0.21765913757700384,0.7166666666666668,0.8666666666666667,0.9473684210526319,0.0,0.6666666666666666
0.6052631578947371,0.22727272727272724,0.4883720930232557,0.01898734177215189,0.41509433962264153,0.4444444444444445,0.4188481675392671,0.3613963039014352,0.4833333333333337,0.5111111111111112,0.5000000000000002,0.0,0.6666666666666666
0.6052631578947371,0.22727272727272724,0.46511627906976727,0.0253164556962025,0.30188679245283023,0.15873015873015875,0.39790575916230375,0.35112936344969087,0.5499999999999998,0.46666666666666673,0.39473684210526333,0.0,0.6666666666666666
0.473684210526316,0.5227272727272727,0.6976744186046511,0.670886075949367,0.13207547169811318,0.4603174603174604,0.9842931937172776,0.7002053388090306,0.28333333333333344,0.4222222222222222,0.23684210526315808,0.0,0.6666666666666666
0.26315789473684226,0.02272727272727265,0.7906976744186045,0.012658227848101278,0.3396226415094339,0.9841269841269843,0.649214659685864,0.12525667351129388,0.3500000000000002,0.9111111111111112,0.6052631578947367,0.0,0.0
0.34210526315789486,0.5681818181818182,0.4883720930232557,0.10759493670886075,0.5471698113207547,0.34920634920634924,0.9214659685863875,0.546201232032855,0.8833333333333336,0.5555555555555555,0.4210526315789474,0.0,0.6666666666666666
0.44736842105263164,0.15909090909090906,0.3953488372093022,0.48101265822784806,0.5849056603773586,0.33333333333333337,0.44502617801047134,0.6283367556468207,0.033333333333333326,0.4444444444444445,0.15789473684210523,0.0,1.0
0.2894736842105264,0.1363636363636364,0.325581395348837,0.5189873417721518,0.35849056603773577,0.3174603174603175,0.649214659685864,0.5687885010266946,0.4833333333333337,0.26666666666666666,0.4210526315789474,0.0,1.0
0.5526315789473686,0.06818181818181823,0.5581395348837208,0.0253164556962025,0.18867924528301894,0.126984126984127,0.39790575916230375,0.2381930184804924,0.19999999999999962,0.9333333333333336,0.5526315789473686,0.0,1.0
0.7631578947368425,0.0,0.6046511627906975,0.4936708860759494,0.018867924528301827,0.126984126984127,0.17801047120418856,0.6283367556468207,0.33333333333333315,0.0666666666666666,0.5657894736842108,0.0,1.0
0.1578947368421053,0.3409090909090909,0.2558139534883719,0.9208860759493671,0.3396226415094339,0.23809523809523814,0.6073298429319373,0.7289527720739237,0.2999999999999997,0.48888888888888893,0.3157894736842105,0.0,0.6666666666666666
0.5526315789473686,0.22727272727272724,0.44186046511627886,0.006329113924050611,0.39622641509433965,0.4603174603174604,0.3036649214659687,0.07392197125256111,0.18333333333333324,0.15555555555555556,0.6710526315789473,0.0,0.6666666666666666
0.36842105263157904,0.18181818181818182,0.46511627906976727,0.7974683544303796,0.5660377358490566,0.7142857142857144,0.8062827225130891,0.9158110882956834,0.8500000000000003,0.15555555555555556,0.23684210526315808,0.0,1.0
0.26315789473684226,0.31818181818181823,0.7209302325581394,0.36708860759493667,0.37735849056603776,0.8888888888888891,0.9947643979057594,0.5872689938398321,0.2666666666666664,0.3111111111111111,0.13157894736842113,0.0,1.0
0.5526315789473686,0.2954545454545455,0.6046511627906975,0.37974683544303794,0.2075471698113207,0.634920634920635,0.7225130890052358,0.4537987679671451,0.16666666666666619,0.0222222222222222,0.5526315789473686,0.0,1.0
0.36842105263157904,0.09090909090909088,0.46511627906976727,0.7468354430379747,0.6981132075471699,0.22222222222222224,0.7591623036649215,0.8829568788500993,0.11666666666666653,0.4444444444444445,0.02631578947368418,0.0,0.0
0.21052631578947378,0.4090909090909091,0.9302325581395348,0.3481012658227848,0.4339622641509434,0.8888888888888891,0.8376963350785342,0.546201232032855,0.4333333333333333,0.2888888888888889,0.18421052631578938,0.0,1.0
0.2368421052631579,0.06818181818181823,0.5116279069767441,0.20253164556962028,0.28301886792452835,0.507936507936508,0.47643979057591634,0.2402464065708435,0.5166666666666672,0.2444444444444444,0.6315789473684214,0.0,0.6666666666666666
0.26315789473684226,0.31818181818181823,0.6046511627906975,0.01898734177215189,0.5283018867924528,0.36507936507936517,0.8376963350785342,0.2700205338809065,0.6333333333333336,0.2888888888888889,0.5000000000000002,0.0,1.0
0.5000000000000001,0.1363636363636364,0.7906976744186045,0.0253164556962025,0.37735849056603776,0.25396825396825395,0.3769633507853404,0.2997946611909581,0.36666666666666653,0.3111111111111111,0.2894736842105263,0.0,0.0
0.3947368421052634,0.31818181818181823,0.5348837209302324,0.012658227848101278,0.2641509433962264,0.17460317460317462,0.3769633507853404,0.09445585215604968,0.233333333333333,0.15555555555555556,0.7368421052631579,0.0,0.6666666666666666
0.3157894736842105,0.06818181818181823,0.46511627906976727,0.006329113924050611,0.1132075471698113,0.126984126984127,0.24607329842931946,0.15092402464065457,0.3999999999999999,0.5777777777777777,0.5526315789473686,0.0,0.6666666666666666
0.3947368421052634,0.3409090909090909,0.5116279069767441,0.30379746835443033,0.28301886792452835,0.17460317460317462,0.4502617801047122,0.3613963039014352,0.18333333333333324,0.5777777777777777,0.6052631578947367,0.0,1.0
0.6315789473684212,0.6590909090909092,0.9069767441860463,0.759493670886076,0.15094339622641506,0.507936507936508,0.6910994764397906,0.6180698151950763,0.3500000000000002,0.0666666666666666,0.6315789473684214,0.0,0.6666666666666666
0.3157894736842105,0.25,0.6046511627906975,0.4493670886075949,0.37735849056603776,0.7777777777777779,0.8062827225130891,0.6488706365503092,0.25000000000000006,0.22222222222222218,0.07894736842105238,0.0,1.0
0.26315789473684226,0.4318181818181819,0.4186046511627906,0.189873417721519,0.28301886792452835,0.3015873015873016,0.2879581151832462,0.08418891170430542,0.5499999999999998,0.7111111111111111,0.9736842105263159,0.0,0.0
0.7631578947368425,0.1363636363636364,0.9069767441860463,0.04430379746835442,0.28301886792452835,0.4603174603174604,0.74869109947644,0.4435318275154008,0.19999999999999962,0.1111111111111111,0.3157894736842105,0.0,1.0
0.2368421052631579,0.4545454545454546,0.4186046511627906,0.8670886075949367,0.41509433962264153,0.6984126984126985,0.9005235602094241,0.8439425051334734,0.5,0.3111111111111111,0.15789473684210523,0.0,1.0
0.10526315789473678,0.2954545454545455,0.3953488372093022,0.7151898734177216,0.37735849056603776,0.7936507936507937,0.7539267015706808,0.7926078028747405,0.5833333333333331,0.22222222222222218,0.105263157894737,0.0,0.6666666666666666
0.36842105263157904,0.27272727272727276,0.7441860465116277,0.04430379746835442,0.45283018867924535,0.5714285714285715,0.5026178010471205,0.3613963039014352,0.9000000000000007,0.3555555555555555,0.4210526315789474,0.0,0.0
0.26315789473684226,0.02272727272727265,0.6046511627906975,0.05063291139240503,0.169811320754717,0.6031746031746033,0.649214659685864,0.27926078028746953,0.8166666666666669,0.8222222222222222,0.5526315789473686,0.0,0.0
0.3157894736842105,0.18181818181818182,0.6279069767441858,0.9113924050632911,0.18867924528301894,0.904761904761905,0.6649214659685865,0.9209445585215554,0.1499999999999999,0.17777777777777778,0.105263157894737,0.0,1.0
0.5789473684210528,0.46590909090909083,0.37209302325581384,0.05696202531645567,0.3396226415094339,0.15873015873015875,0.5654450261780106,0.42299794661191226,0.25000000000000006,0.1333333333333333,0.15789473684210523,0.0,1.0
0.2368421052631579,0.36363636363636365,0.5581395348837208,0.037974683544303806,0.45283018867924535,0.14285714285714285,0.5549738219895289,0.4640657084188894,0.6166666666666666,0.37777777777777777,0.15789473684210523,0.0,0.6666666666666666
0.6578947368421055,0.5,0.9999999999999999,0.7531645569620252,0.45283018867924535,0.9206349206349208,0.5916230366492148,0.866529774127313,0.01666666666666633,0.2888888888888889,0.05263157894736825,0.0,1.0
0.36842105263157904,0.25,0.3953488372093022,0.6139240506329113,0.9622641509433962,0.6666666666666667,0.6701570680628274,0.7412731006160191,0.19999999999999962,0.1333333333333333,0.02631578947368418,0.0,1.0
0.5000000000000001,0.4090909090909091,0.44186046511627886,0.03164556962025317,0.2452830188679245,0.4285714285714286,0.617801047120419,0.35728952772073286,0.45000000000000034,0.5111111111111112,0.5000000000000002,0.0,1.0
0.5789473684210528,0.1363636363636364,0.46511627906976727,0.8354430379746833,0.5849056603773586,0.7619047619047621,0.9764397905759163,0.9774127310061603,0.3500000000000002,0.3111111111111111,0.0,0.0,0.0
0.3157894736842105,0.11363636363636359,0.3488372093023254,0.012658227848101278,0.5094339622641509,0.4603174603174604,0.81151832460733,0.4147843942505077,0.6166666666666666,0.22222222222222218,0.13157894736842113,0.0,0.0
0.2368421052631579,0.18181818181818182,0.46511627906976727,0.0632911392405063,0.47169811320754723,0.28571428571428575,0.4921465968586389,0.26283367556468323,0.5166666666666672,0.33333333333333326,0.39473684210526333,0.0,0.6666666666666666
0.473684210526316,0.1363636363636364,0.4883720930232557,0.5696202531645569,0.5471698113207547,0.6984126984126985,0.7277486910994766,0.772073921971252,0.7833333333333334,0.22222222222222218,0.26315789473684226,0.0,0.6666666666666666
0.473684210526316,0.4318181818181819,0.4186046511627906,0.0253164556962025,0.169811320754717,0.33333333333333337,0.43455497382198965,0.30595482546201147,0.5833333333333331,0.5555555555555555,0.4473684210526315,0.0,0.6666666666666666
0.26315789473684226,0.22727272727272724,0.4883720930232557,0.11392405063291136,0.2452830188679245,0.5714285714285715,0.46073298429319387,0.21252566735113165,0.7333333333333338,0.7555555555555555,0.7368421052631579,0.0,0.0
0.18421052631578938,0.26136363636363635,0.7906976744186045,0.7151898734177216,0.37735849056603776,0.7619047619047621,0.8952879581151834,0.7412731006160191,0.5166666666666672,0.48888888888888893,0.15789473684210523,0.0,0.6666666666666666
0.2894736842105264,0.4090909090909091,0.3023255813953487,0.47468354430379744,0.490566037735849,0.23809523809523814,0.586387434554974,0.4948665297741222,0.16666666666666619,0.22222222222222218,0.4736842105263157,0.0,1.0
0.1578947368421053,0.9431818181818183,0.37209302325581384,0.22151898734177214,0.5283018867924528,0.1904761904761905,0.5235602094240839,0.4948665297741222,0.5166666666666672,0.3111111111111111,0.05263157894736825,0.0,1.0
0.5000000000000001,0.27272727272727276,0.5116279069767441,0.012658227848101278,0.30188679245283023,0.380952380952381,0.35602094240837706,0.030800821355232877,0.233333333333333,0.2888888888888889,0.8157894736842106,0.0,0.6666666666666666
0.7105263157894738,0.8181818181818182,0.8604651162790696,0.006329113924050611,0.22641509433962262,0.28571428571428575,0.5235602094240839,0.4435318275154008,0.4666666666666667,0.22222222222222218,0.5263157894736844,0.0,1.0
0.2894736842105264,0.4545454545454546,0.4186046511627906,0.05063291139240503,0.30188679245283023,0.6031746031746033,0.8481675392670158,0.3408624229979466,0.33333333333333315,0.1111111111111111,0.18421052631578938,0.0,0.6666666666666666
0.34210526315789486,0.22727272727272724,0.6279069767441858,0.6518987341772151,0.3396226415094339,0.9365079365079366,0.7696335078534033,0.7022587268993817,0.25000000000000006,0.46666666666666673,0.26315789473684226,0.0,0.6666666666666666
0.26315789473684226,0.04545454545454547,0.6279069767441858,0.03164556962025317,0.22641509433962262,0.34920634920634924,0.43455497382198965,0.4075975359342958,0.7500000000000001,0.39999999999999997,0.23684210526315808,0.0,0.6666666666666666
0.5263157894736845,0.06818181818181823,0.44186046511627886,0.0253164556962025,0.41509433962264153,0.28571428571428575,0.42408376963350797,0.4537987679671451,0.9833333333333338,0.7333333333333334,0.39473684210526333,0.0,0.6666666666666666
0.2368421052631579,0.4545454545454546,0.20930232558139522,0.30379746835443033,0.30188679245283023,0.2698412698412699,0.6230366492146598,0.4948665297741222,0.36666666666666653,0.6888888888888889,0.26315789473684226,0.0,1.0
0.26315789473684226,0.5909090909090909,0.20930232558139522,0.13924050632911392,0.15094339622641506,0.36507936507936517,0.5130890052356022,0.09445585215604968,0.4833333333333337,0.48888888888888893,1.0,0.0,0.0
0.10526315789473678,0.5,0.37209302325581384,0.14556962025316453,0.2452830188679245,0.5555555555555557,0.6649214659685865,0.166324435318271,0.6833333333333333,0.5111111111111112,0.6315789473684214,0.0,0.6666666666666666
0.6578947368421055,0.840909090909091,0.5581395348837208,0.10126582278481011,0.45283018867924535,0.126984126984127,0.5706806282722514,0.3973305954825401,0.2666666666666664,0.4222222222222222,0.2894736842105263,0.0,1.0
0.473684210526316,0.20454545454545456,0.5348837209302324,0.740506329113924,0.45283018867924535,0.7142857142857144,0.8219895287958117,0.9466119096509276,0.8000000000000006,0.17777777777777778,0.23684210526315808,0.0,1.0
0.1578947368421053,0.31818181818181823,0.3953488372093022,0.19620253164556956,0.39622641509433965,0.7142857142857144,0.6335078534031415,0.1827515400410687,0.5666666666666669,0.5333333333333334,0.7105263157894737,0.0,0.6666666666666666
0.36842105263157904,0.22727272727272724,0.5348837209302324,0.13924050632911392,0.45283018867924535,1.0,0.7068062827225132,0.386036960985626,0.28333333333333344,0.8222222222222222,0.3421052631578946,0.0,0.6666666666666666
0.21052631578947378,0.5,0.37209302325581384,0.7721518987341771,0.490566037735849,0.7777777777777779,0.9162303664921467,0.8336755646817291,0.5333333333333334,0.3111111111111111,0.02631578947368418,0.0,1.0
0.2368421052631579,0.4318181818181819,0.23255813953488358,0.30379746835443033,0.28301886792452835,0.3015873015873016,0.617801047120419,0.4897330595482501,0.36666666666666653,0.6888888888888889,0.26315789473684226,0.0,1.0
0.5000000000000001,0.25,0.6046511627906975,0.7658227848101264,0.47169811320754723,0.4761904761904763,0.9109947643979059,0.9363449691991832,0.18333333333333324,0.3111111111111111,0.0,0.0,0.0
0.34210526315789486,0.7045454545454546,0.46511627906976727,0.27215189873417717,0.2075471698113207,0.34920634920634924,0.7277486910994766,0.17864476386036643,0.3166666666666668,0.3111111111111111,0.868421052631579,0.0,0.6666666666666666
0.21052631578947378,0.15909090909090906,0.1860465116279068,0.670886075949367,0.35849056603773577,0.8888888888888891,0.6753926701570682,0.7258726899384027,0.3500000000000002,0.4444444444444445,0.13157894736842113,0.0,0.6666666666666666
0.5000000000000001,0.27272727272727276,0.9999999999999999,0.740506329113924,0.41509433962264153,0.880952380952381,0.7251308900523561,0.9158110882956834,0.21666666666666662,0.2888888888888889,0.05263157894736825,0.0,0.6666666666666666
0.473684210526316,0.3863636363636364,0.9302325581395348,0.7784810126582278,0.5849056603773586,1.0,0.8848167539267017,0.8952772073921947,0.1333333333333328,0.33333333333333326,0.07894736842105238,0.0,1.0
0.36842105263157904,0.04545454545454547,0.6046511627906975,0.01898734177215189,0.169811320754717,0.4285714285714286,0.3769633507853404,0.11293634496919847,0.1499999999999999,0.5777777777777777,0.6315789473684214,0.0,0.6666666666666666
0.44736842105263164,0.4090909090909091,0.44186046511627886,0.189873417721519,0.2452830188679245,0.4444444444444445,0.7539267015706808,0.5287474332648875,0.5666666666666669,0.7111111111111111,0.3421052631578946,0.0,0.6666666666666666
0.3157894736842105,0.20454545454545456,0.46511627906976727,0.879746835443038,0.490566037735849,0.4444444444444445,0.4816753926701572,0.9106776180698112,0.18333333333333324,0.48888888888888893,0.02631578947368418,0.0,0.6666666666666666
0.3157894736842105,0.04545454545454547,0.5813953488372091,0.05063291139240503,0.3207547169811321,0.33333333333333337,0.4136125654450263,0.01437371663244652,0.4333333333333333,0.9555555555555555,0.9210526315789476,0.0,0.0
0.26315789473684226,0.4090909090909091,0.9302325581395348,0.6139240506329113,0.41509433962264153,0.8253968253968255,0.9424083769633509,0.7515400410677634,0.25000000000000006,0.6222222222222222,0.13157894736842113,0.0,1.0
0.5000000000000001,0.11363636363636359,0.3953488372093022,0.037974683544303806,0.037735849056603765,0.4761904761904763,0.5759162303664922,0.30800821355236263,0.7500000000000001,0.48888888888888893,0.5526315789473686,0.0,0.0
0.36842105263157904,0.36363636363636365,0.5348837209302324,0.7468354430379747,0.30188679245283023,0.8730158730158731,0.7434554973821991,0.7299794661190936,0.28333333333333344,0.5333333333333334,0.23684210526315808,0.0,1.0
0.5789473684210528,0.20454545454545456,0.9069767441860463,0.5696202531645569,0.2075471698113207,0.634920634920635,0.8167539267015709,0.7412731006160191,0.25000000000000006,0.5777777777777777,0.18421052631578938,0.0,0.6666666666666666
0.6842105263157897,0.22727272727272724,0.37209302325581384,0.04430379746835442,0.15094339622641506,0.49206349206349215,0.5759162303664922,0.37782340862423286,0.8500000000000003,0.4222222222222222,0.39473684210526333,0.0,0.0
0.1578947368421053,0.6136363636363636,0.2558139534883719,0.05696202531645567,0.47169811320754723,0.380952380952381,0.5026178010471205,0.3408624229979466,0.8166666666666669,0.4444444444444445,0.4210526315789474,0.0,0.6666666666666666
0.6052631578947371,0.02272727272727265,0.44186046511627886,0.01898734177215189,0.07547169811320759,0.07936507936507936,0.198952879581152,0.3819301848049237,0.7000000000000004,0.15555555555555556,0.3157894736842105,0.0,1.0
0.736842105263158,0.47727272727272724,0.6976744186046511,0.3354430379746835,0.2641509433962264,0.4761904761904763,0.712041884816754,0.42299794661191226,0.36666666666666653,0.04444444444444445,0.7894736842105265,0.0,0.0
0.4210526315789475,0.3409090909090909,0.6279069767441858,0.2468354430379747,0.169811320754717,0.33333333333333337,0.5287958115183247,0.3408624229979466,0.3999999999999999,0.26666666666666666,0.5000000000000002,0.0,0.6666666666666666
0.3157894736842105,0.6136363636363636,0.4883720930232557,0.037974683544303806,0.3207547169811321,0.20634920634920637,0.39267015706806296,0.2535934291581088,0.33333333333333315,0.19999999999999993,0.4210526315789474,0.0,1.0
0.26315789473684226,0.22727272727272724,0.5116279069767441,0.879746835443038,0.41509433962264153,0.7777777777777779,0.712041884816754,0.7515400410677634,0.5833333333333331,0.39999999999999997,0.3421052631578946,0.0,0.6666666666666666
0.21052631578947378,0.7272727272727273,0.3488372093023254,0.21518987341772156,0.7735849056603774,0.904761904761905,0.9476439790575917,0.4537987679671451,0.5333333333333334,0.4444444444444445,0.23684210526315808,0.0,1.0
0.6052631578947371,0.3863636363636364,0.6046511627906975,0.20886075949367086,0.018867924528301827,0.15873015873015875,0.31937172774869116,0.2094455852155993,0.2999999999999997,0.3555555555555555,0.8157894736842106,0.0,1.0
0.3947368421052634,0.20454545454545456,0.325581395348837,0.8354430379746833,0.5283018867924528,0.22222222222222224,0.35602094240837706,0.8952772073921947,0.3999999999999999,0.39999999999999997,0.18421052631578938,0.0,1.0
0.36842105263157904,0.6590909090909092,0.37209302325581384,0.26582278481012656,0.3396226415094339,0.5555555555555557,0.7853403141361257,0.17248459958932444,0.3999999999999999,0.19999999999999993,0.8947368421052635,0.0,0.6666666666666666
0.3947368421052634,0.5454545454545454,0.44186046511627886,0.8006329113924051,0.4339622641509434,0.7460317460317462,0.8534031413612567,0.8583162217659084,0.11666666666666653,0.6222222222222222,0.15789473684210523,0.0,0.6666666666666666
0.2894736842105264,0.22727272727272724,0.5116279069767441,0.41772151898734167,0.2452830188679245,0.6825396825396826,0.9267015706806284,0.6488706365503092,0.8666666666666674,0.48888888888888893,0.2105263157894735,0.0,0.0
0.3157894736842105,0.47727272727272724,0.5813953488372091,0.3164556962025316,0.7169811320754718,0.4126984126984128,0.649214659685864,0.6047227926077997,0.28333333333333344,0.33333333333333326,0.13157894736842113,0.0,0.6666666666666666
0.5526315789473686,0.09090909090909088,0.4883720930232557,0.3481012658227848,0.07547169811320759,0.7619047619047621,0.7015706806282724,0.33675564681724435,0.16666666666666619,0.1333333333333333,0.5263157894736844,0.0,0.6666666666666666
0.36842105263157904,0.4090909090909091,0.46511627906976727,0.14556962025316453,0.07547169811320759,0.15873015873015875,0.2827225130890053,0.11601642710471949,0.666666666666667,0.6888888888888889,0.9736842105263159,0.0,0.0
0.6578947368421055,0.31818181818181823,0.7209302325581394,0.2468354430379747,0.6226415094339623,0.4126984126984128,0.6649214659685865,0.7310061601642748,0.5666666666666669,0.4222222222222222,0.2105263157894735,0.0,0.6666666666666666
0.3947368421052634,0.4318181818181819,0.2558139534883719,0.0,0.5283018867924528,0.5396825396825398,0.6387434554973823,0.3305954825462023,0.3166666666666668,0.2888888888888889,0.13157894736842113,0.0,0.6666666666666666
0.5263157894736845,0.47727272727272724,0.325581395348837,0.3164556962025316,0.3207547169811321,0.36507936507936517,0.5078534031413614,0.3655030800821374,0.3500000000000002,0.26666666666666666,0.6315789473684214,0.0,1.0
0.18421052631578938,0.1363636363636364,0.3488372093023254,0.012658227848101278,0.2452830188679245,0.4603174603174604,0.5340314136125656,0.2689938398357252,0.5166666666666672,0.26666666666666666,0.3157894736842105,0.0,1.0
0.4210526315789475,0.5,0.5116279069767441,0.5727848101265822,0.37735849056603776,0.507936507936508,0.549738219895288,0.4147843942505077,0.2666666666666664,0.0222222222222222,0.7368421052631579,0.0,0.0
0.36842105263157904,0.3409090909090909,0.9302325581395348,0.7784810126582278,0.5283018867924528,0.6825396825396826,0.8795811518324609,0.8131416837782292,0.2666666666666664,0.2888888888888889,0.13157894736842113,0.0,1.0
0.44736842105263164,0.06818181818181823,0.6511627906976742,0.4050632911392405,0.5094339622641509,0.6984126984126985,0.8167539267015709,0.6488706365503092,0.7000000000000004,0.4444444444444445,0.18421052631578938,0.0,0.6666666666666666
0.5789473684210528,0.5681818181818182,0.5116279069767441,0.16455696202531644,0.18867924528301894,0.2698412698412699,0.3507853403141362,0.20123203285420616,0.25000000000000006,0.6222222222222222,0.9473684210526319,0.0,0.0
0.5000000000000001,0.4318181818181819,0.2790697674418603,0.0253164556962025,0.30188679245283023,0.5555555555555557,0.7905759162303665,0.3480492813141699,0.3500000000000002,0.3555555555555555,0.26315789473684226,0.0,1.0
0.13157894736842113,0.3409090909090909,0.4186046511627906,0.13924050632911392,0.18867924528301894,0.17460317460317462,0.47643979057591634,0.011293634496914173,0.5499999999999998,0.22222222222222218,0.9736842105263159,0.0,0.6666666666666666
0.3157894736842105,0.27272727272727276,0.3953488372093022,0.03164556962025317,0.28301886792452835,0.22222222222222224,0.46073298429319387,0.356262833675563,0.7166666666666668,0.6666666666666666,0.4210526315789474,0.0,0.6666666666666666
0.2894736842105264,0.06818181818181823,0.4883720930232557,0.03164556962025317,0.30188679245283023,0.4603174603174604,0.4973821989528797,0.1478439425051336,0.21666666666666662,0.3111111111111111,0.4210526315789474,0.0,0.6666666666666666
0.2894736842105264,0.4090909090909091,0.3023255813953487,0.012658227848101278,0.5471698113207547,0.5396825396825398,0.9528795811518327,0.33264887063655346,0.41666666666666696,0.3111111111111111,0.26315789473684226,0.0,0.6666666666666666
0.3947368421052634,0.9090909090909092,0.37209302325581384,0.740506329113924,0.45283018867924535,0.8571428571428573,0.8848167539267017,0.6652977412730955,0.5499999999999998,0.48888888888888893,0.4210526315789474,0.0,0.6666666666666666
0.9736842105263162,0.31818181818181823,0.9069767441860463,0.0632911392405063,0.6415094339622641,0.07936507936507936,0.4502617801047122,0.6488706365503092,0.36666666666666653,0.3111111111111111,0.3157894736842105,0.0,1.0
0.3157894736842105,0.4090909090909091,0.2790697674418603,0.9936708860759493,0.39622641509433965,0.5238095238095238,0.5602094240837697,0.8644763860369619,0.4833333333333337,0.7777777777777779,0.39473684210526333,0.0,0.6666666666666666
0.6052631578947371,0.4545454545454546,0.3953488372093022,0.4936708860759494,0.7169811320754718,0.5396825396825398,0.8272251308900525,0.7618069815195077,0.2666666666666664,0.6888888888888889,0.07894736842105238,0.0,0.6666666666666666
0.2368421052631579,0.11363636363636359,0.2558139534883719,0.05063291139240503,0.45283018867924535,0.4761904761904763,0.7172774869109949,0.2997946611909581,0.6333333333333336,0.39999999999999997,0.3684210526315792,0.0,0.6666666666666666
0.1578947368421053,0.15909090909090906,0.46511627906976727,0.48734177215189867,0.2075471698113207,0.6666666666666667,0.5287958115183247,0.4312114989733054,0.41666666666666696,0.15555555555555556,0.4473684210526315,0.0,1.0
0.36842105263157904,0.0,0.5813953488372091,0.03164556962025317,0.41509433962264153,0.5555555555555557,0.47643979057591634,0.1673511293634523,0.233333333333333,0.8888888888888888,0.5789473684210527,0.0,0.6666666666666666
0.34210526315789486,0.3863636363636364,0.5116279069767441,0.8544303797468353,0.2452830188679245,0.015873015873015872,0.2774869109947645,0.4763860369609848,0.3500000000000002,0.04444444444444445,0.9473684210526319,0.0,1.0
0.21052631578947378,0.1363636363636364,0.3488372093023254,0.8860759493670884,0.5660377358490566,0.047619047619047616,0.4921465968586389,0.8408624229979409,0.4333333333333333,0.46666666666666673,0.18421052631578938,0.0,0.6666666666666666
0.36842105263157904,0.27272727272727276,0.325581395348837,0.430379746835443,0.5094339622641509,0.7777777777777779,0.9842931937172776,0.6796714579055421,0.33333333333333315,0.33333333333333326,0.0,0.0,1.0
0.1578947368421053,0.06818181818181823,0.5348837209302324,0.3164556962025316,0.2075471698113207,0.39682539682539686,0.44502617801047134,0.425051334702252,0.6499999999999999,0.5777777777777777,0.3245614026315788,0.0,0.0
0.9210526315789478,0.15909090909090906,0.5581395348837208,0.38607594936708856,0.22641509433962262,0.4444444444444445,0.649214659685864,0.6899383983572863,0.28333333333333344,0.2888888888888889,0.2105263157894735,0.0,0.6666666666666666
0.6052631578947371,0.36363636363636365,0.7441860465116277,0.841772151898734,0.37735849056603776,0.634920634920635,0.9790575916230367,0.9876796714579046,0.41666666666666696,0.6888888888888889,0.07894736842105238,0.0,1.0
0.5000000000000001,0.20454545454545456,0.6279069767441858,0.05063291139240503,0.13207547169811318,0.8730158730158731,0.6806282722513091,0.25872689938398097,0.2999999999999997,0.0666666666666666,0.5789473684210527,0.0,0.6666666666666666
0.36842105263157904,0.27272727272727276,0.6976744186046511,0.4113924050632911,0.39622641509433965,0.634920634920635,0.8010471204188483,0.6519507186858302,0.45000000000000034,0.37777777777777777,0.105263157894737,0.0,1.0
0.44736842105263164,0.20454545454545456,0.46511627906976727,0.10126582278481011,0.169811320754717,0.904761904761905,0.6387434554973823,0.17761806981519657,0.16666666666666619,0.5333333333333334,0.6315789473684214,0.0,0.0
0.473684210526316,0.75,0.1395348837209301,0.310126582278481,0.4339622641509434,0.14285714285714285,0.518324607329843,0.4928131416837825,0.2666666666666664,0.37777777777777777,0.23684210526315808,0.0,1.0
0.3157894736842105,0.2954545454545455,0.7209302325581394,0.01898734177215189,0.5094339622641509,0.17460317460317462,0.6073298429319373,0.5770020533880879,0.8166666666666669,0.33333333333333326,0.2894736842105263,0.0,0.6666666666666666
0.2894736842105264,0.5,0.9069767441860463,0.120253164556962,0.09433962264150936,0.17460317460317462,0.35602094240837706,0.07392197125256111,0.28333333333333344,0.37777777777777777,0.8421052631578949,0.0,0.0
0.8421052631578949,0.27272727272727276,0.7209302325581394,0.07594936708860758,0.45283018867924535,0.380952380952381,0.44502617801047134,0.47433264887063364,0.04999999999999971,0.26666666666666666,0.2894736842105263,0.0,1.0
0.5789473684210528,0.3863636363636364,0.3953488372093022,0.30379746835443033,0.2075471698113207,0.28571428571428575,0.43455497382198965,0.4630390143737195,0.6833333333333333,0.48888888888888893,0.5526315789473686,0.0,0.6666666666666666
0.2368421052631579,0.25,0.7906976744186045,0.670886075949367,0.30188679245283023,0.6825396825396826,0.8848167539267017,0.7515400410677634,0.41666666666666696,0.4444444444444445,0.15789473684210523,0.0,1.0
0.26315789473684226,0.3863636363636364,0.6744186046511627,0.4113924050632911,0.28301886792452835,0.8253968253968255,0.9790575916230367,0.5410677618069828,0.6499999999999999,0.2444444444444444,0.2894736842105263,0.0,1.0
0.44736842105263164,0.3863636363636364,0.9302325581395348,0.8544303797468353,0.6415094339622641,0.015873015873015872,0.6387434554973823,0.905544147843939,0.01666666666666633,0.26666666666666666,0.05263157894736825,0.0,1.0
0.10526315789473678,0.9431818181818183,0.37209302325581384,0.22151898734177214,0.5283018867924528,0.1904761904761905,0.5235602094240839,0.4948665297741222,0.5166666666666672,0.3111111111111111,0.05263157894736825,0.0,1.0
0.8421052631578949,0.7840909090909092,0.44186046511627886,0.19620253164556956,0.018867924528301827,0.22222222222222224,0.39267015706806296,0.2381930184804924,0.1333333333333328,0.1333333333333333,0.9210526315789476,0.0,1.0
0.3947368421052634,0.06818181818181823,0.46511627906976727,0.0632911392405063,0.41509433962264153,0.126984126984127,0.47643979057591634,0.2094455852155993,0.3833333333333336,0.4222222222222222,0.7105263157894737,0.0,0.6666666666666666
0.6315789473684212,0.18181818181818182,0.6046511627906975,0.0253164556962025,0.5849056603773586,0.25396825396825395,0.6649214659685865,0.3613963039014352,0.45000000000000034,0.46666666666666673,0.39473684210526333,0.0,0.6666666666666666
0.6052631578947371,0.6818181818181819,0.325581395348837,0.6455696202531644,0.1132075471698113,0.5714285714285715,0.7382198952879583,0.546201232032855,0.3166666666666668,0.2444444444444444,0.6315789473684214,0.0,0.0
0.21052631578947378,0.4318181818181819,0.09302325581395338,0.24050632911392406,0.5094339622641509,0.34920634920634924,0.5340314136125656,0.5410677618069828,0.4666666666666667,0.3555555555555555,0.13157894736842113,0.0,1.0
0.4210526315789475,0.36363636363636365,0.6511627906976742,0.879746835443038,0.13207547169811318,0.8730158730158731,0.81151832460733,0.905544147843939,0.41666666666666696,0.6444444444444444,0.105263157894737,0.0,0.0
0.3157894736842105,0.20454545454545456,0.46511627906976727,0.879746835443038,0.490566037735849,0.4444444444444445,0.4816753926701572,0.9106776180698112,0.18333333333333324,0.48888888888888893,0.02631578947368418,0.0,0.6666666666666666
0.5263157894736845,0.25,0.9069767441860463,0.006329113924050611,0.3207547169811321,0.4761904761904763,0.6806282722513091,0.22792607802874815,0.33333333333333315,0.5111111111111112,0.6315789473684214,0.0,1.0
0.5000000000000001,0.6363636363636364,0.6511627906976742,0.36708860759493667,0.37735849056603776,0.380952380952381,0.5026178010471205,0.3100616016427138,0.4333333333333333,0.1111111111111111,0.9736842105263159,0.0,0.0
0.07894736842105271,0.18181818181818182,0.4186046511627906,0.01898734177215189,0.037735849056603765,0.33333333333333337,0.39267015706806296,0.0,0.7000000000000004,0.1333333333333333,0.9473684210526319,0.0,0.0
0.10526315789473678,0.5568181818181819,0.3488372093023254,0.1708860759493671,0.1132075471698113,0.5238095238095238,0.5026178010471205,0.18480492813141985,0.45000000000000034,0.6888888888888889,0.6052631578947367,0.0,0.6666666666666666
0.6052631578947371,0.09090909090909088,0.9999999999999999,0.012658227848101278,0.30188679245283023,0.5873015873015874,0.7382198952879583,0.1355236139630382,0.2999999999999997,0.26666666666666666,0.7894736842105265,0.0,1.0
0.1578947368421053,0.47727272727272724,0.9534883720930232,0.012658227848101278,0.07547169811320759,0.07936507936507936,0.39790575916230375,0.08418891170430542,0.8833333333333336,0.22222222222222218,0.7894736842105265,0.0,0.6666666666666666
0.3157894736842105,1.0,0.46511627906976727,0.25949367088607594,0.6037735849056605,0.39682539682539686,0.5078534031413614,0.5564681724845992,0.5166666666666672,0.1333333333333333,0.02631578947368418,0.0,1.0
0.3157894736842105,0.27272727272727276,0.2558139534883719,0.120253164556962,0.018867924528301827,0.6825396825396826,0.5235602094240839,0.14476386036961258,0.4833333333333337,0.1333333333333333,0.6315789473684214,0.0,0.0
0.44736842105263164,0.04545454545454547,0.3488372093023254,0.01898734177215189,0.169811320754717,0.36507936507936517,0.5078534031413614,0.20739219712525953,0.5666666666666669,0.5111111111111112,0.6578947368421055,0.0,0.6666666666666666
0.5263157894736845,0.2954545454545455,0.37209302325581384,0.6835443037974683,0.5283018867924528,0.7936507936507937,0.7696335078534033,0.7710472279260822,0.2999999999999997,0.6222222222222222,0.23684210526315808,0.0,1.0
0.5000000000000001,0.25,0.6046511627906975,0.7658227848101264,0.47169811320754723,0.4761904761904763,0.9109947643979059,0.9363449691991832,0.18333333333333324,0.3111111111111111,0.0,0.0,0.0
0.44736842105263164,0.0,0.5813953488372091,0.0253164556962025,0.2641509433962264,0.3015873015873016,0.5340314136125656,0.2710472279260764,0.06666666666666671,0.8,0.39473684210526333,0.0,1.0
0.3947368421052634,0.27272727272727276,0.5348837209302324,0.7341772151898733,0.490566037735849,0.8571428571428573,0.7696335078534033,0.8747433264887062,0.7666666666666672,0.1333333333333333,0.26315789473684226,0.0,1.0
0.13157894736842113,0.36363636363636365,0.44186046511627886,0.006329113924050611,0.2075471698113207,0.28571428571428575,0.15706806282722519,0.09445585215604968,0.4333333333333333,0.1333333333333333,0.6315789473684214,0.0,1.0
0.5526315789473686,0.27272727272727276,0.4883720930232557,0.037974683544303806,0.13207547169811318,0.49206349206349215,0.43455497382198965,0.09856262833675195,0.06666666666666671,0.2444444444444444,0.7894736842105265,0.0,0.6666666666666666
0.34210526315789486,0.6818181818181819,0.4883720930232557,0.05696202531645567,0.09433962264150936,0.5714285714285715,0.40837696335078544,0.05338809034907255,0.6000000000000002,0.6666666666666666,0.9736842105263159,0.0,0.0
0.5789473684210528,0.4318181818181819,0.5813953488372091,0.3354430379746835,0.2075471698113207,0.11111111111111116,0.5235602094240839,0.2997946611909581,0.3833333333333336,0.15555555555555556,0.8157894736842106,0.0,0.0
0.18421052631578938,0.04545454545454547,0.6279069767441858,0.006329113924050611,0.1132075471698113,0.507936507936508,0.3717277486910996,0.27926078028746953,0.7833333333333334,0.5777777777777777,0.4210526315789474,0.0,0.6666666666666666
0.05263157894736831,0.02272727272727265,0.37209302325581384,0.2879746835443038,0.490566037735849,0.7301587301587302,0.5916230366492148,0.3983572895277214,0.9000000000000007,0.39999999999999997,0.5526315789473686,0.0,0.6666666666666666
0.9736842105263162,0.2954545454545455,0.5116279069767441,0.006329113924050611,0.1132075471698113,0.15873015873015875,0.6544502617801048,0.42299794661191226,0.16666666666666619,0.19999999999999993,0.4473684210526315,0.0,1.0
0.07894736842105271,0.18181818181818182,0.44186046511627886,0.15822784810126578,0.28301886792452835,0.34920634920634924,0.6282722513089006,0.052361396303902685,0.3999999999999999,0.0888888888888888,0.8421052631578949,0.0,0.6666666666666666
0.5000000000000001,0.4545454545454546,0.2558139534883719,0.13924050632911392,0.47169811320754723,0.14285714285714285,0.5759162303664922,0.42299794661191226,0.5333333333333334,0.26666666666666666,0.3421052631578946,0.0,1.0
0.34210526315789486,0.3863636363636364,0.46511627906976727,0.06962025316455694,0.2452830188679245,0.20634920634920637,0.5445026178010473,0.3408624229979466,0.7166666666666668,0.6888888888888889,0.4473684210526315,0.0,0.6666666666666666
0.7105263157894738,0.36363636363636365,0.4883720930232557,0.006329113924050611,0.30188679245283023,0.6984126984126985,0.5078534031413614,0.1971252566735039,0.10000000000000014,0.2888888888888889,0.5789473684210527,0.0,0.6666666666666666
0.4210526315789475,0.3863636363636364,0.9767441860465116,0.04430379746835442,0.07547169811320759,0.0,0.18324607329842946,0.2381930184804924,0.233333333333333,0.2444444444444444,0.39473684210526333,0.0,1.0
0.3157894736842105,0.11363636363636359,0.4186046511627906,0.006329113924050611,0.35849056603773577,0.5238095238095238,0.3874345549738221,0.09445585215604968,0.4833333333333337,0.8222222222222222,0.6052631578947367,0.0,0.6666666666666666
0.2894736842105264,0.09090909090909088,0.7209302325581394,0.8354430379746833,0.2641509433962264,0.6666666666666667,0.5392670157068064,0.7494866529774122,0.5833333333333331,0.8888888888888888,0.3684210526315792,0.0,0.0
0.36842105263157904,0.25,0.3953488372093022,0.6139240506329113,0.9622641509433962,0.6666666666666667,0.6701570680628274,0.7412731006160191,0.19999999999999962,0.1333333333333333,0.02631578947368418,0.0,1.0
0.3947368421052634,0.4545454545454546,0.9069767441860463,0.39873417721518983,0.37735849056603776,0.8888888888888891,0.9424083769633509,0.6386036960985649,0.2666666666666664,0.17777777777777778,0.02631578947368418,0.0,0.6666666666666666
0.1578947368421053,0.5454545454545454,0.37209302325581384,0.3164556962025316,0.169811320754717,0.5873015873015874,0.5654450261780106,0.17659137577001532,0.7500000000000001,0.1333333333333333,0.8947368421052635,0.0,0.0
0.5789473684210528,0.6931818181818182,0.7906976744186045,0.8544303797468353,0.37735849056603776,1.0,0.9738219895287958,0.9363449691991832,0.9166666666666672,0.0888888888888888,0.2894736842105263,0.0,0.6666666666666666
0.5000000000000001,0.18181818181818182,0.46511627906976727,0.4556962025316455,0.41509433962264153,0.5873015873015874,0.9476439790575917,0.7310061601642748,0.666666666666667,0.3111111111111111,0.15789473684210523,0.0,0.6666666666666666
0.5000000000000001,0.1363636363636364,0.6744186046511627,0.0822784810126582,0.4339622641509434,0.3015873015873016,0.31937172774869116,0.09856262833675195,0.01666666666666633,0.0666666666666666,0.8157894736842106,0.0,0.6666666666666666
0.3947368421052634,0.09090909090909088,0.46511627906976727,0.0632911392405063,0.2452830188679245,0.5396825396825398,0.8586387434554975,0.1971252566735039,0.6499999999999999,0.1111111111111111,0.868421052631579,0.0,0.6666666666666666
0.026315789473684237,0.15909090909090906,0.3488372093023254,0.012658227848101278,0.28301886792452835,0.20634920634920637,0.25654450261780115,0.05954825462012597,0.6333333333333336,0.5333333333333334,0.6315789473684214,0.0,0.6666666666666666
0.5526315789473686,0.36363636363636365,0.5116279069767441,0.0253164556962025,0.13207547169811318,0.4126984126984128,0.7068062827225132,0.2114989733059504,0.033333333333333326,0.22222222222222218,0.4210526315789474,0.0,1.0
0.36842105263157904,0.4090909090909091,0.3023255813953487,0.14556962025316453,0.018867924528301827,0.4126984126984128,0.3821989528795813,0.012320328542095527,0.28333333333333344,0.17777777777777778,0.9210526315789476,0.0,0.6666666666666666
0.34210526315789486,0.20454545454545456,0.5348837209302324,0.4493670886075949,0.4339622641509434,0.634920634920635,0.7853403141361257,0.5379876796714619,0.2999999999999997,0.4444444444444445,0.3157894736842105,0.0,0.6666666666666666
0.05263157894736831,0.09090909090909088,0.46511627906976727,0.5822784810126582,0.05660377358490565,0.36507936507936517,0.549738219895288,0.6078028747433207,0.933333333333334,0.22222222222222218,0.5000000000000002,0.0,0.0
0.3157894736842105,0.5454545454545454,0.1860465116279068,0.012658227848101278,0.3207547169811321,0.23809523809523814,0.3036649214659687,0.3305954825462023,0.4833333333333337,0.2888888888888889,0.3157894736842105,0.0,0.3333333333333333
0.36842105263157904,0.11363636363636359,0.5348837209302324,0.2468354430379747,0.41509433962264153,0.5873015873015874,0.5445026178010473,0.3439425051334676,0.3166666666666668,0.5333333333333334,0.5526315789473686,0.0,0.6666666666666666
0.34210526315789486,0.5227272727272727,0.3488372093023254,0.09493670886075947,0.05660377358490565,0.3015873015873016,0.3036649214659687,0.14579055441478245,0.3500000000000002,0.0888888888888888,0.7368421052631579,0.0,0.6666666666666666
0.21052631578947378,0.5,0.2790697674418603,0.2689873417721519,0.2452830188679245,0.6190476190476192,0.6230366492146598,0.24229979466119467,0.4833333333333337,0.17777777777777778,0.6052631578947367,0.0,0.6666666666666666
0.9473684210526319,0.931818181818182,0.46511627906976727,0.4493670886075949,0.018867924528301827,0.14285714285714285,0.23560209424083783,0.3613963039014352,0.01666666666666633,0.0888888888888888,0.7631578947368425,0.0,1.0
0.4210526315789475,0.0,0.5116279069767441,0.5063291139240506,0.2641509433962264,0.7777777777777779,0.6020942408376965,0.6283367556468207,0.4833333333333337,0.2444444444444444,0.13157894736842113,0.0,0.6666666666666666
0.36842105263157904,0.09090909090909088,0.46511627906976727,0.7468354430379747,0.6981132075471699,0.22222222222222224,0.7591623036649215,0.8829568788500993,0.11666666666666653,0.4444444444444445,0.02631578947368418,0.0,0.0
0.7631578947368425,0.4318181818181819,0.7441860465116277,0.009493670886075944,0.15094339622641506,0.20634920634920637,0.36649214659685875,0.166324435318271,0.45000000000000034,0.0,0.9210526315789476,0.0,0.3333333333333333
0.9210526315789478,0.4090909090909091,0.9069767441860463,0.037974683544303806,0.47169811320754723,0.1904761904761905,0.549738219895288,0.6283367556468207,0.33333333333333315,0.04444444444444445,0.13157894736842113,0.0,1.0
0.3157894736842105,0.15909090909090906,0.46511627906976727,0.5632911392405062,0.30188679245283023,0.9365079365079366,0.7748691099476441,0.5667351129363436,0.233333333333333,0.39999999999999997,0.3157894736842105,0.0,0.6666666666666666
0.5000000000000001,0.15909090909090906,0.5348837209302324,0.0,0.22641509433962262,0.9682539682539684,0.617801047120419,0.2895277207392138,0.2999999999999997,0.4444444444444445,0.3421052631578946,0.0,0.6666666666666666
0.21052631578947378,0.36363636363636365,0.46511627906976727,0.09493670886075947,0.30188679245283023,0.380952380952381,0.293193717277487,0.12012320328542175,0.6333333333333336,0.6444444444444444,0.7631578947368425,0.0,0.0
0.05263157894736831,0.7272727272727273,0.325581395348837,0.24050632911392406,0.3207547169811321,0.3015873015873016,0.24083769633507868,0.1355236139630382,0.6000000000000002,0.1111111111111111,0.9736842105263159,0.0,0.6666666666666666
0.21052631578947378,0.25,0.6511627906976742,0.43670886075949367,0.37735849056603776,0.7777777777777779,0.9528795811518327,0.6406570841889161,0.3999999999999999,0.3111111111111111,0.05263157894736825,0.0,1.0
0.5263157894736845,0.36363636363636365,0.2790697674418603,0.0253164556962025,0.39622641509433965,0.17460317460317462,0.5706806282722514,0.3408624229979466,0.25000000000000006,1.0,0.39473684210526333,0.0,0.0
0.026315789473684237,0.4090909090909091,0.06976744186046496,0.01898734177215189,0.22641509433962262,0.634920634920635,0.6806282722513091,0.24229979466119467,0.5499999999999998,0.1333333333333333,0.4736842105263157,0.0,1.0
0.44736842105263164,0.27272727272727276,0.5116279069767441,0.85126582278481,0.9245283018867925,0.380952380952381,0.42408376963350797,0.8747433264887062,0.04999999999999971,0.22222222222222218,0.07894736842105238,0.0,0.6666666666666666
0.5789473684210528,0.36363636363636365,0.2790697674418603,0.5822784810126582,0.45283018867924535,0.8253968253968255,0.8638743455497384,0.7310061601642748,0.25000000000000006,0.17777777777777778,0.105263157894737,0.0,0.6666666666666666
0.4210526315789475,0.47727272727272724,0.46511627906976727,0.3481012658227848,0.05660377358490565,0.34920634920634924,0.31937172774869116,0.42299794661191226,0.7833333333333334,0.22222222222222218,0.6578947368421055,0.0,0.0
0.4210526315789475,0.09090909090909088,0.9069767441860463,0.27215189873417717,0.28301886792452835,0.4603174603174604,0.518324607329843,0.1971252566735039,0.5166666666666672,0.17777777777777778,0.868421052631579,0.0,0.6666666666666666
0.6578947368421055,0.4545454545454546,0.7906976744186045,0.3481012658227848,0.037735849056603765,0.6666666666666667,0.5235602094240839,0.1806981519507176,0.04999999999999971,0.1111111111111111,0.9473684210526319,0.0,0.6666666666666666
0.8947368421052637,0.5681818181818182,0.5581395348837208,0.310126582278481,0.5660377358490566,0.4444444444444445,0.5340314136125656,0.3305954825462023,0.033333333333333326,0.4222222222222222,0.7631578947368425,0.0,0.6666666666666666
0.736842105263158,0.06818181818181823,0.5116279069767441,0.03164556962025317,0.47169811320754723,0.1904761904761905,0.39267015706806296,0.4640657084188894,0.3500000000000002,0.5777777777777777,0.15789473684210523,0.0,1.0
0.4210526315789475,0.3863636363636364,0.37209302325581384,0.4050632911392405,0.8301886792452833,0.36507936507936517,0.7015706806282724,0.6078028747433207,0.33333333333333315,0.3111111111111111,0.23684210526315808,0.0,0.6666666666666666
0.13157894736842113,0.5227272727272727,0.0,0.037974683544303806,0.6037735849056605,0.5396825396825398,0.5340314136125656,0.2997946611909581,0.5166666666666672,0.3555555555555555,0.3157894736842105,0.0,1.0
0.5263157894736845,0.15909090909090906,0.46511627906976727,0.43670886075949367,0.2641509433962264,0.14285714285714285,0.4816753926701572,0.48459958932237795,0.04999999999999971,0.04444444444444445,0.39473684210526333,0.0,1.0
0.026315789473684237,0.22727272727272724,0.8139534883720929,0.04430379746835442,0.39622641509433965,0.2698412698412699,0.45549738219895297,0.2833675564681718,0.4833333333333337,0.3555555555555555,0.2894736842105263,0.0,1.0
0.10526315789473678,0.3409090909090909,0.6511627906976742,0.6139240506329113,0.2452830188679245,0.6984126984126985,0.5759162303664922,0.42915811088295425,0.2999999999999997,0.6,0.6052631578947367,0.0,0.6666666666666666
0.10526315789473678,0.4318181818181819,0.3023255813953487,0.25316455696202533,0.5283018867924528,0.380952380952381,0.4188481675392671,0.5236139630390153,0.33333333333333315,0.4444444444444445,0.02631578947368418,0.0,1.0
0.13157894736842113,0.6704545454545454,0.1395348837209301,0.34177215189873417,0.1132075471698113,0.25396825396825395,0.5654450261780106,0.20841889117042944,0.5166666666666672,0.3111111111111111,0.868421052631579,0.0,0.6666666666666666
0.736842105263158,0.2954545454545455,0.7674418604651161,0.037974683544303806,0.18867924528301894,0.4126984126984128,0.5340314136125656,0.21765913757700384,0.28333333333333344,0.39999999999999997,0.8947368421052635,0.0,0.6666666666666666
0.36842105263157904,0.5,0.5116279069767441,0.037974683544303806,0.2641509433962264,0.07936507936507936,0.5130890052356022,0.546201232032855,0.6166666666666666,0.7777777777777779,0.18421052631578938,0.0,1.0
0.5000000000000001,0.25,0.7209302325581394,0.05063291139240503,0.22641509433962262,0.7460317460317462,0.7277486910994766,0.166324435318271,0.6000000000000002,0.15555555555555556,0.868421052631579,0.0,0.0
0.7894736842105267,0.22727272727272724,0.9069767441860463,0.4050632911392405,0.2641509433962264,0.6507936507936509,0.4293193717277488,0.40246406570841226,0.16666666666666619,0.0222222222222222,0.7894736842105265,0.0,0.0
0.4210526315789475,0.02272727272727265,0.4186046511627906,0.8670886075949367,0.490566037735849,0.380952380952381,0.6439790575916231,0.866529774127313,0.04999999999999971,0.15555555555555556,0.02631578947368418,0.0,0.0
0.26315789473684226,0.18181818181818182,0.5116279069767441,0.3924050632911392,0.05660377358490565,0.15873015873015875,0.29842931937172784,0.3613963039014352,0.33333333333333315,0.5111111111111112,0.5263157894736844,0.0,0.0
0.3157894736842105,0.31818181818181823,0.6046511627906975,0.04430379746835442,0.2452830188679245,0.2698412698412699,0.39267015706806296,0.17659137577001532,0.6000000000000002,0.5555555555555555,0.7105263157894737,0.0,0.6666666666666666
0.3157894736842105,0.5909090909090909,0.46511627906976727,0.27215189873417717,0.2452830188679245,0.23809523809523814,0.518324607329843,0.26283367556468323,0.7166666666666668,0.9111111111111112,0.9736842105263159,0.0,0.6666666666666666
0.6052631578947371,0.27272727272727276,0.5116279069767441,0.012658227848101278,0.28301886792452835,0.33333333333333337,0.47643979057591634,0.3613963039014352,0.4666666666666667,0.5333333333333334,0.5000000000000002,0.0,1.0
0.36842105263157904,0.18181818181818182,0.5813953488372091,0.28481012658227844,0.3396226415094339,0.25396825396825395,0.46073298429319387,0.4435318275154008,0.6166666666666666,0.46666666666666673,0.4736842105263157,0.0,0.0
0.6315789473684212,0.4090909090909091,0.4883720930232557,0.04430379746835442,0.2075471698113207,0.6507936507936509,0.8848167539267017,0.3613963039014352,0.16666666666666619,0.3555555555555555,0.4210526315789474,0.0,1.0
0.34210526315789486,0.27272727272727276,0.44186046511627886,0.30379746835443033,0.0,0.33333333333333337,0.2513089005235603,0.35112936344969087,0.5833333333333331,0.46666666666666673,0.5526315789473686,0.0,0.6666666666666666
0.3157894736842105,0.18181818181818182,0.4186046511627906,0.6993670886075949,0.6226415094339623,0.3174603174603175,0.518324607329843,0.932238193018481,0.8666666666666674,0.2888888888888889,0.13157894736842113,0.0,1.0
0.5526315789473686,0.15909090909090906,0.44186046511627886,0.03164556962025317,0.39622641509433965,0.4761904761904763,0.42408376963350797,0.17967145790554773,0.36666666666666653,0.2888888888888889,0.6315789473684214,0.0,0.6666666666666666
0.4210526315789475,0.06818181818181823,0.6279069767441858,0.2974683544303797,0.0,0.380952380952381,0.44502617801047134,0.4435318275154008,0.45000000000000034,0.37777777777777777,0.5000000000000002,0.0,0.6666666666666666
0.3157894736842105,0.09090909090909088,0.4186046511627906,0.04430379746835442,0.30188679245283023,0.7619047619047621,0.7068062827225132,0.2659137577002042,0.33333333333333315,0.2888888888888889,0.3421052631578946,0.0,0.6666666666666666
0.13157894736842113,0.4090909090909091,0.23255813953488358,0.8481012658227849,0.47169811320754723,0.380952380952381,0.617801047120419,0.7371663244353168,0.5166666666666672,0.19999999999999993,0.3684210526315792,0.0,0.6666666666666666
0.36842105263157904,0.18181818181818182,0.7209302325581394,0.36075949367088606,0.169811320754717,0.5396825396825398,0.4712041884816755,0.3049281314168416,0.41666666666666696,0.3111111111111111,0.6842105263157896,0.0,0.6666666666666666
0.18421052631578938,0.4545454545454546,0.8372093023255813,0.23417721518987344,0.07547169811320759,0.25396825396825395,0.35602094240837706,0.15605749486652676,0.6000000000000002,0.6666666666666666,0.8947368421052635,0.0,0.6666666666666666
0.4210526315789475,0.5,0.5116279069767441,0.60126582278481,0.37735849056603776,0.4761904761904763,0.5706806282722514,0.412731006160168,0.2666666666666664,0.0222222222222222,0.7105263157894737,0.0,0.0
0.026315789473684237,0.0,0.3953488372093022,0.22784810126582278,0.07547169811320759,0.2698412698412699,0.40837696335078544,0.5564681724845992,0.6833333333333333,0.26666666666666666,0.02631578947368418,0.0,1.0
0.1578947368421053,0.5681818181818182,0.37209302325581384,0.10759493670886075,0.2452830188679245,0.5396825396825398,0.842931937172775,0.3870636550307959,0.8000000000000006,0.39999999999999997,0.5000000000000002,0.0,0.6666666666666666
0.3157894736842105,0.18181818181818182,0.44186046511627886,0.8481012658227849,0.39622641509433965,0.5396825396825398,0.4816753926701572,0.9096509240246413,0.19999999999999962,0.39999999999999997,0.05263157894736825,0.0,0.6666666666666666
0.026315789473684237,0.04545454545454547,0.4883720930232557,0.012658227848101278,0.018867924528301827,0.4126984126984128,0.2198952879581153,0.03285420944558398,0.666666666666667,0.26666666666666666,0.7192982447368421,0.0,0.6666666666666666
0.2894736842105264,0.15909090909090906,0.6976744186046511,0.39873417721518983,0.30188679245283023,0.6984126984126985,0.46596858638743466,0.3285420944558512,0.4666666666666667,0.2444444444444444,0.5526315789473686,0.0,0.6666666666666666
0.21052631578947378,0.36363636363636365,0.1627906976744185,0.11392405063291136,0.28301886792452835,0.3015873015873016,0.518324607329843,0.4537987679671451,0.1333333333333328,0.3111111111111111,0.02631578947368418,0.0,1.0
0.5263157894736845,0.5227272727272727,0.5813953488372091,0.2974683544303797,0.679245283018868,0.11111111111111116,0.35602094240837706,0.7207392197125306,0.9166666666666672,0.8222222222222222,0.4736842105263157,0.0,0.6666666666666666
0.6842105263157897,0.25,0.9069767441860463,0.5063291139240506,0.35849056603773577,0.4126984126984128,0.8324607329842932,0.8747433264887062,0.6833333333333333,0.37777777777777777,0.2894736842105263,0.0,0.6666666666666666
0.473684210526316,0.3863636363636364,0.325581395348837,0.0253164556962025,0.6037735849056605,0.1904761904761905,0.47643979057591634,0.3408624229979466,0.3833333333333336,0.0666666666666666,0.4210526315789474,0.0,1.0
0.18421052631578938,0.31818181818181823,0.3953488372093022,0.4430379746835443,0.4339622641509434,0.5714285714285715,0.712041884816754,0.5646817248459924,0.4666666666666667,0.4222222222222222,0.26315789473684226,0.0,1.0
0.18421052631578938,0.25,0.8837209302325579,0.9367088607594938,0.5094339622641509,0.3174603174603175,0.35602094240837706,0.8562628336755687,0.233333333333333,0.2888888888888889,0.07894736842105238,0.0,0.6666666666666666
0.6315789473684212,0.36363636363636365,0.6976744186046511,0.05063291139240503,0.05660377358490565,0.28571428571428575,0.5026178010471205,0.1971252566735039,0.3500000000000002,0.15555555555555556,0.5263157894736844,0.0,0.0
0.3947368421052634,0.36363636363636365,0.3488372093023254,0.14556962025316453,0.30188679245283023,0.33333333333333337,0.5130890052356022,0.4928131416837825,0.41666666666666696,0.39999999999999997,0.105263157894737,0.0,0.6666666666666666
0.36842105263157904,0.27272727272727276,0.5581395348837208,0.8924050632911391,0.6603773584905661,0.5873015873015874,0.712041884816754,0.7772073921971241,0.5166666666666672,0.4444444444444445,0.4210526315789474,0.0,0.3333333333333333
0.1578947368421053,0.5,0.1395348837209301,0.3354430379746835,0.2075471698113207,0.49206349206349215,0.8638743455497384,0.48459958932237795,0.3999999999999999,0.6666666666666666,0.23684210526315808,0.0,1.0
0.3947368421052634,0.6136363636363636,0.5348837209302324,0.5759493670886074,0.3396226415094339,0.36507936507936517,0.6596858638743457,0.7515400410677634,0.45000000000000034,0.4444444444444445,0.13157894736842113,0.0,1.0
0.1578947368421053,0.3863636363636364,0.3953488372093022,0.0822784810126582,0.3207547169811321,0.22222222222222224,0.4921465968586389,0.004106776180690885,0.6499999999999999,0.19999999999999993,1.0,0.0,0.0
0.4210526315789475,0.4090909090909091,0.4883720930232557,0.34177215189873417,0.1132075471698113,0.5238095238095238,0.46596858638743466,0.2946611909650859,0.7500000000000001,0.5777777777777777,0.868421052631579,0.0,0.0
0.5263157894736845,0.06818181818181823,0.6976744186046511,0.28481012658227844,0.22641509433962262,0.4603174603174604,0.7068062827225132,0.412731006160168,0.19999999999999962,0.6666666666666666,0.6842105263157896,0.0,0.3333333333333333
0.473684210526316,0.5,0.6046511627906975,0.2974683544303797,0.2452830188679245,0.33333333333333337,0.3769633507853404,0.1971252566735039,0.0,0.6,0.9473684210526319,0.0,0.0
0.44736842105263164,0.25,0.4186046511627906,0.037974683544303806,0.5094339622641509,0.6507936507936509,0.74869109947644,0.32032854209445805,0.19999999999999962,0.19999999999999993,0.4210526315789474,0.0,1.0
0.10526315789473678,0.39772727272727276,0.3953488372093022,0.034810126582278444,0.018867924528301827,0.15873015873015875,0.23036649214659694,0.0472279260780305,0.7333333333333338,0.17777777777777778,0.7894736842105265,0.0,0.0
0.21052631578947378,0.5,0.6511627906976742,0.13924050632911392,0.1132075471698113,0.23809523809523814,0.3298429319371729,0.00821355236139315,0.21666666666666662,0.0222222222222222,0.8157894736842106,0.0,0.0
0.3157894736842105,0.42045454545454547,0.9069767441860463,0.42405063291139233,0.45283018867924535,0.7619047619047621,1.0,0.6694045174537977,0.3833333333333336,0.17777777777777778,0.105263157894737,0.0,1.0
0.05263157894736831,0.36363636363636365,0.0,0.34177215189873417,0.3396226415094339,0.4603174603174604,0.6073298429319373,0.4455852156057519,0.3500000000000002,0.3555555555555555,0.23684210526315808,0.0,1.0
0.3947368421052634,0.5909090909090909,0.7441860465116277,0.3291139240506329,0.7735849056603774,0.5714285714285715,0.7853403141361257,0.620123203285416,0.3166666666666668,0.48888888888888893,0.13157894736842113,0.0,1.0
0.3947368421052634,0.04545454545454547,0.46511627906976727,0.5443037974683544,0.6037735849056605,0.7142857142857144,0.8324607329842932,0.8542094455852176,0.7666666666666672,0.1333333333333333,0.18421052631578938,0.0,0.6666666666666666
0.5263157894736845,0.22727272727272724,0.44186046511627886,0.5759493670886074,0.47169811320754723,0.25396825396825395,0.4136125654450263,0.6899383983572863,0.33333333333333315,0.0666666666666666,0.15789473684210523,0.0,1.0
0.13157894736842113,0.0,0.23255813953488358,0.037974683544303806,0.28301886792452835,0.33333333333333337,0.46073298429319387,0.16119096509239889,0.5333333333333334,0.2888888888888889,0.6578947368421055,0.0,0.6666666666666666
0.2894736842105264,0.31818181818181823,0.5813953488372091,0.9113924050632911,0.3207547169811321,0.7936507936507937,0.8848167539267017,0.8542094455852176,0.5,0.39999999999999997,0.18421052631578938,0.0,0.6666666666666666
0.34210526315789486,0.2954545454545455,0.046511627906976605,0.01898734177215189,0.30188679245283023,0.904761904761905,0.586387434554974,0.2689938398357252,0.4666666666666667,0.22222222222222218,0.2894736842105263,0.0,0.6666666666666666
0.05263157894736831,0.20454545454545456,0.3488372093023254,0.4430379746835443,0.3396226415094339,0.4126984126984128,0.39267015706806296,0.49383983572895235,0.4333333333333333,0.22222222222222218,0.39473684210526333,0.0,0.6666666666666666
0.05263157894736831,0.3522727272727273,0.37209302325581384,0.006329113924050611,0.18867924528301894,0.5555555555555557,0.39790575916230375,0.2114989733059504,0.9000000000000007,0.5333333333333334,0.4473684210526315,0.0,0.6666666666666666
0.26315789473684226,0.0,0.4883720930232557,0.012658227848101278,0.169811320754717,0.7619047619047621,0.586387434554974,0.1396303901437405,0.7500000000000001,0.0666666666666666,0.6842105263157896,0.0,0.0
0.2368421052631579,0.5227272727272727,0.4186046511627906,0.3354430379746835,0.169811320754717,0.634920634920635,0.6596858638743457,0.2689938398357252,0.6000000000000002,0.3111111111111111,0.7105263157894737,0.0,0.0
0.7105263157894738,0.2954545454545455,0.7209302325581394,0.028481012658227833,0.15094339622641506,0.09523809523809523,0.1937172774869111,0.1355236139630382,0.10000000000000014,0.5333333333333334,0.8157894736842106,0.0,1.0
0.44736842105263164,0.09090909090909088,0.6046511627906975,0.0253164556962025,0.3396226415094339,0.4126984126984128,0.31937172774869116,0.03285420944558398,0.5499999999999998,0.1111111111111111,1.0,0.0,0.0
0.1578947368421053,0.5681818181818182,0.06976744186046496,0.012658227848101278,0.3207547169811321,0.8730158730158731,0.7643979057591626,0.17043121149897333,0.21666666666666662,0.4444444444444445,0.4473684210526315,0.0,1.0
0.3157894736842105,0.5681818181818182,0.4186046511627906,0.5189873417721518,0.2075471698113207,0.07936507936507936,0.3455497382198954,0.26488706365503434,0.233333333333333,0.0666666666666666,0.8421052631578949,0.0,0.6666666666666666
0.5000000000000001,0.36363636363636365,0.5348837209302324,0.0822784810126582,0.3396226415094339,0.36507936507936517,0.518324607329843,0.1396303901437405,0.6833333333333333,0.26666666666666666,0.9736842105263159,0.0,0.0
0.026315789473684237,0.06818181818181823,0.3023255813953487,0.120253164556962,0.2641509433962264,0.07936507936507936,0.4293193717277488,0.30287474332649045,0.5833333333333331,0.39999999999999997,0.2894736842105263,0.0,1.0
0.473684210526316,0.20454545454545456,0.6511627906976742,0.841772151898734,0.6226415094339623,0.7936507936507937,0.8795811518324609,0.8644763860369619,0.2666666666666664,0.26666666666666666,0.02631578947368418,0.0,0.6666666666666666
0.5263157894736845,0.2954545454545455,0.37209302325581384,0.6835443037974683,0.5283018867924528,0.7936507936507937,0.7696335078534033,0.7710472279260822,0.2999999999999997,0.6222222222222222,0.23684210526315808,0.0,1.0
0.34210526315789486,0.6136363636363636,0.5581395348837208,0.5189873417721518,0.45283018867924535,0.380952380952381,0.649214659685864,0.7515400410677634,0.4833333333333337,0.4222222222222222,0.05263157894736825,0.0,1.0
0.3947368421052634,0.11363636363636359,0.5348837209302324,0.037974683544303806,0.3396226415094339,0.9206349206349208,0.6439790575916231,0.3100616016427138,0.8500000000000003,0.4444444444444445,0.5000000000000002,0.0,1.0
0.2894736842105264,0.22727272727272724,0.44186046511627886,0.4556962025316455,0.3396226415094339,0.4285714285714286,0.6806282722513091,0.5184804928131431,0.33333333333333315,0.8444444444444443,0.3157894736842105,0.0,0.6666666666666666
0.5789473684210528,0.4090909090909091,0.3488372093023254,0.5379746835443038,0.09433962264150936,0.15873015873015875,0.5759162303664922,0.43018480492813554,0.28333333333333344,0.26666666666666666,0.8421052631578949,0.0,0.6666666666666666
0.1578947368421053,0.1363636363636364,0.37209302325581384,0.36708860759493667,0.45283018867924535,0.2698412698412699,0.3507853403141362,0.3408624229979466,0.36666666666666653,0.22222222222222218,0.5526315789473686,0.0,0.6666666666666666
0.10526315789473678,0.3068181818181819,0.46511627906976727,0.27848101265822783,0.3396226415094339,0.5714285714285715,0.6439790575916231,0.32032854209445805,0.666666666666667,0.22222222222222218,0.5000000000000002,0.0,0.0
0.6315789473684212,0.27272727272727276,0.4883720930232557,0.16455696202531644,0.0,0.2698412698412699,0.3874345549738221,0.12114989733059162,0.10000000000000014,0.33333333333333326,0.8421052631578949,0.0,0.0
0.18421052631578938,0.2954545454545455,0.4883720930232557,0.03164556962025317,0.18867924528301894,0.1904761904761905,0.29842931937172784,0.13141683778233593,0.6499999999999999,0.26666666666666666,0.5789473684210527,0.0,0.0
0.3947368421052634,0.11363636363636359,0.4186046511627906,0.12658227848101267,0.5471698113207547,0.4444444444444445,0.3821989528795813,0.2997946611909581,0.3833333333333336,0.17777777777777778,0.5000000000000002,0.0,0.6666666666666666
0.5789473684210528,0.22727272727272724,0.7906976744186045,0.17721518987341772,0.22641509433962262,0.6984126984126985,0.6282722513089006,0.166324435318271,0.21666666666666662,0.1111111111111111,0.7105263157894737,0.0,0.6666666666666666
0.6842105263157897,0.20454545454545456,0.7209302325581394,0.006329113924050611,0.4339622641509434,0.4761904761904763,0.649214659685864,0.22587268993839693,0.2666666666666664,0.33333333333333326,0.6052631578947367,0.0,1.0
0.026315789473684237,0.36363636363636365,0.3488372093023254,0.05696202531645567,0.07547169811320759,0.4444444444444445,0.4816753926701572,0.02464065708419083,0.7166666666666668,0.7555555555555555,0.9473684210526319,0.0,0.6666666666666666
0.26315789473684226,0.2954545454545455,0.8139534883720929,0.4620253164556962,0.47169811320754723,0.7460317460317462,0.8900523560209426,0.6180698151950763,0.41666666666666696,0.3555555555555555,0.15789473684210523,0.0,1.0
0.10526315789473678,0.25,0.325581395348837,0.7784810126582278,0.35849056603773577,0.5714285714285715,0.5811518324607331,0.7926078028747405,0.6833333333333333,0.22222222222222218,0.15789473684210523,0.0,1.0
0.0,0.3863636363636364,0.8604651162790696,0.12658227848101267,0.5283018867924528,0.6507936507936509,0.617801047120419,0.37166324435317943,0.6000000000000002,0.9777777777777779,0.2894736842105263,0.0,1.0
0.5263157894736845,0.15909090909090906,0.46511627906976727,0.4493670886075949,0.41509433962264153,0.126984126984127,0.46073298429319387,0.47433264887063364,0.3166666666666668,0.0666666666666666,0.4210526315789474,0.0,0.6666666666666666
0.44736842105263164,0.1363636363636364,0.5813953488372091,0.13924050632911392,0.169811320754717,0.25396825396825395,0.42408376963350797,0.2535934291581088,0.2999999999999997,0.48888888888888893,0.5789473684210527,0.0,0.6666666666666666
0.2894736842105264,0.31818181818181823,0.5813953488372091,0.5569620253164558,0.7924528301886794,0.8888888888888891,0.8062827225130891,0.7926078028747405,0.36666666666666653,0.5555555555555555,0.02631578947368418,0.0,0.3333333333333333
0.3947368421052634,0.22727272727272724,0.5348837209302324,0.24050632911392406,0.28301886792452835,0.17460317460317462,0.549738219895288,0.42299794661191226,0.5499999999999998,0.7111111111111111,0.4736842105263157,0.0,0.6666666666666666
0.5263157894736845,0.4090909090909091,0.2790697674418603,0.6772151898734177,0.18867924528301894,0.6190476190476192,0.649214659685864,0.6468172484599581,0.28333333333333344,0.2888888888888889,0.39473684210526333,0.0,1.0
0.34210526315789486,0.22727272727272724,0.37209302325581384,0.7341772151898733,0.5283018867924528,0.6190476190476192,0.8167539267015709,0.8767967145790574,0.8166666666666669,0.22222222222222218,0.2105263157894735,0.0,1.0
0.3947368421052634,0.09090909090909088,0.5348837209302324,0.0,0.5471698113207547,0.3015873015873016,0.7225130890052358,0.32032854209445805,0.8166666666666669,0.4222222222222222,0.4210526315789474,0.0,1.0
0.36842105263157904,0.25,0.1860465116279068,0.0253164556962025,0.5849056603773586,0.126984126984127,0.5811518324607331,0.412731006160168,0.2999999999999997,0.22222222222222218,0.15789473684210523,0.0,1.0
0.5789473684210528,0.2954545454545455,0.9767441860465116,0.13924050632911392,0.3396226415094339,0.36507936507936517,0.6596858638743457,0.18583162217658972,0.1499999999999999,0.46666666666666673,0.6578947368421055,0.0,0.6666666666666666
0.3947368421052634,0.0,0.6511627906976742,0.0,0.30188679245283023,0.2698412698412699,0.2879581151832462,0.09753593429158208,0.16666666666666619,0.48888888888888893,0.6578947368421055,0.0,0.6666666666666666
0.21052631578947378,0.2954545454545455,0.37209302325581384,0.7025316455696202,0.39622641509433965,0.6031746031746033,0.5287958115183247,0.5770020533880879,0.3833333333333336,0.1111111111111111,0.5000000000000002,0.0,0.6666666666666666
0.13157894736842113,0.27272727272727276,0.6976744186046511,0.01898734177215189,0.41509433962264153,0.11111111111111116,0.5916230366492148,0.5154004106776222,0.8666666666666674,0.46666666666666673,0.39473684210526333,0.0,1.0
0.13157894736842113,0.20454545454545456,0.325581395348837,0.17721518987341772,0.2452830188679245,0.8888888888888891,0.6596858638743457,0.19609856262833403,0.6333333333333336,0.39999999999999997,0.6315789473684214,0.0,0.0
0.34210526315789486,0.6136363636363636,0.5581395348837208,0.5189873417721518,0.45283018867924535,0.380952380952381,0.649214659685864,0.7515400410677634,0.4833333333333337,0.4222222222222222,0.05263157894736825,0.0,1.0
0.5263157894736845,0.2954545454545455,0.4186046511627906,0.05063291139240503,0.28301886792452835,0.634920634920635,0.4973821989528797,0.09753593429158208,0.1499999999999999,0.17777777777777778,0.7894736842105265,0.0,1.0
0.7631578947368425,0.6136363636363636,0.9534883720930232,0.0632911392405063,0.39622641509433965,0.09523809523809523,0.9476439790575917,0.3613963039014352,0.1499999999999999,0.5111111111111112,0.6578947368421055,0.0,1.0
0.44736842105263164,0.1363636363636364,0.6279069767441858,0.03164556962025317,0.45283018867924535,0.36507936507936517,0.5392670157068064,0.28542094455852296,0.36666666666666653,0.4444444444444445,0.5000000000000002,0.0,1.0
0.5526315789473686,0.47727272727272724,0.6279069767441858,0.09493670886075947,0.7735849056603774,0.380952380952381,0.3298429319371729,0.0164271047227863,0.3500000000000002,0.22222222222222218,1.0,0.0,0.6666666666666666
0.7894736842105267,1.0,0.3953488372093022,0.7056962025316456,0.15094339622641506,0.507936507936508,0.4712041884816755,0.6591375770020534,0.10000000000000014,0.15555555555555556,0.5000000000000002,0.0,0.6666666666666666
0.6315789473684212,0.6590909090909092,0.9069767441860463,0.759493670886076,0.15094339622641506,0.507936507936508,0.6910994764397906,0.6180698151950763,0.3500000000000002,0.0666666666666666,0.6315789473684214,0.0,0.6666666666666666
0.5263157894736845,0.31818181818181823,0.6976744186046511,0.6898734177215191,0.13207547169811318,0.126984126984127,0.3455497382198954,0.6991786447638607,0.1333333333333328,0.3111111111111111,0.5000000000000002,0.0,0.3333333333333333
0.3947368421052634,0.5909090909090909,0.1627906976744185,0.7531645569620252,0.15094339622641506,0.8571428571428573,0.8376963350785342,0.8275154004106756,0.25000000000000006,0.37777777777777777,0.13157894736842113,0.0,1.0
0.5263157894736845,0.27272727272727276,0.44186046511627886,0.1708860759493671,0.4339622641509434,0.14285714285714285,0.24607329842931946,0.20739219712525953,0.21666666666666662,0.2888888888888889,0.6578947368421055,0.0,0.6666666666666666
0.6578947368421055,0.26136363636363635,0.37209302325581384,0.0632911392405063,0.018867924528301827,0.5555555555555557,0.8586387434554975,0.3819301848049237,0.18333333333333324,0.15555555555555556,0.6052631578947367,0.0,0.6666666666666666
0.4210526315789475,0.02272727272727265,0.4186046511627906,0.8670886075949367,0.490566037735849,0.380952380952381,0.6439790575916231,0.866529774127313,0.04999999999999971,0.15555555555555556,0.02631578947368418,0.0,0.0
0.5000000000000001,0.5681818181818182,0.6279069767441858,0.006329113924050611,0.3396226415094339,0.49206349206349215,0.45549738219895297,0.15605749486652676,0.7666666666666672,0.3555555555555555,1.0,0.0,0.0
0.7631578947368425,0.18181818181818182,0.5581395348837208,0.006329113924050611,0.3396226415094339,0.23809523809523814,0.4712041884816755,0.3305954825462023,0.11666666666666653,0.33333333333333326,0.3421052631578946,0.0,0.6666666666666666
0.36842105263157904,0.4545454545454546,0.7906976744186045,0.3544303797468354,0.5094339622641509,0.36507936507936517,0.6806282722513091,0.6180698151950763,0.3500000000000002,0.19999999999999993,0.18421052631578938,0.0,1.0
0.34210526315789486,0.4318181818181819,0.5581395348837208,0.3544303797468354,0.7924528301886794,0.4761904761904763,0.6806282722513091,0.6098562628336718,0.2999999999999997,0.3555555555555555,0.105263157894737,0.0,0.6666666666666666
0.3947368421052634,0.4090909090909091,0.37209302325581384,0.0822784810126582,0.09433962264150936,0.09523809523809523,0.4031413612565446,0.16221765913758018,0.21666666666666662,0.22222222222222218,0.5789473684210527,0.0,0.6666666666666666
0.8421052631578949,0.1363636363636364,0.7441860465116277,0.03164556962025317,0.30188679245283023,0.4761904761904763,0.518324607329843,0.3100616016427138,0.2999999999999997,0.37777777777777777,0.6578947368421055,0.0,0.0
0.473684210526316,0.25,0.5116279069767441,0.03164556962025317,0.5471698113207547,0.3015873015873016,0.4136125654450263,0.2114989733059504,0.3999999999999999,0.3555555555555555,0.5789473684210527,0.0,0.6666666666666666
0.6315789473684212,0.22727272727272724,0.1860465116279068,0.36075949367088606,0.39622641509433965,0.4444444444444445,0.7015706806282724,0.7002053388090306,0.45000000000000034,0.5333333333333334,0.23684210526315808,0.0,0.6666666666666666
0.6842105263157897,0.31818181818181823,0.7441860465116277,0.38607594936708856,0.37735849056603776,0.5714285714285715,0.74869109947644,0.6591375770020534,0.3999999999999999,0.2444444444444444,0.4473684210526315,0.0,1.0
0.26315789473684226,0.11363636363636359,0.5813953488372091,0.5822784810126582,0.3396226415094339,0.5555555555555557,0.4188481675392671,0.7022587268993817,0.3833333333333336,0.39999999999999997,0.2105263157894735,0.0,0.6666666666666666
0.4210526315789475,0.3409090909090909,0.5813953488372091,0.0253164556962025,0.2075471698113207,0.5873015873015874,0.43455497382198965,0.1755646817248454,0.6333333333333336,0.6666666666666666,0.7105263157894737,0.0,0.6666666666666666
0.473684210526316,0.4090909090909091,0.6046511627906975,0.0632911392405063,0.15094339622641506,0.507936507936508,0.46073298429319387,0.11498973305954968,0.28333333333333344,0.8666666666666667,0.8947368421052635,0.0,0.0
0.736842105263158,0.22727272727272724,0.9069767441860463,0.5253164556962026,0.2452830188679245,0.7460317460317462,0.7172774869109949,0.5872689938398321,0.1499999999999999,0.0222222222222222,0.4473684210526315,0.0,0.6666666666666666
0.5263157894736845,0.4090909090909091,0.3953488372093022,0.0253164556962025,0.45283018867924535,0.5238095238095238,0.7696335078534033,0.3973305954825401,0.16666666666666619,0.4444444444444445,0.105263157894737,0.0,1.0
0.44736842105263164,0.2954545454545455,0.325581395348837,0.7341772151898733,0.35849056603773577,0.6825396825396826,0.4816753926701572,0.7987679671457939,0.18333333333333324,0.5333333333333334,0.2894736842105263,0.0,0.0
0.3157894736842105,0.18181818181818182,0.5813953488372091,0.0253164556962025,0.47169811320754723,0.28571428571428575,0.29842931937172784,0.07289527720739125,0.3999999999999999,0.3555555555555555,0.8157894736842106,0.0,0.0
0.2368421052631579,0.06818181818181823,0.5116279069767441,0.20253164556962028,0.28301886792452835,0.507936507936508,0.47643979057591634,0.2402464065708435,0.5166666666666672,0.2444444444444444,0.6315789473684214,0.0,0.6666666666666666
0.21052631578947378,0.36363636363636365,0.37209302325581384,0.7848101265822784,0.39622641509433965,0.8253968253968255,0.9424083769633509,0.8490759753593454,0.3999999999999999,0.2444444444444444,0.15789473684210523,0.0,0.6666666666666666
0.6842105263157897,0.25,0.9069767441860463,0.012658227848101278,0.679245283018868,0.34920634920634924,0.47643979057591634,0.4435318275154008,0.25000000000000006,0.04444444444444445,0.13157894736842113,0.0,1.0
0.736842105263158,0.27272727272727276,0.9069767441860463,0.26582278481012656,0.28301886792452835,0.22222222222222224,0.3874345549738221,0.47433264887063364,0.3166666666666668,0.04444444444444445,0.3157894736842105,0.0,0.6666666666666666
0.9210526315789478,0.4318181818181819,0.5581395348837208,0.0253164556962025,0.5849056603773586,0.14285714285714285,0.7591623036649215,0.5256673511293665,0.33333333333333315,0.33333333333333326,0.2105263157894735,0.0,1.0
0.18421052631578938,0.4090909090909091,0.6279069767441858,0.05063291139240503,0.490566037735849,0.126984126984127,0.9109947643979059,0.5154004106776222,0.933333333333334,0.26666666666666666,0.4210526315789474,0.0,0.3333333333333333
0.05263157894736831,0.27272727272727276,0.9302325581395348,0.6582278481012658,0.07547169811320759,0.3174603174603175,0.3507853403141362,0.4928131416837825,0.5,0.37777777777777777,0.4210526315789474,0.0,0.6666666666666666
0.26315789473684226,0.3409090909090909,0.1860465116279068,0.8860759493670884,0.28301886792452835,0.25396825396825395,0.4712041884816755,0.8090349075975383,0.3500000000000002,0.39999999999999997,0.07894736842105238,0.0,1.0
0.8157894736842107,0.22727272727272724,0.6744186046511627,0.5949367088607596,0.35849056603773577,0.23809523809523814,0.6073298429319373,0.8131416837782292,0.45000000000000034,0.46666666666666673,0.2894736842105263,0.0,0.6666666666666666
0.736842105263158,0.3409090909090909,0.5348837209302324,0.5126582278481012,0.2075471698113207,0.36507936507936517,0.4816753926701572,0.5975359342915764,0.04999999999999971,0.17777777777777778,0.5263157894736844,0.0,0.0
0.7631578947368425,0.7954545454545454,0.3023255813953487,0.3575949367088608,0.169811320754717,0.015873015873015872,0.6910994764397906,0.4065708418891146,0.19999999999999962,0.3555555555555555,0.6052631578947367,0.0,1.0
0.5000000000000001,0.2954545454545455,0.6279069767441858,0.5506329113924049,0.3207547169811321,0.49206349206349215,0.5445026178010473,0.8644763860369619,0.9166666666666672,0.9555555555555555,0.26315789473684226,0.0,0.6666666666666666
0.26315789473684226,0.27272727272727276,0.7441860465116277,0.5506329113924049,0.35849056603773577,0.39682539682539686,0.5968586387434556,0.6899383983572863,0.41666666666666696,0.33333333333333326,0.05263157894736825,0.0,0.6666666666666666
0.10526315789473678,0.09090909090909088,0.4186046511627906,0.01898734177215189,0.169811320754717,0.06349206349206349,0.35602094240837706,0.1478439425051336,0.4666666666666667,0.4444444444444445,0.6052631578947367,0.0,0.6666666666666666
0.3157894736842105,0.25,0.46511627906976727,0.037974683544303806,0.39622641509433965,0.4285714285714286,0.5654450261780106,0.3613963039014352,0.8166666666666669,0.4222222222222222,0.3157894736842105,0.0,0.0
0.36842105263157904,0.09090909090909088,0.4186046511627906,0.5569620253164558,0.2641509433962264,0.380952380952381,0.45549738219895297,0.47022587268994276,0.2999999999999997,0.2888888888888889,0.5263157894736844,0.0,0.0
0.5000000000000001,0.4545454545454546,0.2790697674418603,0.0253164556962025,0.35849056603773577,0.6031746031746033,0.7853403141361257,0.3470225872689886,0.3500000000000002,0.3111111111111111,0.26315789473684226,0.0,1.0
0.5000000000000001,0.31818181818181823,0.6279069767441858,0.012658227848101278,0.2641509433962264,0.33333333333333337,0.3821989528795813,0.2566735112936298,0.1333333333333328,0.6666666666666666,0.5000000000000002,0.0,1.0
0.36842105263157904,0.4318181818181819,0.4883720930232557,0.4050632911392405,0.37735849056603776,0.4603174603174604,0.6125654450261782,0.28542094455852296,0.21666666666666662,0.5111111111111112,0.868421052631579,0.0,0.6666666666666666
0.3157894736842105,0.06818181818181823,0.5813953488372091,0.10126582278481011,0.09433962264150936,0.4444444444444445,0.2722513089005237,0.20328542094455732,0.4833333333333337,0.8888888888888888,0.6315789473684214,0.0,0.6666666666666666
0.5526315789473686,0.22727272727272724,0.44186046511627886,0.006329113924050611,0.39622641509433965,0.4603174603174604,0.3036649214659687,0.07392197125256111,0.18333333333333324,0.15555555555555556,0.6710526315789473,0.0,0.6666666666666666
0.3947368421052634,0.4090909090909091,0.46511627906976727,0.05063291139240503,0.2075471698113207,0.36507936507936517,0.47643979057591634,0.32956878850102106,0.5166666666666672,0.3555555555555555,0.5526315789473686,0.0,0.6666666666666666
0.18421052631578938,0.1363636363636364,0.1627906976744185,0.037974683544303806,0.4339622641509434,0.6507936507936509,0.5392670157068064,0.15605749486652676,0.6166666666666666,0.2444444444444444,0.6578947368421055,0.0,0.6666666666666666
0.473684210526316,0.47727272727272724,0.5581395348837208,0.7215189873417721,0.490566037735849,0.015873015873015872,0.057591623036649275,0.5051334702258665,0.33333333333333315,0.15555555555555556,0.6842105263157896,0.0,0.6666666666666666
0.8157894736842107,0.25,0.3953488372093022,0.23417721518987344,0.1132075471698113,0.4126984126984128,0.3455497382198954,0.27926078028746953,0.1333333333333328,0.0222222222222222,0.8157894736842106,0.0,0.6666666666666666
0.26315789473684226,0.06818181818181823,0.5581395348837208,0.7848101265822784,0.35849056603773577,0.634920634920635,0.5916230366492148,0.8254620123203245,0.21666666666666662,0.2444444444444444,0.05263157894736825,0.0,0.6666666666666666
0.6052631578947371,0.27272727272727276,0.4883720930232557,0.01898734177215189,0.3396226415094339,0.6666666666666667,0.6753926701570682,0.4332648870636565,0.8166666666666669,0.39999999999999997,0.3157894736842105,0.0,0.6666666666666666
0.3157894736842105,0.2954545454545455,0.3488372093023254,0.1329113924050633,0.5094339622641509,0.5714285714285715,0.8481675392670158,0.20739219712525953,0.5166666666666672,0.17777777777777778,0.6315789473684214,0.0,1.0
0.5789473684210528,0.5454545454545454,0.23255813953488358,0.15189873417721517,0.39622641509433965,0.06349206349206349,0.4712041884816755,0.5051334702258665,0.36666666666666653,0.19999999999999993,0.13157894736842113,0.0,1.0
0.1578947368421053,0.3409090909090909,0.7209302325581394,0.620253164556962,0.4339622641509434,0.7936507936507937,0.6439790575916231,0.4332648870636565,0.2666666666666664,0.6,0.5526315789473686,0.0,0.0
0.7105263157894738,0.2954545454545455,0.5813953488372091,0.04430379746835442,0.09433962264150936,0.5238095238095238,0.4031413612565446,0.31519507186858586,0.4833333333333337,0.6888888888888889,0.39473684210526333,0.0,0.0
0.5263157894736845,0.7954545454545454,0.325581395348837,0.8924050632911391,0.09433962264150936,0.4603174603174604,0.6649214659685865,0.5975359342915764,0.33333333333333315,0.4222222222222222,0.8157894736842106,0.0,0.0
0.6315789473684212,0.20454545454545456,0.4186046511627906,0.23734177215189872,0.3207547169811321,0.634920634920635,0.7329842931937174,0.3408624229979466,0.04999999999999971,0.17777777777777778,0.6842105263157896,0.0,1.0
0.26315789473684226,0.3863636363636364,0.37209302325581384,0.7721518987341771,0.39622641509433965,0.8253968253968255,0.9371727748691101,0.8234086242299847,0.3999999999999999,0.19999999999999993,0.18421052631578938,0.0,1.0
0.473684210526316,0.20454545454545456,0.20930232558139522,0.8037974683544304,0.5094339622641509,0.6666666666666667,0.8952879581151834,0.9414784394250555,0.3166666666666668,0.46666666666666673,0.02631578947368418,0.0,1.0
0.2894736842105264,0.1363636363636364,0.5348837209302324,0.03164556962025317,0.2641509433962264,0.49206349206349215,0.4397905759162305,0.061601642710465754,0.4833333333333337,0.7333333333333334,0.8157894736842106,0.0,0.6666666666666666
0.21052631578947378,0.18181818181818182,0.9069767441860463,0.3164556962025316,0.07547169811320759,0.4126984126984128,0.5340314136125656,0.3408624229979466,0.8000000000000006,0.0888888888888888,0.6315789473684214,0.0,0.0
0.4210526315789475,0.36363636363636365,0.9534883720930232,0.7974683544303796,0.47169811320754723,0.5555555555555557,0.7434554973821991,0.8336755646817291,0.233333333333333,0.4444444444444445,0.18421052631578938,0.0,0.0
0.5263157894736845,0.27272727272727276,0.5116279069767441,0.1708860759493671,0.13207547169811318,0.380952380952381,0.87434554973822,0.19096509240246184,0.28333333333333344,0.7777777777777779,0.9473684210526319,0.0,0.6666666666666666
0.4210526315789475,0.4090909090909091,0.44186046511627886,0.2468354430379747,0.2075471698113207,0.5714285714285715,0.649214659685864,0.22587268993839693,0.7500000000000001,0.2444444444444444,0.868421052631579,0.0,0.6666666666666666
0.2894736842105264,0.20454545454545456,0.6744186046511627,0.05696202531645567,0.2075471698113207,0.5714285714285715,0.3769633507853404,0.05338809034907255,0.4333333333333333,0.2444444444444444,0.7894736842105265,0.0,0.0
0.6578947368421055,0.27272727272727276,0.7209302325581394,0.8955696202531644,0.28301886792452835,0.5238095238095238,0.9947643979057594,0.8336755646817291,0.04999999999999971,0.6222222222222222,0.2894736842105263,0.0,0.6666666666666666
0.36842105263157904,0.09090909090909088,0.6511627906976742,0.0253164556962025,0.2452830188679245,0.4761904761904763,0.44502617801047134,0.2381930184804924,0.6499999999999999,0.6,0.6052631578947367,0.0,0.0
0.3157894736842105,0.5,0.9767441860465116,0.5759493670886074,0.47169811320754723,0.380952380952381,0.5968586387434556,0.6981519507186909,0.233333333333333,0.17777777777777778,0.13157894736842113,0.0,1.0
0.5263157894736845,0.15909090909090906,0.3953488372093022,0.012658227848101278,0.30188679245283023,0.34920634920634924,0.3821989528795813,0.3305954825462023,0.4333333333333333,0.0222222222222222,0.23684210526315808,0.0,0.6666666666666666
0.3157894736842105,0.5454545454545454,0.11627906976744168,0.22784810126582278,0.35849056603773577,0.3174603174603175,0.2722513089005237,0.37166324435317943,0.2999999999999997,0.1333333333333333,0.3421052631578946,0.0,0.6666666666666666
0.3157894736842105,0.06818181818181823,0.6511627906976742,0.03164556962025317,0.13207547169811318,0.36507936507936517,0.4502617801047122,0.1971252566735039,0.5333333333333334,0.5111111111111112,0.6578947368421055,0.0,0.0
0.473684210526316,0.20454545454545456,0.6511627906976742,0.841772151898734,0.6226415094339623,0.7936507936507937,0.8795811518324609,0.8644763860369619,0.2666666666666664,0.26666666666666666,0.02631578947368418,0.0,0.6666666666666666
0.34210526315789486,0.04545454545454547,0.4186046511627906,0.09493670886075947,0.39622641509433965,0.5555555555555557,0.6649214659685865,0.2689938398357252,0.7500000000000001,0.4222222222222222,0.6578947368421055,0.0,0.0
0.7894736842105267,0.18181818181818182,0.46511627906976727,0.01898734177215189,0.2452830188679245,0.634920634920635,0.5026178010471205,0.2361396303901413,0.33333333333333315,0.48888888888888893,0.5000000000000002,0.0,0.0
0.2894736842105264,0.4090909090909091,0.5581395348837208,0.2974683544303797,0.35849056603773577,0.34920634920634924,0.34031413612565453,0.24229979466119467,0.5833333333333331,0.6222222222222222,0.8157894736842106,0.0,0.0
0.4210526315789475,0.11363636363636359,0.5348837209302324,0.3354430379746835,0.13207547169811318,0.5873015873015874,0.5287958115183247,0.2402464065708435,0.6333333333333336,0.1333333333333333,0.868421052631579,0.0,0.6666666666666666
0.34210526315789486,0.18181818181818182,0.2790697674418603,0.012658227848101278,0.2452830188679245,0.0,0.5130890052356022,0.1540041067761756,0.28333333333333344,0.1111111111111111,0.6052631578947367,0.0,0.3333333333333333
0.36842105263157904,0.3409090909090909,0.2790697674418603,0.15189873417721517,0.18867924528301894,0.5555555555555557,0.5026178010471205,0.07802874743326343,0.2666666666666664,0.33333333333333326,0.8947368421052635,0.0,0.6666666666666666
0.36842105263157904,0.3863636363636364,0.7441860465116277,0.37341772151898733,0.39622641509433965,0.7142857142857144,0.7696335078534033,0.6488706365503092,0.4333333333333333,0.3111111111111111,0.02631578947368418,0.0,1.0
0.1578947368421053,0.04545454545454547,0.6046511627906975,0.037974683544303806,0.3207547169811321,0.126984126984127,0.18324607329842946,0.2002053388090363,0.4833333333333337,0.48888888888888893,0.5000000000000002,0.0,0.6666666666666666
0.4210526315789475,0.22727272727272724,0.46511627906976727,0.20253164556962028,0.28301886792452835,0.5714285714285715,0.9790575916230367,0.3305954825462023,0.5833333333333331,0.37777777777777777,0.7631578947368425,0.0,0.6666666666666666
0.21052631578947378,0.75,0.20930232558139522,0.4620253164556962,0.07547169811320759,0.3015873015873016,0.6073298429319373,0.25872689938398097,0.4833333333333337,0.2888888888888889,0.8947368421052635,0.0,0.6666666666666666
0.26315789473684226,0.04545454545454547,0.7906976744186045,0.012658227848101278,0.490566037735849,0.5396825396825398,0.5026178010471205,0.11293634496919847,0.2999999999999997,0.9555555555555555,0.6315789473684214,0.0,0.0
0.34210526315789486,0.25,0.5581395348837208,0.7499999999999999,0.4339622641509434,0.39682539682539686,0.7068062827225132,0.9363449691991832,0.8500000000000003,0.33333333333333326,0.15789473684210523,0.0,0.6666666666666666
0.473684210526316,0.1363636363636364,0.5581395348837208,0.10759493670886075,0.13207547169811318,0.6984126984126985,0.6544502617801048,0.05338809034907255,0.3833333333333336,0.15555555555555556,1.0,0.0,0.0
0.2368421052631579,0.22727272727272724,0.5813953488372091,0.0822784810126582,0.2641509433962264,0.6031746031746033,0.43455497382198965,0.11088295687884736,0.6833333333333333,0.26666666666666666,0.7631578947368425,0.0,0.6666666666666666
0.21052631578947378,0.25,0.2558139534883719,0.9208860759493671,0.2641509433962264,0.36507936507936517,0.6963350785340315,0.8952772073921947,0.9166666666666672,0.7111111111111111,0.18421052631578938,0.0,0.6666666666666666
0.2368421052631579,0.31818181818181823,0.8604651162790696,0.6455696202531644,0.28301886792452835,0.8888888888888891,0.8219895287958117,0.6611909650924046,0.3166666666666668,0.4222222222222222,0.15789473684210523,0.0,0.6666666666666666
0.6315789473684212,0.3409090909090909,0.6046511627906975,0.37974683544303794,0.3207547169811321,0.5238095238095238,0.7068062827225132,0.47433264887063364,0.5499999999999998,0.1111111111111111,0.6052631578947367,0.0,0.0
0.5263157894736845,0.04545454545454547,0.9069767441860463,0.012658227848101278,0.5660377358490566,0.20634920634920637,0.649214659685864,0.22792607802874815,0.5,0.33333333333333326,0.6052631578947367,0.0,0.6666666666666666
0.2894736842105264,0.4318181818181819,0.5116279069767441,0.0,0.30188679245283023,0.5396825396825398,0.4921465968586389,0.05749486652977481,0.21666666666666662,0.1111111111111111,0.868421052631579,0.0,0.6666666666666666
0.21052631578947378,0.3409090909090909,0.37209302325581384,0.7658227848101264,0.39622641509433965,0.7936507936507937,0.9319371727748693,0.8182751540041012,0.3833333333333336,0.19999999999999993,0.18421052631578938,0.0,0.6666666666666666
0.6578947368421055,0.0,0.4186046511627906,0.05063291139240503,0.30188679245283023,0.6190476190476192,0.7958115183246075,0.6078028747433207,0.8666666666666674,0.2444444444444444,0.07894736842105238,0.0,0.6666666666666666
0.6315789473684212,0.7954545454545454,0.9069767441860463,0.37974683544303794,0.3396226415094339,0.380952380952381,0.6439790575916231,0.5872689938398321,0.4666666666666667,0.0222222222222222,0.2894736842105263,0.0,1.0
0.4210526315789475,0.02272727272727265,0.4186046511627906,0.8670886075949367,0.490566037735849,0.380952380952381,0.6439790575916231,0.866529774127313,0.04999999999999971,0.15555555555555556,0.02631578947368418,0.0,0.0
0.6315789473684212,0.25,0.6279069767441858,0.0,0.3396226415094339,0.07936507936507936,0.2827225130890053,0.18480492813141985,0.25000000000000006,0.1333333333333333,0.6578947368421055,0.0,1.0
0.026315789473684237,0.20454545454545456,0.20930232558139522,0.07594936708860758,0.35849056603773577,0.5396825396825398,0.7068062827225132,0.26796714579055536,0.4333333333333333,0.2444444444444444,0.39473684210526333,0.0,0.6666666666666666
0.21052631578947378,0.2954545454545455,0.5116279069767441,0.3354430379746835,0.4339622641509434,0.6666666666666667,0.6963350785340315,0.3429158110882977,0.4666666666666667,0.6222222222222222,0.5526315789473686,0.0,0.6666666666666666
0.473684210526316,0.25,0.4186046511627906,0.8481012658227849,0.5660377358490566,0.7936507936507937,0.9371727748691101,0.9363449691991832,0.3166666666666668,0.1333333333333333,0.02631578947368418,0.0,0.0
0.3947368421052634,0.36363636363636365,0.3488372093023254,0.14556962025316453,0.30188679245283023,0.33333333333333337,0.5130890052356022,0.4928131416837825,0.41666666666666696,0.39999999999999997,0.105263157894737,0.0,0.6666666666666666
0.44736842105263164,0.7272727272727273,0.3023255813953487,0.8037974683544304,0.37735849056603776,0.6190476190476192,0.8691099476439792,0.8850102669404505,0.2999999999999997,0.46666666666666673,0.13157894736842113,0.0,1.0
0.10526315789473678,0.4545454545454546,0.2558139534883719,0.3544303797468354,0.28301886792452835,0.7142857142857144,0.7382198952879583,0.47433264887063364,0.6000000000000002,0.6666666666666666,0.2894736842105263,0.0,1.0
0.2368421052631579,0.02272727272727265,0.5581395348837208,0.6582278481012658,0.47169811320754723,0.3174603174603175,0.36649214659685875,0.8275154004106756,0.4666666666666667,0.37777777777777777,0.2894736842105263,0.0,0.6666666666666666
0.18421052631578938,0.6136363636363636,0.325581395348837,0.037974683544303806,0.45283018867924535,0.17460317460317462,0.5811518324607331,0.3613963039014352,0.6499999999999999,0.39999999999999997,0.39473684210526333,0.0,0.6666666666666666
0.34210526315789486,0.02272727272727265,0.6511627906976742,0.04430379746835442,0.22641509433962262,0.23809523809523814,0.3036649214659687,0.1006160164271031,0.2666666666666664,0.46666666666666673,0.6578947368421055,0.0,0.6666666666666666
0.2894736842105264,0.5,0.4883720930232557,0.7943037974683544,0.5283018867924528,0.23809523809523814,0.45549738219895297,0.6119096509240229,0.45000000000000034,0.5333333333333334,0.5526315789473686,0.0,0.6666666666666666
0.6578947368421055,0.09090909090909088,0.9069767441860463,0.26582278481012656,0.490566037735849,0.49206349206349215,0.6858638743455499,0.5975359342915764,0.41666666666666696,0.3555555555555555,0.4473684210526315,0.0,0.6666666666666666
0.3947368421052634,0.3863636363636364,0.5581395348837208,0.037974683544303806,0.13207547169811318,0.28571428571428575,0.5340314136125656,0.22792607802874815,0.7333333333333338,0.33333333333333326,0.7368421052631579,0.0,0.6666666666666666
0.6052631578947371,0.3863636363636364,0.37209302325581384,0.430379746835443,0.1132075471698113,0.28571428571428575,0.33507853403141374,0.5051334702258665,0.33333333333333315,0.39999999999999997,0.39473684210526333,0.0,1.0
0.3947368421052634,0.11363636363636359,0.5813953488372091,0.04430379746835442,0.2075471698113207,0.4444444444444445,0.39267015706806296,0.37679671457905156,0.4666666666666667,0.48888888888888893,0.5000000000000002,0.0,0.0
0.26315789473684226,0.4318181818181819,0.46511627906976727,0.3924050632911392,0.30188679245283023,0.5873015873015874,0.7434554973821991,0.39322381930184924,0.4833333333333337,0.37777777777777777,0.5789473684210527,0.0,0.6666666666666666
0.5263157894736845,0.36363636363636365,0.2790697674418603,0.2689873417721519,0.5283018867924528,0.4444444444444445,0.8062827225130891,0.32032854209445805,0.33333333333333315,0.2888888888888889,0.7105263157894737,0.0,0.6666666666666666
0.6842105263157897,0.4090909090909091,0.37209302325581384,0.012658227848101278,0.47169811320754723,0.1031746031746032,0.32460732984293206,0.5256673511293665,0.5166666666666672,0.1111111111111111,0.15789473684210523,0.0,0.3333333333333333
0.34210526315789486,0.15909090909090906,0.5581395348837208,0.0253164556962025,0.45283018867924535,0.49206349206349215,0.4502617801047122,0.14681724845995237,0.1499999999999999,0.39999999999999997,0.5526315789473686,0.0,0.6666666666666666
0.5789473684210528,0.06818181818181823,0.8139534883720929,0.6455696202531644,0.5471698113207547,0.8095238095238095,0.5811518324607331,0.772073921971252,0.36666666666666653,0.33333333333333326,0.2894736842105263,0.0,1.0
0.7105263157894738,0.25,0.5581395348837208,0.5759493670886074,0.47169811320754723,0.39682539682539686,0.4973821989528797,0.7967145790554429,0.3999999999999999,0.37777777777777777,0.3157894736842105,0.0,0.6666666666666666
0.5000000000000001,0.25,0.6046511627906975,0.06962025316455694,0.169811320754717,0.39682539682539686,0.7905759162303665,0.14065708418891038,0.5333333333333334,0.17777777777777778,0.7894736842105265,0.0,0.0
0.2894736842105264,0.11363636363636359,0.37209302325581384,0.26582278481012656,0.28301886792452835,0.4126984126984128,0.5968586387434556,0.5667351129363436,0.5499999999999998,0.8,0.15789473684210523,0.0,0.6666666666666666
0.3947368421052634,0.11363636363636359,0.5813953488372091,0.7911392405063291,0.2452830188679245,0.6984126984126985,0.4816753926701572,0.6139630390143741,0.11666666666666653,0.6888888888888889,0.4736842105263157,0.0,0.6666666666666666
0.3157894736842105,0.27272727272727276,0.2558139534883719,0.120253164556962,0.018867924528301827,0.6825396825396826,0.5235602094240839,0.14476386036961258,0.4833333333333337,0.1333333333333333,0.6315789473684214,0.0,0.0
0.3157894736842105,0.4545454545454546,0.325581395348837,0.14556962025316453,0.169811320754717,0.380952380952381,0.3821989528795813,0.08521560574948661,0.28333333333333344,0.17777777777777778,0.8947368421052635,0.0,0.0
0.26315789473684226,0.4090909090909091,0.3488372093023254,0.25316455696202533,0.5660377358490566,0.36507936507936517,0.586387434554974,0.228952772073918,0.5666666666666669,0.39999999999999997,0.9210526315789476,0.0,0.0
0.6052631578947371,0.36363636363636365,0.7441860465116277,0.841772151898734,0.37735849056603776,0.634920634920635,0.9790575916230367,0.9876796714579046,0.41666666666666696,0.6888888888888889,0.07894736842105238,0.0,1.0
0.0,0.06818181818181823,0.3953488372093022,0.10759493670886075,0.45283018867924535,0.36507936507936517,0.40837696335078544,0.2833675564681718,0.8833333333333336,0.5111111111111112,0.3684210526315792,0.0,0.6666666666666666
0.6842105263157897,0.22727272727272724,0.5348837209302324,0.012658227848101278,0.35849056603773577,0.36507936507936517,0.39267015706806296,0.0893223819301775,0.16666666666666619,0.2444444444444444,0.9473684210526319,0.0,0.6666666666666666
0.3157894736842105,0.27272727272727276,0.4186046511627906,0.5316455696202531,0.05660377358490565,0.126984126984127,0.4973821989528797,0.3141683778234047,0.3999999999999999,0.04444444444444445,0.8421052631578949,0.0,0.6666666666666666
0.3947368421052634,0.5454545454545454,0.3488372093023254,0.5569620253164558,0.28301886792452835,0.36507936507936517,0.8638743455497384,0.7823408624229963,0.5833333333333331,0.6444444444444444,0.07894736842105238,0.0,1.0
0.7894736842105267,0.20454545454545456,0.9069767441860463,0.430379746835443,0.18867924528301894,0.2698412698412699,0.3612565445026179,0.412731006160168,0.18333333333333324,0.04444444444444445,0.8157894736842106,0.0,0.6666666666666666
0.736842105263158,0.5227272727272727,0.6046511627906975,0.0,0.169811320754717,0.1904761904761905,0.3507853403141362,0.11498973305954968,0.18333333333333324,0.0,0.7368421052631579,0.0,0.0
0.26315789473684226,0.15909090909090906,0.7906976744186045,0.4050632911392405,0.37735849056603776,0.6666666666666667,0.8167539267015709,0.6386036960985649,0.5166666666666672,0.3111111111111111,0.05263157894736825,0.0,1.0
0.473684210526316,0.36363636363636365,0.37209302325581384,0.03164556962025317,0.30188679245283023,0.6507936507936509,0.7958115183246075,0.2114989733059504,0.4333333333333333,0.5333333333333334,0.6315789473684214,0.0,0.6666666666666666
0.473684210526316,0.25,0.4186046511627906,0.8481012658227849,0.5660377358490566,0.7936507936507937,0.9371727748691101,0.9363449691991832,0.3166666666666668,0.1333333333333333,0.02631578947368418,0.0,0.0
0.36842105263157904,0.09090909090909088,0.46511627906976727,0.7468354430379747,0.6981132075471699,0.22222222222222224,0.7591623036649215,0.8829568788500993,0.11666666666666653,0.4444444444444445,0.02631578947368418,0.0,0.0
0.736842105263158,0.2954545454545455,0.7674418604651161,0.037974683544303806,0.18867924528301894,0.4126984126984128,0.5340314136125656,0.21765913757700384,0.28333333333333344,0.39999999999999997,0.8947368421052635,0.0,0.6666666666666666
0.34210526315789486,0.22727272727272724,0.6046511627906975,0.46835443037974683,0.3207547169811321,0.5873015873015874,0.5078534031413614,0.5390143737166317,0.6833333333333333,0.4444444444444445,0.5263157894736844,0.0,0.6666666666666666
0.5526315789473686,0.20454545454545456,0.6046511627906975,0.37974683544303794,0.2075471698113207,0.6031746031746033,0.7068062827225132,0.4435318275154008,0.18333333333333324,0.0,0.5526315789473686,0.0,1.0
0.3157894736842105,0.04545454545454547,0.2558139534883719,0.36075949367088606,0.5660377358490566,0.6031746031746033,0.6858638743455499,0.44763860369609165,0.36666666666666653,0.4444444444444445,0.5000000000000002,0.0,0.6666666666666666
0.6578947368421055,0.11363636363636359,0.8139534883720929,0.03164556962025317,0.37735849056603776,0.1904761904761905,0.36649214659685875,0.22792607802874815,0.33333333333333315,0.15555555555555556,0.5526315789473686,0.0,0.6666666666666666
0.2894736842105264,0.4318181818181819,0.46511627906976727,0.17721518987341772,0.2075471698113207,0.4603174603174604,0.32460732984293206,0.08213552361396564,0.5333333333333334,0.6888888888888889,0.9473684210526319,0.0,0.0
0.3947368421052634,0.31818181818181823,0.4883720930232557,0.3924050632911392,0.28301886792452835,0.6666666666666667,0.7434554973821991,0.5256673511293665,0.6000000000000002,0.5555555555555555,0.4473684210526315,0.0,0.0
0.9473684210526319,0.2954545454545455,0.5813953488372091,0.2468354430379747,0.05660377358490565,0.34920634920634924,0.3612565445026179,0.3819301848049237,0.18333333333333324,0.17777777777777778,0.6315789473684214,0.0,0.6666666666666666
0.3947368421052634,0.5909090909090909,0.1627906976744185,0.7531645569620252,0.15094339622641506,0.8571428571428573,0.8376963350785342,0.8275154004106756,0.25000000000000006,0.37777777777777777,0.13157894736842113,0.0,1.0
0.07894736842105271,0.4090909090909091,0.6511627906976742,0.23734177215189872,0.15094339622641506,0.28571428571428575,0.35602094240837706,0.15605749486652676,0.8166666666666669,0.22222222222222218,0.7631578947368425,0.0,0.0
0.2894736842105264,0.27272727272727276,0.5581395348837208,0.0253164556962025,0.28301886792452835,0.3174603174603175,0.8272251308900525,0.27515400410677865,0.6000000000000002,0.3111111111111111,0.4736842105263157,0.0,1.0
0.1578947368421053,0.15909090909090906,0.5581395348837208,0.0632911392405063,0.3207547169811321,0.9206349206349208,0.5078534031413614,0.1067761806981451,0.8500000000000003,0.22222222222222218,0.6578947368421055,0.0,0.6666666666666666
0.5263157894736845,0.04545454545454547,0.5348837209302324,0.012658227848101278,0.3207547169811321,0.6666666666666667,0.4973821989528797,0.2566735112936298,0.18333333333333324,0.8,0.4210526315789474,0.0,0.0
0.26315789473684226,0.3409090909090909,0.23255813953488358,0.9240506329113922,0.28301886792452835,0.23809523809523814,0.6073298429319373,0.6899383983572863,0.28333333333333344,0.48888888888888893,0.4473684210526315,0.0,1.0
0.5789473684210528,0.18181818181818182,0.5581395348837208,0.5506329113924049,0.18867924528301894,0.33333333333333337,0.6125654450261782,0.7207392197125306,0.25000000000000006,0.37777777777777777,0.23684210526315808,0.0,0.6666666666666666
0.6052631578947371,0.27272727272727276,0.5581395348837208,0.34177215189873417,0.47169811320754723,0.49206349206349215,0.7172774869109949,0.4332648870636565,0.4333333333333333,0.8444444444444443,0.6842105263157896,0.0,0.6666666666666666
0.3157894736842105,0.4090909090909091,0.6046511627906975,0.4430379746835443,0.41509433962264153,0.8253968253968255,0.7434554973821991,0.5564681724845992,0.36666666666666653,0.3111111111111111,0.18421052631578938,0.0,1.0
0.18421052631578938,0.09090909090909088,0.6511627906976742,0.0822784810126582,0.15094339622641506,0.36507936507936517,0.44502617801047134,0.01437371663244652,0.3833333333333336,0.37777777777777777,0.9210526315789476,0.0,0.6666666666666666
0.2894736842105264,0.22727272727272724,0.325581395348837,0.037974683544303806,0.39622641509433965,0.15873015873015875,0.17801047120418856,0.3408624229979466,0.4333333333333333,0.15555555555555556,0.23684210526315808,0.0,1.0
0.3157894736842105,0.04545454545454547,0.44186046511627886,0.05063291139240503,0.47169811320754723,0.5555555555555557,0.6335078534031415,0.17659137577001532,0.21666666666666662,0.26666666666666666,0.6578947368421055,0.0,0.0
0.4210526315789475,0.3863636363636364,0.44186046511627886,0.0253164556962025,0.22641509433962262,0.4444444444444445,0.5340314136125656,0.012320328542095527,0.3166666666666668,0.0888888888888888,0.868421052631579,0.0,0.0
0.5000000000000001,0.25,0.37209302325581384,0.3924050632911392,0.4339622641509434,0.7460317460317462,0.9476439790575917,0.6560574948665325,0.3166666666666668,0.1111111111111111,0.07894736842105238,0.0,1.0
0.21052631578947378,0.25,0.7441860465116277,0.4430379746835443,0.45283018867924535,0.7619047619047621,0.9424083769633509,0.6550308008213512,0.3833333333333336,0.33333333333333326,0.05263157894736825,0.0,0.6666666666666666
0.6315789473684212,0.3409090909090909,0.44186046511627886,0.13607594936708858,0.35849056603773577,0.5714285714285715,0.47643979057591634,0.21047227926078055,0.5166666666666672,0.0666666666666666,0.6842105263157896,0.0,1.0
0.7105263157894738,0.31818181818181823,0.9069767441860463,0.0,0.28301886792452835,0.4285714285714286,0.6387434554973823,0.42299794661191226,0.33333333333333315,0.19999999999999993,0.2894736842105263,0.0,0.6666666666666666
0.5526315789473686,0.22727272727272724,0.4883720930232557,0.7658227848101264,0.47169811320754723,0.33333333333333337,0.8062827225130891,0.9609856262833627,0.19999999999999962,0.46666666666666673,0.05263157894736825,0.0,0.6666666666666666
0.7105263157894738,0.1363636363636364,0.46511627906976727,0.01898734177215189,0.2075471698113207,0.031746031746031744,0.12041884816753934,0.3018480492813092,0.10000000000000014,0.9111111111111112,0.3684210526315792,0.0,1.0
0.6052631578947371,0.2954545454545455,0.9069767441860463,0.05063291139240503,0.30188679245283023,0.28571428571428575,0.31413612565445037,0.1971252566735039,0.3833333333333336,0.22222222222222218,0.9473684210526319,0.0,0.6666666666666666
0.5263157894736845,0.09090909090909088,0.325581395348837,0.0253164556962025,0.41509433962264153,0.25396825396825395,0.4188481675392671,0.44661190965092185,0.9833333333333338,0.7111111111111111,0.4210526315789474,0.0,0.0
0.3947368421052634,0.1363636363636364,0.4186046511627906,0.012658227848101278,0.4339622641509434,0.49206349206349215,0.6963350785340315,0.42299794661191226,0.4333333333333333,0.2444444444444444,0.05263157894736825,0.0,0.6666666666666666
0.3157894736842105,0.5454545454545454,0.6046511627906975,0.5189873417721518,0.679245283018868,0.5873015873015874,0.9842931937172776,0.8336755646817291,0.6333333333333336,0.5333333333333334,0.13157894736842113,0.0,1.0
0.26315789473684226,0.8181818181818182,0.1395348837209301,0.7531645569620252,0.3207547169811321,0.33333333333333337,0.586387434554974,0.8131416837782292,0.5833333333333331,0.0222222222222222,0.02631578947368418,0.0,1.0
0.5526315789473686,0.6136363636363636,0.3023255813953487,0.8734177215189873,0.5471698113207547,0.36507936507936517,0.7748691099476441,0.9753593429158092,0.41666666666666696,0.37777777777777777,0.2105263157894735,0.0,1.0
0.2894736842105264,0.18181818181818182,0.5116279069767441,0.07594936708860758,0.05660377358490565,0.49206349206349215,0.3455497382198954,0.13141683778233593,0.5666666666666669,0.6,0.7894736842105265,0.0,0.0
0.05263157894736831,0.4090909090909091,0.5116279069767441,0.4620253164556962,0.3396226415094339,0.4285714285714286,0.4136125654450263,0.3264887063655001,0.5166666666666672,0.33333333333333326,0.6052631578947367,0.0,0.6666666666666666
0.5000000000000001,0.31818181818181823,0.7441860465116277,0.012658227848101278,0.15094339622641506,0.380952380952381,0.6073298429319373,0.26386036960985315,0.3999999999999999,0.2444444444444444,0.4736842105263157,0.0,0.3333333333333333
0.6315789473684212,0.3863636363636364,0.6976744186046511,0.037974683544303806,0.037735849056603765,0.23809523809523814,0.31937172774869116,0.166324435318271,0.36666666666666653,0.3555555555555555,0.7894736842105265,0.0,0.6666666666666666
0.34210526315789486,0.09090909090909088,0.4186046511627906,0.5822784810126582,0.2641509433962264,0.380952380952381,0.46596858638743466,0.5349075975359294,0.2999999999999997,0.2888888888888889,0.5263157894736844,0.0,0.0
0.1578947368421053,0.8636363636363638,0.5348837209302324,0.42405063291139233,0.39622641509433965,0.3015873015873016,0.48691099476439803,0.2833675564681718,0.18333333333333324,0.1333333333333333,0.5526315789473686,0.0,0.6666666666666666
0.8157894736842107,0.15909090909090906,0.7209302325581394,0.20886075949367086,0.2075471698113207,0.3015873015873016,0.3821989528795813,0.5359342915811107,0.41666666666666696,0.46666666666666673,0.2105263157894735,0.0,0.6666666666666666
0.44736842105263164,0.25,0.46511627906976727,0.08860759493670883,0.3207547169811321,0.3174603174603175,0.5026178010471205,0.4640657084188894,0.8333333333333339,0.6444444444444444,0.4210526315789474,0.0,0.6666666666666666
0.34210526315789486,0.20454545454545456,0.1627906976744185,0.01898734177215189,0.679245283018868,0.14285714285714285,0.3874345549738221,0.3100616016427138,0.233333333333333,0.5111111111111112,0.15789473684210523,0.0,1.0
0.34210526315789486,0.4545454545454546,0.7674418604651161,0.037974683544303806,0.30188679245283023,0.380952380952381,0.46073298429319387,0.06776180698151912,0.5,0.26666666666666666,0.9736842105263159,0.0,0.6666666666666666
0.473684210526316,0.15909090909090906,0.5581395348837208,0.006329113924050611,0.39622641509433965,0.3174603174603175,0.2827225130890053,0.25872689938398097,0.5333333333333334,0.17777777777777778,0.6315789473684214,0.0,0.6666666666666666
0.07894736842105271,0.4318181818181819,0.11627906976744168,0.05696202531645567,0.47169811320754723,0.23809523809523814,0.3507853403141362,0.40246406570841226,0.7500000000000001,0.6666666666666666,0.26315789473684226,0.0,1.0
0.4210526315789475,0.1363636363636364,0.9069767441860463,0.310126582278481,0.2452830188679245,0.5396825396825398,0.5340314136125656,0.4435318275154008,0.4666666666666667,0.3555555555555555,0.5000000000000002,0.0,0.6666666666666666
0.36842105263157904,0.27272727272727276,0.2790697674418603,0.42405063291139233,0.41509433962264153,0.8253968253968255,0.9633507853403143,0.6591375770020534,0.28333333333333344,0.33333333333333326,0.02631578947368418,0.0,1.0
0.2368421052631579,0.22727272727272724,0.44186046511627886,0.037974683544303806,0.5094339622641509,0.6825396825396826,0.8324607329842932,0.40246406570841226,0.4666666666666667,0.39999999999999997,0.13157894736842113,0.0,1.0
0.6315789473684212,0.5909090909090909,0.37209302325581384,0.5379746835443038,0.6415094339622641,0.4285714285714286,0.7958115183246075,0.6180698151950763,0.18333333333333324,0.2444444444444444,0.5263157894736844,0.0,0.6666666666666666
0.3157894736842105,0.0,0.7906976744186045,0.037974683544303806,0.3207547169811321,0.6666666666666667,0.5968586387434556,0.3613963039014352,0.6499999999999999,0.4222222222222222,0.3421052631578946,0.0,0.6666666666666666
0.5789473684210528,0.3863636363636364,0.37209302325581384,0.04430379746835442,0.9056603773584906,0.5555555555555557,0.6858638743455499,0.4435318275154008,0.28333333333333344,0.3111111111111111,0.23684210526315808,0.0,1.0
0.13157894736842113,0.20454545454545456,0.46511627906976727,0.7531645569620252,0.5471698113207547,0.8253968253968255,0.7539267015706808,0.7926078028747405,0.5833333333333331,0.15555555555555556,0.13157894736842113,0.0,1.0
0.3157894736842105,0.36363636363636365,0.3488372093023254,0.4430379746835443,0.2075471698113207,0.25396825396825395,0.5130890052356022,0.425051334702252,0.21666666666666662,0.1333333333333333,0.5000000000000002,0.0,0.6666666666666666
0.3157894736842105,0.20454545454545456,0.23255813953488358,0.6582278481012658,0.35849056603773577,0.634920634920635,0.549738219895288,0.6735112936345,0.04999999999999971,0.4222222222222222,0.2105263157894735,0.0,0.6666666666666666
0.473684210526316,0.20454545454545456,0.6744186046511627,0.8354430379746833,0.6226415094339623,0.6984126984126985,0.8691099476439792,0.8644763860369619,0.08333333333333309,0.3555555555555555,0.02631578947368418,0.0,0.0
0.26315789473684226,0.3863636363636364,0.4186046511627906,0.03164556962025317,0.22641509433962262,0.11111111111111116,0.48691099476439803,0.24845995893223666,0.6499999999999999,0.4222222222222222,0.39473684210526333,0.0,0.0
0.5263157894736845,0.11363636363636359,0.9069767441860463,0.5253164556962026,0.09433962264150936,0.33333333333333337,0.5549738219895289,0.4640657084188894,0.10000000000000014,0.0,0.5526315789473686,0.0,0.0
0.3157894736842105,0.22727272727272724,0.5813953488372091,0.42405063291139233,0.1132075471698113,0.49206349206349215,0.5706806282722514,0.4435318275154008,0.4333333333333333,0.1111111111111111,0.4210526315789474,0.0,1.0
0.21052631578947378,0.2954545454545455,0.5116279069767441,0.3354430379746835,0.4339622641509434,0.6666666666666667,0.6963350785340315,0.3429158110882977,0.4666666666666667,0.6222222222222222,0.5526315789473686,0.0,0.6666666666666666
0.1578947368421053,0.31818181818181823,0.3488372093023254,0.05063291139240503,0.3207547169811321,0.047619047619047616,0.4293193717277488,0.35112936344969087,0.25000000000000006,0.5111111111111112,0.02631578947368418,0.0,1.0
0.5526315789473686,0.6363636363636364,0.23255813953488358,0.0253164556962025,0.6603773584905661,0.15873015873015875,0.7434554973821991,0.5051334702258665,0.21666666666666662,0.17777777777777778,0.13157894736842113,0.0,0.6666666666666666
0.5526315789473686,0.09090909090909088,0.8139534883720929,0.22784810126582278,0.30188679245283023,0.9841269841269843,0.6910994764397906,0.3305954825462023,0.1333333333333328,0.1333333333333333,0.4473684210526315,0.0,0.6666666666666666
0.3157894736842105,0.1363636363636364,0.3953488372093022,0.6265822784810127,0.2452830188679245,0.380952380952381,0.5445026178010473,0.5626283367556413,0.2999999999999997,0.26666666666666666,0.4210526315789474,0.0,0.0
0.473684210526316,0.0,0.5813953488372091,0.012658227848101278,0.2075471698113207,0.15873015873015875,0.24607329842931946,0.4435318275154008,0.8833333333333336,0.15555555555555556,0.26315789473684226,0.0,1.0
0.21052631578947378,0.1363636363636364,0.9069767441860463,0.037974683544303806,0.7547169811320755,0.1904761904761905,0.6125654450261782,0.4332648870636565,0.4833333333333337,0.4444444444444445,0.07894736842105238,0.0,0.6666666666666666
0.3947368421052634,0.3863636363636364,0.5581395348837208,0.4050632911392405,0.6415094339622641,0.49206349206349215,0.7748691099476441,0.7002053388090306,0.8833333333333336,0.6666666666666666,0.5789473684210527,0.0,0.0
0.4210526315789475,0.25,0.44186046511627886,0.8987341772151896,0.41509433962264153,0.5555555555555557,0.7591623036649215,0.8952772073921947,0.4833333333333337,0.2888888888888889,0.105263157894737,0.0,1.0
0.44736842105263164,0.4090909090909091,0.5581395348837208,0.8544303797468353,0.2641509433962264,0.6507936507936509,0.649214659685864,0.5667351129363436,0.7500000000000001,0.39999999999999997,0.9473684210526319,0.0,0.0
0.05263157894736831,0.11363636363636359,0.37209302325581384,0.0253164556962025,0.09433962264150936,0.11111111111111116,0.26178010471204194,0.10472279260780537,0.5333333333333334,0.1111111111111111,0.5263157894736844,0.0,0.0
0.4210526315789475,0.22727272727272724,0.1860465116279068,0.01898734177215189,0.39622641509433965,0.06349206349206349,0.18848167539267024,0.4640657084188894,0.7500000000000001,0.33333333333333326,0.3157894736842105,0.0,0.3333333333333333
0.36842105263157904,0.25,0.6511627906976742,0.4493670886075949,0.39622641509433965,0.3015873015873016,0.6753926701570682,0.6283367556468207,0.666666666666667,0.6,0.3421052631578946,0.0,0.6666666666666666
0.3947368421052634,0.20454545454545456,0.5581395348837208,0.10759493670886075,0.13207547169811318,0.3015873015873016,0.4973821989528797,0.07392197125256111,0.3500000000000002,0.1333333333333333,0.9210526315789476,0.0,0.0
0.3947368421052634,0.3409090909090909,0.1395348837209301,0.36708860759493667,0.169811320754717,0.9523809523809527,0.9738219895287958,0.6180698151950763,0.25000000000000006,0.15555555555555556,0.02631578947368418,0.0,0.6666666666666666
0.4210526315789475,0.04545454545454547,0.6046511627906975,0.10126582278481011,0.07547169811320759,0.36507936507936517,0.3769633507853404,0.1827515400410687,0.2999999999999997,0.1111111111111111,0.6052631578947367,0.0,0.0
0.3947368421052634,0.3409090909090909,0.3488372093023254,0.7088607594936708,0.28301886792452835,0.380952380952381,0.5759162303664922,0.620123203285416,0.19999999999999962,0.7333333333333334,0.39473684210526333,0.0,0.6666666666666666
0.3157894736842105,0.15909090909090906,0.6744186046511627,0.0822784810126582,0.30188679245283023,0.4126984126984128,0.39790575916230375,0.2802874743326508,0.4833333333333337,0.5777777777777777,0.5263157894736844,0.0,0.0
0.26315789473684226,0.22727272727272724,0.3023255813953487,0.0632911392405063,0.39622641509433965,0.39682539682539686,0.5602094240837697,0.1355236139630382,0.3166666666666668,0.48888888888888893,0.6578947368421055,0.0,0.0
0.2894736842105264,0.11363636363636359,0.0,0.01898734177215189,0.39622641509433965,0.28571428571428575,0.42408376963350797,0.4332648870636565,0.6000000000000002,0.2888888888888889,0.2894736842105263,0.0,1.0
0.3947368421052634,0.18181818181818182,0.4883720930232557,0.3354430379746835,0.07547169811320759,0.5714285714285715,0.549738219895288,0.3880903490759771,0.25000000000000006,0.37777777777777777,0.5000000000000002,0.0,0.6666666666666666
0.26315789473684226,0.18181818181818182,0.5116279069767441,0.3924050632911392,0.05660377358490565,0.15873015873015875,0.29842931937172784,0.3613963039014352,0.33333333333333315,0.5111111111111112,0.5263157894736844,0.0,0.0
0.34210526315789486,0.15909090909090906,0.7441860465116277,0.5126582278481012,0.45283018867924535,0.4126984126984128,0.649214659685864,0.5975359342915764,0.3166666666666668,0.9333333333333336,0.26315789473684226,0.0,0.0
0.44736842105263164,0.15909090909090906,0.46511627906976727,0.0253164556962025,0.22641509433962262,0.634920634920635,0.6125654450261782,0.3819301848049237,0.33333333333333315,0.0222222222222222,0.26315789473684226,0.0,0.6666666666666666
0.26315789473684226,0.02272727272727265,0.6976744186046511,0.03164556962025317,0.3207547169811321,0.28571428571428575,0.31937172774869116,0.02464065708419083,0.2999999999999997,0.3111111111111111,0.868421052631579,0.0,0.0
0.7105263157894738,0.25,0.6511627906976742,0.17721518987341772,0.490566037735849,0.20634920634920637,0.5392670157068064,0.3408624229979466,0.4666666666666667,0.1333333333333333,0.6842105263157896,0.0,0.6666666666666666
0.6315789473684212,0.4090909090909091,0.5348837209302324,0.5949367088607596,0.1132075471698113,0.6666666666666667,0.8795811518324609,0.7638603696098588,0.233333333333333,0.5777777777777777,0.18421052631578938,0.0,0.6666666666666666
0.473684210526316,0.5909090909090909,0.6511627906976742,0.07594936708860758,0.09433962264150936,0.5555555555555557,0.43455497382198965,0.130390143737166,0.5666666666666669,0.3111111111111111,0.9736842105263159,0.0,0.6666666666666666
0.6315789473684212,0.31818181818181823,0.4883720930232557,0.06962025316455694,0.39622641509433965,0.36507936507936517,0.9528795811518327,0.4989733059548245,0.5,0.7111111111111111,0.23684210526315808,0.0,1.0
0.1578947368421053,0.1363636363636364,0.5116279069767441,0.12658227848101267,0.1132075471698113,0.33333333333333337,0.4816753926701572,0.19096509240246184,0.7500000000000001,0.8,0.6052631578947367,0.0,0.0
0.44736842105263164,0.4090909090909091,0.46511627906976727,0.5632911392405062,0.30188679245283023,0.9206349206349208,0.8691099476439792,0.712525667351126,0.3166666666666668,0.37777777777777777,0.3421052631578946,0.0,0.6666666666666666
0.34210526315789486,0.25,0.37209302325581384,0.7911392405063291,0.6603773584905661,0.7142857142857144,0.6806282722513091,0.8583162217659084,0.7666666666666672,0.3111111111111111,0.26315789473684226,0.0,0.6666666666666666
0.6315789473684212,0.4545454545454546,0.5813953488372091,0.05063291139240503,0.3207547169811321,0.047619047619047616,0.7382198952879583,0.1355236139630382,0.2999999999999997,0.19999999999999993,0.8421052631578949,0.0,0.6666666666666666
0.4210526315789475,0.15909090909090906,0.7441860465116277,0.27215189873417717,0.22641509433962262,0.49206349206349215,0.5078534031413614,0.382956878850105,0.3500000000000002,0.4444444444444445,0.5263157894736844,0.0,0.6666666666666666
0.3947368421052634,0.25,0.5813953488372091,0.5189873417721518,0.169811320754717,0.5873015873015874,0.649214659685864,0.5359342915811107,0.4666666666666667,0.0888888888888888,0.6842105263157896,0.0,0.6666666666666666
0.4210526315789475,0.18181818181818182,0.4186046511627906,0.03164556962025317,0.22641509433962262,0.380952380952381,0.46596858638743466,0.3305954825462023,0.2999999999999997,0.5111111111111112,0.4210526315789474,0.0,0.6666666666666666
0.5789473684210528,0.18181818181818182,0.5581395348837208,0.5506329113924049,0.18867924528301894,0.33333333333333337,0.6125654450261782,0.7207392197125306,0.25000000000000006,0.37777777777777777,0.23684210526315808,0.0,0.6666666666666666
0.36842105263157904,0.4545454545454546,0.6046511627906975,0.5,0.07547169811320759,0.6190476190476192,0.5340314136125656,0.3798767967145726,0.5833333333333331,0.0666666666666666,0.8026315789473684,0.0,0.0
0.18421052631578938,0.2954545454545455,0.5116279069767441,0.006329113924050611,0.169811320754717,0.3015873015873016,0.4397905759162305,0.03285420944558398,0.7166666666666668,0.17777777777777778,0.9473684210526319,0.0,0.6666666666666666
0.18421052631578938,0.47727272727272724,0.325581395348837,0.0822784810126582,0.169811320754717,0.3174603174603175,0.5602094240837697,0.11498973305954968,0.6833333333333333,0.6,0.8157894736842106,0.0,0.0
0.4210526315789475,0.31818181818181823,0.5116279069767441,0.04430379746835442,0.2452830188679245,0.34920634920634924,0.5340314136125656,0.43839835728952864,0.45000000000000034,0.6666666666666666,0.3421052631578946,0.0,0.6666666666666666
0.736842105263158,0.09090909090909088,0.4186046511627906,0.47468354430379744,0.18867924528301894,0.5714285714285715,0.5968586387434556,0.5872689938398321,0.18333333333333324,0.1111111111111111,0.3157894736842105,0.0,0.0
0.44736842105263164,0.15909090909090906,0.3953488372093022,0.48101265822784806,0.5849056603773586,0.33333333333333337,0.44502617801047134,0.6283367556468207,0.033333333333333326,0.4444444444444445,0.15789473684210523,0.0,1.0
0.36842105263157904,0.2954545454545455,0.44186046511627886,0.22784810126582278,0.39622641509433965,0.015873015873015872,0.32460732984293206,0.5236139630390153,0.6833333333333333,0.3555555555555555,0.4473684210526315,0.0,0.3333333333333333
0.36842105263157904,0.47727272727272724,0.7906976744186045,0.3481012658227848,0.5849056603773586,0.4126984126984128,0.7068062827225132,0.5872689938398321,0.3500000000000002,0.26666666666666666,0.15789473684210523,0.0,1.0
0.4210526315789475,0.2954545454545455,0.5116279069767441,0.36708860759493667,0.41509433962264153,0.6666666666666667,0.87434554973822,0.4435318275154008,0.5,0.15555555555555556,0.6578947368421055,0.0,0.6666666666666666
0.2368421052631579,0.27272727272727276,0.7441860465116277,0.38607594936708856,0.37735849056603776,0.904761904761905,0.9581151832460735,0.6119096509240229,0.45000000000000034,0.46666666666666673,0.15789473684210523,0.0,0.6666666666666666
0.5526315789473686,0.18181818181818182,0.5116279069767441,0.08860759493670883,0.37735849056603776,0.380952380952381,0.3874345549738221,0.1919917864476317,0.25000000000000006,0.6222222222222222,0.6315789473684214,0.0,0.0
0.44736842105263164,0.1363636363636364,0.3953488372093022,0.5443037974683544,0.22641509433962262,0.22222222222222224,0.4136125654450263,0.5092402464065687,0.18333333333333324,0.1111111111111111,0.4210526315789474,0.0,0.0
0.2368421052631579,0.15909090909090906,0.44186046511627886,0.6772151898734177,0.4339622641509434,0.6984126984126985,0.6335078534031415,0.5482546201232061,0.4833333333333337,0.1333333333333333,0.5000000000000002,0.0,1.0
0.36842105263157904,0.1363636363636364,0.6511627906976742,0.23417721518987344,0.28301886792452835,0.34920634920634924,0.4031413612565446,0.4640657084188894,0.7333333333333338,0.5777777777777777,0.4736842105263157,0.0,0.6666666666666666
0.2894736842105264,0.7272727272727273,0.325581395348837,0.6645569620253164,0.490566037735849,0.8095238095238095,0.7591623036649215,0.6570841889117023,0.25000000000000006,0.5333333333333334,0.23684210526315808,0.0,0.6666666666666666
0.21052631578947378,0.11363636363636359,0.44186046511627886,0.20886075949367086,0.37735849056603776,0.4444444444444445,0.5235602094240839,0.7289527720739237,0.41666666666666696,0.22222222222222218,0.105263157894737,0.0,0.6666666666666666
0.34210526315789486,0.31818181818181823,0.4186046511627906,0.22151898734177214,0.490566037735849,0.14285714285714285,0.3455497382198954,0.2833675564681718,0.7166666666666668,0.5777777777777777,0.7894736842105265,0.0,0.6666666666666666
0.2894736842105264,0.0,0.5116279069767441,0.10759493670886075,0.22641509433962262,0.20634920634920637,0.3298429319371729,0.2997946611909581,0.7833333333333334,0.9333333333333336,0.6842105263157896,0.0,0.0
0.3157894736842105,0.04545454545454547,0.3488372093023254,0.5569620253164558,0.45283018867924535,0.8650793650793651,0.5811518324607331,0.5667351129363436,0.3833333333333336,0.1333333333333333,0.2894736842105263,0.0,0.6666666666666666
0.473684210526316,0.6590909090909092,0.325581395348837,0.36075949367088606,0.6226415094339623,0.5555555555555557,0.7172774869109949,0.5667351129363436,0.45000000000000034,0.19999999999999993,0.26315789473684226,0.0,1.0
0.4210526315789475,0.18181818181818182,0.37209302325581384,0.11392405063291136,0.2075471698113207,0.6190476190476192,0.5549738219895289,0.1334702258726871,0.6833333333333333,0.19999999999999993,0.8157894736842106,0.0,0.0
0.5000000000000001,0.22727272727272724,0.5581395348837208,0.4113924050632911,0.4339622641509434,0.380952380952381,0.6596858638743457,0.6899383983572863,0.28333333333333344,0.48888888888888893,0.02631578947368418,0.0,1.0
0.26315789473684226,0.1363636363636364,0.5116279069767441,0.1329113924050633,0.30188679245283023,0.20634920634920637,0.5235602094240839,0.1971252566735039,0.8333333333333339,0.22222222222222218,0.8157894736842106,0.0,0.6666666666666666
0.36842105263157904,0.27272727272727276,0.5581395348837208,0.8164556962025316,0.169811320754717,0.5396825396825398,0.5654450261780106,0.5564681724845992,0.666666666666667,0.46666666666666673,0.8157894736842106,0.0,0.6666666666666666
0.34210526315789486,0.3863636363636364,0.4883720930232557,0.5632911392405062,0.28301886792452835,0.07936507936507936,0.7801047120418849,0.5975359342915764,0.8833333333333336,0.5111111111111112,0.6578947368421055,0.0,0.3333333333333333
0.473684210526316,0.20454545454545456,0.6744186046511627,0.8354430379746833,0.6226415094339623,0.6984126984126985,0.8691099476439792,0.8644763860369619,0.08333333333333309,0.3555555555555555,0.02631578947368418,0.0,0.0
0.2894736842105264,0.09090909090909088,0.7209302325581394,0.8354430379746833,0.2641509433962264,0.6666666666666667,0.5392670157068064,0.7494866529774122,0.5833333333333331,0.8888888888888888,0.3684210526315792,0.0,0.0
0.1578947368421053,0.15909090909090906,0.325581395348837,0.7025316455696202,0.47169811320754723,0.7936507936507937,0.7225130890052358,0.772073921971252,0.6833333333333333,0.15555555555555556,0.13157894736842113,0.0,1.0
0.36842105263157904,0.27272727272727276,0.5348837209302324,0.03164556962025317,0.41509433962264153,0.6190476190476192,0.7382198952879583,0.3408624229979466,0.3166666666666668,0.26666666666666666,0.4210526315789474,0.0,0.6666666666666666
0.2368421052631579,0.2954545454545455,0.3488372093023254,0.30379746835443033,0.2452830188679245,0.7460317460317462,0.6753926701570682,0.5667351129363436,0.5833333333333331,0.1333333333333333,0.13157894736842113,0.0,0.6666666666666666
0.36842105263157904,0.6136363636363636,0.46511627906976727,0.4936708860759494,0.37735849056603776,0.36507936507936517,0.549738219895288,0.5975359342915764,0.3166666666666668,0.6,0.26315789473684226,0.0,1.0
0.4210526315789475,0.15909090909090906,0.4883720930232557,0.3164556962025316,0.39622641509433965,0.380952380952381,0.4293193717277488,0.4537987679671451,0.5499999999999998,0.39999999999999997,0.5000000000000002,0.0,0.6666666666666666
0.3157894736842105,0.4545454545454546,0.325581395348837,0.14556962025316453,0.169811320754717,0.380952380952381,0.3821989528795813,0.08521560574948661,0.28333333333333344,0.17777777777777778,0.8947368421052635,0.0,0.0
0.2894736842105264,0.6590909090909092,0.1860465116279068,0.7689873417721518,0.13207547169811318,0.3174603174603175,0.549738219895288,0.6334702258726927,0.5,0.4222222222222222,0.4736842105263157,0.0,1.0
0.36842105263157904,0.1363636363636364,0.3488372093023254,0.3291139240506329,0.5094339622641509,0.2698412698412699,0.4188481675392671,0.412731006160168,0.2666666666666664,0.48888888888888893,0.5000000000000002,0.0,1.0
0.3947368421052634,0.7727272727272727,0.6046511627906975,0.15822784810126578,0.09433962264150936,0.4126984126984128,0.5706806282722514,0.09445585215604968,0.3500000000000002,0.1333333333333333,0.868421052631579,0.0,0.0
0.7631578947368425,0.31818181818181823,0.6976744186046511,0.430379746835443,0.30188679245283023,0.5238095238095238,0.8795811518324609,0.8336755646817291,0.6833333333333333,0.4222222222222222,0.18421052631578938,0.0,0.6666666666666666
0.6578947368421055,0.04545454545454547,0.46511627906976727,0.24050632911392406,0.22641509433962262,0.507936507936508,0.7591623036649215,0.7412731006160191,0.9000000000000007,0.26666666666666666,0.02631578947368418,0.0,0.3333333333333333
0.6052631578947371,0.09090909090909088,0.5813953488372091,0.30379746835443033,0.5660377358490566,0.3174603174603175,0.617801047120419,0.6447638603696069,0.5166666666666672,0.48888888888888893,0.3421052631578946,0.0,0.6666666666666666
0.3947368421052634,0.11363636363636359,0.6744186046511627,0.4430379746835443,0.05660377358490565,0.2698412698412699,0.3036649214659687,0.4640657084188894,0.2999999999999997,0.7555555555555555,0.5000000000000002,0.0,0.6666666666666666
0.3157894736842105,0.4545454545454546,0.3953488372093022,0.3291139240506329,0.6415094339622641,0.28571428571428575,0.5759162303664922,0.6386036960985649,0.6166666666666666,0.37777777777777777,0.3157894736842105,0.0,0.6666666666666666
0.36842105263157904,0.27272727272727276,0.7906976744186045,0.4556962025316455,0.39622641509433965,0.7460317460317462,0.8219895287958117,0.6529774127310001,0.45000000000000034,0.4222222222222222,0.13157894736842113,0.0,1.0
0.05263157894736831,0.1931818181818182,0.325581395348837,0.5569620253164558,0.5471698113207547,0.8571428571428573,0.5968586387434556,0.6129363449691928,0.3999999999999999,0.15555555555555556,0.3421052631578946,0.0,0.6666666666666666
0.36842105263157904,0.2954545454545455,0.7441860465116277,0.39873417721518983,0.5471698113207547,0.8412698412698415,0.9109947643979059,0.6242299794661184,0.3166666666666668,0.37777777777777777,0.13157894736842113,0.0,0.6666666666666666
0.5263157894736845,0.36363636363636365,0.46511627906976727,0.26582278481012656,0.5283018867924528,0.634920634920635,0.7172774869109949,0.47433264887063364,0.3166666666666668,0.2888888888888889,0.3684210526315792,0.0,0.6666666666666666
0.36842105263157904,0.22727272727272724,0.5813953488372091,0.34177215189873417,0.4339622641509434,0.6190476190476192,0.7643979057591626,0.5051334702258665,0.6000000000000002,0.5111111111111112,0.4210526315789474,0.0,0.0
0.21052631578947378,0.15909090909090906,0.37209302325581384,0.7658227848101264,0.47169811320754723,0.8571428571428573,0.649214659685864,0.8459958932238245,0.6333333333333336,0.3111111111111111,0.02631578947368418,0.0,1.0
0.7631578947368425,0.5909090909090909,0.6511627906976742,0.006329113924050611,0.2452830188679245,0.15873015873015875,0.25654450261780115,0.40246406570841226,0.16666666666666619,0.2444444444444444,0.07894736842105238,0.0,1.0
0.473684210526316,0.15909090909090906,0.6046511627906975,0.9303797468354429,0.37735849056603776,1.0,0.8219895287958117,1.0,0.5333333333333334,0.9777777777777779,0.13157894736842113,0.0,1.0
0.3157894736842105,0.15909090909090906,0.4883720930232557,0.6582278481012658,0.2641509433962264,0.6507936507936509,0.7277486910994766,0.869609856262834,0.8000000000000006,0.26666666666666666,0.23684210526315808,0.0,0.0
0.34210526315789486,0.27272727272727276,0.44186046511627886,0.38607594936708856,0.2075471698113207,0.36507936507936517,0.3874345549738221,0.6016427104722787,0.25000000000000006,0.0888888888888888,0.105263157894737,0.0,0.6666666666666666
0.6578947368421055,0.15909090909090906,0.6744186046511627,0.0632911392405063,0.6037735849056605,0.25396825396825395,0.586387434554974,0.23408624229979014,0.19999999999999962,0.4444444444444445,0.5263157894736844,0.0,1.0
0.21052631578947378,0.4318181818181819,0.09302325581395338,0.24050632911392406,0.5094339622641509,0.34920634920634924,0.5340314136125656,0.5410677618069828,0.4666666666666667,0.3555555555555555,0.13157894736842113,0.0,1.0
0.18421052631578938,0.22727272727272724,0.3953488372093022,0.5569620253164558,0.6981132075471699,0.4444444444444445,0.6596858638743457,0.7310061601642748,0.6333333333333336,0.33333333333333326,0.15789473684210523,0.0,0.6666666666666666
0.07894736842105271,0.22727272727272724,0.8604651162790696,0.3354430379746835,0.8301886792452833,0.4761904761904763,0.8167539267015709,0.45482546201231494,0.2999999999999997,0.3111111111111111,0.21929824552631555,0.0,1.0
0.5263157894736845,0.11363636363636359,0.9069767441860463,0.5253164556962026,0.09433962264150936,0.33333333333333337,0.5549738219895289,0.4640657084188894,0.10000000000000014,0.0,0.5526315789473686,0.0,0.0
0.3157894736842105,0.4090909090909091,0.5348837209302324,0.09493670886075947,0.5094339622641509,0.5555555555555557,0.9633507853403143,0.37782340862423286,0.36666666666666653,0.6222222222222222,0.2894736842105263,0.0,1.0
0.5263157894736845,0.25,0.4186046511627906,0.39556962025316456,0.05660377358490565,0.14285714285714285,0.2722513089005237,0.2977412731006183,0.01666666666666633,0.1111111111111111,0.6842105263157896,0.0,0.0
0.07894736842105271,0.44318181818181823,0.5581395348837208,0.0,0.28301886792452835,0.126984126984127,0.7748691099476441,0.25872689938398097,0.5666666666666669,0.7555555555555555,0.2894736842105263,0.0,1.0
0.3157894736842105,0.27272727272727276,0.44186046511627886,0.0253164556962025,0.2641509433962264,0.126984126984127,0.2146596858638744,0.20739219712525953,0.19999999999999962,0.37777777777777777,0.5263157894736844,0.0,0.6666666666666666
0.21052631578947378,0.31818181818181823,0.8139534883720929,0.4113924050632911,0.37735849056603776,0.6507936507936509,0.9267015706806284,0.641683778234086,0.5499999999999998,0.3111111111111111,0.07894736842105238,0.0,0.6666666666666666
0.05263157894736831,0.4545454545454546,0.46511627906976727,0.37341772151898733,0.2452830188679245,0.28571428571428575,0.3298429319371729,0.3264887063655001,0.5333333333333334,0.37777777777777777,0.5789473684210527,0.0,0.6666666666666666
0.5789473684210528,0.5454545454545454,0.4186046511627906,0.20253164556962028,0.07547169811320759,0.031746031746031744,0.4502617801047122,0.11498973305954968,0.11666666666666653,0.19999999999999993,0.9736842105263159,0.0,0.6666666666666666
0.473684210526316,0.22727272727272724,0.3953488372093022,0.6582278481012658,0.169811320754717,0.5555555555555557,0.7748691099476441,0.8470225872689943,0.45000000000000034,0.26666666666666666,0.02631578947368418,0.0,1.0
0.1578947368421053,0.5,0.6744186046511627,0.13924050632911392,0.037735849056603765,0.23809523809523814,0.518324607329843,0.15605749486652676,0.7500000000000001,0.15555555555555556,0.6315789473684214,0.0,0.0
0.5789473684210528,0.4090909090909091,0.6046511627906975,0.037974683544303806,0.28301886792452835,0.4285714285714286,0.6753926701570682,0.3613963039014352,0.5,0.4444444444444445,0.6315789473684214,0.0,0.6666666666666666
0.36842105263157904,0.31818181818181823,0.44186046511627886,0.6898734177215191,0.5094339622641509,0.7301587301587302,0.6439790575916231,0.6119096509240229,0.1499999999999999,0.5777777777777777,0.39473684210526333,0.0,0.6666666666666666
0.1578947368421053,0.11363636363636359,0.37209302325581384,0.0253164556962025,0.2641509433962264,0.39682539682539686,0.40837696335078544,0.05133470225872144,0.6499999999999999,0.19999999999999993,0.9210526315789476,0.0,0.6666666666666666
0.3157894736842105,0.18181818181818182,0.9999999999999999,0.8924050632911391,0.5094339622641509,0.2698412698412699,0.5759162303664922,0.9363449691991832,0.01666666666666633,0.0666666666666666,0.13157894736842113,0.0,1.0
0.3947368421052634,0.18181818181818182,0.5116279069767441,0.30379746835443033,0.30188679245283023,0.23809523809523814,0.48691099476439803,0.35728952772073286,0.3999999999999999,0.5111111111111112,0.6052631578947367,0.0,0.6666666666666666
0.5526315789473686,0.31818181818181823,0.5348837209302324,0.42405063291139233,0.4339622641509434,0.5873015873015874,0.8062827225130891,0.8131416837782292,0.7333333333333338,0.6,0.3157894736842105,0.0,0.6666666666666666
0.3947368421052634,0.02272727272727265,0.4186046511627906,0.21518987341772156,0.07547169811320759,0.14285714285714285,0.42408376963350797,0.40965092402463554,0.5166666666666672,0.3111111111111111,0.39473684210526333,0.0,0.0
0.2894736842105264,0.09090909090909088,0.5348837209302324,0.0253164556962025,0.07547169811320759,0.4761904761904763,0.586387434554974,0.17043121149897333,0.7166666666666668,0.6222222222222222,0.6842105263157896,0.0,0.0
0.6315789473684212,0.4090909090909091,0.5348837209302324,0.5949367088607596,0.1132075471698113,0.6666666666666667,0.8795811518324609,0.7638603696098588,0.233333333333333,0.5777777777777777,0.18421052631578938,0.0,0.6666666666666666
0.3947368421052634,0.6818181818181819,0.7441860465116277,0.47468354430379744,0.4339622641509434,0.07936507936507936,0.6335078534031415,0.8131416837782292,0.6499999999999999,0.3111111111111111,0.15789473684210523,0.0,0.6666666666666666
0.44736842105263164,0.27272727272727276,0.5116279069767441,0.85126582278481,0.9245283018867925,0.380952380952381,0.42408376963350797,0.8747433264887062,0.04999999999999971,0.22222222222222218,0.07894736842105238,0.0,0.6666666666666666
0.36842105263157904,0.36363636363636365,0.5348837209302324,0.7468354430379747,0.30188679245283023,0.8730158730158731,0.7434554973821991,0.7299794661190936,0.28333333333333344,0.5333333333333334,0.23684210526315808,0.0,1.0
0.3947368421052634,0.18181818181818182,0.7674418604651161,0.34177215189873417,0.3207547169811321,0.4603174603174604,0.46596858638743466,0.3542094455852119,0.19999999999999962,0.4222222222222222,0.5000000000000002,0.0,0.6666666666666666
0.3947368421052634,0.22727272727272724,0.5348837209302324,0.04430379746835442,0.18867924528301894,0.6666666666666667,0.5759162303664922,0.05338809034907255,0.5499999999999998,0.17777777777777778,0.9736842105263159,0.0,0.0
0.8421052631578949,0.4545454545454546,0.6046511627906975,0.0253164556962025,0.37735849056603776,0.09523809523809523,0.48691099476439803,0.6242299794661184,0.3999999999999999,0.33333333333333326,0.13157894736842113,0.0,0.3333333333333333
0.3157894736842105,0.06818181818181823,0.6046511627906975,0.05696202531645567,0.2075471698113207,0.5238095238095238,0.4397905759162305,0.11088295687884736,0.19999999999999962,0.48888888888888893,0.6578947368421055,0.0,0.6666666666666666
0.7105263157894738,0.1363636363636364,0.6976744186046511,0.0632911392405063,0.22641509433962262,0.22222222222222224,0.31937172774869116,0.2689938398357252,0.3166666666666668,0.48888888888888893,0.6052631578947367,0.0,0.6666666666666666
0.5789473684210528,0.06818181818181823,0.3953488372093022,0.22784810126582278,0.47169811320754723,0.28571428571428575,0.3769633507853404,0.48665297741272906,0.25000000000000006,0.33333333333333326,0.15789473684210523,0.0,0.6666666666666666
0.2368421052631579,0.375,0.2790697674418603,0.9493670886075949,0.679245283018868,0.33333333333333337,0.6020942408376965,0.899383983572897,0.25000000000000006,0.39999999999999997,0.05263157894736825,0.0,1.0
0.8947368421052637,0.06818181818181823,0.6511627906976742,0.05063291139240503,0.28301886792452835,0.5396825396825398,0.6387434554973823,0.48459958932237795,0.3833333333333336,0.7777777777777779,0.3421052631578946,0.0,0.6666666666666666
0.07894736842105271,0.25,0.2558139534883719,0.03164556962025317,0.35849056603773577,0.25396825396825395,0.4293193717277488,0.19917864476385494,0.6166666666666666,0.6,0.5526315789473686,0.0,0.6666666666666666
0.6315789473684212,0.27272727272727276,0.9069767441860463,0.1329113924050633,0.37735849056603776,0.25396825396825395,0.4712041884816755,0.37166324435317943,0.3833333333333336,0.0666666666666666,0.3684210526315792,0.0,1.0
0.26315789473684226,0.36363636363636365,0.3953488372093022,0.21518987341772156,0.5660377358490566,0.1904761904761905,0.5706806282722514,0.3100616016427138,0.5,0.26666666666666666,0.868421052631579,0.0,0.6666666666666666
0.736842105263158,0.31818181818181823,0.7441860465116277,0.05063291139240503,0.1132075471698113,0.39682539682539686,0.3507853403141362,0.22792607802874815,0.2666666666666664,0.15555555555555556,0.6578947368421055,0.0,1.0
0.5263157894736845,0.4545454545454546,0.4186046511627906,0.7025316455696202,0.45283018867924535,0.4126984126984128,0.6439790575916231,0.7484599589322425,0.4833333333333337,0.37777777777777777,0.3684210526315792,0.0,1.0
0.21052631578947378,0.15909090909090906,0.325581395348837,0.012658227848101278,0.490566037735849,0.4126984126984128,0.3612565445026179,0.0903490759753588,0.5166666666666672,0.5555555555555555,0.6315789473684214,0.0,0.6666666666666666
0.26315789473684226,0.04545454545454547,0.4186046511627906,0.07594936708860758,0.3207547169811321,0.4444444444444445,0.3507853403141362,0.1971252566735039,0.6333333333333336,0.2444444444444444,0.5789473684210527,0.0,0.6666666666666666
0.026315789473684237,0.4090909090909091,0.8139534883720929,0.2468354430379747,0.05660377358490565,0.3174603174603175,0.8638743455497384,0.27926078028746953,0.9666666666666669,0.37777777777777777,0.6842105263157896,0.0,0.0
0.5263157894736845,0.25,0.6279069767441858,0.7911392405063291,0.6603773584905661,0.7460317460317462,0.8691099476439792,0.8234086242299847,0.11666666666666653,0.26666666666666666,0.05263157894736825,0.0,1.0
0.7631578947368425,0.11363636363636359,0.9069767441860463,0.012658227848101278,0.490566037735849,0.09523809523809523,0.5811518324607331,0.2381930184804924,0.21666666666666662,0.3111111111111111,0.5526315789473686,0.0,0.6666666666666666
0.1578947368421053,0.18181818181818182,0.5348837209302324,0.7088607594936708,0.15094339622641506,0.3174603174603175,0.3717277486910996,0.41889117043120994,0.3999999999999999,0.22222222222222218,0.6315789473684214,0.0,0.0
0.26315789473684226,0.0,0.4883720930232557,0.012658227848101278,0.169811320754717,0.7619047619047621,0.586387434554974,0.1396303901437405,0.7500000000000001,0.0666666666666666,0.6842105263157896,0.0,0.0
0.44736842105263164,0.27272727272727276,0.46511627906976727,0.0632911392405063,0.1132075471698113,0.126984126984127,0.5340314136125656,0.22792607802874815,0.4333333333333333,0.37777777777777777,0.6578947368421055,0.0,1.0
0.10526315789473678,0.27272727272727276,0.44186046511627886,0.0,0.3207547169811321,0.4761904761904763,0.39267015706806296,0.09856262833675195,0.7166666666666668,0.3555555555555555,0.6578947368421055,0.0,0.0
0.1578947368421053,0.06818181818181823,0.2558139534883719,0.3164556962025316,0.47169811320754723,0.33333333333333337,0.5654450261780106,0.4537987679671451,0.25000000000000006,0.48888888888888893,0.23684210526315808,0.0,0.6666666666666666
0.13157894736842113,0.36363636363636365,0.3023255813953487,0.20253164556962028,0.2452830188679245,0.5873015873015874,0.48691099476439803,0.2997946611909581,0.36666666666666653,0.39999999999999997,0.5526315789473686,0.0,1.0
0.2894736842105264,0.18181818181818182,0.4186046511627906,0.1708860759493671,0.6415094339622641,0.380952380952381,0.6544502617801048,0.23511293634497143,0.5,0.19999999999999993,0.8421052631578949,0.0,0.0
0.2894736842105264,0.3409090909090909,0.5116279069767441,0.12658227848101267,0.2075471698113207,0.5238095238095238,0.3507853403141362,0.11498973305954968,0.3833333333333336,0.6,0.8157894736842106,0.0,0.6666666666666666
0.736842105263158,0.5454545454545454,0.9069767441860463,0.7974683544303796,0.3207547169811321,0.8412698412698415,0.7329842931937174,0.9312114989733111,0.28333333333333344,0.48888888888888893,0.13157894736842113,0.0,1.0
0.36842105263157904,0.06818181818181823,0.1627906976744185,0.25949367088607594,0.45283018867924535,0.33333333333333337,0.293193717277487,0.3613963039014352,0.11666666666666653,0.1333333333333333,0.23684210526315808,0.0,0.6666666666666666
0.13157894736842113,0.15909090909090906,0.325581395348837,0.7025316455696202,0.35849056603773577,0.7619047619047621,0.7277486910994766,0.7618069815195077,0.5333333333333334,0.15555555555555556,0.15789473684210523,0.0,1.0
0.2894736842105264,0.04545454545454547,0.5348837209302324,0.24050632911392406,0.3396226415094339,0.634920634920635,0.46073298429319387,0.25872689938398097,0.41666666666666696,0.26666666666666666,0.6052631578947367,0.0,0.6666666666666666
0.10526315789473678,0.18181818181818182,0.46511627906976727,0.006329113924050611,0.41509433962264153,0.49206349206349215,0.549738219895288,0.25872689938398097,0.5499999999999998,0.2888888888888889,0.39473684210526333,0.0,1.0
0.2368421052631579,0.20454545454545456,0.46511627906976727,0.05063291139240503,0.15094339622641506,0.17460317460317462,0.34031413612565453,0.11498973305954968,0.5833333333333331,0.17777777777777778,0.7631578947368425,0.0,0.6666666666666666
0.3947368421052634,0.5227272727272727,0.3023255813953487,0.5379746835443038,0.6037735849056605,0.7777777777777779,0.7329842931937174,0.6365503080082138,0.5,0.22222222222222218,0.2894736842105263,0.0,1.0
0.1578947368421053,0.1363636363636364,0.37209302325581384,0.36708860759493667,0.45283018867924535,0.2698412698412699,0.3507853403141362,0.3408624229979466,0.36666666666666653,0.22222222222222218,0.5526315789473686,0.0,0.6666666666666666
0.36842105263157904,0.20454545454545456,0.6976744186046511,0.037974683544303806,0.41509433962264153,0.0,0.5602094240837697,0.3613963039014352,0.5,0.8444444444444443,0.6578947368421055,0.0,0.6666666666666666
0.6052631578947371,0.5681818181818182,0.4186046511627906,0.2468354430379747,0.18867924528301894,0.49206349206349215,0.43455497382198965,0.2381930184804924,0.4333333333333333,0.5777777777777777,0.868421052631579,0.0,0.0
0.6578947368421055,0.06818181818181823,0.5116279069767441,0.037974683544303806,0.5283018867924528,0.6666666666666667,0.649214659685864,0.546201232032855,0.6000000000000002,0.9777777777777779,0.18421052631578938,0.0,0.6666666666666666
0.36842105263157904,0.25,0.5581395348837208,0.23417721518987344,0.1132075471698113,0.4603174603174604,0.5654450261780106,0.3305954825462023,0.4666666666666667,0.1333333333333333,0.4473684210526315,0.0,0.6666666666666666
0.473684210526316,0.5909090909090909,0.325581395348837,0.47468354430379744,0.5660377358490566,0.634920634920635,0.6544502617801048,0.6960985626283398,0.45000000000000034,0.4444444444444445,0.07894736842105238,0.0,1.0
0.2894736842105264,0.18181818181818182,0.20930232558139522,0.006329113924050611,0.7358490566037736,0.49206349206349215,0.8638743455497384,0.35831622176591416,0.19999999999999962,0.39999999999999997,0.15789473684210523,0.0,0.6666666666666666
0.5000000000000001,0.4090909090909091,0.5813953488372091,0.0253164556962025,0.47169811320754723,0.047619047619047616,0.7172774869109949,0.3039014373716603,0.5166666666666672,0.22222222222222218,0.4736842105263157,0.0,1.0
0.3157894736842105,0.02272727272727265,0.5116279069767441,0.3164556962025316,0.15094339622641506,0.8571428571428573,0.5340314136125656,0.25051334702258776,0.4333333333333333,0.8666666666666667,0.8421052631578949,0.0,0.0
0.36842105263157904,0.0,0.1860465116279068,0.0253164556962025,0.41509433962264153,0.39682539682539686,0.33507853403141374,0.22176591375769472,0.5666666666666669,0.48888888888888893,0.6052631578947367,0.0,0.6666666666666666
0.34210526315789486,0.1363636363636364,0.325581395348837,0.3481012658227848,0.35849056603773577,0.36507936507936517,0.3874345549738221,0.41067761806981684,0.3166666666666668,0.0222222222222222,0.3421052631578946,0.0,0.6666666666666666
0.2368421052631579,0.1363636363636364,0.6279069767441858,0.6835443037974683,0.37735849056603776,0.8412698412698415,0.5445026178010473,0.5862422997946622,0.45000000000000034,0.0666666666666666,0.5000000000000002,0.0,1.0
0.26315789473684226,0.02272727272727265,0.3488372093023254,0.430379746835443,0.47169811320754723,0.126984126984127,0.2198952879581153,0.45790554414784734,0.3833333333333336,0.17777777777777778,0.26315789473684226,0.0,0.6666666666666666
0.473684210526316,0.5909090909090909,0.9069767441860463,0.006329113924050611,0.4339622641509434,0.09523809523809523,0.586387434554974,0.35112936344969087,0.1333333333333328,0.22222222222222218,0.105263157894737,0.0,1.0
0.7631578947368425,0.0,0.5581395348837208,0.006329113924050611,0.3207547169811321,0.031746031746031744,0.10994764397905771,0.40246406570841226,0.9000000000000007,0.17777777777777778,0.3421052631578946,0.0,0.6666666666666666
0.13157894736842113,0.02272727272727265,0.4883720930232557,0.30379746835443033,0.30188679245283023,0.7619047619047621,0.6753926701570682,0.5154004106776222,0.9833333333333338,0.3111111111111111,0.4210526315789474,0.0,0.6666666666666666
0.5263157894736845,0.09090909090909088,0.46511627906976727,0.5949367088607596,0.37735849056603776,0.6190476190476192,0.7748691099476441,0.7310061601642748,0.2999999999999997,0.5555555555555555,0.2105263157894735,0.0,0.6666666666666666
0.36842105263157904,0.5,0.5116279069767441,0.037974683544303806,0.2641509433962264,0.07936507936507936,0.5130890052356022,0.546201232032855,0.6166666666666666,0.7777777777777779,0.18421052631578938,0.0,1.0
0.2894736842105264,0.47727272727272724,0.6511627906976742,0.4050632911392405,0.2075471698113207,0.23809523809523814,0.8900523560209426,0.7843942505133474,0.9000000000000007,0.3555555555555555,0.05263157894736825,0.0,0.6666666666666666
0.2894736842105264,0.31818181818181823,0.4186046511627906,0.47468354430379744,0.41509433962264153,0.7777777777777779,0.9633507853403143,0.6899383983572863,0.2666666666666664,0.48888888888888893,0.0,0.0,0.3333333333333333
0.6315789473684212,0.02272727272727265,0.5581395348837208,0.006329113924050611,0.18867924528301894,0.4126984126984128,0.3507853403141362,0.15195071868582444,0.233333333333333,0.8888888888888888,0.6315789473684214,0.0,0.0
0.736842105263158,0.18181818181818182,0.46511627906976727,0.05063291139240503,0.41509433962264153,0.6666666666666667,0.8324607329842932,0.392197125256668,0.33333333333333315,0.39999999999999997,0.3421052631578946,0.0,0.6666666666666666
0.26315789473684226,0.04545454545454547,0.5116279069767441,0.490506329113924,0.2452830188679245,0.5238095238095238,0.4816753926701572,0.5143737166324409,0.4333333333333333,0.19999999999999993,0.4736842105263157,0.0,1.0
0.4210526315789475,0.4090909090909091,0.4883720930232557,0.34177215189873417,0.1132075471698113,0.5238095238095238,0.46596858638743466,0.2946611909650859,0.7500000000000001,0.5777777777777777,0.868421052631579,0.0,0.0
0.4210526315789475,0.4090909090909091,0.3953488372093022,0.38607594936708856,0.037735849056603765,0.507936507936508,0.5026178010471205,0.22279260780287596,0.36666666666666653,0.6222222222222222,0.9736842105263159,0.0,0.0
0.8421052631578949,0.7840909090909092,0.44186046511627886,0.19620253164556956,0.018867924528301827,0.22222222222222224,0.39267015706806296,0.2381930184804924,0.1333333333333328,0.1333333333333333,0.9210526315789476,0.0,1.0
0.3947368421052634,0.31818181818181823,0.2790697674418603,0.5696202531645569,0.5094339622641509,0.49206349206349215,0.549738219895288,0.7679671457905497,0.25000000000000006,0.3111111111111111,0.18421052631578938,0.0,1.0
0.473684210526316,0.6818181818181819,0.4186046511627906,0.15189873417721517,0.4339622641509434,0.2698412698412699,0.4502617801047122,0.2464065708418855,0.4666666666666667,0.1111111111111111,0.6315789473684214,0.0,0.0
0.44736842105263164,0.5454545454545454,0.6976744186046511,0.07594936708860758,0.3207547169811321,0.7777777777777779,0.9162303664921467,0.23511293634497143,0.16666666666666619,0.39999999999999997,0.6578947368421055,0.0,1.0
0.5000000000000001,0.1363636363636364,0.6279069767441858,0.012658227848101278,0.22641509433962262,0.6825396825396826,0.48691099476439803,0.25872689938398097,0.6499999999999999,0.37777777777777777,0.5263157894736844,0.0,0.6666666666666666
0.5000000000000001,0.18181818181818182,0.37209302325581384,0.03164556962025317,0.28301886792452835,0.4285714285714286,0.7643979057591626,0.2525667351129389,0.5666666666666669,0.3555555555555555,0.6052631578947367,0.0,0.6666666666666666
0.6842105263157897,0.25,0.3953488372093022,0.5506329113924049,0.2075471698113207,0.15873015873015875,0.30890052356020953,0.47022587268994276,0.10000000000000014,0.0888888888888888,0.6052631578947367,0.0,0.6666666666666666
0.7631578947368425,0.04545454545454547,0.8837209302325579,0.04430379746835442,0.6037735849056605,0.4126984126984128,0.3769633507853404,0.4948665297741222,0.36666666666666653,0.19999999999999993,0.3684210526315792,0.0,0.6666666666666666
0.4210526315789475,0.5,0.5813953488372091,0.09493670886075947,0.4339622641509434,0.9841269841269843,0.7068062827225132,0.20328542094455732,0.19999999999999962,0.5333333333333334,0.5789473684210527,0.0,0.6666666666666666
0.473684210526316,0.1363636363636364,0.2790697674418603,0.037974683544303806,0.35849056603773577,0.1904761904761905,0.39267015706806296,0.5369609856262806,0.7333333333333338,0.46666666666666673,0.2894736842105263,0.0,1.0
0.6842105263157897,0.20454545454545456,0.6279069767441858,0.5443037974683544,0.5471698113207547,0.28571428571428575,0.6963350785340315,0.869609856262834,0.6499999999999999,0.33333333333333326,0.23684210526315808,0.0,0.3333333333333333
0.3947368421052634,0.31818181818181823,0.6279069767441858,0.5126582278481012,0.22641509433962262,0.17460317460317462,0.26178010471204194,0.546201232032855,0.19999999999999962,0.48888888888888893,0.5789473684210527,0.0,1.0
0.3157894736842105,0.1363636363636364,0.6511627906976742,0.43670886075949367,0.5094339622641509,0.39682539682539686,0.6230366492146598,0.5359342915811107,0.6499999999999999,0.5333333333333334,0.5526315789473686,0.0,0.0
0.4210526315789475,0.36363636363636365,0.9069767441860463,0.23417721518987344,0.2075471698113207,0.1904761904761905,0.4136125654450263,0.21765913757700384,0.5499999999999998,0.8,0.9210526315789476,0.0,0.0
0.3947368421052634,0.27272727272727276,0.4883720930232557,0.37974683544303794,0.2641509433962264,0.507936507936508,0.7801047120418849,0.4394250513346985,0.6499999999999999,0.37777777777777777,0.6578947368421055,0.0,0.6666666666666666
0.3947368421052634,0.20454545454545456,0.7209302325581394,0.4430379746835443,0.09433962264150936,0.39682539682539686,0.46073298429319387,0.4312114989733054,0.4833333333333337,0.48888888888888893,0.5526315789473686,0.0,0.6666666666666666
0.8421052631578949,0.04545454545454547,0.9069767441860463,0.39873417721518983,0.3396226415094339,0.06349206349206349,0.1937172774869111,0.5975359342915764,0.33333333333333315,0.6,0.4210526315789474,0.0,0.6666666666666666
0.4210526315789475,0.20454545454545456,0.5116279069767441,0.05063291139240503,0.4339622641509434,0.3174603174603175,0.45549738219895297,0.20739219712525953,0.2999999999999997,0.33333333333333326,0.5789473684210527,0.0,0.6666666666666666
0.36842105263157904,0.4545454545454546,0.3953488372093022,0.26582278481012656,0.6603773584905661,0.14285714285714285,0.74869109947644,0.3121149897330535,0.5666666666666669,0.5555555555555555,0.7105263157894737,0.0,0.6666666666666666
0.5526315789473686,0.27272727272727276,0.9767441860465116,0.7721518987341771,0.41509433962264153,0.9365079365079366,0.8010471204188483,0.8952772073921947,0.28333333333333344,0.3111111111111111,0.02631578947368418,0.0,1.0
0.26315789473684226,0.47727272727272724,0.23255813953488358,0.2974683544303797,0.169811320754717,0.20634920634920637,0.47643979057591634,0.5051334702258665,0.666666666666667,0.2444444444444444,0.3157894736842105,0.0,1.0
0.6842105263157897,0.09090909090909088,0.9069767441860463,0.05063291139240503,0.679245283018868,0.07936507936507936,0.6230366492146598,0.48459958932237795,0.5,0.3555555555555555,0.2894736842105263,0.0,1.0
0.6842105263157897,0.1363636363636364,0.6046511627906975,0.012658227848101278,0.13207547169811318,0.25396825396825395,0.2722513089005237,0.2689938398357252,0.25000000000000006,0.1111111111111111,0.39473684210526333,0.0,0.6666666666666666
0.13157894736842113,0.3409090909090909,0.1395348837209301,0.43670886075949367,0.35849056603773577,0.6825396825396826,0.8952879581151834,0.579055441478439,0.4666666666666667,0.0888888888888888,0.13157894736842113,0.0,1.0
0.2368421052631579,0.931818181818182,0.8139534883720929,0.759493670886076,0.41509433962264153,0.4444444444444445,0.8167539267015709,0.8131416837782292,0.45000000000000034,0.3111111111111111,0.07894736842105238,0.0,0.6666666666666666
0.5526315789473686,0.3409090909090909,0.325581395348837,0.5632911392405062,0.6226415094339623,0.3174603174603175,0.46596858638743466,0.6355236139630439,0.36666666666666653,0.3111111111111111,0.5263157894736844,0.0,1.0
0.473684210526316,0.22727272727272724,0.44186046511627886,0.12658227848101267,0.2075471698113207,0.1904761904761905,0.47643979057591634,0.47535934291581494,0.7166666666666668,0.8,0.3157894736842105,0.0,0.6666666666666666
0.36842105263157904,0.31818181818181823,0.6744186046511627,0.0253164556962025,0.2075471698113207,0.15873015873015875,0.46596858638743466,0.2381930184804924,0.5666666666666669,0.8888888888888888,0.7368421052631579,0.0,1.0
0.5789473684210528,0.3295454545454545,0.5116279069767441,0.860759493670886,0.7169811320754718,0.4285714285714286,0.9162303664921467,0.8747433264887062,0.11666666666666653,0.2888888888888889,0.07894736842105238,0.0,1.0
0.5263157894736845,0.1363636363636364,0.5348837209302324,0.05696202531645567,0.18867924528301894,0.5396825396825398,0.586387434554974,0.15605749486652676,0.3999999999999999,0.26666666666666666,0.7368421052631579,0.0,0.0
0.21052631578947378,0.31818181818181823,0.2790697674418603,0.39873417721518983,0.30188679245283023,0.33333333333333337,0.6858638743455499,0.6386036960985649,0.8500000000000003,0.7111111111111111,0.23684210526315808,0.0,0.0
0.21052631578947378,0.18181818181818182,0.4186046511627906,0.07594936708860758,0.28301886792452835,0.3015873015873016,0.518324607329843,0.22792607802874815,0.4333333333333333,0.3555555555555555,0.4210526315789474,0.0,0.6666666666666666
0.36842105263157904,0.06818181818181823,0.1627906976744185,0.25949367088607594,0.45283018867924535,0.33333333333333337,0.293193717277487,0.3613963039014352,0.11666666666666653,0.1333333333333333,0.23684210526315808,0.0,0.6666666666666666
0.5263157894736845,0.31818181818181823,0.46511627906976727,0.27215189873417717,0.5471698113207547,0.6190476190476192,0.7068062827225132,0.47433264887063364,0.3166666666666668,0.3555555555555555,0.3684210526315792,0.0,0.6666666666666666
0.1578947368421053,0.36363636363636365,0.7906976744186045,0.03164556962025317,0.39622641509433965,0.15873015873015875,0.8167539267015709,0.5205338809034943,0.9500000000000004,0.4444444444444445,0.39473684210526333,0.0,1.0
0.34210526315789486,0.20454545454545456,0.37209302325581384,0.0253164556962025,0.6603773584905661,0.4444444444444445,0.6701570680628274,0.40246406570841226,0.5166666666666672,0.5333333333333334,0.15789473684210523,0.0,0.6666666666666666
0.2368421052631579,0.18181818181818182,0.2790697674418603,0.29113924050632906,0.2641509433962264,0.4126984126984128,0.5340314136125656,0.35728952772073286,0.3166666666666668,0.3111111111111111,0.39473684210526333,0.0,0.6666666666666666
0.2368421052631579,0.18181818181818182,0.7674418604651161,0.22468354430379744,0.2452830188679245,0.4126984126984128,0.5445026178010473,0.2381930184804924,0.7000000000000004,0.0222222222222222,0.6842105263157896,0.0,0.0
0.13157894736842113,0.36363636363636365,0.8604651162790696,0.43354430379746833,0.09433962264150936,0.22222222222222224,0.5602094240837697,0.392197125256668,0.9833333333333338,0.2444444444444444,0.6842105263157896,0.0,0.0
0.473684210526316,0.27272727272727276,0.5116279069767441,0.5949367088607596,0.6981132075471699,0.28571428571428575,0.46073298429319387,0.7310061601642748,0.5,0.37777777777777777,0.4210526315789474,0.0,1.0
0.7105263157894738,0.18181818181818182,0.7674418604651161,0.03164556962025317,0.35849056603773577,0.36507936507936517,0.5392670157068064,0.4435318275154008,0.4833333333333337,0.2888888888888889,0.5526315789473686,0.0,0.6666666666666666
0.2368421052631579,0.2954545454545455,0.8372093023255813,0.680379746835443,0.22641509433962262,0.8888888888888891,0.9738219895287958,0.7823408624229963,0.5333333333333334,0.46666666666666673,0.15789473684210523,0.0,0.6666666666666666
0.3157894736842105,0.9545454545454546,0.11627906976744168,0.5696202531645569,0.22641509433962262,0.5238095238095238,0.6858638743455499,0.712525667351126,0.5833333333333331,0.4444444444444445,0.13157894736842113,0.0,1.0
0.21052631578947378,0.4090909090909091,0.5116279069767441,0.07594936708860758,0.2075471698113207,0.15873015873015875,0.23036649214659694,0.04312114989732829,0.3833333333333336,0.3555555555555555,1.0,0.0,0.6666666666666666
0.736842105263158,0.31818181818181823,0.7441860465116277,0.05063291139240503,0.1132075471698113,0.39682539682539686,0.3507853403141362,0.22792607802874815,0.2666666666666664,0.15555555555555556,0.6578947368421055,0.0,1.0
0.1578947368421053,0.31818181818181823,0.3488372093023254,0.05063291139240503,0.3207547169811321,0.047619047619047616,0.4293193717277488,0.35112936344969087,0.25000000000000006,0.5111111111111112,0.02631578947368418,0.0,1.0
0.2894736842105264,0.04545454545454547,0.5581395348837208,0.0253164556962025,0.07547169811320759,0.380952380952381,0.5602094240837697,0.1642710472279199,0.666666666666667,0.7111111111111111,0.6842105263157896,0.0,0.0
0.26315789473684226,0.18181818181818182,0.5116279069767441,0.2468354430379747,0.39622641509433965,0.7142857142857144,0.6806282722513091,0.37782340862423286,0.7500000000000001,0.5111111111111112,0.6052631578947367,0.0,0.6666666666666666
0.5789473684210528,0.3295454545454545,0.5116279069767441,0.860759493670886,0.7169811320754718,0.4285714285714286,0.9162303664921467,0.8747433264887062,0.11666666666666653,0.2888888888888889,0.07894736842105238,0.0,1.0
0.1578947368421053,0.2954545454545455,0.3953488372093022,0.037974683544303806,0.39622641509433965,0.4285714285714286,0.45549738219895297,0.2997946611909581,0.8000000000000006,0.4222222222222222,0.4210526315789474,0.0,0.0
0.3947368421052634,0.4318181818181819,0.37209302325581384,0.25316455696202533,0.037735849056603765,0.6507936507936509,0.6125654450261782,0.2997946611909581,0.5333333333333334,0.2444444444444444,0.6052631578947367,0.0,0.0
0.473684210526316,0.3863636363636364,0.37209302325581384,0.39873417721518983,0.47169811320754723,0.507936507936508,0.6858638743455499,0.6950718685831585,0.2666666666666664,0.2444444444444444,0.02631578947368418,0.0,1.0
0.5000000000000001,0.27272727272727276,0.9999999999999999,0.740506329113924,0.41509433962264153,0.880952380952381,0.6806282722513091,0.9158110882956834,0.21666666666666662,0.2888888888888889,0.05263157894736825,0.0,0.6666666666666666
0.5000000000000001,0.20454545454545456,0.5581395348837208,0.5253164556962026,0.5094339622641509,0.22222222222222224,0.31413612565445037,0.6427104722792558,0.18333333333333324,0.5333333333333334,0.2894736842105263,0.0,1.0
0.6315789473684212,0.2954545454545455,0.5813953488372091,0.012658227848101278,0.47169811320754723,0.49206349206349215,0.5968586387434556,0.19507186858316422,0.2666666666666664,0.2888888888888889,0.6052631578947367,0.0,1.0
0.44736842105263164,0.25,0.4883720930232557,0.0822784810126582,0.47169811320754723,0.4285714285714286,0.6806282722513091,0.1971252566735039,0.3500000000000002,0.4222222222222222,0.6578947368421055,0.0,0.6666666666666666
0.5263157894736845,0.04545454545454547,0.9069767441860463,0.012658227848101278,0.5660377358490566,0.20634920634920637,0.649214659685864,0.22792607802874815,0.5,0.33333333333333326,0.6052631578947367,0.0,0.6666666666666666
0.2894736842105264,0.6136363636363636,0.2790697674418603,0.24050632911392406,0.5094339622641509,0.6984126984126985,0.6073298429319373,0.5256673511293665,0.3500000000000002,0.6666666666666666,0.07894736842105238,0.0,1.0
0.44736842105263164,0.20454545454545456,0.5813953488372091,0.981012658227848,0.28301886792452835,0.8730158730158731,0.7591623036649215,0.9774127310061603,0.3833333333333336,0.6,0.05263157894736825,0.0,0.6666666666666666
0.2368421052631579,0.25,0.3953488372093022,0.3544303797468354,0.5471698113207547,0.5555555555555557,0.6910994764397906,0.44147843942504966,0.45000000000000034,0.3555555555555555,0.3684210526315792,0.0,1.0
0.4210526315789475,0.04545454545454547,0.5116279069767441,0.4620253164556962,0.37735849056603776,0.5238095238095238,0.5235602094240839,0.6488706365503092,0.4666666666666667,0.04444444444444445,0.07894736842105238,0.0,1.0
0.473684210526316,0.3863636363636364,0.7209302325581394,0.48101265822784806,0.5283018867924528,0.15873015873015875,0.3298429319371729,0.8336755646817291,0.6000000000000002,0.7111111111111111,0.26315789473684226,0.0,0.6666666666666666
0.21052631578947378,0.09090909090909088,0.6511627906976742,0.03164556962025317,0.05660377358490565,0.49206349206349215,0.47643979057591634,0.3613963039014352,0.9000000000000007,0.48888888888888893,0.2105263157894735,0.0,0.6666666666666666
0.2894736842105264,0.47727272727272724,0.4883720930232557,0.5822784810126582,0.8301886792452833,0.8412698412698415,0.7539267015706808,0.7638603696098588,0.41666666666666696,0.37777777777777777,0.13157894736842113,0.0,1.0
0.44736842105263164,0.09090909090909088,0.37209302325581384,0.01898734177215189,0.30188679245283023,0.23809523809523814,0.23560209424083783,0.32032854209445805,0.18333333333333324,0.9333333333333336,0.26315789473684226,0.0,0.6666666666666666
0.6578947368421055,0.5227272727272727,0.46511627906976727,0.10759493670886075,0.07547169811320759,0.9365079365079366,0.6910994764397906,0.21765913757700384,0.3166666666666668,0.6,0.8157894736842106,0.0,0.0
0.6578947368421055,0.4545454545454546,0.7906976744186045,0.3481012658227848,0.037735849056603765,0.6666666666666667,0.5235602094240839,0.1806981519507176,0.04999999999999971,0.1111111111111111,0.9473684210526319,0.0,0.6666666666666666
0.6578947368421055,0.18181818181818182,0.8139534883720929,0.8354430379746833,0.2452830188679245,0.7619047619047621,0.6020942408376965,0.997946611909649,0.16666666666666619,0.3111111111111111,0.07894736842105238,0.0,0.6666666666666666
0.3947368421052634,0.9545454545454546,0.37209302325581384,0.6265822784810127,0.6603773584905661,0.7936507936507937,0.87434554973822,0.7618069815195077,0.4666666666666667,0.26666666666666666,0.13157894736842113,0.0,1.0
0.5000000000000001,0.2954545454545455,0.46511627906976727,0.01898734177215189,0.28301886792452835,0.33333333333333337,0.3036649214659687,0.28131416837782064,0.5833333333333331,0.46666666666666673,0.4736842105263157,0.0,0.6666666666666666
0.10526315789473678,0.3409090909090909,0.3953488372093022,0.037974683544303806,0.6981132075471699,0.1904761904761905,0.5968586387434556,0.19507186858316422,0.5,0.0666666666666666,0.5789473684210527,0.0,0.6666666666666666
0.7894736842105267,0.09090909090909088,0.7441860465116277,0.25949367088607594,0.2075471698113207,0.031746031746031744,0.2670157068062828,0.4537987679671451,0.3833333333333336,0.4444444444444445,0.7368421052631579,0.0,1.0
0.07894736842105271,0.5909090909090909,0.5813953488372091,0.25949367088607594,0.018867924528301827,0.1904761904761905,0.45549738219895297,0.1067761806981451,0.41666666666666696,0.7777777777777779,0.9210526315789476,0.0,0.6666666666666666
0.3947368421052634,0.0,0.6511627906976742,0.0,0.30188679245283023,0.2698412698412699,0.2879581151832462,0.09753593429158208,0.16666666666666619,0.48888888888888893,0.6578947368421055,0.0,0.6666666666666666
0.07894736842105271,0.23863636363636362,0.5348837209302324,0.006329113924050611,0.45283018867924535,0.36507936507936517,0.649214659685864,0.3305954825462023,0.33333333333333315,0.22222222222222218,0.105263157894737,0.0,1.0
0.26315789473684226,0.06818181818181823,0.3953488372093022,0.5632911392405062,0.41509433962264153,0.33333333333333337,0.39267015706806296,0.6652977412730955,0.6833333333333333,0.39999999999999997,0.26315789473684226,0.0,0.6666666666666666
0.2894736842105264,0.5681818181818182,0.3023255813953487,0.27848101265822783,0.490566037735849,0.3174603174603175,0.6439790575916231,0.40246406570841226,0.5166666666666672,0.0666666666666666,0.2894736842105263,0.0,1.0
0.7631578947368425,0.04545454545454547,0.6279069767441858,0.43670886075949367,0.0,0.5238095238095238,0.42408376963350797,0.36755646817248855,0.0,0.1111111111111111,0.7894736842105265,0.0,0.6666666666666666
0.34210526315789486,0.15909090909090906,0.5116279069767441,0.27848101265822783,0.41509433962264153,0.380952380952381,0.5968586387434556,0.5667351129363436,0.7666666666666672,0.3111111111111111,0.2105263157894735,0.0,0.6666666666666666
0.34210526315789486,0.18181818181818182,0.5348837209302324,0.012658227848101278,0.2075471698113207,0.49206349206349215,0.31413612565445037,0.11293634496919847,0.28333333333333344,0.9777777777777779,0.6578947368421055,0.0,0.6666666666666666
0.2368421052631579,0.5681818181818182,0.325581395348837,0.37341772151898733,0.8301886792452833,0.06349206349206349,0.47643979057591634,0.48459958932237795,0.36666666666666653,0.0666666666666666,0.3421052631578946,0.0,0.3333333333333333
0.10526315789473678,0.4090909090909091,0.4883720930232557,0.10759493670886075,0.45283018867924535,0.3174603174603175,0.6649214659685865,0.12217659137577286,0.8500000000000003,0.9111111111111112,0.868421052631579,0.0,0.0
0.18421052631578938,0.18181818181818182,0.4186046511627906,0.9841772151898733,0.6415094339622641,0.7777777777777779,0.5706806282722514,0.7361396303901471,0.45000000000000034,0.1333333333333333,0.4210526315789474,0.0,1.0
0.2368421052631579,0.4090909090909091,0.5813953488372091,0.6392405063291138,0.2641509433962264,0.380952380952381,0.9005235602094241,0.9158110882956834,0.7166666666666668,0.39999999999999997,0.13157894736842113,0.0,0.0
0.18421052631578938,0.31818181818181823,0.3953488372093022,0.23417721518987344,0.09433962264150936,0.8095238095238095,0.5968586387434556,0.09650924024640084,0.3833333333333336,0.22222222222222218,0.9473684210526319,0.0,0.0
0.736842105263158,0.20454545454545456,0.44186046511627886,0.05063291139240503,0.41509433962264153,0.6666666666666667,0.842931937172775,0.392197125256668,0.33333333333333315,0.39999999999999997,0.3421052631578946,0.0,0.6666666666666666
0.3157894736842105,0.22727272727272724,0.46511627906976727,0.759493670886076,0.5094339622641509,0.20634920634920637,0.6125654450261782,0.9004106776180669,0.7333333333333338,0.37777777777777777,0.13157894736842113,0.0,0.6666666666666666
0.36842105263157904,0.09090909090909088,0.4186046511627906,0.5569620253164558,0.2641509433962264,0.380952380952381,0.45549738219895297,0.47022587268994276,0.2999999999999997,0.2888888888888889,0.5263157894736844,0.0,0.0
0.473684210526316,0.06818181818181823,0.5581395348837208,0.34177215189873417,0.3207547169811321,0.17460317460317462,0.44502617801047134,0.33880903490759545,0.10000000000000014,0.17777777777777778,0.5000000000000002,0.0,0.6666666666666666
0.3157894736842105,0.18181818181818182,0.5581395348837208,0.670886075949367,0.47169811320754723,0.8571428571428573,0.5968586387434556,0.5934291581108855,0.4833333333333337,0.17777777777777778,0.5000000000000002,0.0,1.0
0.21052631578947378,0.02272727272727265,0.3953488372093022,0.0253164556962025,0.30188679245283023,0.7301587301587302,0.47643979057591634,0.14579055441478245,0.5833333333333331,0.1333333333333333,0.6052631578947367,0.0,0.6666666666666666
0.36842105263157904,0.6590909090909092,0.46511627906976727,0.15822784810126578,0.15094339622641506,0.34920634920634924,0.5706806282722514,0.11498973305954968,0.11666666666666653,0.1111111111111111,0.8157894736842106,0.0,0.6666666666666666
0.473684210526316,0.18181818181818182,0.325581395348837,0.0253164556962025,0.30188679245283023,0.1904761904761905,0.6963350785340315,0.25462012320327865,0.5333333333333334,0.46666666666666673,0.6052631578947367,0.0,0.6666666666666666
0.2368421052631579,0.15909090909090906,0.5348837209302324,0.8164556962025316,0.39622641509433965,1.0,0.8010471204188483,0.7823408624229963,0.7166666666666668,0.39999999999999997,0.39473684210526333,0.0,0.6666666666666666
0.07894736842105271,0.04545454545454547,0.37209302325581384,0.3354430379746835,0.3396226415094339,0.36507936507936517,0.45549738219895297,0.42299794661191226,0.21666666666666662,0.5777777777777777,0.26315789473684226,0.0,0.6666666666666666
0.9473684210526319,0.1363636363636364,0.5348837209302324,0.15822784810126578,0.45283018867924535,0.07936507936507936,0.0732984293193718,0.5051334702258665,0.3500000000000002,0.0888888888888888,0.23684210526315808,0.0,0.6666666666666666
0.36842105263157904,0.31818181818181823,0.7674418604651161,0.41772151898734167,0.09433962264150936,0.39682539682539686,0.4397905759162305,0.22176591375769472,0.25000000000000006,0.6,0.9473684210526319,0.0,0.0
0.5263157894736845,0.22727272727272724,0.6976744186046511,0.20886075949367086,0.13207547169811318,0.06349206349206349,0.3612565445026179,0.25872689938398097,0.2666666666666664,0.15555555555555556,0.5789473684210527,0.0,0.6666666666666666
0.36842105263157904,0.1363636363636364,0.6046511627906975,0.037974683544303806,0.05660377358490565,0.031746031746031744,0.10471204188481686,0.23305954825462027,0.4666666666666667,0.6222222222222222,0.5263157894736844,0.0,0.6666666666666666
0.5263157894736845,0.5,0.5348837209302324,0.0253164556962025,0.0,0.34920634920634924,0.1518324607329844,0.20739219712525953,0.4666666666666667,0.0222222222222222,0.6052631578947367,0.0,0.6666666666666666
0.3157894736842105,0.04545454545454547,0.5116279069767441,0.0253164556962025,0.18867924528301894,0.6984126984126985,0.8376963350785342,0.11498973305954968,0.7000000000000004,0.7111111111111111,0.9210526315789476,0.0,0.0
0.36842105263157904,0.1363636363636364,0.3953488372093022,0.012658227848101278,0.169811320754717,0.22222222222222224,0.2198952879581153,0.07392197125256111,0.3500000000000002,0.1111111111111111,0.7368421052631579,0.0,0.3333333333333333
0.2894736842105264,0.31818181818181823,0.37209302325581384,0.4936708860759494,0.28301886792452835,0.6190476190476192,0.5916230366492148,0.6283367556468207,0.6499999999999999,0.1111111111111111,0.3421052631578946,0.0,0.6666666666666666
0.8421052631578949,0.4545454545454546,0.6046511627906975,0.0253164556962025,0.37735849056603776,0.09523809523809523,0.48691099476439803,0.6242299794661184,0.3999999999999999,0.33333333333333326,0.13157894736842113,0.0,0.3333333333333333
0.6052631578947371,0.6590909090909092,0.4186046511627906,0.22151898734177214,0.39622641509433965,0.4444444444444445,0.39790575916230375,0.2381930184804924,0.3833333333333336,0.5333333333333334,0.868421052631579,0.0,0.0
0.3157894736842105,0.5,0.9767441860465116,0.6518987341772151,0.39622641509433965,0.047619047619047616,0.4397905759162305,0.7310061601642748,0.233333333333333,0.3111111111111111,0.13157894736842113,0.0,1.0
0.07894736842105271,0.18181818181818182,0.23255813953488358,0.9493670886075949,0.35849056603773577,0.5714285714285715,0.45549738219895297,0.9383983572895229,0.4833333333333337,0.3111111111111111,0.0,0.0,0.6666666666666666
0.736842105263158,0.25,0.8372093023255813,0.1740506329113924,0.47169811320754723,0.14285714285714285,0.39790575916230375,0.5913757700205344,0.5833333333333331,0.5777777777777777,0.2105263157894735,0.0,1.0
0.6315789473684212,0.1363636363636364,0.23255813953488358,0.0253164556962025,0.2075471698113207,0.3174603174603175,0.29842931937172784,0.14373716632443134,0.16666666666666619,0.3111111111111111,0.7368421052631579,0.0,0.6666666666666666
0.3947368421052634,0.4090909090909091,0.1395348837209301,0.0253164556962025,0.490566037735849,0.15873015873015875,0.36649214659685875,0.4640657084188894,0.4833333333333337,0.1333333333333333,0.15789473684210523,0.0,0.3333333333333333
0.26315789473684226,0.15909090909090906,0.5581395348837208,0.9525316455696202,0.28301886792452835,0.8095238095238095,0.6073298429319373,0.7494866529774122,0.2999999999999997,0.1333333333333333,0.4473684210526315,0.0,1.0
0.3157894736842105,0.20454545454545456,0.325581395348837,0.18354430379746833,0.37735849056603776,0.49206349206349215,0.586387434554974,0.27926078028746953,0.36666666666666653,0.7111111111111111,0.6315789473684214,0.0,0.0
0.1578947368421053,0.3863636363636364,0.325581395348837,0.14556962025316453,0.30188679245283023,0.3174603174603175,0.6125654450261782,0.1971252566735039,0.6333333333333336,0.26666666666666666,0.6315789473684214,0.0,0.6666666666666666
0.4210526315789475,0.22727272727272724,0.5813953488372091,0.0,0.13207547169811318,0.5873015873015874,0.40837696335078544,0.04106776180697713,0.3833333333333336,0.1111111111111111,0.7368421052631579,0.0,0.0
0.6578947368421055,0.25,0.44186046511627886,0.27215189873417717,0.1132075471698113,0.4444444444444445,0.47643979057591634,0.2381930184804924,0.21666666666666662,0.0,0.7631578947368425,0.0,0.0
0.26315789473684226,0.4090909090909091,0.3953488372093022,0.2468354430379747,0.169811320754717,0.20634920634920637,0.5026178010471205,0.21765913757700384,0.7166666666666668,0.8666666666666667,0.9473684210526319,0.0,0.6666666666666666
0.5263157894736845,0.3863636363636364,0.4186046511627906,0.037974683544303806,0.47169811320754723,0.4444444444444445,0.5811518324607331,0.35112936344969087,0.6333333333333336,0.5333333333333334,0.4210526315789474,0.0,0.6666666666666666
0.18421052631578938,0.5454545454545454,0.8604651162790696,0.0253164556962025,0.490566037735849,0.8571428571428573,0.9633507853403143,0.37063655030800957,0.5166666666666672,0.39999999999999997,0.18421052631578938,0.0,1.0
0.4210526315789475,0.06818181818181823,0.5348837209302324,0.189873417721519,0.169811320754717,0.1904761904761905,0.5287958115183247,0.40246406570841226,0.4333333333333333,0.15555555555555556,0.4473684210526315,0.0,0.0
0.4210526315789475,0.31818181818181823,0.4186046511627906,0.0253164556962025,0.2641509433962264,0.11111111111111116,0.29842931937172784,0.23100616016426911,0.41666666666666696,0.7333333333333334,0.5789473684210527,0.0,1.0
0.34210526315789486,0.4545454545454546,0.4883720930232557,0.9746835443037973,0.490566037735849,0.23809523809523814,0.6282722513089006,0.9096509240246413,0.21666666666666662,0.48888888888888893,0.05263157894736825,0.0,1.0
0.6052631578947371,0.2954545454545455,0.5581395348837208,0.05063291139240503,0.05660377358490565,0.33333333333333337,0.7434554973821991,0.166324435318271,0.10000000000000014,0.3555555555555555,0.8421052631578949,0.0,0.0
0.6315789473684212,0.09090909090909088,0.4883720930232557,0.7088607594936708,0.5283018867924528,0.6507936507936509,0.5968586387434556,0.8747433264887062,0.21666666666666662,0.46666666666666673,0.0,0.0,0.6666666666666666
0.36842105263157904,0.22727272727272724,0.6511627906976742,0.4620253164556962,0.37735849056603776,0.7142857142857144,0.8324607329842932,0.6468172484599581,0.36666666666666653,0.39999999999999997,0.15789473684210523,0.0,0.6666666666666666
1.0000000000000002,0.4090909090909091,0.7441860465116277,0.01898734177215189,0.39622641509433965,0.14285714285714285,0.8376963350785342,0.5564681724845992,0.25000000000000006,0.3555555555555555,0.18421052631578938,0.0,1.0
0.6052631578947371,0.18181818181818182,0.7441860465116277,0.05696202531645567,0.5094339622641509,0.07936507936507936,0.31937172774869116,0.27926078028746953,0.6166666666666666,0.37777777777777777,0.7631578947368425,0.0,0.6666666666666666
0.4210526315789475,0.0,0.6976744186046511,0.04430379746835442,0.18867924528301894,0.17460317460317462,0.30890052356020953,0.166324435318271,0.4333333333333333,0.22222222222222218,0.7631578947368425,0.0,0.6666666666666666
0.5263157894736845,0.09090909090909088,0.46511627906976727,0.4936708860759494,0.7358490566037736,0.33333333333333337,0.4031413612565446,0.6796714579055421,0.01666666666666633,0.5333333333333334,0.105263157894737,0.0,1.0
0.44736842105263164,0.27272727272727276,0.5581395348837208,0.8481012658227849,0.7924528301886794,0.4761904761904763,0.8534031413612567,0.9363449691991832,0.233333333333333,0.46666666666666673,0.05263157894736825,0.0,0.0
0.05263157894736831,0.11363636363636359,0.6744186046511627,0.006329113924050611,0.3396226415094339,0.1904761904761905,0.2146596858638744,0.2381930184804924,0.5,0.46666666666666673,0.3684210526315792,0.0,0.6666666666666666
0.26315789473684226,0.3863636363636364,0.6976744186046511,0.34177215189873417,0.2641509433962264,0.5396825396825398,0.8638743455497384,0.5800821355236089,0.3500000000000002,0.4444444444444445,0.23684210526315808,0.0,1.0
0.3157894736842105,0.5227272727272727,0.325581395348837,0.0632911392405063,0.7358490566037736,0.28571428571428575,0.4921465968586389,0.5256673511293665,0.6499999999999999,0.48888888888888893,0.13157894736842113,0.0,1.0
0.6842105263157897,0.1363636363636364,0.46511627906976727,0.4493670886075949,0.22641509433962262,0.5873015873015874,0.5445026178010473,0.4425051334702195,0.28333333333333344,0.7777777777777779,0.7631578947368425,0.0,0.6666666666666666
0.4210526315789475,0.36363636363636365,0.6511627906976742,0.879746835443038,0.13207547169811318,0.8730158730158731,0.81151832460733,0.905544147843939,0.41666666666666696,0.6444444444444444,0.105263157894737,0.0,0.0
0.34210526315789486,0.8181818181818182,0.6511627906976742,0.4113924050632911,0.39622641509433965,0.33333333333333337,0.7801047120418849,0.7330595482546146,0.6499999999999999,0.48888888888888893,0.18421052631578938,0.0,1.0
0.44736842105263164,0.06818181818181823,0.6511627906976742,0.4050632911392405,0.5094339622641509,0.6984126984126985,0.8167539267015709,0.6488706365503092,0.7000000000000004,0.4444444444444445,0.18421052631578938,0.0,0.6666666666666666
0.6315789473684212,0.06818181818181823,0.9302325581395348,0.01898734177215189,0.37735849056603776,0.4761904761904763,0.5968586387434556,0.09445585215604968,0.3833333333333336,0.17777777777777778,0.8157894736842106,0.0,0.6666666666666666
0.5526315789473686,0.3409090909090909,0.37209302325581384,0.8829113924050631,0.7924528301886794,0.6666666666666667,0.7958115183246075,0.9137577002053434,0.18333333333333324,0.37777777777777777,0.07894736842105238,0.0,0.3333333333333333
0.3157894736842105,0.02272727272727265,0.5581395348837208,0.25949367088607594,0.5660377358490566,0.4603174603174604,0.518324607329843,0.48459958932237795,0.7166666666666668,0.22222222222222218,0.18421052631578938,0.0,1.0
0.4210526315789475,0.36363636363636365,0.3953488372093022,0.03164556962025317,0.9622641509433962,0.3015873015873016,0.6230366492146598,0.4065708418891146,0.28333333333333344,0.4444444444444445,0.3157894736842105,0.0,1.0
0.1578947368421053,0.31818181818181823,0.3953488372093022,0.0822784810126582,0.490566037735849,0.28571428571428575,0.6335078534031415,0.4640657084188894,0.5,0.7777777777777779,0.3684210526315792,0.0,0.6666666666666666
0.3947368421052634,0.31818181818181823,0.46511627906976727,0.037974683544303806,0.41509433962264153,0.6507936507936509,0.5549738219895289,0.2381930184804924,0.7000000000000004,0.1333333333333333,0.5789473684210527,0.0,0.0
0.36842105263157904,0.22727272727272724,0.44186046511627886,0.0632911392405063,0.35849056603773577,0.15873015873015875,0.36649214659685875,0.2915811088295649,0.5,0.7111111111111111,0.39473684210526333,0.0,0.0
0.3947368421052634,0.1363636363636364,0.5581395348837208,0.05696202531645567,0.3396226415094339,0.3174603174603175,0.5759162303664922,0.412731006160168,0.6333333333333336,0.6222222222222222,0.3157894736842105,0.0,0.3333333333333333
0.5000000000000001,0.1363636363636364,0.6744186046511627,0.0822784810126582,0.4339622641509434,0.3015873015873016,0.31937172774869116,0.09856262833675195,0.01666666666666633,0.0666666666666666,0.8157894736842106,0.0,0.6666666666666666
0.4210526315789475,0.3863636363636364,0.9767441860465116,0.04430379746835442,0.07547169811320759,0.0,0.18324607329842946,0.2381930184804924,0.233333333333333,0.2444444444444444,0.39473684210526333,0.0,1.0
0.3157894736842105,0.22727272727272724,0.325581395348837,0.48101265822784806,0.169811320754717,0.3174603174603175,0.5706806282722514,0.6509240246406603,0.666666666666667,0.6,0.3684210526315792,0.0,0.6666666666666666
0.10526315789473678,0.2954545454545455,0.23255813953488358,0.39873417721518983,0.28301886792452835,0.5873015873015874,0.6230366492146598,0.5071868583162176,0.36666666666666653,0.3555555555555555,0.23684210526315808,0.0,1.0
0.4210526315789475,0.22727272727272724,0.8604651162790696,0.01898734177215189,0.3396226415094339,0.20634920634920637,0.549738219895288,0.23408624229979014,0.4333333333333333,0.2888888888888889,0.5526315789473686,0.0,0.6666666666666666
0.5263157894736845,0.7954545454545454,0.325581395348837,0.8924050632911391,0.09433962264150936,0.4603174603174604,0.6649214659685865,0.5975359342915764,0.33333333333333315,0.4222222222222222,0.8157894736842106,0.0,0.0
0.21052631578947378,0.7045454545454546,0.37209302325581384,0.21518987341772156,0.7169811320754718,0.9206349206349208,0.9424083769633509,0.4640657084188894,0.5666666666666669,0.4444444444444445,0.23684210526315808,0.0,0.3333333333333333
0.44736842105263164,0.15909090909090906,0.5348837209302324,0.012658227848101278,0.2641509433962264,0.4603174603174604,0.3717277486910996,0.16837782340862223,0.2999999999999997,0.9555555555555555,0.6052631578947367,0.0,0.6666666666666666
0.44736842105263164,0.31818181818181823,0.5813953488372091,0.15822784810126578,0.05660377358490565,0.4761904761904763,0.34031413612565453,0.07597535934291227,0.04999999999999971,0.0222222222222222,0.8421052631578949,0.0,1.0
0.7894736842105267,0.31818181818181823,0.6976744186046511,0.5,0.4339622641509434,0.4444444444444445,0.6282722513089006,0.9568788501026718,0.7833333333333334,0.3111111111111111,0.105263157894737,0.0,1.0
0.6052631578947371,0.2954545454545455,0.5813953488372091,0.27215189873417717,0.09433962264150936,0.39682539682539686,0.47643979057591634,0.25872689938398097,0.2999999999999997,0.22222222222222218,0.868421052631579,0.0,0.6666666666666666
0.07894736842105271,0.15909090909090906,0.5116279069767441,0.037974683544303806,0.09433962264150936,0.4444444444444445,0.5026178010471205,0.09856262833675195,0.666666666666667,0.4444444444444445,0.7894736842105265,0.0,0.6666666666666666
0.5000000000000001,0.27272727272727276,0.9069767441860463,0.25316455696202533,0.05660377358490565,0.4285714285714286,0.42408376963350797,0.42299794661191226,0.5166666666666672,0.48888888888888893,0.5000000000000002,0.0,0.6666666666666666
0.44736842105263164,0.3863636363636364,0.3488372093023254,0.6455696202531644,0.4339622641509434,0.4285714285714286,0.5759162303664922,0.7340862422997958,0.3500000000000002,0.17777777777777778,0.15789473684210523,0.0,1.0
0.6052631578947371,0.2954545454545455,0.9069767441860463,0.17721518987341772,0.22641509433962262,0.6507936507936509,0.5916230366492148,0.17248459958932444,0.18333333333333324,0.1333333333333333,0.7105263157894737,0.0,0.6666666666666666
0.473684210526316,0.22727272727272724,0.44186046511627886,0.12658227848101267,0.2075471698113207,0.1904761904761905,0.47643979057591634,0.47535934291581494,0.7166666666666668,0.8,0.3157894736842105,0.0,0.6666666666666666
0.3947368421052634,0.27272727272727276,0.3953488372093022,0.20253164556962028,0.1132075471698113,0.23809523809523814,0.2827225130890053,0.14476386036961258,0.3166666666666668,0.15555555555555556,0.6842105263157896,0.0,0.6666666666666666
0.3947368421052634,0.5227272727272727,0.4186046511627906,0.8101265822784809,0.1132075471698113,0.4603174603174604,0.5811518324607331,0.546201232032855,0.28333333333333344,0.1111111111111111,0.7105263157894737,0.0,0.6666666666666666
0.26315789473684226,0.5227272727272727,0.6279069767441858,0.24367088607594933,0.30188679245283023,0.5476190476190477,0.9973821989528797,0.49691991786447337,0.28333333333333344,0.39999999999999997,0.23684210526315808,0.0,0.6666666666666666
0.2368421052631579,0.15909090909090906,0.4883720930232557,0.012658227848101278,0.3396226415094339,0.39682539682539686,0.47643979057591634,0.21560574948665268,0.933333333333334,0.8,0.5526315789473686,0.0,0.6666666666666666
0.4210526315789475,0.4090909090909091,0.5581395348837208,0.01898734177215189,0.3207547169811321,0.23809523809523814,0.22513089005235615,0.17659137577001532,0.6333333333333336,0.7333333333333334,0.8157894736842106,0.0,0.0
0.36842105263157904,0.20454545454545456,0.5116279069767441,0.037974683544303806,0.018867924528301827,0.6031746031746033,0.6335078534031415,0.09445585215604968,0.6000000000000002,0.48888888888888893,0.9473684210526319,0.0,0.6666666666666666
0.8421052631578949,0.06818181818181823,0.4186046511627906,0.10759493670886075,0.41509433962264153,0.5238095238095238,0.649214659685864,0.4281314168377844,0.28333333333333344,0.5333333333333334,0.5000000000000002,0.0,0.6666666666666666
0.473684210526316,0.4545454545454546,0.5581395348837208,0.7341772151898733,0.4339622641509434,0.031746031746031744,0.07853403141361265,0.48459958932237795,0.4333333333333333,0.17777777777777778,0.7368421052631579,0.0,1.0
0.473684210526316,0.18181818181818182,0.5813953488372091,0.28481012658227844,0.5471698113207547,0.507936507936508,0.8219895287958117,0.5400410677618016,0.25000000000000006,0.39999999999999997,0.3684210526315792,0.0,1.0
0.6842105263157897,0.2954545454545455,0.5348837209302324,0.012658227848101278,0.47169811320754723,0.5714285714285715,0.4031413612565446,0.05544147843942365,0.11666666666666653,0.2888888888888889,0.9210526315789476,0.0,0.6666666666666666
0.36842105263157904,0.09090909090909088,0.4186046511627906,0.5569620253164558,0.2641509433962264,0.380952380952381,0.45549738219895297,0.47022587268994276,0.2999999999999997,0.2888888888888889,0.5263157894736844,0.0,0.0
0.3947368421052634,0.5909090909090909,0.6279069767441858,0.5,0.5283018867924528,0.49206349206349215,0.6387434554973823,0.6694045174537977,0.3833333333333336,0.39999999999999997,0.105263157894737,0.0,1.0
0.5789473684210528,0.2954545454545455,0.9767441860465116,0.13924050632911392,0.3396226415094339,0.36507936507936517,0.6596858638743457,0.18583162217658972,0.1499999999999999,0.46666666666666673,0.6578947368421055,0.0,0.6666666666666666
0.9473684210526319,0.3409090909090909,0.5581395348837208,0.7025316455696202,0.09433962264150936,0.4603174603174604,0.7905759162303665,0.778234086242294,0.33333333333333315,0.33333333333333326,0.4473684210526315,0.0,1.0
0.7631578947368425,0.27272727272727276,0.7209302325581394,0.5189873417721518,0.3207547169811321,0.5714285714285715,0.712041884816754,0.5051334702258665,0.28333333333333344,0.1333333333333333,0.8157894736842106,0.0,0.0
0.473684210526316,0.06818181818181823,0.6279069767441858,0.37341772151898733,0.6415094339622641,0.6666666666666667,0.5340314136125656,0.38398357289527485,0.25000000000000006,0.3111111111111111,0.5526315789473686,0.0,0.0
0.2368421052631579,0.4545454545454546,0.5348837209302324,0.22784810126582278,0.169811320754717,0.22222222222222224,0.2827225130890053,0.22792607802874815,0.7500000000000001,0.5777777777777777,0.8157894736842106,0.0,0.0
0.4210526315789475,0.22727272727272724,0.6046511627906975,0.11392405063291136,0.169811320754717,0.2698412698412699,0.4502617801047122,0.05338809034907255,0.4333333333333333,0.1333333333333333,0.9736842105263159,0.0,0.0
0.2368421052631579,0.1363636363636364,0.6976744186046511,0.03164556962025317,0.22641509433962262,0.4761904761904763,0.42408376963350797,0.22792607802874815,0.8833333333333336,0.39999999999999997,0.6578947368421055,0.0,0.6666666666666666
0.6315789473684212,0.15909090909090906,0.6744186046511627,0.05063291139240503,0.169811320754717,0.904761904761905,0.8062827225130891,0.15605749486652676,0.2666666666666664,0.9555555555555555,0.9736842105263159,0.0,0.0
0.26315789473684226,0.3863636363636364,0.4186046511627906,0.03164556962025317,0.22641509433962262,0.11111111111111116,0.48691099476439803,0.24845995893223666,0.6499999999999999,0.4222222222222222,0.39473684210526333,0.0,0.0
0.6578947368421055,0.47727272727272724,0.6046511627906975,0.037974683544303806,0.2452830188679245,0.09523809523809523,0.5130890052356022,0.3408624229979466,0.5333333333333334,0.3555555555555555,0.5526315789473686,0.0,1.0
0.1578947368421053,0.06818181818181823,0.9069767441860463,0.0,0.169811320754717,0.33333333333333337,0.4188481675392671,0.25872689938398097,0.4666666666666667,0.22222222222222218,0.23684210526315808,0.0,0.6666666666666666
0.5789473684210528,0.06818181818181823,0.3953488372093022,0.22784810126582278,0.47169811320754723,0.28571428571428575,0.3769633507853404,0.48665297741272906,0.25000000000000006,0.33333333333333326,0.15789473684210523,0.0,0.6666666666666666
0.3157894736842105,0.4318181818181819,0.325581395348837,0.9525316455696202,0.37735849056603776,0.4126984126984128,0.6335078534031415,0.8973305954825459,0.25000000000000006,0.4444444444444445,0.07894736842105238,0.0,1.0
0.5263157894736845,0.6818181818181819,0.23255813953488358,0.6645569620253164,0.45283018867924535,0.6190476190476192,0.6858638743455499,0.8747433264887062,0.5666666666666669,0.26666666666666666,0.02631578947368418,0.0,1.0
0.2368421052631579,0.3409090909090909,0.6976744186046511,0.3481012658227848,0.2641509433962264,0.6031746031746033,0.7382198952879583,0.5975359342915764,0.36666666666666653,0.26666666666666666,0.105263157894737,0.0,0.6666666666666666
0.7631578947368425,0.7954545454545454,0.7674418604651161,0.09493670886075947,0.2075471698113207,0.4285714285714286,0.4712041884816755,0.5051334702258665,0.5,0.33333333333333326,0.4736842105263157,0.0,0.6666666666666666
0.44736842105263164,0.15909090909090906,0.6279069767441858,0.08860759493670883,0.018867924528301827,0.28571428571428575,0.3874345549738221,0.08418891170430542,0.36666666666666653,0.1333333333333333,0.6578947368421055,0.0,0.0
0.3947368421052634,0.4090909090909091,0.37209302325581384,0.4620253164556962,0.5283018867924528,0.4285714285714286,0.8062827225130891,0.7207392197125306,0.5333333333333334,0.4222222222222222,0.07894736842105238,0.0,0.6666666666666666
0.6052631578947371,0.25,0.46511627906976727,0.430379746835443,0.2452830188679245,0.9841269841269843,0.8900523560209426,0.6232032854209485,0.28333333333333344,0.39999999999999997,0.3157894736842105,0.0,1.0
0.26315789473684226,0.47727272727272724,0.4186046511627906,0.7341772151898733,0.2641509433962264,0.22222222222222224,0.5130890052356022,0.6067761806981508,0.45000000000000034,0.2444444444444444,0.4473684210526315,0.0,0.6666666666666666
0.4210526315789475,0.15909090909090906,0.2790697674418603,0.25949367088607594,0.4339622641509434,0.5238095238095238,0.7434554973821991,0.5154004106776222,0.6833333333333333,0.37777777777777777,0.39473684210526333,0.0,0.6666666666666666
0.3947368421052634,0.11363636363636359,0.5348837209302324,0.037974683544303806,0.3396226415094339,0.9206349206349208,0.6439790575916231,0.3100616016427138,0.8500000000000003,0.4444444444444445,0.5000000000000002,0.0,1.0
0.21052631578947378,0.02272727272727265,0.3953488372093022,0.6329113924050633,0.18867924528301894,0.6507936507936509,0.4712041884816755,0.6714579055441489,0.3166666666666668,0.1333333333333333,0.05263157894736825,0.0,0.6666666666666666
0.26315789473684226,0.3863636363636364,0.3953488372093022,0.4050632911392405,0.45283018867924535,0.6825396825396826,0.74869109947644,0.3850102669404447,0.5666666666666669,0.2888888888888889,0.5789473684210527,0.0,0.6666666666666666
0.3947368421052634,0.7045454545454546,0.3953488372093022,0.23417721518987344,0.18867924528301894,0.1904761904761905,0.2827225130890053,0.11293634496919847,0.3166666666666668,0.0888888888888888,0.9473684210526319,0.0,0.0
1.0000000000000002,0.4545454545454546,0.3953488372093022,0.012658227848101278,0.018867924528301827,0.1904761904761905,0.24607329842931946,0.2689938398357252,0.25000000000000006,0.15555555555555556,0.5000000000000002,0.0,1.0
0.1578947368421053,0.4090909090909091,0.046511627906976605,0.310126582278481,0.30188679245283023,0.4603174603174604,0.8586387434554975,0.5051334702258665,0.3833333333333336,0.8888888888888888,0.2894736842105263,0.0,1.0
0.13157894736842113,0.5909090909090909,0.5116279069767441,0.3164556962025316,0.169811320754717,0.7142857142857144,0.5287958115183247,0.25872689938398097,0.9666666666666669,0.5777777777777777,0.9473684210526319,0.0,0.0
0.2894736842105264,0.11363636363636359,0.4186046511627906,0.0253164556962025,0.39622641509433965,0.2698412698412699,0.33507853403141374,0.09240246406570995,0.41666666666666696,0.4222222222222222,0.7368421052631579,0.0,0.0
0.6578947368421055,0.15909090909090906,0.6744186046511627,0.0632911392405063,0.6037735849056605,0.25396825396825395,0.586387434554974,0.23408624229979014,0.19999999999999962,0.4444444444444445,0.5263157894736844,0.0,1.0
0.4210526315789475,0.02272727272727265,0.4186046511627906,0.8670886075949367,0.490566037735849,0.380952380952381,0.6439790575916231,0.866529774127313,0.04999999999999971,0.15555555555555556,0.02631578947368418,0.0,0.0
0.5526315789473686,0.22727272727272724,0.9069767441860463,0.5316455696202531,0.4339622641509434,0.7142857142857144,0.6439790575916231,0.6899383983572863,0.3999999999999999,0.6,0.4210526315789474,0.0,0.0
0.13157894736842113,0.22727272727272724,0.46511627906976727,0.0632911392405063,0.15094339622641506,0.36507936507936517,0.3455497382198954,0.28439425051334166,0.7666666666666672,0.8222222222222222,0.5263157894736844,0.0,0.0
0.473684210526316,0.20454545454545456,0.5116279069767441,0.47468354430379744,0.6226415094339623,0.6666666666666667,0.8376963350785342,0.6283367556468207,0.4333333333333333,0.17777777777777778,0.26315789473684226,0.0,0.6666666666666666
0.3157894736842105,0.25,0.9534883720930232,0.4430379746835443,0.41509433962264153,0.8888888888888891,0.8534031413612567,0.6735112936345,0.4833333333333337,0.37777777777777777,0.07894736842105238,0.0,1.0
0.21052631578947378,0.02272727272727265,0.8372093023255813,0.037974683544303806,0.2641509433962264,0.5238095238095238,0.5078534031413614,0.3613963039014352,0.7500000000000001,0.4222222222222222,0.2105263157894735,0.0,0.6666666666666666
0.26315789473684226,0.1363636363636364,0.4186046511627906,0.09493670886075947,0.13207547169811318,0.3015873015873016,0.3036649214659687,0.22587268993839693,0.6333333333333336,0.5111111111111112,0.6842105263157896,0.0,1.0
0.3157894736842105,0.3522727272727273,0.325581395348837,0.037974683544303806,0.2641509433962264,0.380952380952381,0.5968586387434556,0.3655030800821374,0.7000000000000004,0.6444444444444444,0.39473684210526333,0.0,0.0
0.21052631578947378,0.15909090909090906,0.9767441860465116,0.3481012658227848,0.41509433962264153,0.36507936507936517,0.5078534031413614,0.4825462012320268,0.4833333333333337,0.37777777777777777,0.26315789473684226,0.0,0.6666666666666666
0.4210526315789475,0.3409090909090909,0.37209302325581384,0.037974683544303806,0.35849056603773577,0.11111111111111116,0.31937172774869116,0.2895277207392138,0.25000000000000006,0.3111111111111111,0.4210526315789474,0.0,0.6666666666666666
0.473684210526316,0.5227272727272727,0.11627906976744168,0.0632911392405063,0.07547169811320759,0.34920634920634924,0.31937172774869116,0.08418891170430542,0.6166666666666666,0.6,0.9736842105263159,0.0,0.0
0.8421052631578949,0.20454545454545456,0.3488372093023254,0.6518987341772151,0.1132075471698113,0.126984126984127,0.36649214659685875,0.715605749486647,0.2999999999999997,0.17777777777777778,0.5000000000000002,0.0,1.0
0.3947368421052634,0.36363636363636365,0.44186046511627886,0.01898734177215189,0.5283018867924528,0.3015873015873016,0.8534031413612567,0.425051334702252,0.6000000000000002,0.48888888888888893,0.26315789473684226,0.0,0.3333333333333333
0.3157894736842105,0.47727272727272724,0.44186046511627886,0.8481012658227849,0.35849056603773577,0.7777777777777779,0.7905759162303665,0.9876796714579046,0.3999999999999999,0.5777777777777777,0.0,0.0,0.6666666666666666
0.10526315789473678,0.3863636363636364,0.5348837209302324,0.012658227848101278,0.2075471698113207,0.28571428571428575,0.3821989528795813,0.21765913757700384,0.41666666666666696,0.6222222222222222,0.4210526315789474,0.0,0.6666666666666666
0.4210526315789475,0.0,0.9069767441860463,0.310126582278481,0.5283018867924528,0.2698412698412699,0.4816753926701572,0.6078028747433207,0.7166666666666668,0.0888888888888888,0.13157894736842113,0.0,0.6666666666666666
0.3947368421052634,0.5454545454545454,0.3488372093023254,0.5569620253164558,0.28301886792452835,0.36507936507936517,0.8638743455497384,0.7823408624229963,0.5833333333333331,0.6444444444444444,0.07894736842105238,0.0,1.0
0.26315789473684226,0.4318181818181819,0.325581395348837,0.5569620253164558,0.30188679245283023,0.380952380952381,0.43455497382198965,0.6283367556468207,0.6000000000000002,0.33333333333333326,0.3157894736842105,0.0,0.6666666666666666
0.6578947368421055,0.4318181818181819,0.37209302325581384,0.012658227848101278,0.35849056603773577,0.28571428571428575,0.4031413612565446,0.3819301848049237,0.4333333333333333,0.48888888888888893,0.4210526315789474,0.0,0.6666666666666666
0.36842105263157904,0.22727272727272724,0.5581395348837208,0.25949367088607594,0.2452830188679245,0.4126984126984128,0.3821989528795813,0.2689938398357252,0.5166666666666672,0.3111111111111111,0.7631578947368425,0.0,0.6666666666666666
0.34210526315789486,0.4545454545454546,0.4883720930232557,0.9746835443037973,0.490566037735849,0.23809523809523814,0.6282722513089006,0.9096509240246413,0.21666666666666662,0.48888888888888893,0.05263157894736825,0.0,1.0
0.6052631578947371,0.5681818181818182,0.5581395348837208,0.5696202531645569,0.5849056603773586,0.4761904761904763,0.7958115183246075,0.8131416837782292,0.5499999999999998,0.6222222222222222,0.3421052631578946,0.0,1.0
0.21052631578947378,0.5681818181818182,0.325581395348837,0.24050632911392406,0.22641509433962262,0.634920634920635,0.586387434554974,0.23203285420943898,0.5,0.2444444444444444,0.6052631578947367,0.0,0.0
0.05263157894736831,0.31818181818181823,0.3953488372093022,0.18354430379746833,0.3396226415094339,0.7460317460317462,0.6910994764397906,0.2607802874743321,0.7000000000000004,0.26666666666666666,0.4736842105263157,0.0,0.0
0.44736842105263164,0.75,0.325581395348837,0.3164556962025316,0.35849056603773577,0.09523809523809523,0.2670157068062828,0.6283367556468207,0.4666666666666667,0.5333333333333334,0.2105263157894735,0.0,1.0
0.4210526315789475,0.18181818181818182,0.37209302325581384,0.5189873417721518,0.037735849056603765,0.507936507936508,0.5026178010471205,0.28747433264887406,0.21666666666666662,0.04444444444444445,0.9473684210526319,0.0,0.0
0.3157894736842105,0.27272727272727276,0.8372093023255813,0.37341772151898733,0.41509433962264153,0.8571428571428573,0.8219895287958117,0.6632443531827558,0.45000000000000034,0.2888888888888889,0.105263157894737,0.0,1.0
0.473684210526316,0.27272727272727276,0.46511627906976727,0.06962025316455694,0.15094339622641506,0.7142857142857144,0.6910994764397906,0.14579055441478245,0.666666666666667,0.2444444444444444,0.8421052631578949,0.0,0.0
1.0000000000000002,0.31818181818181823,0.9069767441860463,0.6835443037974683,0.3207547169811321,0.380952380952381,0.5811518324607331,0.8747433264887062,0.28333333333333344,0.04444444444444445,0.3157894736842105,0.0,0.3333333333333333
0.6315789473684212,0.31818181818181823,0.2790697674418603,0.0253164556962025,0.5849056603773586,0.3015873015873016,0.5445026178010473,0.5051334702258665,0.5833333333333331,0.3555555555555555,0.15789473684210523,0.0,1.0
0.2894736842105264,0.31818181818181823,0.5581395348837208,0.5632911392405062,0.2452830188679245,0.39682539682539686,0.5602094240837697,0.6078028747433207,0.2999999999999997,0.26666666666666666,0.23684210526315808,0.0,1.0
0.10526315789473678,0.625,0.06976744186046496,0.0253164556962025,0.28301886792452835,0.09523809523809523,0.198952879581152,0.27926078028746953,0.6000000000000002,0.4444444444444445,0.4210526315789474,0.0,1.0
0.2894736842105264,0.27272727272727276,0.5116279069767441,0.3575949367088608,0.6415094339622641,0.4603174603174604,0.40837696335078544,0.3141683778234047,0.41666666666666696,0.22222222222222218,0.5789473684210527,0.0,1.0
0.3157894736842105,0.06818181818181823,0.5813953488372091,0.10126582278481011,0.09433962264150936,0.4444444444444445,0.2722513089005237,0.20328542094455732,0.4833333333333337,0.8888888888888888,0.6315789473684214,0.0,0.6666666666666666
0.07894736842105271,0.25,0.5116279069767441,0.7088607594936708,0.30188679245283023,0.6031746031746033,0.5287958115183247,0.5913757700205344,0.5,0.46666666666666673,0.39473684210526333,0.0,0.0
0.473684210526316,0.20454545454545456,0.5116279069767441,0.47468354430379744,0.6226415094339623,0.6666666666666667,0.8376963350785342,0.6283367556468207,0.4333333333333333,0.17777777777777778,0.26315789473684226,0.0,0.6666666666666666
0.2368421052631579,0.20454545454545456,0.5348837209302324,0.03164556962025317,0.2075471698113207,0.15873015873015875,0.4136125654450263,0.15605749486652676,0.6499999999999999,0.22222222222222218,0.6052631578947367,0.0,0.6666666666666666
0.21052631578947378,0.22727272727272724,0.3953488372093022,1.0,0.28301886792452835,0.6825396825396826,0.5392670157068064,0.7628336755646775,0.5,0.1333333333333333,0.4210526315789474,0.0,0.6666666666666666
0.5000000000000001,0.06818181818181823,0.6046511627906975,0.4556962025316455,0.05660377358490565,0.6190476190476192,0.44502617801047134,0.33264887063655346,0.3500000000000002,0.19999999999999993,0.9210526315789476,0.0,0.6666666666666666
0.3157894736842105,0.3295454545454545,0.9069767441860463,0.6582278481012658,0.18867924528301894,0.8253968253968255,0.5811518324607331,0.804928131416836,0.25000000000000006,0.48888888888888893,0.0,0.0,0.6666666666666666
0.34210526315789486,0.5909090909090909,0.2790697674418603,0.4936708860759494,0.5094339622641509,0.3015873015873016,0.45549738219895297,0.6447638603696069,0.4833333333333337,0.2888888888888889,0.13157894736842113,0.0,1.0
0.36842105263157904,0.20454545454545456,0.46511627906976727,0.3765822784810126,0.35849056603773577,0.5873015873015874,0.8010471204188483,0.5256673511293665,0.5333333333333334,0.5333333333333334,0.4473684210526315,0.0,0.6666666666666666
0.36842105263157904,0.15909090909090906,0.4883720930232557,0.120253164556962,0.39622641509433965,0.5555555555555557,0.4973821989528797,0.18685831622175958,0.233333333333333,0.7333333333333334,0.5263157894736844,0.0,0.0
0.2894736842105264,0.31818181818181823,0.5348837209302324,0.9303797468354429,0.5283018867924528,0.7301587301587302,0.8586387434554975,0.8542094455852176,0.4833333333333337,0.4222222222222222,0.2105263157894735,0.0,0.6666666666666666
0.18421052631578938,0.31818181818181823,0.46511627906976727,0.42721518987341767,0.1132075471698113,0.4444444444444445,0.5916230366492148,0.35728952772073286,0.4833333333333337,0.3111111111111111,0.5526315789473686,0.0,0.6666666666666666
0.26315789473684226,0.36363636363636365,0.5348837209302324,0.26582278481012656,0.47169811320754723,0.39682539682539686,0.5811518324607331,0.3655030800821374,0.5499999999999998,0.5777777777777777,0.5789473684210527,0.0,1.0
0.3947368421052634,0.31818181818181823,0.46511627906976727,0.4620253164556962,0.018867924528301827,0.507936507936508,0.45549738219895297,0.19609856262833403,0.10000000000000014,0.1333333333333333,0.8947368421052635,0.0,0.0
0.4210526315789475,0.6818181818181819,0.325581395348837,0.7025316455696202,0.5849056603773586,1.0,0.9633507853403143,0.7905544147843894,0.19999999999999962,0.39999999999999997,0.15789473684210523,0.0,1.0
0.4210526315789475,0.22727272727272724,0.5581395348837208,0.0253164556962025,0.1132075471698113,0.34920634920634924,0.42408376963350797,0.05338809034907255,0.21666666666666662,0.15555555555555556,0.7894736842105265,0.0,0.6666666666666666
0.3947368421052634,0.36363636363636365,0.6046511627906975,0.22151898734177214,0.5471698113207547,0.4126984126984128,0.9267015706806284,0.5800821355236089,0.7833333333333334,0.5555555555555555,0.39473684210526333,0.0,0.3333333333333333
0.5263157894736845,0.2954545454545455,0.9069767441860463,0.006329113924050611,0.22641509433962262,0.4444444444444445,0.6806282722513091,0.25872689938398097,0.36666666666666653,0.48888888888888893,0.5789473684210527,0.0,0.6666666666666666
0.18421052631578938,0.36363636363636365,0.46511627906976727,0.06962025316455694,0.1132075471698113,0.7142857142857144,0.7172774869109949,0.002053388090351216,0.7666666666666672,0.2444444444444444,1.0,0.0,0.0
0.6578947368421055,0.15909090909090906,0.6744186046511627,0.0632911392405063,0.6037735849056605,0.25396825396825395,0.586387434554974,0.23408624229979014,0.19999999999999962,0.4444444444444445,0.5263157894736844,0.0,1.0
0.3157894736842105,0.25,0.4883720930232557,0.7215189873417721,0.6415094339622641,0.7460317460317462,0.81151832460733,0.9158110882956834,0.9666666666666669,0.33333333333333326,0.23684210526315808,0.0,0.6666666666666666
0.6842105263157897,0.3409090909090909,0.44186046511627886,0.7721518987341771,0.39622641509433965,0.33333333333333337,0.45549738219895297,0.905544147843939,0.5333333333333334,0.1111111111111111,0.2105263157894735,0.0,0.6666666666666666
0.18421052631578938,0.6818181818181819,0.4186046511627906,0.20569620253164556,0.13207547169811318,0.6031746031746033,0.5549738219895289,0.21765913757700384,0.5499999999999998,0.33333333333333326,0.6315789473684214,0.0,0.0
0.6315789473684212,0.5681818181818182,0.37209302325581384,0.5632911392405062,0.6415094339622641,0.4444444444444445,0.81151832460733,0.6180698151950763,0.18333333333333324,0.22222222222222218,0.5263157894736844,0.0,0.6666666666666666
0.26315789473684226,0.02272727272727265,0.6046511627906975,0.05063291139240503,0.169811320754717,0.6031746031746033,0.649214659685864,0.27926078028746953,0.8166666666666669,0.8222222222222222,0.5526315789473686,0.0,0.0
0.34210526315789486,0.22727272727272724,0.37209302325581384,0.27848101265822783,0.09433962264150936,0.15873015873015875,0.35602094240837706,0.09958932238193324,0.36666666666666653,0.1333333333333333,1.0,0.0,0.6666666666666666
0.9210526315789478,0.4545454545454546,0.5581395348837208,0.037974683544303806,0.5849056603773586,0.126984126984127,0.7853403141361257,0.5256673511293665,0.3500000000000002,0.33333333333333326,0.2105263157894735,0.0,1.0
0.26315789473684226,0.04545454545454547,0.3488372093023254,0.0253164556962025,0.6037735849056605,0.25396825396825395,0.518324607329843,0.14681724845995237,0.5,0.26666666666666666,0.5789473684210527,0.0,0.0
0.34210526315789486,0.5227272727272727,0.3488372093023254,0.09493670886075947,0.05660377358490565,0.3015873015873016,0.3036649214659687,0.14579055441478245,0.3500000000000002,0.0888888888888888,0.7368421052631579,0.0,0.6666666666666666
0.10526315789473678,0.22727272727272724,0.7906976744186045,0.15822784810126578,0.07547169811320759,0.0,0.43455497382198965,0.18685831622175958,1.0,0.2444444444444444,0.7368421052631579,0.0,0.3333333333333333
0.34210526315789486,0.36363636363636365,0.9302325581395348,0.7025316455696202,0.37735849056603776,0.5238095238095238,0.5287958115183247,0.8131416837782292,0.18333333333333324,0.46666666666666673,0.0,0.0,0.6666666666666666
0.6052631578947371,0.36363636363636365,0.7441860465116277,0.841772151898734,0.37735849056603776,0.634920634920635,0.9790575916230367,0.9876796714579046,0.41666666666666696,0.6888888888888889,0.07894736842105238,0.0,1.0
0.13157894736842113,0.3409090909090909,0.1395348837209301,0.43670886075949367,0.35849056603773577,0.6825396825396826,0.8952879581151834,0.579055441478439,0.4666666666666667,0.0888888888888888,0.13157894736842113,0.0,1.0
0.5263157894736845,0.2954545454545455,0.8837209302325579,0.006329113924050611,0.41509433962264153,0.1904761904761905,0.5549738219895289,0.1971252566735039,0.4333333333333333,0.37777777777777777,0.7105263157894737,0.0,0.6666666666666666
0.3947368421052634,0.5909090909090909,0.1627906976744185,0.7531645569620252,0.15094339622641506,0.8571428571428573,0.8376963350785342,0.8275154004106756,0.25000000000000006,0.37777777777777777,0.13157894736842113,0.0,1.0
0.5526315789473686,0.31818181818181823,0.5581395348837208,0.20253164556962028,0.05660377358490565,0.49206349206349215,0.4712041884816755,0.15605749486652676,0.10000000000000014,0.19999999999999993,0.8947368421052635,0.0,0.0
0.2368421052631579,0.11363636363636359,0.44186046511627886,0.28481012658227844,0.3207547169811321,0.6190476190476192,0.8534031413612567,0.3655030800821374,0.4333333333333333,0.33333333333333326,0.3684210526315792,0.0,0.6666666666666666
0.18421052631578938,0.5,0.1395348837209301,0.34177215189873417,0.22641509433962262,0.49206349206349215,0.9005235602094241,0.5051334702258665,0.3999999999999999,0.6666666666666666,0.26315789473684226,0.0,0.6666666666666666
0.3157894736842105,0.27272727272727276,0.325581395348837,0.3924050632911392,0.2452830188679245,0.36507936507936517,0.5811518324607331,0.5872689938398321,0.7000000000000004,0.6222222222222222,0.39473684210526333,0.0,0.6666666666666666
0.3947368421052634,0.4318181818181819,0.4186046511627906,0.01898734177215189,0.490566037735849,0.507936507936508,0.842931937172775,0.3305954825462023,0.5666666666666669,0.6222222222222222,0.3684210526315792,0.0,1.0
0.3157894736842105,0.25,0.46511627906976727,0.8481012658227849,0.5094339622641509,0.5555555555555557,0.8219895287958117,0.8747433264887062,0.1499999999999999,0.39999999999999997,0.05263157894736825,0.0,0.6666666666666666
0.44736842105263164,0.06818181818181823,0.4883720930232557,0.037974683544303806,0.22641509433962262,0.15873015873015875,0.4031413612565446,0.15605749486652676,0.3500000000000002,0.39999999999999997,0.8157894736842106,0.0,0.6666666666666666
0.13157894736842113,0.6818181818181819,0.6046511627906975,0.09493670886075947,0.09433962264150936,0.11111111111111116,0.24607329842931946,0.25975359342915083,0.4833333333333337,0.3555555555555555,0.5000000000000002,0.0,0.6666666666666666
0.1578947368421053,0.06818181818181823,0.5348837209302324,0.3164556962025316,0.2075471698113207,0.39682539682539686,0.44502617801047134,0.425051334702252,0.6499999999999999,0.5777777777777777,0.32894736842105277,0.0,0.0
0.473684210526316,0.15909090909090906,0.44186046511627886,0.1329113924050633,0.35849056603773577,0.5396825396825398,0.5026178010471205,0.2002053388090363,0.11666666666666653,0.6222222222222222,0.6315789473684214,0.0,0.6666666666666666
0.5000000000000001,0.7954545454545454,0.5116279069767441,0.26582278481012656,0.3396226415094339,0.20634920634920637,0.40837696335078544,0.5872689938398321,0.5166666666666672,0.2888888888888889,0.4736842105263157,0.0,0.3333333333333333
0.36842105263157904,0.31818181818181823,0.44186046511627886,0.6898734177215191,0.5094339622641509,0.7301587301587302,0.6439790575916231,0.6119096509240229,0.1499999999999999,0.5777777777777777,0.39473684210526333,0.0,0.6666666666666666
0.736842105263158,0.18181818181818182,0.6046511627906975,0.36708860759493667,0.169811320754717,0.11111111111111116,0.33507853403141374,0.5051334702258665,0.1333333333333328,0.1333333333333333,0.4210526315789474,0.0,0.0
0.1578947368421053,0.31818181818181823,0.2790697674418603,0.7056962025316456,0.4339622641509434,0.5873015873015874,0.7172774869109949,0.6386036960985649,0.45000000000000034,0.3111111111111111,0.3157894736842105,0.0,1.0
0.44736842105263164,0.31818181818181823,0.4186046511627906,0.47468354430379744,0.09433962264150936,0.3174603174603175,0.8638743455497384,0.40041067761807253,0.3833333333333336,0.3111111111111111,0.868421052631579,0.0,0.0
0.7631578947368425,0.1363636363636364,0.9069767441860463,0.04430379746835442,0.28301886792452835,0.4603174603174604,0.74869109947644,0.4435318275154008,0.19999999999999962,0.1111111111111111,0.3157894736842105,0.0,1.0
0.473684210526316,0.15909090909090906,0.4186046511627906,0.10759493670886075,0.15094339622641506,0.5238095238095238,0.35602094240837706,0.130390143737166,0.10000000000000014,0.2444444444444444,0.7631578947368425,0.0,0.0
0.3947368421052634,0.4090909090909091,0.37209302325581384,0.0822784810126582,0.09433962264150936,0.09523809523809523,0.4031413612565446,0.16221765913758018,0.21666666666666662,0.22222222222222218,0.5789473684210527,0.0,0.6666666666666666
0.18421052631578938,0.06818181818181823,0.44186046511627886,0.006329113924050611,0.30188679245283023,0.4285714285714286,0.3455497382198954,0.0903490759753588,0.5499999999999998,0.5555555555555555,0.6052631578947367,0.0,0.6666666666666666
0.44736842105263164,0.04545454545454547,0.6046511627906975,0.6139240506329113,0.35849056603773577,0.23809523809523814,0.33507853403141374,0.6591375770020534,0.3833333333333336,0.26666666666666666,0.5263157894736844,0.0,0.0
0.3157894736842105,0.6477272727272727,0.3488372093023254,0.08544303797468356,0.169811320754717,0.28571428571428575,0.31937172774869116,0.13757700205338935,0.19999999999999962,0.19999999999999993,0.6578947368421055,0.0,0.6666666666666666
0.2763157894736843,0.0,0.7441860465116277,0.012658227848101278,0.47169811320754723,0.7301587301587302,0.5392670157068064,0.17248459958932444,0.5666666666666669,0.8222222222222222,0.5789473684210527,0.0,0.0
0.34210526315789486,0.04545454545454547,0.6279069767441858,0.01898734177215189,0.2075471698113207,0.634920634920635,0.518324607329843,0.0164271047227863,0.4333333333333333,0.4222222222222222,0.9210526315789476,0.0,0.0
0.2368421052631579,0.2954545454545455,0.8372093023255813,0.6392405063291138,0.5283018867924528,0.6190476190476192,0.7905759162303665,0.7628336755646775,0.41666666666666696,0.7777777777777779,0.13157894736842113,0.0,1.0
0.26315789473684226,0.04545454545454547,0.2790697674418603,0.0253164556962025,0.28301886792452835,0.5714285714285715,0.6439790575916231,0.392197125256668,0.933333333333334,0.5777777777777777,0.2894736842105263,0.0,0.6666666666666666
0.4210526315789475,0.4545454545454546,0.0,0.15822784810126578,0.35849056603773577,0.1904761904761905,0.1937172774869111,0.4332648870636565,0.1333333333333328,0.15555555555555556,0.07894736842105238,0.0,1.0
0.6842105263157897,0.4545454545454546,0.9069767441860463,0.5063291139240506,0.15094339622641506,0.5396825396825398,0.8062827225130891,0.42299794661191226,0.33333333333333315,0.1333333333333333,0.8947368421052635,0.0,0.0
0.36842105263157904,0.09090909090909088,0.46511627906976727,0.7468354430379747,0.6981132075471699,0.22222222222222224,0.7591623036649215,0.8829568788500993,0.11666666666666653,0.4444444444444445,0.02631578947368418,0.0,0.0
0.6578947368421055,0.6818181818181819,0.6279069767441858,0.30696202531645567,0.15094339622641506,0.34920634920634924,0.3507853403141362,0.25872689938398097,0.3833333333333336,0.48888888888888893,0.9736842105263159,0.0,0.0
0.2894736842105264,0.25,0.9302325581395348,0.41772151898734167,0.41509433962264153,0.7777777777777779,0.8272251308900525,0.6406570841889161,0.3999999999999999,0.2888888888888889,0.07894736842105238,0.0,1.0
0.3157894736842105,0.15909090909090906,0.6511627906976742,0.07594936708860758,0.018867924528301827,0.5555555555555557,0.40837696335078544,0.1971252566735039,0.5333333333333334,0.17777777777777778,0.5789473684210527,0.0,0.0
0.3157894736842105,0.22727272727272724,0.3953488372093022,0.9367088607594938,0.18867924528301894,0.6507936507936509,0.8481675392670158,0.8952772073921947,0.5166666666666672,0.4222222222222222,0.07894736842105238,0.0,1.0
0.4210526315789475,0.27272727272727276,0.37209302325581384,0.620253164556962,0.2641509433962264,0.507936507936508,0.8272251308900525,0.861396303901441,0.9000000000000007,0.5777777777777777,0.3684210526315792,0.0,0.0
0.473684210526316,0.15909090909090906,0.4883720930232557,0.60126582278481,0.18867924528301894,0.49206349206349215,0.5026178010471205,0.5441478439425038,0.3166666666666668,0.17777777777777778,0.4473684210526315,0.0,0.6666666666666666
0.5789473684210528,0.04545454545454547,0.7906976744186045,0.0253164556962025,0.3396226415094339,0.3174603174603175,0.43455497382198965,0.3819301848049237,0.2999999999999997,0.9555555555555555,0.3684210526315792,0.0,0.6666666666666666
0.34210526315789486,0.31818181818181823,0.09302325581395338,0.0253164556962025,0.3396226415094339,0.9365079365079366,0.6963350785340315,0.25872689938398097,0.3999999999999999,0.15555555555555556,0.2894736842105263,0.0,1.0
0.7894736842105267,0.04545454545454547,0.5348837209302324,0.03164556962025317,0.15094339622641506,0.17460317460317462,0.3769633507853404,0.4640657084188894,0.3500000000000002,0.22222222222222218,0.2105263157894735,0.0,0.6666666666666666
0.10526315789473678,0.3409090909090909,0.5348837209302324,0.1708860759493671,0.07547169811320759,0.39682539682539686,0.32460732984293206,0.0472279260780305,0.5333333333333334,0.22222222222222218,0.8947368421052635,0.0,0.6666666666666666
0.5000000000000001,0.27272727272727276,0.46511627906976727,0.5253164556962026,0.47169811320754723,0.4761904761904763,0.6701570680628274,0.649897330595479,0.4666666666666667,0.39999999999999997,0.39473684210526333,0.0,0.6666666666666666
0.05263157894736831,0.09090909090909088,0.44186046511627886,0.0822784810126582,0.28301886792452835,0.0,0.10994764397905771,0.1827515400410687,0.233333333333333,0.2888888888888889,0.3157894736842105,0.0,0.3333333333333333
0.2894736842105264,0.5681818181818182,0.5813953488372091,0.037974683544303806,0.45283018867924535,0.07936507936507936,0.7225130890052358,0.5831622176591412,0.7000000000000004,0.4222222222222222,0.2105263157894735,0.0,1.0
0.4210526315789475,0.4090909090909091,0.5813953488372091,0.03164556962025317,0.2641509433962264,0.3015873015873016,0.518324607329843,0.2381930184804924,0.3999999999999999,0.7111111111111111,0.868421052631579,0.0,0.6666666666666666
0.473684210526316,0.5909090909090909,0.9069767441860463,0.006329113924050611,0.4339622641509434,0.09523809523809523,0.586387434554974,0.35112936344969087,0.1333333333333328,0.22222222222222218,0.105263157894737,0.0,1.0
0.26315789473684226,0.20454545454545456,0.5813953488372091,0.5886075949367088,0.3207547169811321,0.7777777777777779,0.5968586387434556,0.7412731006160191,0.5,0.33333333333333326,0.07894736842105238,0.0,1.0
0.6842105263157897,0.11363636363636359,0.46511627906976727,0.0632911392405063,0.5283018867924528,0.6825396825396826,0.5968586387434556,0.4640657084188894,0.41666666666666696,0.37777777777777777,0.18421052631578938,0.0,0.6666666666666666
0.5000000000000001,0.27272727272727276,0.4883720930232557,0.037974683544303806,0.28301886792452835,0.5396825396825398,0.7696335078534033,0.2381930184804924,0.4333333333333333,0.4222222222222222,0.6578947368421055,0.0,0.6666666666666666
0.5526315789473686,0.11363636363636359,0.9069767441860463,0.037974683544303806,0.41509433962264153,0.5873015873015874,0.5968586387434556,0.3819301848049237,0.7833333333333334,0.33333333333333326,0.4736842105263157,0.0,0.6666666666666666
0.736842105263158,0.5909090909090909,0.8837209302325579,0.8037974683544304,0.3207547169811321,0.8571428571428573,0.74869109947644,0.9363449691991832,0.28333333333333344,0.4444444444444445,0.13157894736842113,0.0,1.0
0.26315789473684226,0.3409090909090909,0.2558139534883719,0.5474683544303797,0.30188679245283023,0.49206349206349215,0.48691099476439803,0.39630390143737027,0.10000000000000014,0.04444444444444445,0.5350877184210527,0.0,0.6666666666666666
0.5789473684210528,0.4545454545454546,0.6744186046511627,0.41772151898734167,0.28301886792452835,0.634920634920635,0.9895287958115186,0.7207392197125306,0.2999999999999997,0.46666666666666673,0.07894736842105238,0.0,0.6666666666666666
0.473684210526316,0.31818181818181823,0.6511627906976742,0.0632911392405063,0.5094339622641509,0.28571428571428575,0.6806282722513091,0.17659137577001532,0.33333333333333315,0.4444444444444445,0.5789473684210527,0.0,1.0
0.5526315789473686,0.47727272727272724,0.4186046511627906,0.5443037974683544,0.490566037735849,0.33333333333333337,0.6858638743455499,0.7618069815195077,0.3166666666666668,0.46666666666666673,0.07894736842105238,0.0,0.6666666666666666
0.5789473684210528,0.8636363636363638,0.9069767441860463,0.8227848101265822,0.169811320754717,0.507936507936508,0.6806282722513091,0.6488706365503092,0.3500000000000002,0.1333333333333333,0.7631578947368425,0.0,0.0
0.2894736842105264,0.8636363636363638,0.1627906976744185,0.0253164556962025,0.41509433962264153,0.0,0.0,0.3819301848049237,0.5499999999999998,0.0,0.2894736842105263,0.0,0.3333333333333333
0.5000000000000001,0.25,0.3953488372093022,0.17721518987341772,0.41509433962264153,0.17460317460317462,0.2774869109947645,0.23100616016426911,0.233333333333333,0.3111111111111111,0.6315789473684214,0.0,0.6666666666666666
0.2368421052631579,0.4318181818181819,0.3953488372093022,0.012658227848101278,0.39622641509433965,0.4603174603174604,0.7801047120418849,0.40246406570841226,0.7333333333333338,0.48888888888888893,0.13157894736842113,0.0,0.6666666666666666
0.5263157894736845,0.1363636363636364,0.4883720930232557,0.037974683544303806,0.2452830188679245,0.4603174603174604,0.4712041884816755,0.17659137577001532,0.5333333333333334,0.15555555555555556,0.8157894736842106,0.0,0.0
0.6578947368421055,0.46590909090909083,0.9534883720930232,0.9050632911392404,0.41509433962264153,0.7777777777777779,0.7591623036649215,0.9466119096509276,0.2666666666666664,0.4222222222222222,0.05263157894736825,0.0,1.0
0.34210526315789486,0.3863636363636364,0.5581395348837208,0.36708860759493667,0.6415094339622641,0.7301587301587302,0.9895287958115186,0.6057494866529809,0.666666666666667,0.5333333333333334,0.3684210526315792,0.0,1.0
0.2368421052631579,0.1363636363636364,0.20930232558139522,0.7151898734177216,0.4339622641509434,0.7777777777777779,0.6230366492146598,0.739219712525668,0.3833333333333336,0.22222222222222218,0.105263157894737,0.0,0.6666666666666666
0.6052631578947371,0.31818181818181823,0.5348837209302324,0.36075949367088606,0.22641509433962262,0.4285714285714286,0.6753926701570682,0.5770020533880879,0.7666666666666672,0.6666666666666666,0.4736842105263157,0.0,0.0
0.07894736842105271,0.2840909090909091,0.4186046511627906,0.37341772151898733,0.2075471698113207,0.6507936507936509,0.649214659685864,0.3603696098562653,0.7166666666666668,0.26666666666666666,0.5000000000000002,0.0,0.0
0.5789473684210528,0.2954545454545455,0.325581395348837,0.17721518987341772,0.6226415094339623,0.22222222222222224,0.46596858638743466,0.6488706365503092,0.36666666666666653,0.2888888888888889,0.0,0.0,1.0
0.1578947368421053,0.3409090909090909,0.3953488372093022,0.0822784810126582,0.35849056603773577,0.23809523809523814,0.47643979057591634,0.002053388090351216,0.6333333333333336,0.19999999999999993,1.0,0.0,0.0
0.6842105263157897,0.36363636363636365,0.6046511627906975,0.6329113924050633,0.169811320754717,0.047619047619047616,0.23036649214659694,0.41683778234085883,0.19999999999999962,0.19999999999999993,0.868421052631579,0.0,0.6666666666666666
0.7105263157894738,0.1363636363636364,0.6046511627906975,0.5506329113924049,0.35849056603773577,0.9206349206349208,0.712041884816754,0.772073921971252,0.28333333333333344,0.3111111111111111,0.2894736842105263,0.0,0.6666666666666666
0.473684210526316,0.22727272727272724,0.20930232558139522,0.42405063291139233,0.37735849056603776,0.7619047619047621,0.7853403141361257,0.6488706365503092,0.3999999999999999,0.1333333333333333,0.15789473684210523,0.0,1.0
0.18421052631578938,0.7272727272727273,0.5116279069767441,0.3291139240506329,0.5283018867924528,0.07936507936507936,0.35602094240837706,0.6047227926077997,0.7000000000000004,0.33333333333333326,0.3157894736842105,0.0,1.0
0.4210526315789475,0.47727272727272724,0.46511627906976727,0.3481012658227848,0.05660377358490565,0.34920634920634924,0.31937172774869116,0.42299794661191226,0.7833333333333334,0.22222222222222218,0.6578947368421055,0.0,0.0
0.1578947368421053,0.22727272727272724,0.5581395348837208,0.0,0.2075471698113207,0.7460317460317462,0.8272251308900525,0.15297741273100574,0.8500000000000003,0.26666666666666666,0.6710526315789473,0.0,0.6666666666666666
0.26315789473684226,0.04545454545454547,0.4883720930232557,0.27215189873417717,0.3396226415094339,0.5873015873015874,0.6858638743455499,0.5205338809034943,0.7000000000000004,0.33333333333333326,0.4210526315789474,0.0,1.0
0.6842105263157897,0.5227272727272727,0.5116279069767441,0.037974683544303806,0.28301886792452835,0.4285714285714286,0.7329842931937174,0.25872689938398097,0.11666666666666653,0.5111111111111112,0.6315789473684214,0.0,0.0
0.07894736842105271,0.6818181818181819,0.06976744186046496,0.37974683544303794,0.0,0.36507936507936517,0.7696335078534033,0.18685831622175958,0.666666666666667,0.3555555555555555,0.9473684210526319,0.0,0.6666666666666666
0.6578947368421055,0.18181818181818182,0.9069767441860463,0.17721518987341772,0.3207547169811321,0.33333333333333337,0.4136125654450263,0.3613963039014352,0.28333333333333344,0.15555555555555556,0.4210526315789474,0.0,1.0
0.4210526315789475,0.4545454545454546,0.37209302325581384,0.5886075949367088,0.30188679245283023,0.7301587301587302,0.7329842931937174,0.4455852156057519,0.25000000000000006,0.0666666666666666,0.7105263157894737,0.0,0.6666666666666666
0.5526315789473686,0.6363636363636364,0.8139534883720929,0.5126582278481012,0.07547169811320759,0.23809523809523814,0.518324607329843,0.6694045174537977,0.3166666666666668,0.0888888888888888,0.3157894736842105,0.0,0.6666666666666666
0.473684210526316,0.11363636363636359,0.3953488372093022,0.6455696202531644,0.679245283018868,0.6507936507936509,0.6439790575916231,0.8459958932238245,0.10000000000000014,0.6,0.105263157894737,0.0,0.6666666666666666
0.473684210526316,0.4318181818181819,0.2790697674418603,0.22151898734177214,0.1132075471698113,0.07936507936507936,0.24607329842931946,0.13141683778233593,0.06666666666666671,0.4444444444444445,0.868421052631579,0.0,0.0
0.5000000000000001,0.15909090909090906,0.2558139534883719,0.037974683544303806,0.39622641509433965,0.4761904761904763,0.5602094240837697,0.5318275154004084,0.7500000000000001,0.3111111111111111,0.2894736842105263,0.0,0.6666666666666666
0.5789473684210528,0.31818181818181823,0.1627906976744185,0.037974683544303806,0.39622641509433965,0.36507936507936517,0.47643979057591634,0.34907597535933976,0.25000000000000006,0.2444444444444444,0.2894736842105263,0.0,1.0
0.6315789473684212,0.36363636363636365,0.6279069767441858,0.01898734177215189,0.490566037735849,0.17460317460317462,0.36649214659685875,0.47433264887063364,0.6499999999999999,0.6666666666666666,0.2894736842105263,0.0,1.0
0.3157894736842105,0.22727272727272724,0.4186046511627906,0.05063291139240503,0.05660377358490565,0.5396825396825398,0.5549738219895289,0.2402464065708435,0.6833333333333333,0.3111111111111111,0.6578947368421055,0.0,1.0
0.5000000000000001,0.22727272727272724,0.5581395348837208,0.9113924050632911,0.47169811320754723,0.5238095238095238,0.7748691099476441,0.905544147843939,0.16666666666666619,0.22222222222222218,0.02631578947368418,0.0,0.6666666666666666
0.44736842105263164,0.02272727272727265,0.5581395348837208,0.0,0.15094339622641506,0.34920634920634924,0.24607329842931946,0.0266940451745305,0.5166666666666672,0.19999999999999993,0.868421052631579,0.0,0.6666666666666666
0.21052631578947378,0.1363636363636364,0.5116279069767441,0.11392405063291136,0.47169811320754723,0.1904761904761905,0.5235602094240839,0.42299794661191226,0.41666666666666696,0.5111111111111112,0.13157894736842113,0.0,0.6666666666666666
0.6315789473684212,0.31818181818181823,0.5116279069767441,0.5063291139240506,0.2075471698113207,0.4603174603174604,0.46596858638743466,0.5872689938398321,0.3999999999999999,0.15555555555555556,0.3684210526315792,0.0,0.0
0.26315789473684226,0.6136363636363636,0.325581395348837,0.8227848101265822,0.4339622641509434,0.3015873015873016,0.45549738219895297,0.8952772073921947,0.8500000000000003,0.46666666666666673,0.23684210526315808,0.0,0.6666666666666666
0.2368421052631579,0.3863636363636364,0.5581395348837208,0.07594936708860758,0.37735849056603776,0.23809523809523814,0.2670157068062828,0.3305954825462023,0.6166666666666666,0.2444444444444444,0.3421052631578946,0.0,1.0
0.5263157894736845,0.4318181818181819,0.37209302325581384,0.9240506329113922,0.45283018867924535,0.9841269841269843,0.9633507853403143,0.9845995893223837,0.21666666666666662,0.8,0.15789473684210523,0.0,1.0
0.21052631578947378,0.3863636363636364,0.37209302325581384,0.24050632911392406,0.22641509433962262,0.49206349206349215,0.6387434554973823,0.3408624229979466,0.4666666666666667,0.19999999999999993,0.39473684210526333,0.0,0.6666666666666666
0.2368421052631579,0.09090909090909088,0.325581395348837,0.15189873417721517,0.5283018867924528,0.23809523809523814,0.48691099476439803,0.43634496919917753,0.2999999999999997,0.4444444444444445,0.07894736842105238,0.0,0.6666666666666666
0.26315789473684226,0.4090909090909091,0.4883720930232557,0.05696202531645567,0.22641509433962262,0.4603174603174604,0.5235602094240839,0.05338809034907255,0.21666666666666662,0.2888888888888889,0.7631578947368425,0.0,0.6666666666666666
0.5526315789473686,0.3409090909090909,0.4883720930232557,0.5031645569620252,0.5660377358490566,0.23809523809523814,0.6544502617801048,0.7515400410677634,0.25000000000000006,0.48888888888888893,0.105263157894737,0.0,1.0
0.3947368421052634,0.7954545454545454,0.325581395348837,0.012658227848101278,0.45283018867924535,0.126984126984127,0.518324607329843,0.3819301848049237,0.3999999999999999,0.4222222222222222,0.13157894736842113,0.0,1.0
0.7105263157894738,0.4318181818181819,0.2790697674418603,0.26582278481012656,0.41509433962264153,0.3015873015873016,0.6544502617801048,0.5944558521560553,0.4833333333333337,0.33333333333333326,0.3684210526315792,0.0,1.0
0.5263157894736845,0.11363636363636359,0.46511627906976727,0.7468354430379747,0.5283018867924528,0.6904761904761906,0.9738219895287958,0.9363449691991832,0.3500000000000002,0.37777777777777777,0.05263157894736825,0.0,0.0
0.26315789473684226,0.1363636363636364,0.11627906976744168,0.3544303797468354,0.39622641509433965,0.33333333333333337,0.45549738219895297,0.47227926078028254,0.10000000000000014,0.5777777777777777,0.26315789473684226,0.0,0.6666666666666666
0.2894736842105264,0.3409090909090909,0.4883720930232557,0.04430379746835442,0.18867924528301894,0.3015873015873016,0.2774869109947645,0.1078028747433264,0.5666666666666669,0.8222222222222222,0.6578947368421055,0.0,0.0
0.21052631578947378,0.31818181818181823,0.9534883720930232,0.43670886075949367,0.5849056603773586,0.6984126984126985,0.9424083769633509,0.6283367556468207,0.41666666666666696,0.4444444444444445,0.13157894736842113,0.0,1.0
0.2894736842105264,0.18181818181818182,0.8139534883720929,0.4430379746835443,0.5283018867924528,0.7460317460317462,0.8900523560209426,0.6591375770020534,0.5,0.3555555555555555,0.05263157894736825,0.0,0.6666666666666666
0.5000000000000001,0.1363636363636364,0.37209302325581384,0.037974683544303806,0.28301886792452835,0.49206349206349215,0.5078534031413614,0.2977412731006183,0.6833333333333333,0.26666666666666666,0.5000000000000002,0.0,0.6666666666666666
0.473684210526316,0.22727272727272724,0.6046511627906975,0.0632911392405063,0.07547169811320759,0.25396825396825395,0.1937172774869111,0.13141683778233593,0.33333333333333315,0.6888888888888889,0.9473684210526319,0.0,0.6666666666666666
0.10526315789473678,0.36363636363636365,0.046511627906976605,0.037974683544303806,0.2075471698113207,0.8253968253968255,0.7172774869109949,0.2987679671457882,0.7500000000000001,0.6,0.4210526315789474,0.0,0.6666666666666666
0.4210526315789475,0.15909090909090906,0.6279069767441858,0.3924050632911392,0.3207547169811321,0.49206349206349215,0.7382198952879583,0.6488706365503092,0.5499999999999998,0.5333333333333334,0.23684210526315808,0.0,0.6666666666666666
0.26315789473684226,0.31818181818181823,0.1627906976744185,0.4620253164556962,0.3207547169811321,0.8888888888888891,0.8848167539267017,0.6457905544147882,0.4833333333333337,0.3111111111111111,0.13157894736842113,0.0,1.0
0.3157894736842105,0.22727272727272724,0.6511627906976742,0.4430379746835443,0.3207547169811321,0.8095238095238095,0.842931937172775,0.6457905544147882,0.4666666666666667,0.3111111111111111,0.07894736842105238,0.0,1.0
0.3157894736842105,0.22727272727272724,0.5813953488372091,0.42405063291139233,0.1132075471698113,0.49206349206349215,0.5706806282722514,0.4435318275154008,0.4333333333333333,0.1111111111111111,0.4210526315789474,0.0,1.0
0.07894736842105271,0.20454545454545456,0.4186046511627906,0.5474683544303797,0.0,0.33333333333333337,0.4973821989528797,0.3100616016427138,0.5833333333333331,0.1333333333333333,0.6315789473684214,0.0,0.6666666666666666
0.3947368421052634,0.04545454545454547,0.6279069767441858,0.05063291139240503,0.169811320754717,0.49206349206349215,0.3612565445026179,0.004106776180690885,0.0,0.6,0.8157894736842106,0.0,0.6666666666666666
0.473684210526316,0.04545454545454547,0.5813953488372091,0.012658227848101278,0.1132075471698113,0.34920634920634924,0.3036649214659687,0.3408624229979466,0.666666666666667,0.04444444444444445,0.26315789473684226,0.0,1.0
0.26315789473684226,0.2954545454545455,0.9069767441860463,0.39873417721518983,0.39622641509433965,0.7619047619047621,0.9424083769633509,0.6283367556468207,0.5166666666666672,0.2444444444444444,0.07894736842105238,0.0,0.6666666666666666
0.8421052631578949,0.20454545454545456,0.6976744186046511,0.20253164556962028,0.18867924528301894,0.1904761904761905,0.43455497382198965,0.5359342915811107,0.3500000000000002,0.46666666666666673,0.2105263157894735,0.0,1.0
0.1578947368421053,0.4090909090909091,0.5116279069767441,0.24050632911392406,0.30188679245283023,0.5555555555555557,0.8376963350785342,0.2946611909650859,0.4833333333333337,0.48888888888888893,0.5526315789473686,0.0,0.6666666666666666
0.13157894736842113,0.31818181818181823,0.5581395348837208,0.16455696202531644,0.28301886792452835,0.7142857142857144,0.8795811518324609,0.17659137577001532,0.6333333333333336,0.4444444444444445,0.7105263157894737,0.0,0.6666666666666666
0.44736842105263164,0.36363636363636365,0.8372093023255813,0.03164556962025317,0.7735849056603774,0.380952380952381,0.5602094240837697,0.11498973305954968,0.3166666666666668,0.48888888888888893,1.0,0.0,0.6666666666666666
0.3947368421052634,0.5454545454545454,0.44186046511627886,0.8006329113924051,0.4339622641509434,0.7460317460317462,0.8534031413612567,0.8583162217659084,0.11666666666666653,0.6222222222222222,0.15789473684210523,0.0,0.6666666666666666
0.36842105263157904,0.31818181818181823,0.6046511627906975,0.4430379746835443,0.37735849056603776,0.36507936507936517,0.5078534031413614,0.3408624229979466,0.1499999999999999,0.1111111111111111,0.6578947368421055,0.0,0.6666666666666666
0.18421052631578938,0.4545454545454546,0.2558139534883719,0.25316455696202533,0.3207547169811321,0.1904761904761905,0.5602094240837697,0.43634496919917753,0.1499999999999999,0.46666666666666673,0.13157894736842113,0.0,1.0
0.3157894736842105,0.31818181818181823,0.7441860465116277,0.4556962025316455,0.35849056603773577,0.8730158730158731,0.8900523560209426,0.6303901437371604,0.3500000000000002,0.3555555555555555,0.13157894736842113,0.0,1.0
0.26315789473684226,0.31818181818181823,0.44186046511627886,0.037974683544303806,0.5094339622641509,0.4603174603174604,0.5287958115183247,0.35112936344969087,0.9166666666666672,0.5333333333333334,0.4210526315789474,0.0,0.0
0.2894736842105264,0.840909090909091,0.3488372093023254,0.04430379746835442,0.4339622641509434,0.5396825396825398,0.7905759162303665,0.2710472279260764,0.5833333333333331,0.5555555555555555,0.4473684210526315,0.0,1.0
0.10526315789473678,0.02272727272727265,0.4883720930232557,0.310126582278481,0.2075471698113207,0.031746031746031744,0.24607329842931946,0.2094455852155993,0.45000000000000034,0.2444444444444444,0.7894736842105265,0.0,0.6666666666666666
0.2894736842105264,0.36363636363636365,0.44186046511627886,0.07911392405063292,0.22641509433962262,0.047619047619047616,0.9633507853403143,0.4332648870636565,0.4333333333333333,0.6666666666666666,0.26315789473684226,0.0,1.0
0.4210526315789475,0.20454545454545456,0.6046511627906975,0.38607594936708856,0.05660377358490565,0.4126984126984128,0.40837696335078544,0.27926078028746953,0.7000000000000004,0.33333333333333326,0.8421052631578949,0.0,0.0
0.18421052631578938,0.22727272727272724,0.46511627906976727,0.03164556962025317,0.37735849056603776,0.2698412698412699,0.18324607329842946,0.25872689938398097,0.6333333333333336,0.48888888888888893,0.39473684210526333,0.0,1.0
0.2894736842105264,0.20454545454545456,0.23255813953488358,0.4113924050632911,0.47169811320754723,0.6190476190476192,0.8010471204188483,0.5708418891170458,0.41666666666666696,0.3555555555555555,0.16666666657894733,0.0,1.0
0.13157894736842113,0.4090909090909091,0.37209302325581384,0.03164556962025317,0.6037735849056605,0.1904761904761905,0.6020942408376965,0.22792607802874815,0.5166666666666672,0.0888888888888888,0.4736842105263157,0.0,1.0
0.3947368421052634,0.5,0.4186046511627906,0.7943037974683544,0.4339622641509434,0.7301587301587302,0.8534031413612567,0.8562628336755687,0.11666666666666653,0.6222222222222222,0.15789473684210523,0.0,0.0
0.21052631578947378,0.36363636363636365,0.23255813953488358,0.3544303797468354,0.37735849056603776,0.5873015873015874,0.7539267015706808,0.5051334702258665,0.7166666666666668,0.2888888888888889,0.39473684210526333,0.0,0.6666666666666666
0.4210526315789475,0.06818181818181823,0.4883720930232557,0.24050632911392406,0.169811320754717,0.4603174603174604,0.5549738219895289,0.5051334702258665,0.7166666666666668,0.3555555555555555,0.18421052631578938,0.0,0.0
0.5526315789473686,0.3863636363636364,0.325581395348837,0.38607594936708856,0.1132075471698113,0.36507936507936517,0.6020942408376965,0.46098562628336837,0.3833333333333336,0.1333333333333333,0.4473684210526315,0.0,0.0
0.4210526315789475,0.36363636363636365,0.4186046511627906,0.07594936708860758,0.3207547169811321,0.25396825396825395,0.7905759162303665,0.22381930184804583,0.45000000000000034,0.5555555555555555,0.6578947368421055,0.0,1.0
0.7631578947368425,0.02272727272727265,0.6744186046511627,0.01898734177215189,0.5660377358490566,0.4285714285714286,0.6282722513089006,0.3613963039014352,0.25000000000000006,0.15555555555555556,0.4210526315789474,0.0,0.6666666666666666
0.6842105263157897,0.4090909090909091,0.6046511627906975,0.22784810126582278,0.3207547169811321,0.8095238095238095,0.7958115183246075,0.3408624229979466,0.6000000000000002,0.33333333333333326,0.8157894736842106,0.0,0.6666666666666666
0.7631578947368425,0.4318181818181819,0.7674418604651161,0.5189873417721518,0.39622641509433965,0.2698412698412699,0.5235602094240839,0.8952772073921947,0.7500000000000001,0.33333333333333326,0.105263157894737,0.0,1.0
0.3947368421052634,0.11363636363636359,0.5813953488372091,0.7911392405063291,0.2452830188679245,0.6984126984126985,0.4816753926701572,0.6139630390143741,0.11666666666666653,0.6888888888888889,0.4736842105263157,0.0,0.6666666666666666
0.21052631578947378,0.4318181818181819,0.20930232558139522,0.29113924050632906,0.3207547169811321,0.2698412698412699,0.6125654450261782,0.4897330595482501,0.36666666666666653,0.6888888888888889,0.26315789473684226,0.0,1.0
0.1578947368421053,0.4318181818181819,0.23255813953488358,0.05063291139240503,0.1132075471698113,0.6984126984126985,0.6963350785340315,0.24845995893223666,0.8000000000000006,0.46666666666666673,0.5526315789473686,0.0,0.6666666666666666
0.2368421052631579,0.2954545454545455,0.9069767441860463,0.012658227848101278,0.7169811320754718,0.4761904761904763,0.3455497382198954,0.166324435318271,0.7500000000000001,0.22222222222222218,0.868421052631579,0.0,0.6666666666666666
0.5526315789473686,0.5454545454545454,0.5348837209302324,0.5189873417721518,0.3396226415094339,0.22222222222222224,0.4712041884816755,0.5092402464065687,0.25000000000000006,0.22222222222222218,0.6578947368421055,0.0,0.6666666666666666
0.3157894736842105,0.18181818181818182,0.44186046511627886,0.8481012658227849,0.39622641509433965,0.5396825396825398,0.4816753926701572,0.9096509240246413,0.19999999999999962,0.39999999999999997,0.05263157894736825,0.0,0.6666666666666666
0.473684210526316,0.15909090909090906,0.5813953488372091,0.8544303797468353,0.4339622641509434,0.4761904761904763,0.7958115183246075,0.8952772073921947,0.19999999999999962,0.33333333333333326,0.0,0.0,0.6666666666666666
0.13157894736842113,0.5227272727272727,0.46511627906976727,0.03164556962025317,0.15094339622641506,0.4761904761904763,0.3612565445026179,0.03901437371662603,0.7166666666666668,0.5333333333333334,0.8157894736842106,0.0,0.0
0.7105263157894738,0.27272727272727276,0.46511627906976727,0.430379746835443,0.45283018867924535,0.5396825396825398,0.6596858638743457,0.6078028747433207,0.10000000000000014,0.5777777777777777,0.2894736842105263,0.0,0.6666666666666666
0.3157894736842105,0.09090909090909088,0.4186046511627906,0.14556962025316453,0.35849056603773577,0.20634920634920637,0.34031413612565453,0.3613963039014352,0.8166666666666669,0.7111111111111111,0.5000000000000002,0.0,0.6666666666666666
0.21052631578947378,0.31818181818181823,0.3953488372093022,0.5886075949367088,0.09433962264150936,0.33333333333333337,0.4293193717277488,0.451745379876794,0.45000000000000034,0.0888888888888888,0.4736842105263157,0.0,0.6666666666666666
0.5263157894736845,0.09090909090909088,0.3953488372093022,0.01898734177215189,0.4339622641509434,0.33333333333333337,0.4136125654450263,0.4640657084188894,0.9833333333333338,0.7555555555555555,0.4473684210526315,0.0,0.6666666666666666
0.2368421052631579,0.5,0.46511627906976727,0.24050632911392406,0.45283018867924535,0.14285714285714285,0.30890052356020953,0.3819301848049237,0.5833333333333331,0.15555555555555556,0.4473684210526315,0.0,1.0
0.18421052631578938,0.18181818181818182,0.9302325581395348,0.3544303797468354,0.37735849056603776,0.39682539682539686,0.5026178010471205,0.47946611909650577,0.4833333333333337,0.37777777777777777,0.26315789473684226,0.0,0.6666666666666666
0.6315789473684212,0.6590909090909092,0.9069767441860463,0.759493670886076,0.15094339622641506,0.507936507936508,0.6910994764397906,0.6180698151950763,0.3500000000000002,0.0666666666666666,0.6315789473684214,0.0,0.6666666666666666
0.21052631578947378,0.22727272727272724,0.2790697674418603,0.43670886075949367,0.5283018867924528,0.634920634920635,0.6439790575916231,0.6129363449691928,0.5,0.4444444444444445,0.105263157894737,0.0,1.0
0.6052631578947371,0.20454545454545456,0.4883720930232557,0.6139240506329113,0.2452830188679245,0.8571428571428573,0.8376963350785342,0.7618069815195077,0.3166666666666668,0.5111111111111112,0.15789473684210523,0.0,0.6666666666666666
0.5526315789473686,0.22727272727272724,0.4883720930232557,0.7658227848101264,0.47169811320754723,0.33333333333333337,0.8062827225130891,0.9609856262833627,0.19999999999999962,0.46666666666666673,0.05263157894736825,0.0,0.6666666666666666
0.5000000000000001,0.09090909090909088,0.44186046511627886,0.012658227848101278,0.35849056603773577,0.11111111111111116,0.6125654450261782,0.2381930184804924,0.45000000000000034,0.3555555555555555,0.6315789473684214,0.0,0.0
0.36842105263157904,0.18181818181818182,0.4883720930232557,0.0253164556962025,0.5283018867924528,0.4603174603174604,0.46073298429319387,0.35112936344969087,0.7666666666666672,1.0,0.4473684210526315,0.0,0.6666666666666666
0.44736842105263164,0.15909090909090906,0.5813953488372091,0.09493670886075947,0.28301886792452835,0.5714285714285715,0.8376963350785342,0.18480492813141985,0.6499999999999999,0.5333333333333334,0.9473684210526319,0.0,0.6666666666666666
0.36842105263157904,0.11363636363636359,0.6976744186046511,0.5601265822784809,0.5660377358490566,0.5714285714285715,0.4031413612565446,0.5995893223819275,0.08333333333333309,0.5333333333333334,0.4210526315789474,0.0,0.6666666666666666
0.6842105263157897,0.3409090909090909,0.9069767441860463,0.6772151898734177,0.18867924528301894,0.5555555555555557,0.549738219895288,0.6488706365503092,0.3500000000000002,0.04444444444444445,0.5000000000000002,0.0,1.0
0.3947368421052634,0.4090909090909091,0.11627906976744168,0.4493670886075949,0.39622641509433965,0.7301587301587302,0.8062827225130891,0.6488706365503092,0.33333333333333315,0.2888888888888889,0.0,0.0,1.0
0.5263157894736845,0.11363636363636359,0.7441860465116277,0.34177215189873417,0.7924528301886794,0.5396825396825398,0.9738219895287958,0.6488706365503092,0.6166666666666666,0.0222222222222222,0.18421052631578938,0.0,0.6666666666666666
0.5526315789473686,0.4318181818181819,0.4186046511627906,0.2468354430379747,0.3207547169811321,0.25396825396825395,0.6753926701570682,0.44866529774127295,0.7166666666666668,0.5555555555555555,0.5263157894736844,0.0,0.6666666666666666
0.21052631578947378,0.04545454545454547,0.5348837209302324,0.006329113924050611,0.6037735849056605,0.25396825396825395,0.293193717277487,0.15605749486652676,0.6499999999999999,0.3111111111111111,0.5263157894736844,0.0,0.0
0.473684210526316,0.3863636363636364,0.5813953488372091,0.3924050632911392,0.39622641509433965,0.634920634920635,0.7958115183246075,0.6180698151950763,0.3500000000000002,0.46666666666666673,0.2105263157894735,0.0,1.0
0.5526315789473686,0.31818181818181823,0.7209302325581394,0.01898734177215189,0.35849056603773577,0.09523809523809523,0.5235602094240839,0.3542094455852119,0.5833333333333331,0.2888888888888889,0.3684210526315792,0.0,1.0
0.5789473684210528,0.11363636363636359,0.6511627906976742,0.6075949367088607,0.6603773584905661,0.6825396825396826,0.7748691099476441,0.6899383983572863,0.33333333333333315,0.1333333333333333,0.4210526315789474,0.0,0.6666666666666666
0.3157894736842105,0.20454545454545456,0.5116279069767441,0.03164556962025317,0.30188679245283023,0.047619047619047616,0.24083769633507868,0.001026694045169918,0.4833333333333337,0.15555555555555556,1.0,0.0,0.6666666666666666
0.2368421052631579,0.27272727272727276,0.3488372093023254,0.26582278481012656,0.39622641509433965,0.09523809523809523,0.5602094240837697,0.2607802874743321,0.06666666666666671,0.8,0.5526315789473686,0.0,0.6666666666666666
0.3947368421052634,0.6818181818181819,0.3953488372093022,0.25316455696202533,0.2452830188679245,0.4444444444444445,0.7329842931937174,0.1806981519507176,0.45000000000000034,0.22222222222222218,0.868421052631579,0.0,0.6666666666666666
0.21052631578947378,0.4090909090909091,0.046511627906976605,0.24050632911392406,0.5471698113207547,0.015873015873015872,0.3717277486910996,0.4887063655030802,0.3833333333333336,0.39999999999999997,0.105263157894737,0.0,1.0
0.34210526315789486,0.7272727272727273,0.1860465116279068,0.08860759493670883,0.169811320754717,0.3174603174603175,0.3769633507853404,0.012320328542095527,0.25000000000000006,0.26666666666666666,0.9736842105263159,0.0,0.0
0.4210526315789475,0.02272727272727265,0.6511627906976742,0.07594936708860758,0.41509433962264153,0.4444444444444445,0.36649214659685875,0.3408624229979466,0.33333333333333315,0.15555555555555556,0.39473684210526333,0.0,0.0
0.2368421052631579,0.27272727272727276,0.325581395348837,0.3924050632911392,0.2641509433962264,0.5238095238095238,0.7643979057591626,0.6488706365503092,0.933333333333334,0.7111111111111111,0.2105263157894735,0.0,0.6666666666666666
0.36842105263157904,0.09090909090909088,0.5813953488372091,0.27848101265822783,0.5471698113207547,0.7619047619047621,0.6125654450261782,0.3480492813141699,0.28333333333333344,0.48888888888888893,0.5526315789473686,0.0,0.0
0.2894736842105264,0.27272727272727276,0.325581395348837,0.620253164556962,0.3207547169811321,0.6666666666666667,0.5445026178010473,0.6694045174537977,0.25000000000000006,0.17777777777777778,0.3157894736842105,0.0,0.6666666666666666
0.21052631578947378,0.2954545454545455,0.1860465116279068,0.03164556962025317,0.05660377358490565,0.23809523809523814,0.44502617801047134,0.28747433264887406,0.8000000000000006,0.39999999999999997,0.2894736842105263,0.0,1.0
0.26315789473684226,0.25,0.6279069767441858,0.22151898734177214,0.2641509433962264,0.5714285714285715,0.6335078534031415,0.2689938398357252,0.41666666666666696,0.17777777777777778,0.5789473684210527,0.0,0.0
0.7894736842105267,0.1363636363636364,0.4883720930232557,0.11392405063291136,0.5471698113207547,0.17460317460317462,0.3298429319371729,0.48049281314168707,0.04999999999999971,0.2888888888888889,0.15789473684210523,0.0,0.6666666666666666
0.5263157894736845,0.11363636363636359,0.4883720930232557,0.8544303797468353,0.37735849056603776,0.5396825396825398,0.87434554973822,0.9363449691991832,0.28333333333333344,0.39999999999999997,0.07894736842105238,0.0,0.6666666666666666
0.5789473684210528,0.1363636363636364,0.46511627906976727,0.8354430379746833,0.5849056603773586,0.7619047619047621,0.9764397905759163,0.9774127310061603,0.3500000000000002,0.3111111111111111,0.0,0.0,0.0
0.5263157894736845,0.25,0.9069767441860463,0.006329113924050611,0.3207547169811321,0.4761904761904763,0.6806282722513091,0.22792607802874815,0.33333333333333315,0.5111111111111112,0.6315789473684214,0.0,1.0
0.10526315789473678,0.31818181818181823,0.46511627906976727,0.03164556962025317,0.018867924528301827,0.4126984126984128,0.46073298429319387,0.004106776180690885,0.6499999999999999,0.6222222222222222,0.9473684210526319,0.0,0.0
0.7105263157894738,0.06818181818181823,0.2558139534883719,0.037974683544303806,0.2075471698113207,0.3015873015873016,0.48691099476439803,0.45995893223818707,0.41666666666666696,0.4444444444444445,0.3157894736842105,0.0,0.6666666666666666
0.21052631578947378,0.31818181818181823,0.7209302325581394,0.25316455696202533,0.3396226415094339,0.7142857142857144,0.8481675392670158,0.3798767967145726,0.5,0.7111111111111111,0.5000000000000002,0.0,0.6666666666666666
0.4210526315789475,0.18181818181818182,0.4883720930232557,0.10759493670886075,0.09433962264150936,0.5714285714285715,0.5759162303664922,0.03285420944558398,0.3833333333333336,0.1111111111111111,1.0,0.0,0.0
0.4210526315789475,0.31818181818181823,0.6046511627906975,0.0,0.18867924528301894,0.047619047619047616,0.23036649214659694,0.04312114989732829,0.2666666666666664,0.3111111111111111,0.8421052631578949,0.0,0.6666666666666666
0.34210526315789486,0.2954545454545455,0.4883720930232557,0.9303797468354429,0.2075471698113207,0.6190476190476192,0.8010471204188483,0.8644763860369619,0.5499999999999998,0.5333333333333334,0.18421052631578938,0.0,1.0
0.26315789473684226,0.3409090909090909,0.1860465116279068,0.8860759493670884,0.28301886792452835,0.25396825396825395,0.4712041884816755,0.8090349075975383,0.3500000000000002,0.39999999999999997,0.07894736842105238,0.0,1.0
0.36842105263157904,0.18181818181818182,0.37209302325581384,0.012658227848101278,0.30188679245283023,0.380952380952381,0.8167539267015709,0.16016427104722908,0.18333333333333324,0.0666666666666666,0.6052631578947367,0.0,1.0
0.6842105263157897,0.6363636363636364,0.6046511627906975,0.25316455696202533,0.22641509433962262,0.4603174603174604,0.39267015706806296,0.25872689938398097,0.33333333333333315,0.5555555555555555,0.8947368421052635,0.0,0.0
0.4210526315789475,0.4545454545454546,0.6744186046511627,0.37341772151898733,0.7735849056603774,0.6031746031746033,0.712041884816754,0.6293634496919905,0.2999999999999997,0.46666666666666673,0.15789473684210523,0.0,1.0
0.36842105263157904,0.31818181818181823,0.6046511627906975,0.037974683544303806,0.28301886792452835,0.3174603174603175,0.31937172774869116,0.2997946611909581,0.5,0.7555555555555555,0.3684210526315792,0.0,0.6666666666666666
0.6578947368421055,0.04545454545454547,0.46511627906976727,0.4050632911392405,0.47169811320754723,0.8412698412698415,0.6596858638743457,0.6817248459958932,0.3166666666666668,0.1111111111111111,0.15789473684210523,0.0,0.6666666666666666
0.13157894736842113,0.5227272727272727,0.09302325581395338,0.3354430379746835,0.2075471698113207,0.4603174603174604,0.8324607329842932,0.5051334702258665,0.3999999999999999,0.6888888888888889,0.23684210526315808,0.0,1.0
0.26315789473684226,0.22727272727272724,0.37209302325581384,0.4556962025316455,0.5471698113207547,0.6666666666666667,0.8167539267015709,0.6057494866529809,0.3166666666666668,0.39999999999999997,0.15789473684210523,0.0,1.0
0.34210526315789486,0.0,0.8372093023255813,0.037974683544303806,0.2075471698113207,0.15873015873015875,0.3455497382198954,0.32443531827514893,0.7333333333333338,0.37777777777777777,0.5263157894736844,0.0,1.0
0.34210526315789486,0.9090909090909092,0.3953488372093022,0.38607594936708856,0.45283018867924535,0.047619047619047616,0.7958115183246075,0.5687885010266946,0.3833333333333336,0.1333333333333333,0.13157894736842113,0.0,0.3333333333333333
0.0,0.5340909090909091,0.6976744186046511,0.14556962025316453,0.5471698113207547,0.380952380952381,0.6335078534031415,0.5482546201232061,0.8166666666666669,0.4444444444444445,0.05263157894736825,0.0,1.0
0.3947368421052634,0.31818181818181823,0.4186046511627906,0.7088607594936708,0.3207547169811321,0.7460317460317462,0.5916230366492148,0.5893223819301833,0.16666666666666619,0.5333333333333334,0.39473684210526333,0.0,0.6666666666666666
0.5789473684210528,0.2954545454545455,0.5348837209302324,0.0632911392405063,0.6415094339622641,0.22222222222222224,0.7801047120418849,0.5051334702258665,0.4833333333333337,0.5333333333333334,0.26315789473684226,0.0,1.0
0.10526315789473678,0.31818181818181823,0.4186046511627906,0.20253164556962028,0.35849056603773577,0.7460317460317462,0.6910994764397906,0.25872689938398097,0.7000000000000004,0.26666666666666666,0.4736842105263157,0.0,0.0
0.10526315789473678,0.20454545454545456,0.23255813953488358,0.0632911392405063,0.3396226415094339,0.5396825396825398,0.6701570680628274,0.28542094455852296,0.4666666666666667,0.15555555555555556,0.3421052631578946,0.0,0.6666666666666666
0.7105263157894738,0.7272727272727273,0.4883720930232557,0.04430379746835442,0.5094339622641509,0.7142857142857144,0.8219895287958117,0.2895277207392138,0.16666666666666619,0.22222222222222218,0.6052631578947367,0.0,1.0
0.2894736842105264,0.25,0.5116279069767441,0.5632911392405062,0.37735849056603776,0.5714285714285715,0.5340314136125656,0.706365503080084,0.41666666666666696,0.4444444444444445,0.18421052631578938,0.0,0.6666666666666666
0.2894736842105264,0.31818181818181823,0.44186046511627886,0.10759493670886075,0.2452830188679245,0.33333333333333337,0.42408376963350797,0.17659137577001532,0.6499999999999999,0.19999999999999993,0.7105263157894737,0.0,0.0
0.736842105263158,0.18181818181818182,0.9069767441860463,0.5443037974683544,0.22641509433962262,0.7619047619047621,0.6701570680628274,0.5770020533880879,0.1499999999999999,0.0222222222222222,0.4473684210526315,0.0,0.6666666666666666
0.44736842105263164,0.6590909090909092,0.46511627906976727,0.3544303797468354,0.0,0.15873015873015875,0.586387434554974,0.1827515400410687,0.41666666666666696,0.3111111111111111,0.9736842105263159,0.0,0.6666666666666666
0.026315789473684237,0.5340909090909091,0.6511627906976742,0.04430379746835442,0.2075471698113207,0.1904761904761905,0.3769633507853404,0.19917864476385494,0.6000000000000002,0.15555555555555556,0.4210526315789474,0.0,0.6666666666666666
0.21052631578947378,0.47727272727272724,0.44186046511627886,0.18354430379746833,0.30188679245283023,0.2698412698412699,0.2774869109947645,0.05852156057494462,0.28333333333333344,0.6,0.8333333342105265,0.0,0.6666666666666666
0.5000000000000001,0.034090909090909116,0.9069767441860463,0.01898734177215189,0.2641509433962264,0.4603174603174604,0.5759162303664922,0.32032854209445805,0.3500000000000002,1.0,0.4210526315789474,0.0,0.6666666666666666
0.473684210526316,0.47727272727272724,0.3488372093023254,0.29113924050632906,0.13207547169811318,0.28571428571428575,0.4921465968586389,0.39630390143737027,0.0,0.7555555555555555,0.3684210526315792,0.0,0.0
0.473684210526316,0.3409090909090909,0.23255813953488358,0.42405063291139233,0.39622641509433965,0.7301587301587302,0.7748691099476441,0.6509240246406603,0.3833333333333336,0.4444444444444445,0.15789473684210523,0.0,1.0
0.3947368421052634,0.22727272727272724,0.5813953488372091,0.0,0.5094339622641509,0.4761904761904763,0.6282722513089006,0.3613963039014352,0.8666666666666674,0.26666666666666666,0.2894736842105263,0.0,0.6666666666666666
0.5263157894736845,0.5909090909090909,0.7209302325581394,0.8291139240506329,0.5283018867924528,0.507936507936508,0.8795811518324609,0.963039014373714,0.45000000000000034,0.6888888888888889,0.13157894736842113,0.0,0.6666666666666666
0.8947368421052637,0.47727272727272724,0.9069767441860463,0.0,0.2075471698113207,0.14285714285714285,0.15706806282722519,0.25872689938398097,0.04999999999999971,0.0222222222222222,0.4210526315789474,0.0,0.3333333333333333
0.18421052631578938,0.6818181818181819,0.4186046511627906,0.20569620253164556,0.13207547169811318,0.6031746031746033,0.5549738219895289,0.21765913757700384,0.5499999999999998,0.33333333333333326,0.6228070184210526,0.0,0.0
0.473684210526316,0.1363636363636364,0.46511627906976727,0.0632911392405063,0.2641509433962264,0.6031746031746033,0.8481675392670158,0.166324435318271,0.6166666666666666,0.19999999999999993,0.8157894736842106,0.0,0.6666666666666666
0.5000000000000001,0.27272727272727276,0.5348837209302324,0.6835443037974683,0.6037735849056605,0.6825396825396826,0.5287958115183247,0.7648870636550287,0.28333333333333344,0.5111111111111112,0.2894736842105263,0.0,0.6666666666666666
0.36842105263157904,0.2954545454545455,0.5116279069767441,0.03164556962025317,0.35849056603773577,0.22222222222222224,0.6073298429319373,0.2689938398357252,0.28333333333333344,0.2444444444444444,0.26315789473684226,0.0,0.6666666666666666
0.26315789473684226,0.18181818181818182,0.5116279069767441,0.43670886075949367,0.07547169811320759,0.4603174603174604,0.5130890052356022,0.546201232032855,0.7833333333333334,0.15555555555555556,0.3421052631578946,0.0,1.0
0.21052631578947378,0.36363636363636365,0.1627906976744185,0.11392405063291136,0.28301886792452835,0.3015873015873016,0.518324607329843,0.4537987679671451,0.1333333333333328,0.3111111111111111,0.02631578947368418,0.0,1.0
0.3947368421052634,0.4090909090909091,0.06976744186046496,0.430379746835443,0.3207547169811321,0.09523809523809523,0.47643979057591634,0.6694045174537977,0.5,0.1111111111111111,0.07894736842105238,0.0,1.0
0.1578947368421053,0.20454545454545456,0.5581395348837208,0.01898734177215189,0.0,0.28571428571428575,0.44502617801047134,0.013347022587265334,0.7166666666666668,0.1111111111111111,1.0,0.0,0.6666666666666666
0.4210526315789475,0.6818181818181819,0.325581395348837,0.7025316455696202,0.5849056603773586,1.0,0.9633507853403143,0.7905544147843894,0.19999999999999962,0.39999999999999997,0.15789473684210523,0.0,1.0
0.3157894736842105,0.22727272727272724,0.3953488372093022,0.0253164556962025,0.6037735849056605,0.4444444444444445,0.6596858638743457,0.40246406570841226,0.4833333333333337,0.5333333333333334,0.15789473684210523,0.0,0.6666666666666666
0.5526315789473686,0.02272727272727265,0.6511627906976742,0.05063291139240503,0.5471698113207547,0.22222222222222224,0.39267015706806296,0.5256673511293665,0.5166666666666672,0.26666666666666666,0.2894736842105263,0.0,1.0
0.7105263157894738,0.22727272727272724,0.5116279069767441,0.60126582278481,0.09433962264150936,0.4603174603174604,0.4136125654450263,0.4712525667351127,0.2999999999999997,0.22222222222222218,0.7631578947368425,0.0,0.6666666666666666
0.0,0.10227272727272735,0.20930232558139522,0.38607594936708856,0.4339622641509434,0.49206349206349215,0.4397905759162305,0.5030800821355267,0.5499999999999998,0.19999999999999993,0.15789473684210523,0.0,0.6666666666666666
0.4210526315789475,0.18181818181818182,0.5116279069767441,0.037974683544303806,0.37735849056603776,0.5555555555555557,0.4921465968586389,0.1971252566735039,0.08333333333333309,0.26666666666666666,0.4210526315789474,0.0,0.6666666666666666
0.736842105263158,0.20454545454545456,0.6976744186046511,0.012658227848101278,0.037735849056603765,0.49206349206349215,0.4973821989528797,0.25872689938398097,0.3166666666666668,0.1333333333333333,0.4736842105263157,0.0,0.6666666666666666
0.3947368421052634,0.27272727272727276,0.3953488372093022,0.20253164556962028,0.1132075471698113,0.23809523809523814,0.2827225130890053,0.14476386036961258,0.3166666666666668,0.15555555555555556,0.6842105263157896,0.0,0.6666666666666666
0.7631578947368425,0.04545454545454547,0.6279069767441858,0.43670886075949367,0.0,0.5238095238095238,0.42408376963350797,0.36755646817248855,0.0,0.1111111111111111,0.7894736842105265,0.0,0.6666666666666666
0.5526315789473686,0.22727272727272724,0.4883720930232557,0.7658227848101264,0.47169811320754723,0.33333333333333337,0.8062827225130891,0.9609856262833627,0.19999999999999962,0.46666666666666673,0.05263157894736825,0.0,0.6666666666666666
0.34210526315789486,0.04545454545454547,0.5581395348837208,0.037974683544303806,0.018867924528301827,0.34920634920634924,0.43455497382198965,0.40246406570841226,0.6833333333333333,0.5777777777777777,0.3157894736842105,0.0,0.6666666666666666
0.473684210526316,0.20454545454545456,0.6511627906976742,0.841772151898734,0.6226415094339623,0.7936507936507937,0.8795811518324609,0.8644763860369619,0.2666666666666664,0.26666666666666666,0.02631578947368418,0.0,0.6666666666666666
0.2894736842105264,0.31818181818181823,0.3488372093023254,0.24050632911392406,0.07547169811320759,0.7777777777777779,0.5340314136125656,0.12936344969198477,0.3999999999999999,0.26666666666666666,0.868421052631579,0.0,0.0
0.05263157894736831,0.31818181818181823,0.4186046511627906,0.20253164556962028,0.35849056603773577,0.7460317460317462,0.6910994764397906,0.25872689938398097,0.7000000000000004,0.26666666666666666,0.4736842105263157,0.0,0.0
0.44736842105263164,0.4545454545454546,0.9069767441860463,0.03164556962025317,0.037735849056603765,0.33333333333333337,0.5235602094240839,0.05338809034907255,0.6166666666666666,0.0222222222222222,0.868421052631579,0.0,0.0
0.44736842105263164,0.31818181818181823,0.20930232558139522,0.430379746835443,0.28301886792452835,0.6825396825396826,0.8272251308900525,0.6478439425051279,0.3833333333333336,0.39999999999999997,0.13157894736842113,0.0,1.0
0.3157894736842105,0.2954545454545455,0.5348837209302324,0.0253164556962025,0.3207547169811321,0.3015873015873016,0.8219895287958117,0.2741273100615974,0.6000000000000002,0.3111111111111111,0.4736842105263157,0.0,1.0
0.2368421052631579,0.31818181818181823,0.325581395348837,0.47151898734177206,0.1132075471698113,0.4285714285714286,0.7643979057591626,0.6488706365503092,0.7666666666666672,0.5555555555555555,0.2105263157894735,0.0,0.0
0.473684210526316,0.27272727272727276,0.6976744186046511,0.3354430379746835,0.41509433962264153,0.7460317460317462,0.7643979057591626,0.641683778234086,0.41666666666666696,0.46666666666666673,0.15789473684210523,0.0,0.6666666666666666
0.5789473684210528,0.02272727272727265,0.5813953488372091,0.20886075949367086,0.490566037735849,0.28571428571428575,0.3769633507853404,0.48665297741272906,0.28333333333333344,0.26666666666666666,0.15789473684210523,0.0,0.6666666666666666
0.7631578947368425,0.09090909090909088,0.6279069767441858,0.012658227848101278,0.45283018867924535,0.015873015873015872,0.35602094240837706,0.4332648870636565,0.41666666666666696,0.4444444444444445,0.3157894736842105,0.0,1.0
0.26315789473684226,0.6363636363636364,0.20930232558139522,0.5253164556962026,0.3396226415094339,0.36507936507936517,0.6230366492146598,0.4979466119096546,0.5,0.46666666666666673,0.5473684210526318,0.0,1.0
0.9473684210526319,0.3863636363636364,0.9069767441860463,0.37341772151898733,0.169811320754717,0.33333333333333337,0.34031413612565453,0.4332648870636565,0.10000000000000014,0.04444444444444445,0.6842105263157896,0.0,1.0
0.026315789473684237,0.02272727272727265,0.5116279069767441,0.8227848101265822,0.1132075471698113,0.17460317460317462,0.3821989528795813,0.5020533880903455,0.5499999999999998,0.1333333333333333,0.6842105263157896,0.0,0.0
1.0000000000000002,0.20454545454545456,0.5813953488372091,0.6139240506329113,0.22641509433962262,0.4603174603174604,0.6230366492146598,0.8850102669404505,0.2666666666666664,0.0,0.2105263157894735,0.0,1.0
0.21052631578947378,0.4545454545454546,0.4186046511627906,0.4113924050632911,0.169811320754717,0.5555555555555557,0.8952879581151834,0.5513347022587272,0.3500000000000002,0.6222222222222222,0.2105263157894735,0.0,1.0
0.3157894736842105,0.20454545454545456,0.46511627906976727,0.22784810126582278,0.6603773584905661,0.380952380952381,0.6701570680628274,0.19917864476385494,0.5,0.37777777777777777,0.868421052631579,0.0,0.0
0.21052631578947378,0.25,0.3488372093023254,0.0253164556962025,0.09433962264150936,0.4761904761904763,0.4136125654450263,0.17659137577001532,0.6166666666666666,0.26666666666666666,0.5789473684210527,0.0,0.0
0.18421052631578938,0.36363636363636365,0.8604651162790696,0.0253164556962025,0.45283018867924535,0.7142857142857144,0.842931937172775,0.3305954825462023,0.4333333333333333,0.2888888888888889,0.15789473684210523,0.0,1.0
0.2368421052631579,0.2954545454545455,0.9534883720930232,0.41772151898734167,0.45283018867924535,0.4761904761904763,0.9109947643979059,0.6160164271047253,0.3833333333333336,0.48888888888888893,0.13157894736842113,0.0,0.3333333333333333
0.36842105263157904,0.36363636363636365,0.2790697674418603,0.3291139240506329,0.6603773584905661,0.5714285714285715,0.8586387434554975,0.9342915811088321,0.41666666666666696,0.4222222222222222,0.07894736842105238,0.0,1.0
0.44736842105263164,0.27272727272727276,0.5581395348837208,0.8481012658227849,0.7924528301886794,0.4761904761904763,0.8534031413612567,0.9363449691991832,0.233333333333333,0.46666666666666673,0.05263157894736825,0.0,0.0
0.44736842105263164,0.09090909090909088,0.37209302325581384,0.01898734177215189,0.30188679245283023,0.23809523809523814,0.23560209424083783,0.32032854209445805,0.18333333333333324,0.9333333333333336,0.26315789473684226,0.0,0.6666666666666666
0.44736842105263164,0.27272727272727276,0.46511627906976727,0.0632911392405063,0.1132075471698113,0.126984126984127,0.5340314136125656,0.22792607802874815,0.4333333333333333,0.37777777777777777,0.6578947368421055,0.0,1.0
0.34210526315789486,0.36363636363636365,0.8139534883720929,0.6075949367088607,0.13207547169811318,0.8095238095238095,0.9738219895287958,0.772073921971252,0.4833333333333337,0.6,0.15789473684210523,0.0,0.6666666666666666
0.7894736842105267,0.20454545454545456,0.5116279069767441,0.01898734177215189,0.4339622641509434,0.8571428571428573,0.45549738219895297,0.2361396303901413,0.28333333333333344,0.5111111111111112,0.5526315789473686,0.0,0.6666666666666666
0.5263157894736845,0.25,0.6046511627906975,0.7721518987341771,0.7924528301886794,0.7619047619047621,0.7958115183246075,0.8336755646817291,0.1333333333333328,0.3555555555555555,0.02631578947368418,0.0,0.6666666666666666
0.473684210526316,0.22727272727272724,0.44186046511627886,0.07594936708860758,0.22641509433962262,0.507936507936508,0.39790575916230375,0.25872689938398097,0.5666666666666669,0.7111111111111111,0.5526315789473686,0.0,0.0
0.6315789473684212,0.4545454545454546,0.3953488372093022,0.012658227848101278,0.28301886792452835,0.3174603174603175,0.4188481675392671,0.3819301848049237,0.1333333333333328,0.5111111111111112,0.39473684210526333,0.0,1.0
0.13157894736842113,0.20454545454545456,0.4186046511627906,0.48101265822784806,0.39622641509433965,0.507936507936508,0.6073298429319373,0.49691991786447337,0.5,0.46666666666666673,0.4473684210526315,0.0,0.6666666666666666
0.2894736842105264,0.11363636363636359,0.5116279069767441,0.0253164556962025,0.28301886792452835,0.4126984126984128,0.5549738219895289,0.27926078028746953,0.7166666666666668,0.48888888888888893,0.5000000000000002,0.0,0.0
1.0000000000000002,0.31818181818181823,0.8372093023255813,0.13924050632911392,0.6226415094339623,0.5396825396825398,0.5602094240837697,0.6694045174537977,0.3500000000000002,0.5777777777777777,0.15789473684210523,0.0,1.0
0.3157894736842105,0.20454545454545456,0.46511627906976727,0.879746835443038,0.490566037735849,0.4444444444444445,0.4816753926701572,0.9106776180698112,0.18333333333333324,0.48888888888888893,0.02631578947368418,0.0,0.6666666666666666
0.13157894736842113,0.4090909090909091,0.20930232558139522,0.8544303797468353,0.3207547169811321,0.507936507936508,0.46596858638743466,0.7556468172484543,0.3833333333333336,0.2444444444444444,0.3684210526315792,0.0,1.0
0.36842105263157904,0.25,0.325581395348837,0.22468354430379744,0.5283018867924528,0.5714285714285715,0.9685863874345552,0.6180698151950763,0.7333333333333338,0.7777777777777779,0.15789473684210523,0.0,0.6666666666666666
0.9473684210526319,0.36363636363636365,0.9069767441860463,0.3924050632911392,0.2641509433962264,0.4285714285714286,0.3036649214659687,0.4435318275154008,0.01666666666666633,0.0,0.6842105263157896,0.0,0.6666666666666666
0.3157894736842105,0.11363636363636359,0.7674418604651161,0.6265822784810127,0.37735849056603776,0.7619047619047621,0.6701570680628274,0.8254620123203245,0.9833333333333338,1.0,0.39473684210526333,0.0,0.6666666666666666
0.5789473684210528,0.06818181818181823,0.6046511627906975,0.22151898734177214,0.3207547169811321,0.33333333333333337,0.39790575916230375,0.4917864476386012,0.2666666666666664,0.33333333333333326,0.15789473684210523,0.0,1.0
0.34210526315789486,0.36363636363636365,0.44186046511627886,0.11392405063291136,0.0,0.507936507936508,0.42408376963350797,0.21663244353182254,0.6333333333333336,0.6888888888888889,0.6315789473684214,0.0,0.0
0.13157894736842113,0.15909090909090906,0.4883720930232557,0.05063291139240503,0.15094339622641506,0.634920634920635,0.6073298429319373,0.03696098562628625,0.7000000000000004,0.39999999999999997,1.0,0.0,0.6666666666666666
0.3947368421052634,0.31818181818181823,0.3953488372093022,0.06962025316455694,0.2075471698113207,0.5873015873015874,0.4973821989528797,0.32032854209445805,0.8166666666666669,0.37777777777777777,0.5000000000000002,0.0,0.0
0.05263157894736831,0.6136363636363636,0.2790697674418603,0.38607594936708856,0.47169811320754723,0.6190476190476192,0.6701570680628274,0.37166324435317943,0.6166666666666666,0.17777777777777778,0.4210526315789474,0.0,1.0
0.3947368421052634,0.5909090909090909,0.7674418604651161,0.3291139240506329,0.7547169811320755,0.5873015873015874,0.7958115183246075,0.620123203285416,0.2999999999999997,0.46666666666666673,0.13157894736842113,0.0,1.0
0.36842105263157904,0.09090909090909088,0.325581395348837,0.5569620253164558,0.6226415094339623,0.9365079365079366,0.8481675392670158,0.5872689938398321,0.33333333333333315,0.4222222222222222,0.4473684210526315,0.0,0.6666666666666666
0.3947368421052634,0.1363636363636364,0.7209302325581394,0.006329113924050611,0.6603773584905661,0.49206349206349215,0.40837696335078544,0.3788501026694027,0.10000000000000014,0.15555555555555556,0.07894736842105238,0.0,1.0
0.473684210526316,0.3409090909090909,0.1860465116279068,0.4556962025316455,0.3207547169811321,0.5714285714285715,0.8062827225130891,0.7145790554414772,0.3833333333333336,0.37777777777777777,0.05263157894736825,0.0,1.0
0.13157894736842113,0.6818181818181819,0.5348837209302324,0.012658227848101278,0.45283018867924535,0.11111111111111116,0.47643979057591634,0.19096509240246184,0.8833333333333336,0.26666666666666666,0.6842105263157896,0.0,1.0
0.36842105263157904,0.31818181818181823,0.5581395348837208,0.4113924050632911,0.18867924528301894,0.4603174603174604,0.7905759162303665,0.7638603696098588,0.666666666666667,0.2444444444444444,0.05263157894736825,0.0,1.0
0.10526315789473678,0.25,0.4186046511627906,0.6392405063291138,0.5849056603773586,0.634920634920635,0.7801047120418849,0.8285420944558568,0.8166666666666669,0.2444444444444444,0.15789473684210523,0.0,1.0
0.07894736842105271,0.18181818181818182,0.23255813953488358,0.9493670886075949,0.35849056603773577,0.5714285714285715,0.45549738219895297,0.9383983572895229,0.4833333333333337,0.3111111111111111,0.0,0.0,0.6666666666666666
0.473684210526316,0.15909090909090906,0.6279069767441858,0.037974683544303806,0.45283018867924535,0.28571428571428575,0.35602094240837706,0.2997946611909581,0.3833333333333336,0.3555555555555555,0.5263157894736844,0.0,0.0
0.6052631578947371,0.25,0.7674418604651161,0.22151898734177214,0.6981132075471699,0.23809523809523814,0.46596858638743466,0.7310061601642748,0.7500000000000001,0.39999999999999997,0.26315789473684226,0.0,0.6666666666666666
0.5263157894736845,0.27272727272727276,0.46511627906976727,0.43670886075949367,0.45283018867924535,0.5238095238095238,0.6858638743455499,0.7002053388090306,0.33333333333333315,0.3555555555555555,0.0,0.0,0.6666666666666666
0.2894736842105264,0.18181818181818182,0.20930232558139522,0.006329113924050611,0.7358490566037736,0.49206349206349215,0.8638743455497384,0.35831622176591416,0.19999999999999962,0.39999999999999997,0.15789473684210523,0.0,0.6666666666666666
0.21052631578947378,0.25,0.6744186046511627,0.01898734177215189,0.490566037735849,0.5873015873015874,0.5706806282722514,0.11498973305954968,0.5,0.17777777777777778,0.5789473684210527,0.0,0.6666666666666666
0.26315789473684226,0.27272727272727276,0.46511627906976727,0.07594936708860758,0.0,0.4444444444444445,0.5654450261780106,0.25872689938398097,0.4666666666666667,0.33333333333333326,0.4473684210526315,0.0,0.6666666666666666
0.13157894736842113,0.2954545454545455,0.3953488372093022,0.25316455696202533,0.18867924528301894,0.14285714285714285,0.3717277486910996,0.11293634496919847,0.28333333333333344,0.0222222222222222,0.7631578947368425,0.0,0.0
0.5526315789473686,0.4545454545454546,0.325581395348837,0.18037974683544306,0.1132075471698113,0.0,0.0418848167539268,0.1540041067761756,0.1333333333333328,0.0888888888888888,0.7631578947368425,0.0,0.3333333333333333
0.2368421052631579,0.20454545454545456,0.2558139534883719,0.25949367088607594,0.18867924528301894,0.380952380952381,0.6073298429319373,0.48459958932237795,0.7166666666666668,0.0222222222222222,0.3157894736842105,0.0,0.0
1.0000000000000002,0.31818181818181823,0.8372093023255813,0.13924050632911392,0.6226415094339623,0.5396825396825398,0.5602094240837697,0.6694045174537977,0.3500000000000002,0.5777777777777777,0.15789473684210523,0.0,1.0
0.6842105263157897,0.5,0.7674418604651161,0.5759493670886074,0.5283018867924528,0.380952380952381,0.6282722513089006,0.8952772073921947,0.7833333333333334,0.3111111111111111,0.15789473684210523,0.0,0.6666666666666666
0.36842105263157904,0.8863636363636365,0.5813953488372091,0.17721518987341772,0.169811320754717,0.33333333333333337,0.43455497382198965,0.11498973305954968,0.5499999999999998,0.5555555555555555,1.0,0.0,0.0
0.21052631578947378,0.25,0.7906976744186045,0.9367088607594938,0.6037735849056605,0.5396825396825398,0.7382198952879583,0.8788501026694084,0.3500000000000002,0.4222222222222222,0.07894736842105238,0.0,1.0
0.5263157894736845,0.6818181818181819,0.23255813953488358,0.6645569620253164,0.45283018867924535,0.6190476190476192,0.6858638743455499,0.8747433264887062,0.5666666666666669,0.26666666666666666,0.02631578947368418,0.0,1.0
0.5263157894736845,0.18181818181818182,0.5348837209302324,0.0632911392405063,0.37735849056603776,0.4126984126984128,0.39267015706806296,0.37166324435317943,0.8166666666666669,0.5111111111111112,0.6578947368421055,0.0,1.0
0.07894736842105271,0.22727272727272724,0.46511627906976727,0.01898734177215189,0.09433962264150936,0.3174603174603175,0.3769633507853404,0.020533880903488566,0.7333333333333338,0.2444444444444444,0.9210526315789476,0.0,0.0
0.2894736842105264,0.3409090909090909,0.46511627906976727,0.5158227848101266,0.490566037735849,0.3174603174603175,0.7329842931937174,0.4014373716632424,0.5166666666666672,0.5333333333333334,0.6447368421052632,0.0,0.6666666666666666
0.6842105263157897,0.2954545454545455,0.5348837209302324,0.012658227848101278,0.47169811320754723,0.5714285714285715,0.4031413612565446,0.05544147843942365,0.11666666666666653,0.2888888888888889,0.9210526315789476,0.0,0.6666666666666666
0.44736842105263164,0.27272727272727276,0.20930232558139522,0.4556962025316455,0.490566037735849,0.7619047619047621,0.842931937172775,0.6694045174537977,0.3833333333333336,0.4444444444444445,0.2105263157894735,0.0,1.0
0.2368421052631579,0.36363636363636365,0.20930232558139522,0.42405063291139233,0.45283018867924535,0.6666666666666667,0.8272251308900525,0.5811088295687901,0.4833333333333337,0.3555555555555555,0.15789473684210523,0.0,1.0
0.6052631578947371,0.6363636363636364,0.6511627906976742,0.4493670886075949,0.679245283018868,0.6984126984126985,0.617801047120419,0.7310061601642748,0.7833333333333334,0.5777777777777777,0.5526315789473686,0.0,0.6666666666666666
0.473684210526316,0.02272727272727265,0.6511627906976742,0.012658227848101278,0.2452830188679245,0.20634920634920637,0.4397905759162305,0.22792607802874815,0.4333333333333333,0.2444444444444444,0.5789473684210527,0.0,0.6666666666666666
0.2894736842105264,0.06818181818181823,0.5348837209302324,0.0253164556962025,0.05660377358490565,0.14285714285714285,0.3821989528795813,0.3408624229979466,0.5,0.5111111111111112,0.3157894736842105,0.0,0.6666666666666666
0.3947368421052634,0.4545454545454546,0.6046511627906975,0.0253164556962025,0.13207547169811318,0.126984126984127,0.6230366492146598,0.27310061601642754,0.233333333333333,0.4444444444444445,0.23684210526315808,0.0,1.0
0.1578947368421053,0.31818181818181823,0.9767441860465116,0.25316455696202533,1.0000000000000002,0.39682539682539686,0.5916230366492148,0.5605749486653016,0.28333333333333344,0.0888888888888888,0.02631578947368418,0.0,0.6666666666666666
0.26315789473684226,0.31818181818181823,0.3023255813953487,0.3164556962025316,0.490566037735849,0.7142857142857144,0.712041884816754,0.4640657084188894,0.36666666666666653,0.4444444444444445,0.3421052631578946,0.0,1.0
0.26315789473684226,0.09090909090909088,0.5813953488372091,0.0,0.37735849056603776,0.5396825396825398,0.4293193717277488,0.166324435318271,0.6333333333333336,0.0666666666666666,0.5263157894736844,0.0,0.6666666666666666
0.2894736842105264,0.3409090909090909,0.9767441860465116,0.04430379746835442,0.169811320754717,0.5714285714285715,0.87434554973822,0.2823408624229905,0.5333333333333334,0.6,0.39473684210526333,0.0,0.6666666666666666
0.18421052631578938,0.5,0.3953488372093022,0.06962025316455694,0.18867924528301894,0.17460317460317462,0.3874345549738221,0.22792607802874815,0.7833333333333334,0.8666666666666667,0.6842105263157896,0.0,0.0
0.21052631578947378,0.06818181818181823,0.46511627906976727,0.006329113924050611,0.22641509433962262,0.14285714285714285,0.2774869109947645,0.3613963039014352,0.9500000000000004,0.48888888888888893,0.3684210526315792,0.0,0.6666666666666666
0.26315789473684226,0.2954545454545455,0.8139534883720929,0.4620253164556962,0.47169811320754723,0.7460317460317462,0.8900523560209426,0.6180698151950763,0.41666666666666696,0.3555555555555555,0.15789473684210523,0.0,1.0
0.3947368421052634,0.06818181818181823,0.3488372093023254,0.037974683544303806,0.41509433962264153,0.4603174603174604,0.5549738219895289,0.1971252566735039,0.3833333333333336,0.3555555555555555,0.6578947368421055,0.0,1.0
0.2894736842105264,0.18181818181818182,0.8139534883720929,0.4430379746835443,0.5283018867924528,0.7460317460317462,0.8900523560209426,0.6591375770020534,0.5,0.3555555555555555,0.05263157894736825,0.0,0.6666666666666666
0.6842105263157897,0.27272727272727276,0.4186046511627906,0.24050632911392406,0.47169811320754723,0.4603174603174604,0.649214659685864,0.5020533880903455,0.33333333333333315,0.39999999999999997,0.2894736842105263,0.0,0.6666666666666666
0.5789473684210528,0.3863636363636364,0.9767441860465116,0.7721518987341771,0.3207547169811321,0.8888888888888891,0.6387434554973823,0.9147843942505134,0.08333333333333309,0.33333333333333326,0.05263157894736825,0.0,0.6666666666666666
0.13157894736842113,0.0,0.3488372093023254,0.22151898734177214,0.037735849056603765,0.4603174603174604,0.5968586387434556,0.40246406570841226,0.933333333333334,0.4222222222222222,0.5000000000000002,0.0,0.6666666666666666
0.6315789473684212,0.27272727272727276,0.9069767441860463,0.13924050632911392,0.037735849056603765,0.36507936507936517,0.31937172774869116,0.24845995893223666,0.16666666666666619,0.0,0.6315789473684214,0.0,0.0
0.5789473684210528,0.3863636363636364,0.3023255813953487,0.740506329113924,0.5471698113207547,0.23809523809523814,0.5916230366492148,0.9117043121149925,0.3833333333333336,0.39999999999999997,0.2105263157894735,0.0,0.3333333333333333
0.1578947368421053,0.6818181818181819,0.37209302325581384,0.1329113924050633,0.5283018867924528,0.8253968253968255,0.5340314136125656,0.03490759753593514,0.4833333333333337,0.15555555555555556,1.0,0.0,0.6666666666666666
0.2894736842105264,0.15909090909090906,0.7441860465116277,0.006329113924050611,0.6415094339622641,0.4444444444444445,0.39267015706806296,0.3305954825462023,0.3166666666666668,0.1333333333333333,0.2105263157894735,0.0,0.6666666666666666
0.36842105263157904,0.09090909090909088,0.4186046511627906,0.006329113924050611,0.037735849056603765,0.4285714285714286,0.4502617801047122,0.14476386036961258,0.36666666666666653,0.2888888888888889,0.5526315789473686,0.0,0.0
0.6315789473684212,0.27272727272727276,0.7906976744186045,0.01898734177215189,0.22641509433962262,0.6031746031746033,0.5549738219895289,0.5051334702258665,0.41666666666666696,0.7333333333333334,0.2894736842105263,0.0,1.0
0.5526315789473686,0.3863636363636364,0.9534883720930232,0.8734177215189873,0.2641509433962264,0.904761904761905,0.9319371727748693,0.8952772073921947,0.21666666666666662,0.6222222222222222,0.15789473684210523,0.0,1.0
0.21052631578947378,0.1363636363636364,0.4883720930232557,0.0,0.1132075471698113,0.2698412698412699,0.24607329842931946,0.0893223819301775,0.5166666666666672,0.4444444444444445,0.6315789473684214,0.0,0.6666666666666666
0.18421052631578938,0.25,0.4186046511627906,0.5696202531645569,0.5660377358490566,0.8095238095238095,0.549738219895288,0.4640657084188894,0.4833333333333337,0.0666666666666666,0.5263157894736844,0.0,0.6666666666666666
0.18421052631578938,0.2954545454545455,0.4883720930232557,0.18354430379746833,0.169811320754717,0.5873015873015874,0.5811518324607331,0.2772073921971184,0.5166666666666672,0.3111111111111111,0.5263157894736844,0.0,0.6666666666666666
0.5789473684210528,0.1363636363636364,0.46511627906976727,0.8354430379746833,0.5849056603773586,0.7619047619047621,0.9764397905759163,0.9774127310061603,0.3500000000000002,0.3111111111111111,0.0,0.0,0.0
0.05263157894736831,0.23863636363636362,0.5116279069767441,0.006329113924050611,0.41509433962264153,0.3015873015873016,0.6596858638743457,0.3305954825462023,0.3166666666666668,0.22222222222222218,0.105263157894737,0.0,0.6666666666666666
0.4210526315789475,0.02272727272727265,0.4186046511627906,0.8670886075949367,0.490566037735849,0.380952380952381,0.6439790575916231,0.866529774127313,0.04999999999999971,0.15555555555555556,0.02631578947368418,0.0,0.0
0.6052631578947371,0.5681818181818182,0.9069767441860463,0.42405063291139233,0.2075471698113207,0.09523809523809523,0.4397905759162305,0.7310061601642748,0.666666666666667,0.9777777777777779,0.2894736842105263,0.0,0.6666666666666666
0.34210526315789486,0.2954545454545455,0.3488372093023254,0.4430379746835443,0.5283018867924528,0.7777777777777779,0.9214659685863875,0.6796714579055421,0.4833333333333337,0.2444444444444444,0.105263157894737,0.0,1.0
0.07894736842105271,0.6136363636363636,0.2558139534883719,0.05696202531645567,0.4339622641509434,0.39682539682539686,0.4502617801047122,0.19507186858316422,0.6000000000000002,0.5111111111111112,0.6052631578947367,0.0,0.6666666666666666
0.3157894736842105,0.27272727272727276,0.6046511627906975,0.012658227848101278,0.18867924528301894,0.6031746031746033,0.5235602094240839,0.14989733059548477,0.1333333333333328,0.6888888888888889,0.6578947368421055,0.0,0.6666666666666666
0.7631578947368425,0.09090909090909088,0.46511627906976727,0.006329113924050611,0.15094339622641506,0.23809523809523814,0.16230366492146608,0.16529774127310115,0.1499999999999999,0.4222222222222222,0.5526315789473686,0.0,0.6666666666666666
0.5789473684210528,0.5,0.8837209302325579,0.7911392405063291,0.2452830188679245,0.6190476190476192,0.4712041884816755,0.8952772073921947,0.18333333333333324,0.3555555555555555,0.07894736842105238,0.0,1.0
0.473684210526316,0.5909090909090909,0.325581395348837,0.47468354430379744,0.5660377358490566,0.634920634920635,0.6544502617801048,0.6960985626283398,0.45000000000000034,0.4444444444444445,0.07894736842105238,0.0,1.0
0.07894736842105271,0.2954545454545455,0.1395348837209301,0.5063291139240506,0.5283018867924528,0.4285714285714286,0.44502617801047134,0.5400410677618016,0.7166666666666668,0.1111111111111111,0.39473684210526333,0.0,0.6666666666666666
0.6315789473684212,0.6363636363636364,0.37209302325581384,0.5189873417721518,0.6226415094339623,0.4603174603174604,0.905759162303665,0.7926078028747405,0.3500000000000002,0.5111111111111112,0.105263157894737,0.0,0.6666666666666666
0.26315789473684226,0.11363636363636359,0.7441860465116277,0.120253164556962,0.13207547169811318,0.4285714285714286,0.29842931937172784,0.1355236139630382,0.6166666666666666,0.19999999999999993,0.7368421052631579,0.0,0.6666666666666666
0.34210526315789486,0.5,0.4186046511627906,0.4620253164556962,0.169811320754717,0.380952380952381,0.2879581151832462,0.20841889117042944,0.04999999999999971,0.15555555555555556,0.9473684210526319,0.0,0.6666666666666666
0.5789473684210528,0.8636363636363638,0.9069767441860463,0.8227848101265822,0.169811320754717,0.507936507936508,0.6806282722513091,0.6488706365503092,0.3500000000000002,0.1333333333333333,0.7631578947368425,0.0,0.0
0.2368421052631579,0.27272727272727276,0.7441860465116277,0.38607594936708856,0.37735849056603776,0.904761904761905,0.9581151832460735,0.6119096509240229,0.45000000000000034,0.46666666666666673,0.15789473684210523,0.0,0.6666666666666666
0.44736842105263164,0.27272727272727276,0.6279069767441858,0.28481012658227844,0.0,0.4126984126984128,0.4136125654450263,0.13757700205338935,0.21666666666666662,0.0222222222222222,0.9736842105263159,0.0,0.0
0.3157894736842105,0.7045454545454546,0.7674418604651161,0.3924050632911392,0.7358490566037736,0.4126984126984128,0.8376963350785342,0.6078028747433207,0.3166666666666668,0.26666666666666666,0.13157894736842113,0.0,1.0
0.10526315789473678,0.5,0.5116279069767441,0.04430379746835442,0.15094339622641506,0.2698412698412699,0.36649214659685875,0.03285420944558398,0.16666666666666619,0.1333333333333333,0.6052631578947367,0.0,0.6666666666666666
0.21052631578947378,0.25,0.8604651162790696,0.670886075949367,0.4339622641509434,0.904761904761905,0.9633507853403143,0.7515400410677634,0.4333333333333333,0.39999999999999997,0.15789473684210523,0.0,1.0
0.9210526315789478,0.4090909090909091,0.9069767441860463,0.037974683544303806,0.47169811320754723,0.1904761904761905,0.549738219895288,0.6283367556468207,0.33333333333333315,0.04444444444444445,0.13157894736842113,0.0,1.0
0.36842105263157904,0.4090909090909091,0.46511627906976727,0.0,0.45283018867924535,0.2698412698412699,0.45549738219895297,0.350102669404521,0.5166666666666672,0.6444444444444444,0.3421052631578946,0.0,1.0
0.2894736842105264,0.5,0.5116279069767441,0.006329113924050611,0.1132075471698113,0.126984126984127,0.20942408376963362,0.21765913757700384,0.28333333333333344,0.3111111111111111,0.4473684210526315,0.0,1.0
0.26315789473684226,0.4090909090909091,0.3023255813953487,0.9620253164556962,0.5660377358490566,0.49206349206349215,0.7853403141361257,0.9363449691991832,0.5499999999999998,0.48888888888888893,0.05263157894736825,0.0,1.0
0.34210526315789486,0.4545454545454546,0.46511627906976727,0.47468354430379744,0.6415094339622641,0.3015873015873016,0.6596858638743457,0.6848049281314141,0.8833333333333336,0.7111111111111111,0.5526315789473686,0.0,0.0
0.8157894736842107,0.02272727272727265,0.9069767441860463,0.03164556962025317,0.1132075471698113,0.1904761904761905,0.5026178010471205,0.3819301848049237,0.16666666666666619,0.17777777777777778,0.3684210526315792,0.0,0.6666666666666666
0.5263157894736845,0.25,0.4186046511627906,0.39556962025316456,0.05660377358490565,0.14285714285714285,0.2722513089005237,0.2977412731006183,0.01666666666666633,0.1111111111111111,0.6842105263157896,0.0,0.0
0.26315789473684226,0.22727272727272724,0.44186046511627886,0.0,0.2452830188679245,0.20634920634920637,0.5026178010471205,0.11498973305954968,0.6166666666666666,0.22222222222222218,0.6842105263157896,0.0,1.0
0.21052631578947378,0.27272727272727276,0.20930232558139522,0.15189873417721517,0.45283018867924535,0.6666666666666667,0.7643979057591626,0.2997946611909581,0.3500000000000002,0.2444444444444444,0.39473684210526333,0.0,0.6666666666666666
0.10526315789473678,0.06818181818181823,0.6046511627906975,0.01898734177215189,0.2075471698113207,0.09523809523809523,0.23036649214659694,0.2607802874743321,0.8333333333333339,0.8,0.39473684210526333,0.0,0.0
0.36842105263157904,0.09090909090909088,0.46511627906976727,0.7468354430379747,0.6981132075471699,0.22222222222222224,0.7591623036649215,0.8829568788500993,0.11666666666666653,0.4444444444444445,0.02631578947368418,0.0,0.0
0.36842105263157904,0.25,0.6279069767441858,0.1329113924050633,0.018867924528301827,0.380952380952381,0.3507853403141362,0.0893223819301775,0.3500000000000002,0.2888888888888889,0.868421052631579,0.0,0.6666666666666666
0.18421052631578938,0.4545454545454546,0.8372093023255813,0.23417721518987344,0.07547169811320759,0.25396825396825395,0.35602094240837706,0.15605749486652676,0.6000000000000002,0.6666666666666666,0.8947368421052635,0.0,0.6666666666666666
0.3157894736842105,0.4545454545454546,0.23255813953488358,0.0,0.5283018867924528,0.33333333333333337,0.4502617801047122,0.3983572895277214,0.6499999999999999,0.5111111111111112,0.05263157894736825,0.0,1.0
0.473684210526316,0.11363636363636359,0.4883720930232557,0.3354430379746835,0.169811320754717,0.1904761904761905,0.4031413612565446,0.36652977412730725,0.36666666666666653,0.4444444444444445,0.6578947368421055,0.0,0.0
0.2368421052631579,0.27272727272727276,0.3488372093023254,0.430379746835443,0.6226415094339623,0.6190476190476192,0.7329842931937174,0.6796714579055421,0.5166666666666672,0.19999999999999993,0.02631578947368418,0.0,1.0
0.34210526315789486,0.20454545454545456,0.5348837209302324,0.05063291139240503,0.2075471698113207,0.28571428571428575,0.36649214659685875,0.3100616016427138,0.6499999999999999,0.17777777777777778,0.5000000000000002,0.0,0.6666666666666666
0.3157894736842105,0.1363636363636364,0.3953488372093022,0.6265822784810127,0.2452830188679245,0.380952380952381,0.5445026178010473,0.5626283367556413,0.2999999999999997,0.26666666666666666,0.4210526315789474,0.0,0.0
0.2368421052631579,0.20454545454545456,0.2558139534883719,0.25949367088607594,0.18867924528301894,0.380952380952381,0.6073298429319373,0.48459958932237795,0.7166666666666668,0.0222222222222222,0.3157894736842105,0.0,0.0
0.34210526315789486,0.22727272727272724,0.6046511627906975,0.46835443037974683,0.3207547169811321,0.5873015873015874,0.5078534031413614,0.5390143737166317,0.6833333333333333,0.4444444444444445,0.5263157894736844,0.0,0.6666666666666666
0.3157894736842105,0.3295454545454545,0.9069767441860463,0.6582278481012658,0.18867924528301894,0.8253968253968255,0.5811518324607331,0.804928131416836,0.25000000000000006,0.48888888888888893,0.0,0.0,0.6666666666666666
0.473684210526316,0.18181818181818182,0.4186046511627906,0.3924050632911392,0.6603773584905661,0.5714285714285715,0.5549738219895289,0.412731006160168,0.25000000000000006,0.6,0.6315789473684214,0.0,0.6666666666666666
0.36842105263157904,0.5,0.325581395348837,0.22784810126582278,0.2641509433962264,0.3015873015873016,0.5130890052356022,0.14579055441478245,0.5666666666666669,0.04444444444444445,0.9736842105263159,0.0,0.0
0.736842105263158,0.27272727272727276,0.7906976744186045,0.01898734177215189,0.39622641509433965,0.031746031746031744,0.22513089005235615,0.5051334702258665,0.3500000000000002,0.6666666666666666,0.3421052631578946,0.0,0.3333333333333333
0.36842105263157904,0.11363636363636359,0.5116279069767441,0.41772151898734167,0.45283018867924535,0.507936507936508,0.42408376963350797,0.3942505133470191,0.3166666666666668,0.26666666666666666,0.4736842105263157,0.0,0.0
0.07894736842105271,0.22727272727272724,0.8604651162790696,0.3354430379746835,0.8301886792452833,0.4761904761904763,0.8167539267015709,0.45482546201231494,0.2999999999999997,0.3111111111111111,0.2236842105263158,0.0,1.0
0.8421052631578949,0.09090909090909088,0.6976744186046511,0.006329113924050611,0.28301886792452835,0.23809523809523814,0.42408376963350797,0.2895277207392138,0.01666666666666633,0.0,0.3421052631578946,0.0,0.0
0.36842105263157904,0.25,0.46511627906976727,0.6835443037974683,0.3396226415094339,0.7619047619047621,0.5602094240837697,0.5913757700205344,0.16666666666666619,0.5777777777777777,0.39473684210526333,0.0,0.6666666666666666
0.21052631578947378,0.15909090909090906,0.3953488372093022,0.04430379746835442,0.2452830188679245,0.5714285714285715,0.649214659685864,0.392197125256668,0.933333333333334,0.8666666666666667,0.4210526315789474,0.0,0.0
0.26315789473684226,0.4318181818181819,0.7906976744186045,0.5,0.5660377358490566,0.7460317460317462,0.7225130890052358,0.5544147843942482,0.28333333333333344,0.3555555555555555,0.18421052631578938,0.0,1.0
0.5263157894736845,0.4318181818181819,0.37209302325581384,0.9240506329113922,0.45283018867924535,0.9841269841269843,0.9633507853403143,0.9845995893223837,0.21666666666666662,0.8,0.15789473684210523,0.0,1.0
0.473684210526316,0.25,0.4186046511627906,0.8481012658227849,0.5660377358490566,0.7936507936507937,0.9371727748691101,0.9363449691991832,0.3166666666666668,0.1333333333333333,0.02631578947368418,0.0,0.0
0.6052631578947371,0.31818181818181823,0.44186046511627886,0.20886075949367086,0.490566037735849,0.3174603174603175,0.6073298429319373,0.4537987679671451,0.3833333333333336,0.15555555555555556,0.3421052631578946,0.0,1.0
0.10526315789473678,0.1363636363636364,0.5581395348837208,0.0,0.18867924528301894,0.5555555555555557,0.31413612565445037,0.046201232032849315,0.9500000000000004,0.22222222222222218,0.7368421052631579,0.0,1.0
0.13157894736842113,0.27272727272727276,0.44186046511627886,0.27848101265822783,0.39622641509433965,0.4603174603174604,0.4712041884816755,0.2833675564681718,0.5166666666666672,0.19999999999999993,0.6578947368421055,0.0,0.6666666666666666
0.36842105263157904,0.27272727272727276,0.8837209302325579,0.3291139240506329,0.45283018867924535,0.7936507936507937,0.8167539267015709,0.6509240246406603,0.4666666666666667,0.2888888888888889,0.13157894736842113,0.0,0.6666666666666666
0.36842105263157904,0.27272727272727276,0.5116279069767441,0.37974683544303794,0.30188679245283023,0.5238095238095238,0.4816753926701572,0.4537987679671451,0.5333333333333334,0.4444444444444445,0.5000000000000002,0.0,0.6666666666666666
0.473684210526316,0.5227272727272727,0.11627906976744168,0.0632911392405063,0.07547169811320759,0.34920634920634924,0.31937172774869116,0.08418891170430542,0.6166666666666666,0.6,0.9736842105263159,0.0,0.0
0.26315789473684226,0.06818181818181823,0.3953488372093022,0.03164556962025317,0.22641509433962262,0.23809523809523814,0.3769633507853404,0.21765913757700384,0.8833333333333336,0.22222222222222218,0.5526315789473686,0.0,0.0
0.10526315789473678,0.3409090909090909,0.11627906976744168,0.006329113924050611,0.07547169811320759,0.11111111111111116,0.29842931937172784,0.03285420944558398,0.6166666666666666,0.17777777777777778,0.6578947368421055,0.0,0.6666666666666666
0.5789473684210528,0.1363636363636364,0.46511627906976727,0.8354430379746833,0.5849056603773586,0.7619047619047621,0.9764397905759163,0.9774127310061603,0.3500000000000002,0.3111111111111111,0.0,0.0,0.0
0.26315789473684226,0.4545454545454546,0.23255813953488358,0.879746835443038,0.6603773584905661,0.507936507936508,0.712041884816754,0.905544147843939,0.33333333333333315,0.2888888888888889,0.02631578947368418,0.0,0.3333333333333333
0.3947368421052634,0.25,0.325581395348837,0.16455696202531644,0.6037735849056605,0.126984126984127,0.30890052356020953,0.48459958932237795,0.10000000000000014,0.3555555555555555,0.15789473684210523,0.0,0.3333333333333333
0.36842105263157904,0.20454545454545456,0.5348837209302324,0.05696202531645567,0.41509433962264153,0.23809523809523814,0.39267015706806296,0.1971252566735039,0.28333333333333344,0.3111111111111111,0.5789473684210527,0.0,0.6666666666666666
0.1578947368421053,0.1363636363636364,0.3488372093023254,0.0632911392405063,0.30188679245283023,0.39682539682539686,0.3612565445026179,0.1334702258726871,0.5666666666666669,0.5333333333333334,0.5789473684210527,0.0,0.6666666666666666
0.18421052631578938,0.31818181818181823,0.3488372093023254,0.37341772151898733,0.5849056603773586,0.6190476190476192,0.9162303664921467,0.6180698151950763,0.4333333333333333,0.17777777777777778,0.05263157894736825,0.0,0.6666666666666666
0.6052631578947371,0.1363636363636364,0.7906976744186045,0.8164556962025316,0.47169811320754723,0.6190476190476192,0.5445026178010473,0.9312114989733111,0.2999999999999997,0.3555555555555555,0.2894736842105263,0.0,0.6666666666666666
0.5789473684210528,0.1363636363636364,0.6744186046511627,0.10126582278481011,0.35849056603773577,0.39682539682539686,0.8062827225130891,0.47433264887063364,0.8833333333333336,0.26666666666666666,0.5000000000000002,0.0,0.0
0.2368421052631579,0.27272727272727276,0.44186046511627886,0.07594936708860758,0.3396226415094339,0.4761904761904763,0.7801047120418849,0.2381930184804924,0.7500000000000001,0.2444444444444444,0.7105263157894737,0.0,0.6666666666666666
0.18421052631578938,0.0,0.3488372093023254,0.01898734177215189,0.41509433962264153,0.507936507936508,0.7696335078534033,0.3100616016427138,0.7000000000000004,0.3111111111111111,0.2894736842105263,0.0,0.6666666666666666
0.473684210526316,0.20454545454545456,0.20930232558139522,0.8037974683544304,0.5094339622641509,0.6666666666666667,0.8952879581151834,0.9414784394250555,0.3166666666666668,0.46666666666666673,0.02631578947368418,0.0,1.0
0.13157894736842113,0.6363636363636364,0.6046511627906975,0.08860759493670883,0.169811320754717,0.22222222222222224,0.2670157068062828,0.24229979466119467,0.5333333333333334,0.3555555555555555,0.5263157894736844,0.0,1.0
0.736842105263158,0.36363636363636365,0.7906976744186045,0.7215189873417721,0.3396226415094339,0.7460317460317462,0.6701570680628274,0.5174537987679619,0.18333333333333324,0.0222222222222222,0.8157894736842106,0.0,0.6666666666666666
0.5263157894736845,0.1363636363636364,0.5813953488372091,0.06962025316455694,0.2452830188679245,0.39682539682539686,0.4712041884816755,0.5564681724845992,0.933333333333334,1.0,0.3684210526315792,0.0,0.0
0.10526315789473678,0.4318181818181819,0.23255813953488358,0.9525316455696202,0.41509433962264153,0.33333333333333337,0.7329842931937174,0.8336755646817291,0.2666666666666664,0.3111111111111111,0.0,0.0,1.0
0.6842105263157897,0.1363636363636364,0.7906976744186045,0.0,0.6037735849056605,0.3015873015873016,0.44502617801047134,0.21560574948665268,0.2666666666666664,0.0,0.6052631578947367,0.0,0.6666666666666666
0.34210526315789486,0.9090909090909092,0.3953488372093022,0.38607594936708856,0.45283018867924535,0.047619047619047616,0.7958115183246075,0.5687885010266946,0.3833333333333336,0.1333333333333333,0.13157894736842113,0.0,0.3333333333333333
0.44736842105263164,0.5681818181818182,0.46511627906976727,0.5632911392405062,0.22641509433962262,0.380952380952381,0.5130890052356022,0.4784394250513359,0.233333333333333,0.22222222222222218,0.5263157894736844,0.0,0.6666666666666666
0.736842105263158,0.8636363636363638,0.5581395348837208,0.012658227848101278,0.3207547169811321,0.20634920634920637,0.7382198952879583,0.42915811088295425,0.5166666666666672,0.15555555555555556,0.4473684210526315,0.0,1.0
0.0,0.09090909090909088,0.325581395348837,0.24050632911392406,0.30188679245283023,0.39682539682539686,0.45549738219895297,0.5102669404517386,0.8166666666666669,0.17777777777777778,0.13157894736842113,0.0,0.6666666666666666
0.1578947368421053,0.4318181818181819,0.6511627906976742,0.5506329113924049,0.28301886792452835,0.380952380952381,0.5130890052356022,0.6078028747433207,0.9000000000000007,0.3555555555555555,0.5526315789473686,0.0,0.6666666666666666
0.36842105263157904,0.3863636363636364,0.46511627906976727,0.4430379746835443,0.05660377358490565,0.4444444444444445,0.5026178010471205,0.22176591375769472,0.33333333333333315,0.6888888888888889,0.9736842105263159,0.0,0.0
0.21052631578947378,0.18181818181818182,0.4186046511627906,0.07594936708860758,0.28301886792452835,0.3015873015873016,0.518324607329843,0.22792607802874815,0.4333333333333333,0.3555555555555555,0.4210526315789474,0.0,0.6666666666666666
0.26315789473684226,0.2954545454545455,0.1627906976744185,0.46835443037974683,0.35849056603773577,0.8730158730158731,0.9005235602094241,0.6468172484599581,0.4666666666666667,0.33333333333333326,0.13157894736842113,0.0,1.0
0.36842105263157904,0.27272727272727276,0.8372093023255813,0.4620253164556962,0.22641509433962262,0.6984126984126985,0.7696335078534033,0.6704312114989677,0.3999999999999999,0.33333333333333326,0.105263157894737,0.0,1.0
0.5263157894736845,0.1363636363636364,0.7674418604651161,0.430379746835443,0.37735849056603776,0.34920634920634924,0.6649214659685865,0.7104722792607749,0.4333333333333333,0.5111111111111112,0.02631578947368418,0.0,0.0
0.5789473684210528,0.15909090909090906,0.9069767441860463,0.09493670886075947,0.41509433962264153,0.23809523809523814,0.5445026178010473,0.2361396303901413,0.36666666666666653,0.3555555555555555,0.5789473684210527,0.0,1.0
0.07894736842105271,0.18181818181818182,0.23255813953488358,0.9493670886075949,0.35849056603773577,0.5714285714285715,0.45549738219895297,0.9383983572895229,0.4833333333333337,0.3111111111111111,0.0,0.0,0.6666666666666666
0.2894736842105264,0.15909090909090906,0.4186046511627906,0.0253164556962025,0.39622641509433965,0.33333333333333337,0.20942408376963362,0.2577002053388111,0.8333333333333339,0.3555555555555555,0.5789473684210527,0.0,0.6666666666666666
0.5526315789473686,0.6363636363636364,0.20930232558139522,0.37341772151898733,0.30188679245283023,0.904761904761905,0.649214659685864,0.5749486652977367,0.5,0.1111111111111111,0.2894736842105263,0.0,0.6666666666666666
0.26315789473684226,0.0,0.4186046511627906,0.43670886075949367,0.6037735849056605,0.25396825396825395,0.293193717277487,0.4897330595482501,0.5499999999999998,0.0888888888888888,0.2894736842105263,0.0,0.6666666666666666
0.10526315789473678,0.27272727272727276,0.325581395348837,0.5189873417721518,0.35849056603773577,0.7936507936507937,0.6596858638743457,0.6796714579055421,0.6333333333333336,0.1333333333333333,0.13157894736842113,0.0,1.0
0.5789473684210528,0.2954545454545455,0.5581395348837208,0.25316455696202533,0.28301886792452835,0.20634920634920637,0.15706806282722519,0.1396303901437405,0.21666666666666662,0.3555555555555555,0.9210526315789476,0.0,0.6666666666666666
0.36842105263157904,0.25,0.4186046511627906,0.25316455696202533,0.18867924528301894,0.5873015873015874,0.5235602094240839,0.10266940451745421,0.3166666666666668,0.1333333333333333,0.9736842105263159,0.0,0.0
0.3157894736842105,0.36363636363636365,0.325581395348837,0.012658227848101278,0.169811320754717,0.1904761904761905,0.4973821989528797,0.392197125256668,0.33333333333333315,0.0888888888888888,0.07894736842105238,0.0,1.0
0.07894736842105271,0.15909090909090906,0.6279069767441858,0.22151898734177214,0.28301886792452835,0.8412698412698415,0.5968586387434556,0.3942505133470191,0.6000000000000002,0.6666666666666666,0.4473684210526315,0.0,0.6666666666666666
0.1578947368421053,0.04545454545454547,0.2790697674418603,0.037974683544303806,0.3207547169811321,0.49206349206349215,0.4188481675392671,0.10472279260780537,0.5166666666666672,0.0,0.6578947368421055,0.0,0.6666666666666666
0.07894736842105271,0.25,0.2790697674418603,0.5569620253164558,0.45283018867924535,0.7142857142857144,0.518324607329843,0.6396303901437348,0.45000000000000034,0.2888888888888889,0.3157894736842105,0.0,0.6666666666666666
0.26315789473684226,0.31818181818181823,0.44186046511627886,0.037974683544303806,0.5094339622641509,0.4603174603174604,0.5287958115183247,0.35112936344969087,0.9166666666666672,0.5333333333333334,0.4210526315789474,0.0,0.0
0.26315789473684226,0.09090909090909088,0.5116279069767441,0.5443037974683544,0.5094339622641509,0.3015873015873016,0.33507853403141374,0.7002053388090306,0.7000000000000004,0.37777777777777777,0.13157894736842113,0.0,0.6666666666666666
0.2368421052631579,0.18181818181818182,0.5348837209302324,0.04430379746835442,0.30188679245283023,0.9841269841269843,0.7225130890052358,0.3408624229979466,0.6499999999999999,0.5333333333333334,0.39473684210526333,0.0,0.6666666666666666
0.13157894736842113,0.4318181818181819,0.5116279069767441,0.4493670886075949,0.2452830188679245,0.06349206349206349,0.0418848167539268,0.166324435318271,0.4833333333333337,0.0888888888888888,1.0,0.0,0.0
0.44736842105263164,0.15909090909090906,0.6976744186046511,0.012658227848101278,0.8301886792452833,0.3015873015873016,0.6806282722513091,0.3408624229979466,0.8166666666666669,0.2444444444444444,0.4473684210526315,0.0,0.6666666666666666
0.2368421052631579,0.5,0.23255813953488358,0.0632911392405063,0.4339622641509434,0.6825396825396826,0.8638743455497384,0.35112936344969087,0.3999999999999999,0.4222222222222222,0.18421052631578938,0.0,1.0
0.5000000000000001,0.36363636363636365,0.2790697674418603,0.34177215189873417,0.5849056603773586,0.6190476190476192,0.7434554973821991,0.5359342915811107,0.33333333333333315,0.0666666666666666,0.3157894736842105,0.0,0.6666666666666666
0.26315789473684226,0.20454545454545456,0.3953488372093022,0.06962025316455694,0.3207547169811321,0.4761904761904763,0.3874345549738221,0.14989733059548477,0.16666666666666619,0.6888888888888889,0.5263157894736844,0.0,0.6666666666666666
0.2894736842105264,0.5,0.4883720930232557,0.7943037974683544,0.5283018867924528,0.23809523809523814,0.45549738219895297,0.6119096509240229,0.45000000000000034,0.5333333333333334,0.5526315789473686,0.0,0.6666666666666666
0.36842105263157904,0.02272727272727265,0.5348837209302324,0.23417721518987344,0.6415094339622641,0.4126984126984128,0.4816753926701572,0.6283367556468207,0.8333333333333339,0.15555555555555556,0.02631578947368418,0.0,0.0
0.6315789473684212,0.5681818181818182,0.37209302325581384,0.5632911392405062,0.6415094339622641,0.4444444444444445,0.81151832460733,0.6180698151950763,0.18333333333333324,0.22222222222222218,0.5263157894736844,0.0,0.6666666666666666
0.5263157894736845,0.4545454545454546,0.7441860465116277,0.006329113924050611,0.15094339622641506,0.1904761904761905,0.7591623036649215,0.22792607802874815,0.3166666666666668,0.46666666666666673,0.6315789473684214,0.0,0.6666666666666666
0.736842105263158,0.09090909090909088,0.9069767441860463,0.006329113924050611,0.15094339622641506,0.36507936507936517,0.2879581151832462,0.2895277207392138,0.11666666666666653,0.8,0.39473684210526333,0.0,0.0
0.2894736842105264,0.3409090909090909,0.46511627906976727,0.5158227848101266,0.490566037735849,0.3174603174603175,0.7329842931937174,0.4014373716632424,0.5166666666666672,0.5333333333333334,0.6403508763157897,0.0,0.6666666666666666
0.3157894736842105,0.5,0.2558139534883719,0.03164556962025317,0.45283018867924535,0.5396825396825398,0.8272251308900525,0.3408624229979466,0.41666666666666696,0.19999999999999993,0.26315789473684226,0.0,0.6666666666666666
0.5789473684210528,0.1363636363636364,0.4883720930232557,0.0253164556962025,0.41509433962264153,0.5714285714285715,0.6073298429319373,0.40246406570841226,0.8333333333333339,0.46666666666666673,0.3157894736842105,0.0,0.6666666666666666
0.5526315789473686,0.09090909090909088,0.4883720930232557,0.3481012658227848,0.07547169811320759,0.7619047619047621,0.7015706806282724,0.33675564681724435,0.16666666666666619,0.1333333333333333,0.5263157894736844,0.0,0.6666666666666666
0.36842105263157904,0.04545454545454547,0.6976744186046511,0.0822784810126582,0.22641509433962262,0.20634920634920637,0.39790575916230375,0.2895277207392138,0.933333333333334,0.22222222222222218,0.6578947368421055,0.0,0.0
0.1578947368421053,0.0,0.1627906976744185,0.29113924050632906,0.2075471698113207,0.507936507936508,0.5287958115183247,0.43634496919917753,0.19999999999999962,0.5555555555555555,0.23684210526315808,0.0,0.6666666666666666
0.13157894736842113,0.2954545454545455,0.3953488372093022,0.5063291139240506,0.490566037735849,0.6031746031746033,0.5759162303664922,0.47433264887063364,0.5333333333333334,0.46666666666666673,0.4736842105263157,0.0,0.6666666666666666
0.5526315789473686,0.6136363636363636,0.3023255813953487,0.8734177215189873,0.5471698113207547,0.36507936507936517,0.7748691099476441,0.9753593429158092,0.41666666666666696,0.37777777777777777,0.2105263157894735,0.0,1.0
0.1578947368421053,0.3409090909090909,0.23255813953488358,0.7341772151898733,0.37735849056603776,0.634920634920635,0.842931937172775,0.7926078028747405,0.666666666666667,0.22222222222222218,0.15789473684210523,0.0,1.0
0.5263157894736845,0.4318181818181819,0.37209302325581384,0.9240506329113922,0.45283018867924535,0.9841269841269843,0.9633507853403143,0.9845995893223837,0.21666666666666662,0.8,0.15789473684210523,0.0,1.0
0.8947368421052637,0.5,0.7906976744186045,0.05696202531645567,0.28301886792452835,0.06349206349206349,0.4973821989528797,0.5975359342915764,0.4333333333333333,0.3555555555555555,0.26315789473684226,0.0,0.6666666666666666
0.3157894736842105,0.31818181818181823,0.46511627906976727,0.430379746835443,0.45283018867924535,0.8253968253968255,0.9214659685863875,0.6488706365503092,0.5166666666666672,0.15555555555555556,0.15789473684210523,0.0,1.0
0.5789473684210528,0.4318181818181819,0.7209302325581394,0.8037974683544304,0.37735849056603776,0.6190476190476192,0.8952879581151834,0.9671457905544161,0.41666666666666696,0.7111111111111111,0.05263157894736825,0.0,1.0
0.26315789473684226,0.36363636363636365,0.46511627906976727,0.07911392405063292,0.2452830188679245,0.047619047619047616,0.9633507853403143,0.4332648870636565,0.45000000000000034,0.6666666666666666,0.26315789473684226,0.0,0.6666666666666666
0.3157894736842105,0.4545454545454546,0.6976744186046511,0.4493670886075949,0.39622641509433965,1.0,0.7539267015706808,0.5605749486653016,0.36666666666666653,0.39999999999999997,0.17105263157894757,0.0,0.6666666666666666
0.26315789473684226,0.0,0.4186046511627906,0.43670886075949367,0.6037735849056605,0.25396825396825395,0.293193717277487,0.4897330595482501,0.5499999999999998,0.0888888888888888,0.2894736842105263,0.0,0.6666666666666666
0.44736842105263164,0.04545454545454547,0.6046511627906975,0.012658227848101278,0.3396226415094339,0.25396825396825395,0.33507853403141374,0.3100616016427138,0.3833333333333336,0.22222222222222218,0.5526315789473686,0.0,0.0
0.3157894736842105,0.2954545454545455,0.46511627906976727,0.05696202531645567,0.0,0.14285714285714285,0.6649214659685865,0.3408624229979466,0.6000000000000002,0.6666666666666666,0.4210526315789474,0.0,0.6666666666666666
0.26315789473684226,0.4090909090909091,0.37209302325581384,0.43670886075949367,0.47169811320754723,0.7619047619047621,0.8062827225130891,0.5811088295687901,0.3500000000000002,0.39999999999999997,0.18421052631578938,0.0,1.0
0.2368421052631579,0.2954545454545455,0.9534883720930232,0.41772151898734167,0.45283018867924535,0.4761904761904763,0.9109947643979059,0.6160164271047253,0.3833333333333336,0.48888888888888893,0.13157894736842113,0.0,0.3333333333333333
0.2368421052631579,0.2954545454545455,0.6279069767441858,0.43670886075949367,0.41509433962264153,0.8412698412698415,0.9895287958115186,0.6098562628336718,0.4333333333333333,0.3555555555555555,0.15789473684210523,0.0,0.6666666666666666
0.1578947368421053,0.31818181818181823,0.9767441860465116,0.3291139240506329,0.05660377358490565,0.507936507936508,0.40837696335078544,0.2186858316221737,0.5833333333333331,0.4222222222222222,0.7631578947368425,0.0,0.0
0.3947368421052634,0.3863636363636364,0.5348837209302324,0.740506329113924,0.2452830188679245,0.4444444444444445,0.4712041884816755,0.6078028747433207,0.18333333333333324,0.7333333333333334,0.39473684210526333,0.0,0.6666666666666666
0.3947368421052634,0.02272727272727265,0.44186046511627886,0.0822784810126582,0.15094339622641506,0.14285714285714285,0.293193717277487,0.18891170431211074,0.28333333333333344,0.5777777777777777,0.6052631578947367,0.0,0.0
0.34210526315789486,0.04545454545454547,0.6046511627906975,0.0632911392405063,0.37735849056603776,0.3015873015873016,0.549738219895288,0.34496919917863744,0.6166666666666666,0.6,0.4210526315789474,0.0,0.6666666666666666
0.2368421052631579,0.4090909090909091,0.37209302325581384,0.7151898734177216,0.35849056603773577,0.3015873015873016,0.9371727748691101,0.6806981519507234,0.2999999999999997,0.5777777777777777,0.26315789473684226,0.0,1.0
0.5526315789473686,0.5454545454545454,0.9302325581395348,0.7468354430379747,0.3207547169811321,0.8253968253968255,0.8272251308900525,0.9158110882956834,0.2666666666666664,0.3111111111111111,0.02631578947368418,0.0,0.6666666666666666
0.5789473684210528,0.2954545454545455,0.3488372093023254,0.8164556962025316,0.47169811320754723,0.634920634920635,0.905759162303665,0.9158110882956834,0.6833333333333333,0.39999999999999997,0.23684210526315808,0.0,0.6666666666666666
0.21052631578947378,0.36363636363636365,0.9069767441860463,0.6455696202531644,0.6226415094339623,1.0,0.9895287958115186,0.7268993839835726,0.4333333333333333,0.6222222222222222,0.13157894736842113,0.0,0.6666666666666666
0.34210526315789486,0.22727272727272724,0.7209302325581394,0.48734177215189867,0.2075471698113207,0.380952380952381,0.6387434554973823,0.5872689938398321,0.4833333333333337,0.6666666666666666,0.26315789473684226,0.0,0.6666666666666666
0.34210526315789486,0.27272727272727276,0.46511627906976727,0.05063291139240503,0.3396226415094339,0.3174603174603175,0.4973821989528797,0.5051334702258665,0.8500000000000003,0.6444444444444444,0.3421052631578946,0.0,0.6666666666666666
0.36842105263157904,0.4090909090909091,0.2558139534883719,0.07594936708860758,0.35849056603773577,0.15873015873015875,0.2198952879581153,0.3819301848049237,0.3999999999999999,0.15555555555555556,0.13157894736842113,0.0,0.6666666666666666
0.473684210526316,0.02272727272727265,0.5348837209302324,0.006329113924050611,0.037735849056603765,0.17460317460317462,0.1937172774869111,0.4332648870636565,0.7333333333333338,0.17777777777777778,0.26315789473684226,0.0,1.0
0.2894736842105264,0.09090909090909088,0.37209302325581384,0.0253164556962025,0.30188679245283023,0.5555555555555557,0.6020942408376965,0.47433264887063364,0.6833333333333333,0.8888888888888888,0.15789473684210523,0.0,0.6666666666666666
0.5000000000000001,0.6136363636363636,0.325581395348837,0.36708860759493667,0.6037735849056605,0.5714285714285715,0.7172774869109949,0.5564681724845992,0.45000000000000034,0.19999999999999993,0.26315789473684226,0.0,0.6666666666666666
0.7105263157894738,0.4318181818181819,0.6046511627906975,0.4050632911392405,0.22641509433962262,0.49206349206349215,0.6806282722513091,0.6611909650924046,0.4333333333333333,0.48888888888888893,0.4473684210526315,0.0,0.6666666666666666
0.5789473684210528,0.27272727272727276,0.6046511627906975,0.037974683544303806,0.13207547169811318,0.015873015873015872,0.4188481675392671,0.3613963039014352,0.36666666666666653,0.17777777777777778,0.39473684210526333,0.0,0.3333333333333333
0.4210526315789475,0.22727272727272724,0.5581395348837208,0.12658227848101267,0.18867924528301894,0.49206349206349215,0.39790575916230375,0.10472279260780537,0.41666666666666696,0.2444444444444444,0.868421052631579,0.0,0.6666666666666666
0.6578947368421055,0.25,0.5813953488372091,0.36075949367088606,0.2641509433962264,0.2698412698412699,0.198952879581152,0.425051334702252,0.0,0.37777777777777777,0.4736842105263157,0.0,1.0
0.6578947368421055,0.3409090909090909,0.6744186046511627,0.36075949367088606,0.2075471698113207,0.015873015873015872,0.47643979057591634,0.4435318275154008,0.3166666666666668,0.22222222222222218,0.4736842105263157,0.0,1.0
0.5526315789473686,0.27272727272727276,0.3488372093023254,0.04430379746835442,0.2452830188679245,0.380952380952381,0.5392670157068064,0.3737166324435306,0.8666666666666674,0.5333333333333334,0.39473684210526333,0.0,0.6666666666666666
0.5000000000000001,0.11363636363636359,0.3488372093023254,0.0253164556962025,0.490566037735849,0.5714285714285715,0.42408376963350797,0.4455852156057519,1.0,0.7555555555555555,0.4210526315789474,0.0,0.0
0.26315789473684226,0.09090909090909088,0.5116279069767441,0.5443037974683544,0.5094339622641509,0.3015873015873016,0.33507853403141374,0.7002053388090306,0.7000000000000004,0.37777777777777777,0.13157894736842113,0.0,0.6666666666666666
0.10526315789473678,0.36363636363636365,0.5348837209302324,0.15822784810126578,0.15094339622641506,0.3174603174603175,0.4712041884816755,0.11190965092401722,0.45000000000000034,0.26666666666666666,0.7368421052631579,0.0,0.6666666666666666
0.3947368421052634,0.20454545454545456,0.5348837209302324,0.7468354430379747,0.5849056603773586,0.6190476190476192,0.74869109947644,0.8747433264887062,0.8166666666666669,0.22222222222222218,0.23684210526315808,0.0,0.6666666666666666
0.473684210526316,0.36363636363636365,0.46511627906976727,0.4493670886075949,0.47169811320754723,0.5555555555555557,0.8481675392670158,0.7227926078028704,0.36666666666666653,0.37777777777777777,0.05263157894736825,0.0,0.6666666666666666
0.5789473684210528,0.09090909090909088,0.4186046511627906,0.38607594936708856,0.30188679245283023,0.380952380952381,0.4397905759162305,0.7227926078028704,0.45000000000000034,0.22222222222222218,0.07894736842105238,0.0,0.6666666666666666
0.18421052631578938,0.27272727272727276,0.9534883720930232,0.07594936708860758,0.47169811320754723,0.8888888888888891,0.6701570680628274,0.35112936344969087,0.25000000000000006,0.6222222222222222,0.23684210526315808,0.0,0.6666666666666666
0.1578947368421053,0.09090909090909088,0.4883720930232557,0.0253164556962025,0.2075471698113207,0.14285714285714285,0.25654450261780115,0.14065708418891038,0.6833333333333333,0.5777777777777777,0.5789473684210527,0.0,0.0
0.5000000000000001,0.22727272727272724,0.5581395348837208,0.9113924050632911,0.47169811320754723,0.5238095238095238,0.7748691099476441,0.905544147843939,0.16666666666666619,0.22222222222222218,0.02631578947368418,0.0,0.6666666666666666
0.7105263157894738,0.1363636363636364,0.46511627906976727,0.01898734177215189,0.2075471698113207,0.031746031746031744,0.12041884816753934,0.3018480492813092,0.10000000000000014,0.9111111111111112,0.3684210526315792,0.0,1.0
0.6578947368421055,0.09090909090909088,0.6279069767441858,0.012658227848101278,0.28301886792452835,0.17460317460317462,0.25654450261780115,0.25872689938398097,0.41666666666666696,0.6888888888888889,0.5000000000000002,0.0,1.0
0.36842105263157904,0.840909090909091,0.46511627906976727,0.20253164556962028,0.7735849056603774,0.5238095238095238,0.7277486910994766,0.5154004106776222,0.45000000000000034,0.22222222222222218,0.05263157894736825,0.0,1.0
0.5526315789473686,0.6363636363636364,0.09302325581395338,0.6139240506329113,0.39622641509433965,0.20634920634920637,0.3612565445026179,0.6591375770020534,0.4833333333333337,0.0222222222222222,0.4736842105263157,0.0,1.0
0.44736842105263164,0.27272727272727276,0.5116279069767441,0.9620253164556962,0.35849056603773577,0.4126984126984128,0.7539267015706808,0.7145790554414772,0.3999999999999999,0.1111111111111111,0.6052631578947367,0.0,1.0
0.2894736842105264,0.27272727272727276,0.4883720930232557,0.16455696202531644,0.09433962264150936,0.49206349206349215,0.3455497382198954,0.08008213552361448,0.4833333333333337,0.6666666666666666,0.9736842105263159,0.0,0.0
0.4210526315789475,0.1363636363636364,0.5813953488372091,0.4936708860759494,0.22641509433962262,0.4126984126984128,0.4031413612565446,0.451745379876794,0.33333333333333315,0.37777777777777777,0.5526315789473686,0.0,0.6666666666666666
0.7105263157894738,0.7045454545454546,0.5581395348837208,0.4620253164556962,0.22641509433962262,0.4444444444444445,0.9947643979057594,0.8336755646817291,0.6333333333333336,0.7111111111111111,0.2105263157894735,0.0,1.0
0.6578947368421055,0.840909090909091,0.6046511627906975,0.3291139240506329,0.490566037735849,0.39682539682539686,0.7696335078534033,0.9158110882956834,0.2666666666666664,0.46666666666666673,0.2105263157894735,0.0,1.0
0.34210526315789486,0.47727272727272724,0.8837209302325579,0.4936708860759494,0.5849056603773586,0.4761904761904763,0.7382198952879583,0.6981519507186909,0.18333333333333324,0.33333333333333326,0.13157894736842113,0.0,1.0
0.3947368421052634,0.25,0.46511627906976727,0.19620253164556956,0.5471698113207547,0.28571428571428575,0.4712041884816755,0.4640657084188894,0.10000000000000014,0.1333333333333333,0.13157894736842113,0.0,0.6666666666666666
0.6842105263157897,0.31818181818181823,0.7441860465116277,0.38607594936708856,0.37735849056603776,0.5714285714285715,0.74869109947644,0.6591375770020534,0.3999999999999999,0.2444444444444444,0.4473684210526315,0.0,1.0
0.026315789473684237,0.0,0.3953488372093022,0.22784810126582278,0.07547169811320759,0.2698412698412699,0.40837696335078544,0.5564681724845992,0.6833333333333333,0.26666666666666666,0.02631578947368418,0.0,1.0
0.5000000000000001,0.18181818181818182,0.9069767441860463,0.5316455696202531,0.169811320754717,0.380952380952381,0.5654450261780106,0.4537987679671451,0.10000000000000014,0.0,0.5526315789473686,0.0,0.0
0.5263157894736845,0.15909090909090906,0.3953488372093022,0.012658227848101278,0.30188679245283023,0.34920634920634924,0.3821989528795813,0.3305954825462023,0.4333333333333333,0.0222222222222222,0.23684210526315808,0.0,0.6666666666666666
0.10526315789473678,0.20454545454545456,0.4883720930232557,0.15822784810126578,0.35849056603773577,0.4761904761904763,0.6910994764397906,0.05133470225872144,0.4333333333333333,0.1111111111111111,0.8421052631578949,0.0,0.0
0.473684210526316,0.06818181818181823,0.7209302325581394,0.037974683544303806,0.5094339622641509,0.3015873015873016,0.5235602094240839,0.28747433264887406,0.4333333333333333,0.37777777777777777,0.5000000000000002,0.0,1.0
0.0,0.2840909090909091,0.4186046511627906,0.430379746835443,0.5094339622641509,0.34920634920634924,0.34031413612565453,0.49691991786447337,0.4333333333333333,0.1333333333333333,0.39473684210526333,0.0,0.6666666666666666
0.5526315789473686,0.4318181818181819,0.5116279069767441,0.6392405063291138,0.2075471698113207,0.3174603174603175,0.48691099476439803,0.6899383983572863,0.36666666666666653,0.04444444444444445,0.4210526315789474,0.0,0.6666666666666666
0.5263157894736845,0.11363636363636359,0.4883720930232557,0.8544303797468353,0.37735849056603776,0.5396825396825398,0.87434554973822,0.9363449691991832,0.28333333333333344,0.39999999999999997,0.07894736842105238,0.0,0.6666666666666666
0.5526315789473686,0.4090909090909091,0.9069767441860463,0.04430379746835442,0.1132075471698113,0.6190476190476192,0.43455497382198965,0.11498973305954968,0.233333333333333,0.3111111111111111,0.9473684210526319,0.0,0.6666666666666666
0.3947368421052634,0.22727272727272724,0.6744186046511627,0.01898734177215189,0.7169811320754718,0.20634920634920637,0.5759162303664922,0.3408624229979466,0.6333333333333336,0.3555555555555555,0.39473684210526333,0.0,0.0
0.26315789473684226,0.27272727272727276,0.325581395348837,0.34177215189873417,0.28301886792452835,0.34920634920634924,0.5130890052356022,0.08418891170430542,0.4833333333333337,0.37777777777777777,0.9736842105263159,0.0,0.0
0.4210526315789475,0.1363636363636364,0.6279069767441858,0.0632911392405063,0.09433962264150936,0.33333333333333337,0.5759162303664922,0.3819301848049237,0.5833333333333331,0.6444444444444444,0.3421052631578946,0.0,0.6666666666666666
0.36842105263157904,0.27272727272727276,0.7674418604651161,0.680379746835443,0.37735849056603776,0.7619047619047621,0.9005235602094241,0.7618069815195077,0.5499999999999998,0.5111111111111112,0.15789473684210523,0.0,1.0
0.1578947368421053,0.1363636363636364,0.37209302325581384,0.36708860759493667,0.45283018867924535,0.2698412698412699,0.3507853403141362,0.3408624229979466,0.36666666666666653,0.22222222222222218,0.5526315789473686,0.0,0.6666666666666666
0.05263157894736831,0.3522727272727273,0.23255813953488358,0.07594936708860758,0.45283018867924535,0.20634920634920637,0.5654450261780106,0.44147843942504966,0.4666666666666667,0.8,0.2894736842105263,0.0,1.0
0.6052631578947371,0.3409090909090909,0.8837209302325579,0.0822784810126582,0.45283018867924535,0.49206349206349215,0.7958115183246075,0.37166324435317943,0.3999999999999999,0.7111111111111111,0.4473684210526315,0.0,0.6666666666666666
0.736842105263158,0.15909090909090906,0.5116279069767441,0.610759493670886,0.5283018867924528,0.7619047619047621,0.6230366492146598,0.7926078028747405,0.3999999999999999,0.3555555555555555,0.3421052631578946,0.0,0.6666666666666666
0.4210526315789475,0.18181818181818182,0.6744186046511627,0.06962025316455694,0.5660377358490566,0.5396825396825398,0.9005235602094241,0.5770020533880879,0.9833333333333338,0.48888888888888893,0.3421052631578946,0.0,0.6666666666666666
0.5000000000000001,0.11363636363636359,0.3488372093023254,0.0253164556962025,0.490566037735849,0.5714285714285715,0.42408376963350797,0.4455852156057519,1.0,0.7555555555555555,0.4210526315789474,0.0,0.0
0.5789473684210528,0.3409090909090909,0.37209302325581384,0.3481012658227848,0.3207547169811321,0.4285714285714286,0.7015706806282724,0.5051334702258665,0.3500000000000002,0.33333333333333326,0.4736842105263157,0.0,1.0
0.1578947368421053,0.6363636363636364,0.7209302325581394,0.7215189873417721,0.13207547169811318,0.7142857142857144,0.8010471204188483,0.6919917864476375,0.3500000000000002,0.6222222222222222,0.2105263157894735,0.0,1.0
0.34210526315789486,0.3409090909090909,0.9069767441860463,0.23417721518987344,0.169811320754717,0.4761904761904763,0.6806282722513091,0.5154004106776222,0.33333333333333315,0.2888888888888889,0.26315789473684226,0.0,0.6666666666666666
0.26315789473684226,0.25,0.46511627906976727,0.28481012658227844,0.2452830188679245,0.15873015873015875,0.5392670157068064,0.546201232032855,0.3500000000000002,0.37777777777777777,0.18421052631578938,0.0,0.6666666666666666
0.3157894736842105,0.25,0.9534883720930232,0.4430379746835443,0.41509433962264153,0.8888888888888891,0.8534031413612567,0.6735112936345,0.4833333333333337,0.37777777777777777,0.07894736842105238,0.0,1.0
0.18421052631578938,0.02272727272727265,0.5813953488372091,0.9367088607594938,0.3207547169811321,0.7936507936507937,0.6910994764397906,0.712525667351126,0.5166666666666672,0.1111111111111111,0.4473684210526315,0.0,1.0
0.18421052631578938,0.31818181818181823,0.3488372093023254,0.7531645569620252,0.5471698113207547,0.4603174603174604,0.8534031413612567,0.8644763860369619,0.5333333333333334,0.2444444444444444,0.02631578947368418,0.0,0.3333333333333333
0.4210526315789475,0.31818181818181823,0.6744186046511627,0.48734177215189867,0.490566037735849,0.4285714285714286,0.6020942408376965,0.6796714579055421,0.7500000000000001,0.46666666666666673,0.4210526315789474,0.0,0.6666666666666666
0.36842105263157904,0.09090909090909088,0.4186046511627906,0.5569620253164558,0.2641509433962264,0.380952380952381,0.45549738219895297,0.47022587268994276,0.2999999999999997,0.2888888888888889,0.5263157894736844,0.0,0.0
0.7631578947368425,0.2954545454545455,0.6744186046511627,0.08860759493670883,0.6226415094339623,0.17460317460317462,0.42408376963350797,0.6180698151950763,0.5833333333333331,0.6,0.3684210526315792,0.0,1.0
0.36842105263157904,0.15909090909090906,0.6976744186046511,0.3354430379746835,0.13207547169811318,0.5555555555555557,0.4973821989528797,0.27310061601642754,0.41666666666666696,0.46666666666666673,0.8157894736842106,0.0,0.0
0.26315789473684226,0.04545454545454547,0.7441860465116277,0.0,0.2075471698113207,0.380952380952381,0.45549738219895297,0.1355236139630382,0.41666666666666696,0.4444444444444445,0.5526315789473686,0.0,0.6666666666666666
0.10526315789473678,0.27272727272727276,0.325581395348837,0.5189873417721518,0.35849056603773577,0.7936507936507937,0.6596858638743457,0.6796714579055421,0.6333333333333336,0.1333333333333333,0.13157894736842113,0.0,1.0
0.44736842105263164,0.3409090909090909,0.5581395348837208,0.430379746835443,0.2075471698113207,0.6984126984126985,0.5340314136125656,0.46098562628336837,0.4666666666666667,0.17777777777777778,0.4736842105263157,0.0,0.6666666666666666
0.4210526315789475,0.3863636363636364,0.5813953488372091,0.037974683544303806,0.7169811320754718,0.126984126984127,0.48691099476439803,0.24229979466119467,0.4833333333333337,0.39999999999999997,0.4736842105263157,0.0,1.0
0.26315789473684226,0.22727272727272724,0.37209302325581384,0.4556962025316455,0.5471698113207547,0.6666666666666667,0.8167539267015709,0.6057494866529809,0.3166666666666668,0.39999999999999997,0.15789473684210523,0.0,1.0
0.6842105263157897,0.20454545454545456,0.5813953488372091,0.5189873417721518,0.35849056603773577,0.7619047619047621,0.8376963350785342,0.772073921971252,0.2666666666666664,0.5333333333333334,0.15789473684210523,0.0,0.0
0.2894736842105264,0.20454545454545456,0.5348837209302324,0.8101265822784809,0.3207547169811321,0.3174603174603175,0.5916230366492148,0.7669404517453798,0.7000000000000004,0.5333333333333334,0.39473684210526333,0.0,0.6666666666666666
0.5000000000000001,0.27272727272727276,0.5348837209302324,0.6835443037974683,0.6037735849056605,0.6825396825396826,0.5287958115183247,0.7648870636550287,0.28333333333333344,0.5111111111111112,0.2894736842105263,0.0,0.6666666666666666
0.5789473684210528,0.5454545454545454,0.23255813953488358,0.15189873417721517,0.39622641509433965,0.06349206349206349,0.4712041884816755,0.5051334702258665,0.36666666666666653,0.19999999999999993,0.13157894736842113,0.0,1.0
0.1578947368421053,0.04545454545454547,0.6279069767441858,0.03164556962025317,0.0,0.6031746031746033,0.47643979057591634,0.3408624229979466,0.8833333333333336,0.4222222222222222,0.2105263157894735,0.0,0.6666666666666666
0.34210526315789486,0.20454545454545456,0.4883720930232557,0.06962025316455694,0.39622641509433965,0.39682539682539686,0.36649214659685875,0.32032854209445805,0.666666666666667,0.7111111111111111,0.4736842105263157,0.0,0.0
0.5263157894736845,0.11363636363636359,0.4883720930232557,0.8544303797468353,0.37735849056603776,0.5396825396825398,0.87434554973822,0.9363449691991832,0.28333333333333344,0.39999999999999997,0.07894736842105238,0.0,0.6666666666666666
0.5789473684210528,0.2954545454545455,0.44186046511627886,0.09493670886075947,0.6415094339622641,0.507936507936508,0.46596858638743466,0.3901437371663283,0.2666666666666664,0.1111111111111111,0.23684210526315808,0.0,1.0
0.2894736842105264,0.5,0.4883720930232557,0.19620253164556956,0.679245283018868,0.23809523809523814,0.5654450261780106,0.5410677618069828,0.41666666666666696,0.2888888888888889,0.02631578947368418,0.0,0.6666666666666666
0.7105263157894738,0.3409090909090909,0.9069767441860463,0.38607594936708856,0.3207547169811321,0.2698412698412699,0.5130890052356022,0.5051334702258665,0.3500000000000002,0.19999999999999993,0.5000000000000002,0.0,0.6666666666666666
0.18421052631578938,0.36363636363636365,0.5116279069767441,0.07594936708860758,0.3207547169811321,0.5714285714285715,0.6073298429319373,0.004106776180690885,0.6333333333333336,0.26666666666666666,1.0,0.0,0.0
0.2894736842105264,0.18181818181818182,0.3953488372093022,0.037974683544303806,0.2641509433962264,0.49206349206349215,0.4712041884816755,0.2361396303901413,0.7500000000000001,0.5555555555555555,0.5526315789473686,0.0,0.0
0.10526315789473678,0.1363636363636364,0.46511627906976727,0.03164556962025317,0.1132075471698113,0.25396825396825395,0.16230366492146608,0.1714579055441432,0.8500000000000003,0.5111111111111112,0.5526315789473686,0.0,0.6666666666666666
0.3947368421052634,0.6590909090909092,0.4186046511627906,0.5316455696202531,0.5849056603773586,0.380952380952381,0.8219895287958117,0.6632443531827558,0.3999999999999999,0.2444444444444444,0.13157894736842113,0.0,1.0
0.18421052631578938,0.2954545454545455,0.3488372093023254,0.05063291139240503,0.30188679245283023,0.06349206349206349,0.43455497382198965,0.35112936344969087,0.25000000000000006,0.48888888888888893,0.02631578947368418,0.0,1.0
0.3947368421052634,0.1363636363636364,0.6046511627906975,0.03164556962025317,0.1132075471698113,0.5238095238095238,0.6335078534031415,0.37166324435317943,0.7000000000000004,0.5333333333333334,0.5526315789473686,0.0,0.6666666666666666
0.3947368421052634,0.25,0.46511627906976727,0.19620253164556956,0.5471698113207547,0.28571428571428575,0.4712041884816755,0.4640657084188894,0.10000000000000014,0.1333333333333333,0.13157894736842113,0.0,0.6666666666666666
0.5526315789473686,0.27272727272727276,0.46511627906976727,0.22784810126582278,0.037735849056603765,0.380952380952381,0.3455497382198954,0.14065708418891038,0.36666666666666653,0.1333333333333333,0.8157894736842106,0.0,0.0
0.5263157894736845,0.4318181818181819,0.37209302325581384,0.9240506329113922,0.45283018867924535,0.9841269841269843,0.9633507853403143,0.9845995893223837,0.21666666666666662,0.8,0.15789473684210523,0.0,1.0
0.44736842105263164,0.2954545454545455,0.325581395348837,0.7341772151898733,0.35849056603773577,0.6825396825396826,0.4816753926701572,0.7987679671457939,0.18333333333333324,0.5333333333333334,0.2894736842105263,0.0,0.0
0.8421052631578949,0.09090909090909088,0.6046511627906975,0.05063291139240503,0.28301886792452835,0.3015873015873016,0.842931937172775,0.6283367556468207,0.5333333333333334,0.5111111111111112,0.15789473684210523,0.0,0.6666666666666666
0.6578947368421055,0.6363636363636364,0.9069767441860463,0.4556962025316455,0.5849056603773586,0.4285714285714286,0.7225130890052358,0.7207392197125306,0.6000000000000002,0.6222222222222222,0.6052631578947367,0.0,0.0
0.473684210526316,0.20454545454545456,0.6744186046511627,0.03164556962025317,0.5283018867924528,0.33333333333333337,0.4188481675392671,0.22381930184804583,0.41666666666666696,0.33333333333333326,0.5789473684210527,0.0,0.6666666666666666
0.2894736842105264,0.2954545454545455,0.37209302325581384,0.4556962025316455,0.3207547169811321,0.25396825396825395,0.5602094240837697,0.6817248459958932,0.8333333333333339,0.7111111111111111,0.23684210526315808,0.0,0.6666666666666666
0.8157894736842107,0.36363636363636365,0.4186046511627906,0.1329113924050633,0.5471698113207547,0.7777777777777779,0.7748691099476441,0.6108829568788531,0.4666666666666667,0.2444444444444444,0.13157894736842113,0.0,0.6666666666666666
0.2368421052631579,0.6136363636363636,0.2790697674418603,0.39873417721518983,0.18867924528301894,0.28571428571428575,0.47643979057591634,0.22997946611909925,0.45000000000000034,0.15555555555555556,0.8,0.0,0.0
0.3157894736842105,0.11363636363636359,0.4186046511627906,0.6835443037974683,0.3207547169811321,0.7777777777777779,0.5811518324607331,0.5585215605749504,0.41666666666666696,0.1111111111111111,0.5000000000000002,0.0,0.6666666666666666
0.4210526315789475,0.15909090909090906,0.4186046511627906,0.4113924050632911,0.8490566037735852,0.634920634920635,0.8324607329842932,0.7310061601642748,0.6833333333333333,0.5111111111111112,0.13157894736842113,0.0,1.0
0.26315789473684226,0.22727272727272724,0.9302325581395348,0.670886075949367,0.41509433962264153,0.8730158730158731,0.9685863874345552,0.7310061601642748,0.41666666666666696,0.5555555555555555,0.105263157894737,0.0,1.0
0.2894736842105264,0.31818181818181823,0.5581395348837208,0.22784810126582278,0.5471698113207547,0.2698412698412699,0.5445026178010473,0.2515400410677576,0.45000000000000034,0.3111111111111111,0.8157894736842106,0.0,0.0
0.21052631578947378,0.4090909090909091,0.046511627906976605,0.24050632911392406,0.5471698113207547,0.015873015873015872,0.3717277486910996,0.4887063655030802,0.3833333333333336,0.39999999999999997,0.105263157894737,0.0,1.0
0.5526315789473686,0.4090909090909091,0.6279069767441858,0.012658227848101278,0.4339622641509434,0.2698412698412699,0.8272251308900525,0.4435318275154008,0.2666666666666664,0.2444444444444444,0.105263157894737,0.0,1.0
0.5263157894736845,0.18181818181818182,0.37209302325581384,0.012658227848101278,0.18867924528301894,0.20634920634920637,0.3717277486910996,0.3049281314168416,0.3166666666666668,0.19999999999999993,0.2105263157894735,0.0,0.6666666666666666
0.3157894736842105,0.9545454545454546,0.11627906976744168,0.5696202531645569,0.22641509433962262,0.5238095238095238,0.6858638743455499,0.712525667351126,0.5833333333333331,0.4444444444444445,0.13157894736842113,0.0,1.0
0.6842105263157897,0.4318181818181819,0.5813953488372091,0.5696202531645569,0.18867924528301894,0.2698412698412699,0.4293193717277488,0.522587268993834,0.3166666666666668,0.0888888888888888,0.7105263157894737,0.0,0.6666666666666666
0.36842105263157904,0.4318181818181819,0.7906976744186045,0.37974683544303794,0.47169811320754723,0.380952380952381,0.6753926701570682,0.6180698151950763,0.3500000000000002,0.22222222222222218,0.15789473684210523,0.0,1.0
0.4210526315789475,0.15909090909090906,0.5581395348837208,0.4430379746835443,0.6037735849056605,0.22222222222222224,0.39267015706806296,0.6078028747433207,0.10000000000000014,0.6,0.13157894736842113,0.0,1.0
0.3157894736842105,0.4545454545454546,0.5581395348837208,0.10126582278481011,0.490566037735849,0.5634920634920636,0.9633507853403143,0.3757700205338817,0.36666666666666653,0.6444444444444444,0.2894736842105263,0.0,1.0
0.18421052631578938,0.5227272727272727,0.6046511627906975,0.23417721518987344,0.18867924528301894,0.49206349206349215,0.4712041884816755,0.15605749486652676,0.6333333333333336,0.6666666666666666,0.9736842105263159,0.0,0.6666666666666666
0.3947368421052634,0.5909090909090909,0.1627906976744185,0.7531645569620252,0.15094339622641506,0.8571428571428573,0.8376963350785342,0.8275154004106756,0.25000000000000006,0.37777777777777777,0.13157894736842113,0.0,1.0
0.5000000000000001,0.011363636363636298,0.5348837209302324,0.006329113924050611,0.3207547169811321,0.14285714285714285,0.198952879581152,0.06570841889116796,0.28333333333333344,0.1111111111111111,0.7631578947368425,0.0,0.0
0.6315789473684212,0.31818181818181823,0.4883720930232557,0.06962025316455694,0.39622641509433965,0.36507936507936517,0.9528795811518327,0.4989733059548245,0.5,0.7111111111111111,0.23684210526315808,0.0,1.0
0.1578947368421053,0.0,0.6279069767441858,0.012658227848101278,0.13207547169811318,0.9206349206349208,0.6387434554973823,0.24332648870636453,0.6499999999999999,0.26666666666666666,0.6052631578947367,0.0,1.0
0.4210526315789475,0.09090909090909088,0.37209302325581384,0.0253164556962025,0.35849056603773577,0.6507936507936509,0.3298429319371729,0.3162217659137557,0.7666666666666672,0.3555555555555555,0.4736842105263157,0.0,0.0
0.6578947368421055,0.04545454545454547,0.46511627906976727,0.4050632911392405,0.47169811320754723,0.8412698412698415,0.6596858638743457,0.6817248459958932,0.3166666666666668,0.1111111111111111,0.15789473684210523,0.0,0.6666666666666666
0.6842105263157897,0.0,0.9069767441860463,0.03164556962025317,0.18867924528301894,0.5873015873015874,0.4921465968586389,0.3408624229979466,0.5499999999999998,0.17777777777777778,0.4473684210526315,0.0,0.0
0.13157894736842113,0.5,0.7209302325581394,0.01898734177215189,0.41509433962264153,0.634920634920635,0.40837696335078544,0.22792607802874815,0.666666666666667,0.4222222222222222,0.4473684210526315,0.0,0.6666666666666666
0.18421052631578938,0.4545454545454546,0.2558139534883719,0.25316455696202533,0.3207547169811321,0.1904761904761905,0.5602094240837697,0.43634496919917753,0.1499999999999999,0.46666666666666673,0.13157894736842113,0.0,1.0
0.13157894736842113,0.1363636363636364,0.4186046511627906,0.0,0.3396226415094339,0.634920634920635,0.3874345549738221,0.08726899383983777,0.7833333333333334,0.19999999999999993,0.6578947368421055,0.0,0.6666666666666666
0.5263157894736845,0.3409090909090909,0.4186046511627906,0.5822784810126582,0.13207547169811318,0.6031746031746033,0.586387434554974,0.5770020533880879,0.28333333333333344,0.33333333333333326,0.4473684210526315,0.0,0.6666666666666666
0.3947368421052634,0.18181818181818182,0.4186046511627906,0.430379746835443,0.47169811320754723,0.6031746031746033,0.4712041884816755,0.3880903490759771,0.4833333333333337,0.6222222222222222,0.6842105263157896,0.0,0.0
0.5789473684210528,0.1363636363636364,0.6046511627906975,0.05696202531645567,0.3396226415094339,0.3015873015873016,0.44502617801047134,0.2967145790554371,0.6000000000000002,0.48888888888888893,0.6315789473684214,0.0,0.6666666666666666
0.5263157894736845,0.36363636363636365,0.9069767441860463,0.4556962025316455,0.5660377358490566,0.6984126984126985,0.8481675392670158,0.8131416837782292,0.9833333333333338,0.5777777777777777,0.2105263157894735,0.0,0.6666666666666666
0.26315789473684226,0.22727272727272724,0.3023255813953487,0.39873417721518983,0.8301886792452833,0.4126984126984128,0.6858638743455499,0.6899383983572863,0.5333333333333334,0.46666666666666673,0.05263157894736825,0.0,1.0
0.473684210526316,0.25,0.4186046511627906,0.8481012658227849,0.5660377358490566,0.7936507936507937,0.9371727748691101,0.9363449691991832,0.3166666666666668,0.1333333333333333,0.02631578947368418,0.0,0.0
0.5000000000000001,0.15909090909090906,0.44186046511627886,0.037974683544303806,0.169811320754717,0.380952380952381,0.4816753926701572,0.22792607802874815,0.6166666666666666,0.39999999999999997,0.5526315789473686,0.0,0.0
0.3947368421052634,0.5454545454545454,0.4186046511627906,0.4620253164556962,0.6981132075471699,0.2698412698412699,0.7329842931937174,0.5728952772073855,0.3833333333333336,0.8888888888888888,0.4473684210526315,0.0,1.0
0.5263157894736845,0.1363636363636364,0.44186046511627886,0.04430379746835442,0.41509433962264153,0.17460317460317462,0.3874345549738221,0.30287474332649045,0.5833333333333331,0.2888888888888889,0.4473684210526315,0.0,0.6666666666666666
0.6315789473684212,0.27272727272727276,0.9069767441860463,0.13924050632911392,0.037735849056603765,0.36507936507936517,0.31937172774869116,0.24845995893223666,0.16666666666666619,0.0,0.6315789473684214,0.0,0.0
0.5263157894736845,0.09090909090909088,0.4883720930232557,0.0253164556962025,0.6226415094339623,0.5238095238095238,0.7382198952879583,0.37166324435317943,0.3833333333333336,0.46666666666666673,0.2894736842105263,0.0,0.0
0.18421052631578938,0.36363636363636365,0.8604651162790696,0.0253164556962025,0.45283018867924535,0.7142857142857144,0.842931937172775,0.3305954825462023,0.4333333333333333,0.2888888888888889,0.15789473684210523,0.0,1.0
0.5526315789473686,0.18181818181818182,0.5348837209302324,0.36075949367088606,0.2075471698113207,0.634920634920635,0.586387434554974,0.4537987679671451,0.45000000000000034,0.8,0.6578947368421055,0.0,0.6666666666666666
0.21052631578947378,0.5,0.2790697674418603,0.2689873417721519,0.2452830188679245,0.6190476190476192,0.6230366492146598,0.24229979466119467,0.4833333333333337,0.17777777777777778,0.6052631578947367,0.0,0.6666666666666666
0.7105263157894738,0.1363636363636364,0.9069767441860463,0.4493670886075949,0.490566037735849,0.7301587301587302,0.9371727748691101,0.6078028747433207,0.28333333333333344,0.4444444444444445,0.5526315789473686,0.0,0.6666666666666666
0.13157894736842113,0.2954545454545455,0.44186046511627886,0.6582278481012658,0.2075471698113207,0.4126984126984128,0.46596858638743466,0.5564681724845992,0.7000000000000004,0.3555555555555555,0.4210526315789474,0.0,0.0
0.2368421052631579,0.25,0.2790697674418603,0.14556962025316453,0.4339622641509434,0.5714285714285715,0.7068062827225132,0.3162217659137557,0.3833333333333336,0.39999999999999997,0.4210526315789474,0.0,0.6666666666666666
0.5526315789473686,0.5454545454545454,0.44186046511627886,0.740506329113924,0.47169811320754723,0.3174603174603175,0.9581151832460735,0.9363449691991832,0.5333333333333334,0.6,0.105263157894737,0.0,0.6666666666666666
0.2368421052631579,0.2954545454545455,0.1860465116279068,0.42405063291139233,0.4339622641509434,0.634920634920635,0.8376963350785342,0.6899383983572863,0.5,0.33333333333333326,0.02631578947368418,0.0,1.0
0.18421052631578938,0.25,0.8837209302325579,0.9367088607594938,0.5094339622641509,0.3174603174603175,0.35602094240837706,0.8562628336755687,0.233333333333333,0.2888888888888889,0.07894736842105238,0.0,0.6666666666666666
0.5526315789473686,0.20454545454545456,0.5116279069767441,0.5189873417721518,0.2452830188679245,0.7777777777777779,0.8638743455497384,0.7310061601642748,0.18333333333333324,0.5333333333333334,0.2105263157894735,0.0,0.6666666666666666
0.3947368421052634,0.18181818181818182,0.5116279069767441,0.30379746835443033,0.30188679245283023,0.23809523809523814,0.48691099476439803,0.35728952772073286,0.3999999999999999,0.5111111111111112,0.6052631578947367,0.0,0.6666666666666666
0.6315789473684212,0.6363636363636364,0.3023255813953487,0.4936708860759494,0.5471698113207547,0.5873015873015874,0.9895287958115186,0.7823408624229963,0.1499999999999999,0.5777777777777777,0.07894736842105238,0.0,0.6666666666666666
0.1578947368421053,0.27272727272727276,0.1860465116279068,0.37974683544303794,0.5660377358490566,0.7142857142857144,0.8795811518324609,0.6601642710472233,0.4666666666666667,0.2444444444444444,0.02631578947368418,0.0,1.0
1.0000000000000002,0.25,0.5581395348837208,0.012658227848101278,0.018867924528301827,0.4126984126984128,0.3507853403141362,0.21765913757700384,0.0,0.1111111111111111,0.6315789473684214,0.0,0.0
0.5789473684210528,0.5681818181818182,0.5116279069767441,0.16455696202531644,0.18867924528301894,0.2698412698412699,0.3507853403141362,0.20123203285420616,0.25000000000000006,0.6222222222222222,0.9473684210526319,0.0,0.0
0.2368421052631579,0.2954545454545455,0.3023255813953487,0.120253164556962,0.41509433962264153,0.126984126984127,0.3874345549738221,0.42299794661191226,0.5833333333333331,0.2444444444444444,0.23684210526315808,0.0,1.0
0.26315789473684226,0.3863636363636364,0.4883720930232557,0.7531645569620252,0.37735849056603776,0.7936507936507937,0.7068062827225132,0.6139630390143741,0.1499999999999999,0.6,0.3421052631578946,0.0,1.0
0.8157894736842107,0.02272727272727265,0.9069767441860463,0.03164556962025317,0.1132075471698113,0.1904761904761905,0.5026178010471205,0.3819301848049237,0.16666666666666619,0.17777777777777778,0.3684210526315792,0.0,0.6666666666666666
0.3157894736842105,0.02272727272727265,0.5581395348837208,0.0,0.22641509433962262,0.634920634920635,0.2774869109947645,0.001026694045169918,0.04999999999999971,0.39999999999999997,0.7368421052631579,0.0,0.6666666666666666
0.473684210526316,0.27272727272727276,0.6511627906976742,0.03164556962025317,0.679245283018868,0.11111111111111116,0.4921465968586389,0.25051334702258776,0.41666666666666696,0.3111111111111111,0.39473684210526333,0.0,1.0
0.34210526315789486,0.36363636363636365,0.44186046511627886,0.11392405063291136,0.0,0.507936507936508,0.42408376963350797,0.21663244353182254,0.6333333333333336,0.6888888888888889,0.6315789473684214,0.0,0.0
0.2894736842105264,0.04545454545454547,0.5348837209302324,0.0,0.037735849056603765,0.28571428571428575,0.25654450261780115,0.1355236139630382,0.6166666666666666,0.15555555555555556,0.6578947368421055,0.0,0.0
0.6578947368421055,0.31818181818181823,0.9069767441860463,0.42405063291139233,0.37735849056603776,0.6825396825396826,0.8848167539267017,0.6078028747433207,0.18333333333333324,0.5111111111111112,0.5526315789473686,0.0,0.6666666666666666
0.473684210526316,0.25,0.20930232558139522,0.4430379746835443,0.35849056603773577,0.7301587301587302,0.7643979057591626,0.7104722792607749,0.3833333333333336,0.26666666666666666,0.07894736842105238,0.0,1.0
0.2368421052631579,0.15909090909090906,0.4186046511627906,0.03164556962025317,0.490566037735849,0.6507936507936509,0.6073298429319373,0.3408624229979466,0.5,0.22222222222222218,0.3157894736842105,0.0,0.6666666666666666
0.9210526315789478,0.36363636363636365,0.5813953488372091,0.22784810126582278,0.13207547169811318,0.4285714285714286,0.6387434554973823,0.5236139630390153,0.36666666666666653,0.2888888888888889,0.6842105263157896,0.0,0.0
0.07894736842105271,0.18181818181818182,0.23255813953488358,0.9493670886075949,0.35849056603773577,0.5714285714285715,0.45549738219895297,0.9383983572895229,0.4833333333333337,0.3111111111111111,0.0,0.0,0.6666666666666666
0.3157894736842105,0.4090909090909091,0.7209302325581394,0.3924050632911392,0.4339622641509434,0.7936507936507937,0.7958115183246075,0.6047227926077997,0.45000000000000034,0.3111111111111111,0.13157894736842113,0.0,1.0
0.6578947368421055,0.15909090909090906,0.6976744186046511,0.012658227848101278,0.2641509433962264,0.5238095238095238,0.42408376963350797,0.25872689938398097,0.4666666666666667,0.48888888888888893,0.5000000000000002,0.0,0.6666666666666666
0.44736842105263164,0.2954545454545455,0.3953488372093022,0.5949367088607596,0.30188679245283023,0.33333333333333337,0.46073298429319387,0.3973305954825401,0.18333333333333324,0.4444444444444445,0.6842105263157896,0.0,0.0
0.5263157894736845,0.3409090909090909,0.4883720930232557,0.04430379746835442,0.18867924528301894,0.28571428571428575,0.4397905759162305,0.32032854209445805,0.233333333333333,0.1333333333333333,0.5263157894736844,0.0,1.0
0.6578947368421055,0.0,0.8139534883720929,0.05063291139240503,0.47169811320754723,0.1904761904761905,0.46073298429319387,0.546201232032855,0.666666666666667,0.37777777777777777,0.4736842105263157,0.0,0.0
0.07894736842105271,0.18181818181818182,0.2790697674418603,0.990506329113924,0.35849056603773577,0.5396825396825398,0.4397905759162305,0.9312114989733111,0.5166666666666672,0.3555555555555555,0.02631578947368418,0.0,0.6666666666666666
0.4210526315789475,0.02272727272727265,0.4186046511627906,0.8670886075949367,0.490566037735849,0.380952380952381,0.6439790575916231,0.866529774127313,0.04999999999999971,0.15555555555555556,0.02631578947368418,0.0,0.0
0.7631578947368425,0.5909090909090909,0.7209302325581394,0.4556962025316455,0.47169811320754723,0.15873015873015875,0.5026178010471205,0.8644763860369619,0.7666666666666672,0.37777777777777777,0.105263157894737,0.0,1.0
0.5263157894736845,0.36363636363636365,0.2790697674418603,0.2689873417721519,0.5283018867924528,0.4444444444444445,0.8062827225130891,0.32032854209445805,0.33333333333333315,0.2888888888888889,0.7105263157894737,0.0,0.6666666666666666
0.3157894736842105,0.20454545454545456,0.37209302325581384,0.01898734177215189,0.37735849056603776,0.17460317460317462,0.5340314136125656,0.40246406570841226,0.7166666666666668,0.6222222222222222,0.2894736842105263,0.0,0.6666666666666666
0.44736842105263164,0.5113636363636364,0.09302325581395338,0.012658227848101278,0.5660377358490566,0.3015873015873016,0.3036649214659687,0.47433264887063364,0.36666666666666653,0.2444444444444444,0.0,0.0,1.0
0.8157894736842107,0.20454545454545456,0.6976744186046511,0.5632911392405062,0.2075471698113207,0.3015873015873016,0.32460732984293206,0.5770020533880879,0.1499999999999999,0.22222222222222218,0.4210526315789474,0.0,0.6666666666666666
0.5263157894736845,0.6136363636363636,0.5581395348837208,0.23417721518987344,0.3207547169811321,0.22222222222222224,0.5287958115183247,0.5975359342915764,0.5333333333333334,0.22222222222222218,0.39473684210526333,0.0,1.0
0.26315789473684226,0.27272727272727276,0.3488372093023254,0.6139240506329113,0.39622641509433965,0.9682539682539684,0.8010471204188483,0.6755646817248397,0.3999999999999999,0.5111111111111112,0.26315789473684226,0.0,0.6666666666666666
0.21052631578947378,0.09090909090909088,0.46511627906976727,0.0,0.1132075471698113,0.28571428571428575,0.24607329842931946,0.08624229979465653,0.5,0.4444444444444445,0.6315789473684214,0.0,0.6666666666666666
0.5000000000000001,0.31818181818181823,0.5813953488372091,0.037974683544303806,0.5471698113207547,0.4126984126984128,0.6387434554973823,0.2361396303901413,0.41666666666666696,0.33333333333333326,0.4736842105263157,0.0,1.0
0.5263157894736845,0.5,0.5116279069767441,0.05696202531645567,0.2075471698113207,0.34920634920634924,0.48691099476439803,0.25462012320327865,0.36666666666666653,0.37777777777777777,0.6052631578947367,0.0,0.6666666666666666
0.4210526315789475,0.18181818181818182,0.46511627906976727,0.0253164556962025,0.28301886792452835,0.14285714285714285,0.1937172774869111,0.037987679671456165,0.45000000000000034,0.0222222222222222,0.8157894736842106,0.0,0.6666666666666666
0.5789473684210528,0.7727272727272727,0.4186046511627906,0.5949367088607596,0.45283018867924535,0.8253968253968255,0.9371727748691101,0.8213552361396337,0.5166666666666672,0.2888888888888889,0.105263157894737,0.0,1.0
0.5263157894736845,0.18181818181818182,0.4186046511627906,0.5063291139240506,0.39622641509433965,0.2698412698412699,0.4973821989528797,0.5338809034907596,0.28333333333333344,0.5111111111111112,0.5000000000000002,0.0,1.0
0.26315789473684226,0.6590909090909092,0.5116279069767441,0.0253164556962025,0.4339622641509434,0.07936507936507936,0.2146596858638744,0.25872689938398097,0.25000000000000006,0.19999999999999993,0.6578947368421055,0.0,1.0
0.6052631578947371,0.04545454545454547,0.9069767441860463,0.0632911392405063,0.5849056603773586,0.23809523809523814,0.5130890052356022,0.546201232032855,0.6499999999999999,0.37777777777777777,0.4736842105263157,0.0,0.6666666666666666
0.6315789473684212,0.11363636363636359,0.37209302325581384,0.5,0.2641509433962264,0.5873015873015874,0.8167539267015709,0.6694045174537977,0.41666666666666696,0.3111111111111111,0.26315789473684226,0.0,0.6666666666666666
0.3947368421052634,0.22727272727272724,0.9069767441860463,0.01898734177215189,0.13207547169811318,0.4761904761904763,0.6387434554973823,0.3819301848049237,0.8666666666666674,0.5555555555555555,0.4736842105263157,0.0,0.0
0.7894736842105267,0.1363636363636364,0.3953488372093022,0.3354430379746835,0.4339622641509434,0.39682539682539686,0.6125654450261782,0.7310061601642748,0.5333333333333334,0.39999999999999997,0.05263157894736825,0.0,0.6666666666666666
0.34210526315789486,0.31818181818181823,0.5581395348837208,0.5,0.4339622641509434,0.4285714285714286,0.44502617801047134,0.5205338809034943,0.5333333333333334,0.48888888888888893,0.5526315789473686,0.0,0.0
0.21052631578947378,0.25,0.4186046511627906,0.47468354430379744,0.18867924528301894,0.36507936507936517,0.4293193717277488,0.552361396303897,0.7833333333333334,0.22222222222222218,0.39473684210526333,0.0,0.6666666666666666
0.736842105263158,0.5454545454545454,0.9069767441860463,0.7974683544303796,0.3207547169811321,0.8412698412698415,0.7329842931937174,0.9312114989733111,0.28333333333333344,0.48888888888888893,0.13157894736842113,0.0,1.0
0.36842105263157904,0.6818181818181819,0.6279069767441858,0.25949367088607594,0.41509433962264153,0.6507936507936509,0.9162303664921467,0.4435318275154008,0.25000000000000006,0.7333333333333334,0.4210526315789474,0.0,0.3333333333333333
0.5526315789473686,0.1363636363636364,0.7209302325581394,0.012658227848101278,0.47169811320754723,0.33333333333333337,0.549738219895288,0.18993839835729198,0.4333333333333333,0.4444444444444445,0.5789473684210527,0.0,1.0
0.8947368421052637,0.11363636363636359,0.46511627906976727,0.25316455696202533,0.05660377358490565,0.4603174603174604,0.4921465968586389,0.3018480492813092,0.01666666666666633,0.33333333333333326,0.6052631578947367,0.0,1.0
0.21052631578947378,0.36363636363636365,0.5116279069767441,0.04430379746835442,0.13207547169811318,0.39682539682539686,0.5445026178010473,0.166324435318271,0.5833333333333331,0.19999999999999993,0.6052631578947367,0.0,0.0
0.5000000000000001,0.02272727272727265,0.6976744186046511,0.0632911392405063,0.47169811320754723,0.3015873015873016,0.3455497382198954,0.3819301848049237,0.3500000000000002,0.2888888888888889,0.4210526315789474,0.0,1.0
0.4210526315789475,0.02272727272727265,0.44186046511627886,0.9746835443037973,0.6226415094339623,0.634920634920635,0.4397905759162305,0.8542094455852176,0.36666666666666653,0.1111111111111111,0.2105263157894735,0.0,0.6666666666666666
0.3947368421052634,0.11363636363636359,0.5348837209302324,0.037974683544303806,0.2641509433962264,0.34920634920634924,0.3769633507853404,0.03285420944558398,0.2666666666666664,0.3111111111111111,0.8947368421052635,0.0,0.0
0.2368421052631579,0.20454545454545456,0.46511627906976727,0.05063291139240503,0.15094339622641506,0.17460317460317462,0.34031413612565453,0.11498973305954968,0.5833333333333331,0.17777777777777778,0.7631578947368425,0.0,0.6666666666666666
0.10526315789473678,0.31818181818181823,0.3953488372093022,0.10126582278481011,0.5471698113207547,0.39682539682539686,0.6806282722513091,0.1971252566735039,1.0,0.22222222222222218,0.9210526315789476,0.0,1.0
0.473684210526316,0.22727272727272724,0.3953488372093022,0.0253164556962025,0.2452830188679245,0.4126984126984128,0.5026178010471205,0.3305954825462023,0.36666666666666653,0.3111111111111111,0.3684210526315792,0.0,0.6666666666666666
0.3157894736842105,0.3409090909090909,0.4883720930232557,0.18354430379746833,0.037735849056603765,0.5396825396825398,0.36649214659685875,0.0893223819301775,0.5166666666666672,0.6222222222222222,0.9736842105263159,0.0,0.0
0.3947368421052634,0.4318181818181819,0.37209302325581384,0.25316455696202533,0.037735849056603765,0.6507936507936509,0.6125654450261782,0.2997946611909581,0.5333333333333334,0.2444444444444444,0.6052631578947367,0.0,0.0
0.36842105263157904,0.18181818181818182,0.5116279069767441,0.310126582278481,0.5471698113207547,0.5555555555555557,0.6596858638743457,0.4435318275154008,0.45000000000000034,0.5555555555555555,0.5000000000000002,0.0,0.6666666666666666
0.7105263157894738,0.1363636363636364,0.9069767441860463,0.6835443037974683,0.4339622641509434,0.6507936507936509,0.9738219895287958,0.7515400410677634,0.2666666666666664,0.3111111111111111,0.2894736842105263,0.0,0.0
0.5789473684210528,0.7727272727272727,0.6279069767441858,0.012658227848101278,0.169811320754717,0.0,0.16230366492146608,0.3162217659137557,0.19999999999999962,0.48888888888888893,0.39473684210526333,0.0,0.3333333333333333
0.6052631578947371,0.3409090909090909,0.44186046511627886,0.24050632911392406,0.6603773584905661,0.34920634920634924,0.6806282722513091,0.6406570841889161,0.933333333333334,0.6,0.3684210526315792,0.0,0.6666666666666666
0.2894736842105264,0.15909090909090906,0.5813953488372091,0.2974683544303797,0.3396226415094339,0.6666666666666667,0.8952879581151834,0.45585215605749624,0.5166666666666672,0.39999999999999997,0.3157894736842105,0.0,0.6666666666666666
0.3947368421052634,0.4090909090909091,0.37209302325581384,0.4620253164556962,0.5283018867924528,0.4285714285714286,0.8062827225130891,0.7207392197125306,0.5333333333333334,0.4222222222222222,0.07894736842105238,0.0,0.6666666666666666
0.5263157894736845,0.04545454545454547,0.5116279069767441,0.0253164556962025,0.7547169811320755,0.28571428571428575,0.5968586387434556,0.19096509240246184,0.21666666666666662,0.33333333333333326,0.6578947368421055,0.0,0.6666666666666666
0.5263157894736845,0.31818181818181823,0.3488372093023254,0.6898734177215191,0.5283018867924528,0.3174603174603175,0.6387434554973823,0.8336755646817291,0.28333333333333344,0.6666666666666666,0.07894736842105238,0.0,1.0
0.3947368421052634,0.36363636363636365,0.2558139534883719,0.9303797468354429,0.5849056603773586,0.6984126984126985,0.6963350785340315,0.902464065708418,0.2999999999999997,0.3555555555555555,0.02631578947368418,0.0,1.0
0.44736842105263164,0.3409090909090909,0.5581395348837208,0.430379746835443,0.2075471698113207,0.6984126984126985,0.5340314136125656,0.46098562628336837,0.4666666666666667,0.17777777777777778,0.4736842105263157,0.0,0.6666666666666666
0.3157894736842105,0.25,0.5116279069767441,0.29113924050632906,0.2641509433962264,0.15873015873015875,0.2198952879581153,0.22073921971252486,0.04999999999999971,0.4444444444444445,0.5789473684210527,0.0,0.6666666666666666
0.9473684210526319,0.06818181818181823,0.9069767441860463,0.0,0.2641509433962264,0.6507936507936509,0.549738219895288,0.3613963039014352,0.2666666666666664,0.4222222222222222,0.4210526315789474,0.0,0.0
0.44736842105263164,0.22727272727272724,0.5581395348837208,0.012658227848101278,0.37735849056603776,0.015873015873015872,0.5549738219895289,0.18891170431211074,0.3833333333333336,0.3111111111111111,0.6052631578947367,0.0,0.3333333333333333
0.07894736842105271,0.20454545454545456,0.3488372093023254,0.439873417721519,0.3207547169811321,0.17460317460317462,0.4293193717277488,0.552361396303897,0.8500000000000003,0.6444444444444444,0.3684210526315792,0.0,0.6666666666666666
0.5000000000000001,0.27272727272727276,0.9069767441860463,0.25316455696202533,0.05660377358490565,0.4285714285714286,0.42408376963350797,0.42299794661191226,0.5166666666666672,0.48888888888888893,0.5000000000000002,0.0,0.6666666666666666
0.3157894736842105,0.04545454545454547,0.46511627906976727,0.037974683544303806,0.169811320754717,0.15873015873015875,0.2722513089005237,0.25872689938398097,0.7500000000000001,0.26666666666666666,0.6052631578947367,0.0,0.6666666666666666
0.05263157894736831,0.5681818181818182,0.325581395348837,0.23417721518987344,0.169811320754717,0.34920634920634924,0.2670157068062828,0.11498973305954968,0.5833333333333331,0.0888888888888888,1.0,0.0,1.0
0.3157894736842105,0.15909090909090906,0.5581395348837208,0.29113924050632906,0.39622641509433965,0.39682539682539686,0.5968586387434556,0.3603696098562653,0.4833333333333337,0.1333333333333333,0.5526315789473686,0.0,1.0
0.18421052631578938,0.3863636363636364,0.5581395348837208,0.11392405063291136,0.3207547169811321,0.8650793650793651,0.712041884816754,0.23716632443531122,0.5666666666666669,0.33333333333333326,0.5000000000000002,0.0,0.6666666666666666
0.473684210526316,0.4090909090909091,0.8604651162790696,0.25949367088607594,0.35849056603773577,0.22222222222222224,0.20418848167539277,0.15605749486652676,0.16666666666666619,0.19999999999999993,0.9736842105263159,0.0,0.3333333333333333
0.1578947368421053,0.2954545454545455,0.5116279069767441,0.16455696202531644,0.18867924528301894,0.49206349206349215,0.5602094240837697,0.2741273100615974,0.5,0.3111111111111111,0.5000000000000002,0.0,0.6666666666666666
0.3157894736842105,0.5227272727272727,0.8604651162790696,0.3481012658227848,0.679245283018868,0.28571428571428575,0.649214659685864,0.6078028747433207,0.3500000000000002,0.2888888888888889,0.18421052631578938,0.0,0.6666666666666666
0.4210526315789475,0.06818181818181823,0.6046511627906975,0.34177215189873417,0.5660377358490566,0.5873015873015874,0.5078534031413614,0.3798767967145726,0.2999999999999997,0.39999999999999997,0.5526315789473686,0.0,0.0
0.34210526315789486,0.27272727272727276,0.37209302325581384,0.19620253164556956,0.9056603773584906,0.49206349206349215,0.9214659685863875,0.6283367556468207,0.6166666666666666,0.7777777777777779,0.15789473684210523,0.0,1.0
0.2894736842105264,0.09090909090909088,0.4883720930232557,0.04430379746835442,0.35849056603773577,0.39682539682539686,0.5287958115183247,0.3408624229979466,0.933333333333334,0.39999999999999997,0.3421052631578946,0.0,0.0
0.26315789473684226,0.25,0.7209302325581394,0.48101265822784806,0.3207547169811321,0.8253968253968255,0.7696335078534033,0.7207392197125306,0.11666666666666653,0.26666666666666666,0.05263157894736825,0.0,1.0
0.34210526315789486,0.06818181818181823,0.3953488372093022,0.0253164556962025,0.13207547169811318,0.5396825396825398,0.6439790575916231,0.3141683778234047,0.7833333333333334,0.4444444444444445,0.4210526315789474,0.0,1.0
0.44736842105263164,0.20454545454545456,0.3023255813953487,0.15822784810126578,0.2452830188679245,0.28571428571428575,0.4502617801047122,0.21457905544147143,0.19999999999999962,0.1111111111111111,0.6491228078947372,0.0,0.6666666666666666
0.7105263157894738,0.31818181818181823,0.5581395348837208,0.01898734177215189,0.18867924528301894,0.09523809523809523,0.5235602094240839,0.2915811088295649,0.3500000000000002,0.39999999999999997,0.23684210526315808,0.0,0.6666666666666666
0.6315789473684212,0.18181818181818182,0.37209302325581384,0.5063291139240506,0.41509433962264153,0.5238095238095238,0.5549738219895289,0.772073921971252,0.5333333333333334,0.46666666666666673,0.3421052631578946,0.0,0.6666666666666666
0.36842105263157904,0.9772727272727272,0.44186046511627886,0.07594936708860758,0.28301886792452835,0.15873015873015875,0.2670157068062828,0.4435318275154008,0.6499999999999999,0.9333333333333336,0.3421052631578946,0.0,1.0
0.3157894736842105,0.36363636363636365,0.8139534883720929,0.4430379746835443,0.2452830188679245,0.7777777777777779,0.9109947643979059,0.6283367556468207,0.41666666666666696,0.3555555555555555,0.15789473684210523,0.0,1.0
0.8421052631578949,0.2840909090909091,0.6046511627906975,0.012658227848101278,0.169811320754717,0.15873015873015875,0.2827225130890053,0.18685831622175958,0.033333333333333326,0.0888888888888888,0.6578947368421055,0.0,0.0
0.3947368421052634,0.02272727272727265,0.44186046511627886,0.0822784810126582,0.15094339622641506,0.14285714285714285,0.293193717277487,0.18891170431211074,0.28333333333333344,0.5777777777777777,0.6052631578947367,0.0,0.0
0.5000000000000001,0.22727272727272724,0.7209302325581394,0.7974683544303796,0.47169811320754723,0.5714285714285715,0.7958115183246075,0.9568788501026718,0.7333333333333338,0.2444444444444444,0.2105263157894735,0.0,1.0
0.26315789473684226,0.22727272727272724,0.4186046511627906,0.6645569620253164,0.47169811320754723,0.4603174603174604,0.7172774869109949,0.7618069815195077,0.6333333333333336,0.2888888888888889,0.15789473684210523,0.0,1.0
0.6052631578947371,0.36363636363636365,0.5116279069767441,0.037974683544303806,0.22641509433962262,0.28571428571428575,0.5130890052356022,0.24845995893223666,0.0,0.0222222222222222,0.5526315789473686,0.0,0.6666666666666666
0.4210526315789475,0.7272727272727273,0.23255813953488358,0.9936708860759493,0.39622641509433965,0.7142857142857144,0.8272251308900525,0.9753593429158092,0.25000000000000006,0.5333333333333334,0.13157894736842113,0.0,1.0
0.21052631578947378,0.15909090909090906,0.44186046511627886,0.037974683544303806,0.2641509433962264,0.3015873015873016,0.3455497382198954,0.17043121149897333,0.5666666666666669,0.39999999999999997,0.6052631578947367,0.0,0.6666666666666666
0.26315789473684226,0.5454545454545454,0.325581395348837,0.3924050632911392,0.41509433962264153,0.5714285714285715,0.6544502617801048,0.6735112936345,0.2999999999999997,0.6222222222222222,0.07894736842105238,0.0,1.0
0.36842105263157904,0.47727272727272724,0.5116279069767441,0.08860759493670883,0.4339622641509434,0.4761904761904763,0.4031413612565446,0.166324435318271,0.5833333333333331,0.3111111111111111,0.8157894736842106,0.0,0.0
0.5526315789473686,0.11363636363636359,0.5581395348837208,0.10126582278481011,0.22641509433962262,0.4444444444444445,0.518324607329843,0.2895277207392138,0.28333333333333344,0.37777777777777777,0.5789473684210527,0.0,0.0
0.36842105263157904,0.47727272727272724,0.9999999999999999,0.5759493670886074,0.5283018867924528,0.507936507936508,0.6544502617801048,0.7002053388090306,0.233333333333333,0.17777777777777778,0.13157894736842113,0.0,1.0
0.13157894736842113,0.27272727272727276,0.2558139534883719,0.7278481012658228,0.169811320754717,0.49206349206349215,0.6596858638743457,0.7926078028747405,0.5833333333333331,0.2444444444444444,0.15789473684210523,0.0,0.6666666666666666
0.3157894736842105,0.2954545454545455,0.5348837209302324,0.0253164556962025,0.3207547169811321,0.3015873015873016,0.8219895287958117,0.2741273100615974,0.6000000000000002,0.3111111111111111,0.4736842105263157,0.0,1.0
0.21052631578947378,0.4090909090909091,0.1395348837209301,0.37974683544303794,0.37735849056603776,0.39682539682539686,0.5759162303664922,0.5564681724845992,0.41666666666666696,0.33333333333333326,0.18421052631578938,0.0,0.6666666666666666
0.3947368421052634,0.15909090909090906,0.9069767441860463,0.0253164556962025,0.30188679245283023,0.15873015873015875,0.7225130890052358,0.3305954825462023,0.5333333333333334,0.6888888888888889,0.5526315789473686,0.0,1.0
0.36842105263157904,0.20454545454545456,0.7441860465116277,0.4050632911392405,0.35849056603773577,0.8095238095238095,0.8534031413612567,0.6488706365503092,0.4833333333333337,0.3555555555555555,0.105263157894737,0.0,0.6666666666666666
0.5263157894736845,0.4318181818181819,0.37209302325581384,0.9240506329113922,0.45283018867924535,0.9841269841269843,0.9633507853403143,0.9845995893223837,0.21666666666666662,0.8,0.15789473684210523,0.0,1.0
0.18421052631578938,0.2954545454545455,0.5116279069767441,0.006329113924050611,0.169811320754717,0.3015873015873016,0.4397905759162305,0.03285420944558398,0.7166666666666668,0.17777777777777778,0.9473684210526319,0.0,0.6666666666666666
0.5789473684210528,0.20454545454545456,0.5581395348837208,0.037974683544303806,0.3396226415094339,0.3015873015873016,0.5392670157068064,0.36652977412730725,0.3166666666666668,0.8444444444444443,0.39473684210526333,0.0,1.0
0.13157894736842113,0.20454545454545456,0.325581395348837,0.037974683544303806,0.22641509433962262,0.4285714285714286,0.46596858638743466,0.13141683778233593,0.4666666666666667,0.4222222222222222,0.6578947368421055,0.0,0.6666666666666666
0.21052631578947378,0.25,0.3488372093023254,0.0253164556962025,0.09433962264150936,0.4761904761904763,0.4136125654450263,0.17659137577001532,0.6166666666666666,0.26666666666666666,0.5789473684210527,0.0,0.0
0.26315789473684226,0.3863636363636364,0.9302325581395348,0.30379746835443033,0.2452830188679245,0.5873015873015874,0.44502617801047134,0.2474332648870668,0.41666666666666696,0.46666666666666673,0.7894736842105265,0.0,0.0
0.5000000000000001,0.4545454545454546,0.6744186046511627,0.26582278481012656,0.28301886792452835,0.634920634920635,0.7172774869109949,0.3100616016427138,0.6166666666666666,0.33333333333333326,0.9210526315789476,0.0,0.6666666666666666
0.26315789473684226,0.02272727272727265,0.6976744186046511,0.01898734177215189,0.5283018867924528,0.8888888888888891,0.6282722513089006,0.16837782340862223,0.3999999999999999,0.8,0.5526315789473686,0.0,0.6666666666666666
0.473684210526316,0.1363636363636364,0.2790697674418603,0.037974683544303806,0.35849056603773577,0.1904761904761905,0.39267015706806296,0.5369609856262806,0.7333333333333338,0.46666666666666673,0.2894736842105263,0.0,1.0
0.736842105263158,0.3409090909090909,0.9069767441860463,0.0,0.35849056603773577,0.380952380952381,0.4816753926701572,0.3408624229979466,0.5166666666666672,0.0888888888888888,0.5263157894736844,0.0,0.3333333333333333
0.8157894736842107,0.20454545454545456,0.5581395348837208,0.01898734177215189,0.18867924528301894,0.7777777777777779,0.4397905759162305,0.23408624229979014,0.233333333333333,0.5111111111111112,0.5526315789473686,0.0,0.0
0.26315789473684226,0.31818181818181823,0.4186046511627906,0.12658227848101267,0.28301886792452835,0.22222222222222224,0.3769633507853404,0.27515400410677865,0.5333333333333334,0.33333333333333326,0.5789473684210527,0.0,0.6666666666666666
0.26315789473684226,0.27272727272727276,0.37209302325581384,0.006329113924050611,0.5094339622641509,0.2698412698412699,0.7853403141361257,0.3655030800821374,0.2666666666666664,0.48888888888888893,0.105263157894737,0.0,1.0
0.44736842105263164,0.4545454545454546,0.11627906976744168,0.012658227848101278,0.5283018867924528,0.8888888888888891,0.8219895287958117,0.42299794661191226,0.2666666666666664,0.2444444444444444,0.07894736842105238,0.0,1.0
0.18421052631578938,0.931818181818182,0.11627906976744168,0.5569620253164558,0.1132075471698113,0.22222222222222224,0.518324607329843,0.6386036960985649,0.7166666666666668,0.33333333333333326,0.3421052631578946,0.0,0.6666666666666666
0.34210526315789486,0.6136363636363636,0.3953488372093022,0.10126582278481011,0.15094339622641506,0.3174603174603175,0.30890052356020953,0.1416837782340803,0.19999999999999962,0.04444444444444445,0.7368421052631579,0.0,0.6666666666666666
0.3947368421052634,0.3409090909090909,0.7209302325581394,0.430379746835443,0.39622641509433965,0.7460317460317462,0.7591623036649215,0.6047227926077997,0.3166666666666668,0.4222222222222222,0.18421052631578938,0.0,1.0
0.2894736842105264,0.31818181818181823,0.5581395348837208,0.16455696202531644,0.28301886792452835,0.380952380952381,0.4973821989528797,0.1673511293634523,0.5833333333333331,0.3555555555555555,0.8421052631578949,0.0,0.0
0.44736842105263164,0.27272727272727276,0.20930232558139522,0.4556962025316455,0.490566037735849,0.7619047619047621,0.842931937172775,0.6694045174537977,0.3833333333333336,0.4444444444444445,0.2105263157894735,0.0,1.0
0.2894736842105264,0.6590909090909092,0.4186046511627906,0.6487341772151898,0.13207547169811318,0.4126984126984128,0.31937172774869116,0.27926078028746953,0.1499999999999999,0.1333333333333333,0.9210526315789476,0.0,0.6666666666666666
0.36842105263157904,0.06818181818181823,0.6046511627906975,0.0253164556962025,0.2075471698113207,0.5238095238095238,0.4293193717277488,0.05954825462012597,0.4333333333333333,0.7555555555555555,0.8157894736842106,0.0,0.6666666666666666
0.2894736842105264,0.4318181818181819,0.6511627906976742,0.09493670886075947,0.41509433962264153,0.39682539682539686,0.6387434554973823,0.0164271047227863,0.3999999999999999,0.2444444444444444,1.0,0.0,0.6666666666666666
0.34210526315789486,0.2954545454545455,0.5348837209302324,0.16455696202531644,0.169811320754717,0.06349206349206349,0.09947643979057597,0.20123203285420616,0.25000000000000006,0.17777777777777778,0.4210526315789474,0.0,0.6666666666666666
0.3947368421052634,0.5454545454545454,0.44186046511627886,0.8006329113924051,0.4339622641509434,0.7460317460317462,0.8534031413612567,0.8583162217659084,0.11666666666666653,0.6222222222222222,0.15789473684210523,0.0,0.6666666666666666
0.07894736842105271,0.18181818181818182,0.2790697674418603,0.990506329113924,0.35849056603773577,0.5396825396825398,0.4397905759162305,0.9312114989733111,0.5166666666666672,0.3555555555555555,0.02631578947368418,0.0,0.6666666666666666
0.5789473684210528,0.20454545454545456,0.44186046511627886,0.48101265822784806,0.5283018867924528,0.9523809523809527,0.6282722513089006,0.7002053388090306,0.2999999999999997,0.0,0.23684210526315808,0.0,0.6666666666666666
0.5263157894736845,0.11363636363636359,0.46511627906976727,0.0253164556962025,0.6037735849056605,0.4444444444444445,0.5706806282722514,0.3613963039014352,0.3166666666666668,0.39999999999999997,0.18421052631578938,0.0,0.6666666666666666
0.4210526315789475,0.20454545454545456,0.37209302325581384,0.3924050632911392,0.30188679245283023,0.25396825396825395,0.33507853403141374,0.575975359342918,0.4833333333333337,0.5111111111111112,0.15789473684210523,0.0,0.6666666666666666
0.736842105263158,0.2954545454545455,0.6744186046511627,0.430379746835443,0.2641509433962264,0.6984126984126985,0.9528795811518327,0.8336755646817291,0.6333333333333336,0.4222222222222222,0.15789473684210523,0.0,0.6666666666666666
0.10526315789473678,0.2954545454545455,0.23255813953488358,0.8829113924050631,0.35849056603773577,0.2698412698412699,0.8010471204188483,0.6899383983572863,0.7333333333333338,0.1111111111111111,0.3421052631578946,0.0,1.0
0.26315789473684226,0.47727272727272724,0.9534883720930232,0.430379746835443,0.5660377358490566,0.7619047619047621,0.7905759162303665,0.5687885010266946,0.3166666666666668,0.2888888888888889,0.18421052631578938,0.0,1.0
0.05263157894736831,0.27272727272727276,0.1860465116279068,0.0253164556962025,0.169811320754717,0.20634920634920637,0.5706806282722514,0.23203285420943898,0.6499999999999999,0.0666666666666666,0.3421052631578946,0.0,0.6666666666666666
0.44736842105263164,0.15909090909090906,0.5116279069767441,0.07594936708860758,0.22641509433962262,0.36507936507936517,0.6020942408376965,0.3613963039014352,0.45000000000000034,0.5555555555555555,0.2894736842105263,0.0,0.0
0.1578947368421053,0.20454545454545456,0.5581395348837208,0.01898734177215189,0.0,0.28571428571428575,0.44502617801047134,0.013347022587265334,0.7166666666666668,0.1111111111111111,1.0,0.0,0.6666666666666666
0.6842105263157897,0.2954545454545455,0.325581395348837,0.012658227848101278,0.35849056603773577,0.23809523809523814,0.39790575916230375,0.35112936344969087,0.5833333333333331,0.22222222222222218,0.5263157894736844,0.0,1.0
0.44736842105263164,0.1363636363636364,0.4883720930232557,0.4050632911392405,0.5283018867924528,0.4285714285714286,0.9685863874345552,0.6560574948665325,0.6333333333333336,0.6,0.39473684210526333,0.0,0.6666666666666666
0.6315789473684212,0.3409090909090909,0.2790697674418603,0.5379746835443038,0.5849056603773586,0.6190476190476192,0.9790575916230367,0.7874743326488685,0.25000000000000006,0.6444444444444444,0.105263157894737,0.0,0.6666666666666666
0.9473684210526319,0.23863636363636362,0.6511627906976742,0.310126582278481,0.37735849056603776,0.7460317460317462,0.6963350785340315,0.5667351129363436,0.0,0.0666666666666666,0.3421052631578946,0.0,0.6666666666666666
0.5263157894736845,0.3863636363636364,0.37209302325581384,0.48101265822784806,0.4339622641509434,0.6666666666666667,0.9424083769633509,0.7104722792607749,0.5499999999999998,0.0888888888888888,0.05263157894736825,0.0,1.0
0.4210526315789475,0.22727272727272724,0.46511627906976727,0.36075949367088606,0.2641509433962264,0.507936507936508,0.518324607329843,0.5010266940451756,0.45000000000000034,0.15555555555555556,0.26315789473684226,0.0,1.0
0.6315789473684212,0.4090909090909091,0.5348837209302324,0.08860759493670883,0.22641509433962262,0.20634920634920637,0.39267015706806296,0.17659137577001532,0.4666666666666667,0.7333333333333334,0.7368421052631579,0.0,0.0
0.4210526315789475,0.36363636363636365,0.4186046511627906,0.07594936708860758,0.3207547169811321,0.25396825396825395,0.7905759162303665,0.22381930184804583,0.45000000000000034,0.5555555555555555,0.6578947368421055,0.0,1.0
0.3157894736842105,0.4545454545454546,0.4186046511627906,0.01898734177215189,0.18867924528301894,0.4285714285714286,0.33507853403141374,0.21765913757700384,0.28333333333333344,0.22222222222222218,0.4736842105263157,0.0,0.6666666666666666
0.3947368421052634,0.5454545454545454,0.44186046511627886,0.8006329113924051,0.4339622641509434,0.7460317460317462,0.8534031413612567,0.8583162217659084,0.11666666666666653,0.6222222222222222,0.15789473684210523,0.0,0.6666666666666666
0.34210526315789486,0.2954545454545455,0.37209302325581384,0.0822784810126582,0.3396226415094339,0.8888888888888891,0.81151832460733,0.45790554414784734,0.8666666666666674,0.6888888888888889,0.4473684210526315,0.0,0.6666666666666666
0.2894736842105264,0.3409090909090909,0.4883720930232557,0.04430379746835442,0.18867924528301894,0.3015873015873016,0.2774869109947645,0.1078028747433264,0.5666666666666669,0.8222222222222222,0.6578947368421055,0.0,0.0
0.36842105263157904,0.20454545454545456,0.4883720930232557,0.11392405063291136,0.41509433962264153,0.5555555555555557,0.5026178010471205,0.1827515400410687,0.21666666666666662,0.7111111111111111,0.5263157894736844,0.0,0.0
0.5263157894736845,0.04545454545454547,0.46511627906976727,0.0253164556962025,0.7358490566037736,0.4603174603174604,0.7329842931937174,0.193018480492813,0.2999999999999997,0.22222222222222218,0.6666666657894738,0.0,0.6666666666666666
0.2894736842105264,0.3409090909090909,0.9999999999999999,0.04430379746835442,0.28301886792452835,0.5714285714285715,0.8691099476439792,0.27926078028746953,0.5499999999999998,0.6,0.39473684210526333,0.0,0.0
0.2368421052631579,0.22727272727272724,0.44186046511627886,0.8037974683544304,0.18867924528301894,0.7619047619047621,0.5654450261780106,0.6355236139630439,0.3999999999999999,0.1333333333333333,0.4473684210526315,0.0,0.6666666666666666
0.7631578947368425,0.1363636363636364,0.9069767441860463,0.04430379746835442,0.2452830188679245,0.5238095238095238,0.7382198952879583,0.4537987679671451,0.19999999999999962,0.1111111111111111,0.3157894736842105,0.0,0.6666666666666666
0.34210526315789486,0.09090909090909088,0.20930232558139522,0.23417721518987344,0.39622641509433965,0.8253968253968255,0.7068062827225132,0.5256673511293665,0.6499999999999999,0.7555555555555555,0.4210526315789474,0.0,0.6666666666666666
0.26315789473684226,0.18181818181818182,0.9069767441860463,0.4113924050632911,0.5471698113207547,0.5873015873015874,0.6544502617801048,0.546201232032855,0.5666666666666669,0.4444444444444445,0.3157894736842105,0.0,0.6666666666666666
0.4210526315789475,0.4318181818181819,0.4186046511627906,0.2974683544303797,0.15094339622641506,0.5396825396825398,0.9319371727748693,0.23408624229979014,0.3999999999999999,0.7111111111111111,0.9473684210526319,0.0,0.6666666666666666
0.6842105263157897,0.27272727272727276,0.6046511627906975,0.0632911392405063,0.5471698113207547,0.39682539682539686,0.4973821989528797,0.25872689938398097,0.2666666666666664,0.8888888888888888,0.7105263157894737,0.0,0.0
0.5263157894736845,0.22727272727272724,0.44186046511627886,0.5759493670886074,0.47169811320754723,0.25396825396825395,0.4136125654450263,0.6899383983572863,0.33333333333333315,0.0666666666666666,0.15789473684210523,0.0,1.0
0.21052631578947378,0.5681818181818182,0.325581395348837,0.24050632911392406,0.22641509433962262,0.634920634920635,0.586387434554974,0.23203285420943898,0.5,0.2444444444444444,0.6052631578947367,0.0,0.0
0.473684210526316,0.02272727272727265,0.6744186046511627,0.05063291139240503,0.3396226415094339,0.25396825396825395,0.6963350785340315,0.546201232032855,0.9833333333333338,0.33333333333333326,0.2894736842105263,0.0,1.0
0.6578947368421055,0.3409090909090909,0.6046511627906975,0.6392405063291138,0.15094339622641506,0.6031746031746033,0.9528795811518327,0.7618069815195077,0.3500000000000002,0.3111111111111111,0.3684210526315792,0.0,1.0
0.34210526315789486,0.2954545454545455,0.46511627906976727,0.8164556962025316,0.07547169811320759,0.4603174603174604,0.549738219895288,0.5975359342915764,0.7166666666666668,0.39999999999999997,0.8157894736842106,0.0,0.0
0.473684210526316,0.1363636363636364,0.6046511627906975,0.09493670886075947,0.05660377358490565,0.2698412698412699,0.6858638743455499,0.4435318275154008,0.9166666666666672,0.37777777777777777,0.4473684210526315,0.0,0.6666666666666666
0.473684210526316,0.11363636363636359,0.3953488372093022,0.6455696202531644,0.679245283018868,0.6507936507936509,0.6439790575916231,0.8459958932238245,0.10000000000000014,0.6,0.105263157894737,0.0,0.6666666666666666
0.21052631578947378,0.04545454545454547,0.8604651162790696,0.0253164556962025,0.07547169811320759,0.28571428571428575,0.2879581151832462,0.05338809034907255,0.5499999999999998,0.22222222222222218,0.868421052631579,0.0,0.6666666666666666
0.4210526315789475,0.20454545454545456,0.7441860465116277,0.25949367088607594,0.3207547169811321,0.507936507936508,0.617801047120419,0.585215605749481,0.9500000000000004,0.6,0.3421052631578946,0.0,0.6666666666666666
0.13157894736842113,0.18181818181818182,0.1860465116279068,0.34177215189873417,0.30188679245283023,0.36507936507936517,0.4921465968586389,0.46714579055441036,0.5666666666666669,0.39999999999999997,0.26315789473684226,0.0,1.0
0.44736842105263164,0.931818181818182,0.06976744186046496,0.04430379746835442,0.9056603773584906,0.25396825396825395,0.7277486910994766,0.4640657084188894,0.06666666666666671,0.5777777777777777,0.07894736842105238,0.0,0.6666666666666666
0.1578947368421053,0.4318181818181819,0.37209302325581384,0.25949367088607594,0.490566037735849,0.17460317460317462,0.48691099476439803,0.48049281314168707,0.36666666666666653,0.19999999999999993,0.07894736842105238,0.0,1.0
0.6315789473684212,0.3409090909090909,0.6046511627906975,0.37974683544303794,0.3207547169811321,0.5238095238095238,0.7068062827225132,0.47433264887063364,0.5499999999999998,0.1111111111111111,0.6052631578947367,0.0,0.0
0.05263157894736831,0.47727272727272724,0.6279069767441858,0.0,0.2452830188679245,0.015873015873015872,0.24083769633507868,0.07392197125256111,0.7333333333333338,0.04444444444444445,0.6578947368421055,0.0,1.0
0.1578947368421053,0.3409090909090909,0.7209302325581394,0.620253164556962,0.4339622641509434,0.7936507936507937,0.6439790575916231,0.4332648870636565,0.2666666666666664,0.6,0.5438596500000001,0.0,0.0
0.36842105263157904,0.31818181818181823,0.44186046511627886,0.6898734177215191,0.5094339622641509,0.7301587301587302,0.6439790575916231,0.6119096509240229,0.1499999999999999,0.5777777777777777,0.39473684210526333,0.0,0.6666666666666666
0.21052631578947378,0.20454545454545456,0.6511627906976742,0.037974683544303806,0.35849056603773577,0.11111111111111116,0.45549738219895297,0.23408624229979014,0.6166666666666666,0.9111111111111112,0.6578947368421055,0.0,1.0
0.473684210526316,0.22727272727272724,0.6046511627906975,0.0632911392405063,0.07547169811320759,0.25396825396825395,0.1937172774869111,0.13141683778233593,0.33333333333333315,0.6888888888888889,0.9473684210526319,0.0,0.6666666666666666
0.5000000000000001,0.6136363636363636,0.325581395348837,0.36708860759493667,0.6037735849056605,0.5714285714285715,0.7172774869109949,0.5564681724845992,0.45000000000000034,0.19999999999999993,0.26315789473684226,0.0,0.6666666666666666
0.26315789473684226,0.27272727272727276,0.2558139534883719,0.4556962025316455,0.47169811320754723,0.7301587301587302,0.8167539267015709,0.6098562628336718,0.5,0.3555555555555555,0.15789473684210523,0.0,1.0
0.44736842105263164,0.2954545454545455,0.3953488372093022,0.5949367088607596,0.30188679245283023,0.33333333333333337,0.46073298429319387,0.3973305954825401,0.18333333333333324,0.4444444444444445,0.6842105263157896,0.0,0.0
0.3947368421052634,0.5454545454545454,0.5116279069767441,0.47468354430379744,0.35849056603773577,0.49206349206349215,0.6596858638743457,0.3819301848049237,0.7500000000000001,0.0666666666666666,0.8157894736842106,0.0,0.0
0.34210526315789486,0.27272727272727276,0.9069767441860463,0.4493670886075949,0.5094339622641509,0.6825396825396826,0.8952879581151834,0.6262833675564695,0.4333333333333333,0.3555555555555555,0.15789473684210523,0.0,1.0
0.4210526315789475,0.7272727272727273,0.6744186046511627,0.3291139240506329,0.2641509433962264,0.6507936507936509,0.7172774869109949,0.3408624229979466,0.4666666666666667,0.0666666666666666,0.868421052631579,0.0,0.0
0.18421052631578938,0.06818181818181823,0.3953488372093022,0.03164556962025317,0.5849056603773586,0.634920634920635,0.5706806282722514,0.2997946611909581,0.45000000000000034,0.2444444444444444,0.3421052631578946,0.0,0.6666666666666666
0.13157894736842113,0.31818181818181823,0.09302325581395338,0.48101265822784806,0.13207547169811318,0.39682539682539686,0.6073298429319373,0.6098562628336718,0.5833333333333331,0.26666666666666666,0.15789473684210523,0.0,0.6666666666666666
0.1578947368421053,0.4090909090909091,0.8372093023255813,0.03164556962025317,0.47169811320754723,0.8095238095238095,0.8534031413612567,0.3696098562628283,0.5166666666666672,0.37777777777777777,0.18421052631578938,0.0,1.0
0.736842105263158,0.36363636363636365,0.7906976744186045,0.7215189873417721,0.3396226415094339,0.7460317460317462,0.6701570680628274,0.5174537987679619,0.18333333333333324,0.0222222222222222,0.8157894736842106,0.0,0.6666666666666666
0.2894736842105264,0.4318181818181819,0.46511627906976727,0.17721518987341772,0.2075471698113207,0.4603174603174604,0.32460732984293206,0.08213552361396564,0.5333333333333334,0.6888888888888889,0.9473684210526319,0.0,0.0
0.3947368421052634,0.22727272727272724,0.5581395348837208,0.23417721518987344,0.28301886792452835,0.6031746031746033,0.7068062827225132,0.412731006160168,0.45000000000000034,0.6,0.4473684210526315,0.0,0.6666666666666666
0.26315789473684226,0.3409090909090909,0.2558139534883719,0.5474683544303797,0.30188679245283023,0.49206349206349215,0.48691099476439803,0.39630390143737027,0.10000000000000014,0.04444444444444445,0.5350877184210527,0.0,0.6666666666666666
0.6842105263157897,0.20454545454545456,0.4186046511627906,0.10759493670886075,0.4339622641509434,0.6984126984126985,0.7277486910994766,0.5872689938398321,0.5499999999999998,0.8888888888888888,0.15789473684210523,0.0,0.6666666666666666
0.13157894736842113,0.31818181818181823,0.09302325581395338,0.48101265822784806,0.13207547169811318,0.39682539682539686,0.6073298429319373,0.6098562628336718,0.5833333333333331,0.26666666666666666,0.15789473684210523,0.0,0.6666666666666666
0.5000000000000001,0.25,0.4186046511627906,0.03164556962025317,0.3396226415094339,0.22222222222222224,0.45549738219895297,0.40041067761807253,0.7500000000000001,0.5333333333333334,0.3157894736842105,0.0,0.6666666666666666
0.44736842105263164,0.5227272727272727,0.5116279069767441,0.0253164556962025,0.22641509433962262,0.34920634920634924,0.5235602094240839,0.2381930184804924,0.4333333333333333,0.6666666666666666,0.8157894736842106,0.0,1.0
0.36842105263157904,0.25,0.5581395348837208,0.8227848101265822,0.13207547169811318,0.6666666666666667,0.5602094240837697,0.5872689938398321,0.7333333333333338,0.39999999999999997,0.868421052631579,0.0,0.0
0.2894736842105264,0.6136363636363636,0.2790697674418603,0.24050632911392406,0.5094339622641509,0.6984126984126985,0.6073298429319373,0.5256673511293665,0.3500000000000002,0.6666666666666666,0.07894736842105238,0.0,1.0
0.5526315789473686,0.2954545454545455,0.6046511627906975,0.37974683544303794,0.2075471698113207,0.634920634920635,0.7225130890052358,0.4537987679671451,0.16666666666666619,0.0222222222222222,0.5526315789473686,0.0,1.0
0.36842105263157904,0.4090909090909091,0.2558139534883719,0.07594936708860758,0.35849056603773577,0.15873015873015875,0.2198952879581153,0.3819301848049237,0.3999999999999999,0.15555555555555556,0.13157894736842113,0.0,0.6666666666666666
0.8947368421052637,0.4545454545454546,0.5348837209302324,0.5506329113924049,0.2075471698113207,0.6507936507936509,0.7643979057591626,0.7310061601642748,0.25000000000000006,0.17777777777777778,0.3421052631578946,0.0,1.0
0.3157894736842105,0.5,0.9767441860465116,0.5759493670886074,0.47169811320754723,0.380952380952381,0.5968586387434556,0.6981519507186909,0.233333333333333,0.17777777777777778,0.13157894736842113,0.0,1.0
0.2894736842105264,0.1363636363636364,0.5813953488372091,0.18354430379746833,0.28301886792452835,0.34920634920634924,0.5968586387434556,0.15811088295687786,0.08333333333333309,0.46666666666666673,0.7631578947368425,0.0,0.6666666666666666
0.36842105263157904,0.5681818181818182,0.4883720930232557,0.8449367088607596,0.3396226415094339,0.36507936507936517,0.712041884816754,0.9568788501026718,0.3999999999999999,0.48888888888888893,0.05263157894736825,0.0,1.0
0.18421052631578938,0.4090909090909091,0.5348837209302324,0.6139240506329113,0.2075471698113207,0.34920634920634924,0.3769633507853404,0.5882956878850134,0.6833333333333333,0.4444444444444445,0.3421052631578946,0.0,0.6666666666666666
0.2368421052631579,0.2954545454545455,0.1860465116279068,0.42405063291139233,0.4339622641509434,0.634920634920635,0.8376963350785342,0.6899383983572863,0.5,0.33333333333333326,0.02631578947368418,0.0,1.0
0.5789473684210528,0.20454545454545456,0.5581395348837208,0.037974683544303806,0.3396226415094339,0.3015873015873016,0.5392670157068064,0.36652977412730725,0.3166666666666668,0.8444444444444443,0.39473684210526333,0.0,1.0
0.5789473684210528,0.5227272727272727,0.5581395348837208,0.13924050632911392,0.05660377358490565,0.5873015873015874,0.712041884816754,0.08418891170430542,0.1333333333333328,0.0222222222222222,0.9210526315789476,0.0,0.6666666666666666
0.5789473684210528,0.3409090909090909,0.9069767441860463,0.5443037974683544,0.09433962264150936,0.634920634920635,0.8952879581151834,0.4435318275154008,0.33333333333333315,0.1333333333333333,0.8947368421052635,0.0,0.0
0.5263157894736845,0.18181818181818182,0.37209302325581384,0.4936708860759494,0.037735849056603765,0.28571428571428575,0.4502617801047122,0.37166324435317943,0.08333333333333309,0.19999999999999993,0.6578947368421055,0.0,0.6666666666666666
0.3157894736842105,0.36363636363636365,0.325581395348837,0.012658227848101278,0.169811320754717,0.1904761904761905,0.4973821989528797,0.392197125256668,0.33333333333333315,0.0888888888888888,0.07894736842105238,0.0,1.0
0.13157894736842113,0.09090909090909088,0.4186046511627906,0.25949367088607594,0.2641509433962264,0.7142857142857144,0.5916230366492148,0.22279260780287596,0.3833333333333336,0.26666666666666666,0.6315789473684214,0.0,0.6666666666666666
0.4210526315789475,0.18181818181818182,0.37209302325581384,0.006329113924050611,0.22641509433962262,0.23809523809523814,0.23560209424083783,0.07392197125256111,0.28333333333333344,0.1333333333333333,0.7368421052631579,0.0,0.6666666666666666
0.5789473684210528,0.06818181818181823,0.5813953488372091,0.037974683544303806,0.41509433962264153,0.6031746031746033,0.6701570680628274,0.40246406570841226,0.7166666666666668,0.8222222222222222,0.5789473684210527,0.0,0.6666666666666666
0.44736842105263164,0.15909090909090906,0.4186046511627906,0.10759493670886075,0.169811320754717,0.28571428571428575,0.44502617801047134,0.4691991786447615,0.7000000000000004,0.7111111111111111,0.3421052631578946,0.0,0.3333333333333333
0.34210526315789486,0.27272727272727276,0.44186046511627886,0.42405063291139233,0.2452830188679245,0.5555555555555557,0.8010471204188483,0.5451745379876738,0.5,0.5333333333333334,0.39473684210526333,0.0,0.6666666666666666
0.6052631578947371,0.7272727272727273,0.1860465116279068,0.14556962025316453,0.5471698113207547,0.20634920634920637,0.6125654450261782,0.45585215605749624,0.3166666666666668,0.4222222222222222,0.5000000000000002,0.0,0.6666666666666666
0.5000000000000001,0.0,0.9069767441860463,0.006329113924050611,0.2452830188679245,0.36507936507936517,0.3821989528795813,0.3408624229979466,0.45000000000000034,0.8888888888888888,0.4473684210526315,0.0,0.6666666666666666
0.5263157894736845,0.2954545454545455,0.37209302325581384,0.6835443037974683,0.5283018867924528,0.7936507936507937,0.7696335078534033,0.7710472279260822,0.2999999999999997,0.6222222222222222,0.23684210526315808,0.0,1.0
0.6315789473684212,0.7954545454545454,0.9069767441860463,0.37974683544303794,0.3396226415094339,0.380952380952381,0.6439790575916231,0.5872689938398321,0.4666666666666667,0.0222222222222222,0.2894736842105263,0.0,1.0
0.5263157894736845,0.5909090909090909,0.44186046511627886,0.27848101265822783,0.35849056603773577,0.4126984126984128,0.5026178010471205,0.4640657084188894,0.6166666666666666,0.39999999999999997,0.5789473684210527,0.0,0.0
0.26315789473684226,0.06818181818181823,0.5116279069767441,0.08860759493670883,0.4339622641509434,0.5714285714285715,0.9109947643979059,0.4435318275154008,0.9500000000000004,0.39999999999999997,0.2105263157894735,0.0,0.6666666666666666
0.2368421052631579,0.5909090909090909,0.325581395348837,0.25949367088607594,0.2075471698113207,0.6031746031746033,0.549738219895288,0.2443531827515344,0.5166666666666672,0.26666666666666666,0.6315789473684214,0.0,0.6666666666666666
0.6578947368421055,0.1363636363636364,0.6744186046511627,0.0,0.30188679245283023,0.507936507936508,0.6701570680628274,0.14887063655030347,0.25000000000000006,0.2444444444444444,0.7894736842105265,0.0,1.0
0.5789473684210528,0.47727272727272724,0.8372093023255813,0.8670886075949367,0.41509433962264153,0.4444444444444445,0.6544502617801048,0.7813141683778264,0.16666666666666619,0.46666666666666673,0.3684210526315792,0.0,1.0
0.26315789473684226,0.15909090909090906,0.4186046511627906,0.310126582278481,0.41509433962264153,0.380952380952381,0.39267015706806296,0.33880903490759545,0.36666666666666653,0.17777777777777778,0.5526315789473686,0.0,0.6666666666666666
0.2368421052631579,0.18181818181818182,0.5581395348837208,0.012658227848101278,0.2075471698113207,0.4285714285714286,0.36649214659685875,0.013347022587265334,0.21666666666666662,0.9333333333333336,0.7105263157894737,0.0,0.6666666666666666
0.1578947368421053,0.25,0.4186046511627906,0.42405063291139233,0.5283018867924528,0.507936507936508,0.5549738219895289,0.5554414784394294,0.21666666666666662,0.39999999999999997,0.13157894736842113,0.0,0.6666666666666666
0.2368421052631579,0.09090909090909088,0.2790697674418603,0.29113924050632906,0.41509433962264153,0.634920634920635,0.6335078534031415,0.44661190965092185,0.2666666666666664,0.48888888888888893,0.2894736842105263,0.0,1.0
0.26315789473684226,0.20454545454545456,0.5116279069767441,0.05696202531645567,0.2452830188679245,0.5555555555555557,0.4816753926701572,0.12936344969198477,0.6499999999999999,0.46666666666666673,0.7631578947368425,0.0,0.0
0.4210526315789475,0.31818181818181823,0.37209302325581384,0.04430379746835442,0.3207547169811321,0.4603174603174604,0.5445026178010473,0.3100616016427138,0.8333333333333339,0.39999999999999997,0.4736842105263157,0.0,0.0
0.18421052631578938,0.15909090909090906,0.20930232558139522,0.0253164556962025,0.39622641509433965,0.7301587301587302,0.549738219895288,0.24229979466119467,0.4833333333333337,0.15555555555555556,0.4210526315789474,0.0,1.0
0.3157894736842105,0.18181818181818182,0.6279069767441858,0.012658227848101278,0.6415094339622641,0.634920634920635,0.905759162303665,0.3613963039014352,0.7333333333333338,0.5111111111111112,0.3684210526315792,0.0,0.0
0.21052631578947378,0.36363636363636365,0.5116279069767441,0.012658227848101278,0.5094339622641509,0.4285714285714286,0.8324607329842932,0.3264887063655001,0.5833333333333331,0.26666666666666666,0.3157894736842105,0.0,1.0
0.36842105263157904,0.5909090909090909,0.44186046511627886,0.11392405063291136,0.35849056603773577,0.34920634920634924,0.3717277486910996,0.09445585215604968,0.3166666666666668,0.22222222222222218,0.6052631578947367,0.0,0.6666666666666666
0.34210526315789486,0.22727272727272724,0.5813953488372091,0.7658227848101264,0.47169811320754723,0.9365079365079366,0.9371727748691101,0.772073921971252,0.36666666666666653,0.39999999999999997,0.15789473684210523,0.0,1.0
0.3157894736842105,0.06818181818181823,0.37209302325581384,0.4050632911392405,0.5094339622641509,0.634920634920635,0.5340314136125656,0.451745379876794,0.3833333333333336,0.1111111111111111,0.2894736842105263,0.0,0.6666666666666666
0.10526315789473678,0.06818181818181823,0.46511627906976727,0.0253164556962025,0.22641509433962262,0.7936507936507937,0.5445026178010473,0.14579055441478245,0.6000000000000002,0.1333333333333333,0.6315789473684214,0.0,0.6666666666666666
0.1578947368421053,0.3863636363636364,0.3953488372093022,0.0822784810126582,0.3207547169811321,0.22222222222222224,0.4921465968586389,0.004106776180690885,0.6499999999999999,0.19999999999999993,1.0,0.0,0.0
0.6315789473684212,0.25,0.7209302325581394,0.1708860759493671,0.3207547169811321,0.507936507936508,0.6439790575916231,0.6078028747433207,0.7166666666666668,0.2888888888888889,0.2894736842105263,0.0,0.6666666666666666
0.6315789473684212,0.6590909090909092,0.9069767441860463,0.759493670886076,0.15094339622641506,0.507936507936508,0.6910994764397906,0.6180698151950763,0.3500000000000002,0.0666666666666666,0.6315789473684214,0.0,0.6666666666666666
0.21052631578947378,0.22727272727272724,0.5813953488372091,0.012658227848101278,0.2452830188679245,0.2698412698412699,0.7382198952879583,0.17659137577001532,0.28333333333333344,0.3555555555555555,0.4473684210526315,0.0,0.6666666666666666
0.26315789473684226,0.6363636363636364,0.8372093023255813,0.46835443037974683,0.47169811320754723,0.8412698412698415,0.8062827225130891,0.5616016427104714,0.41666666666666696,0.3111111111111111,0.2105263157894735,0.0,0.6666666666666666
0.5789473684210528,0.7727272727272727,0.4186046511627906,0.5949367088607596,0.45283018867924535,0.8253968253968255,0.9371727748691101,0.8213552361396337,0.5166666666666672,0.2888888888888889,0.105263157894737,0.0,1.0
0.36842105263157904,0.25,0.5581395348837208,0.23417721518987344,0.1132075471698113,0.4603174603174604,0.5654450261780106,0.3305954825462023,0.4666666666666667,0.1333333333333333,0.4473684210526315,0.0,0.6666666666666666
0.07894736842105271,0.3863636363636364,0.44186046511627886,0.39873417721518983,0.47169811320754723,0.4444444444444445,0.6125654450261782,0.3942505133470191,0.6333333333333336,0.39999999999999997,0.5701754394736843,0.0,0.6666666666666666
0.26315789473684226,0.36363636363636365,0.6511627906976742,0.430379746835443,0.39622641509433965,0.4761904761904763,0.8691099476439792,0.6180698151950763,0.28333333333333344,0.1111111111111111,0.02631578947368418,0.0,1.0
0.1578947368421053,0.27272727272727276,0.325581395348837,0.01898734177215189,0.5283018867924528,0.9682539682539684,0.649214659685864,0.2997946611909581,0.4666666666666667,0.6666666666666666,0.39473684210526333,0.0,0.6666666666666666
0.10526315789473678,0.25,0.37209302325581384,0.7658227848101264,0.490566037735849,0.6190476190476192,0.6387434554973823,0.7926078028747405,0.6000000000000002,0.1333333333333333,0.105263157894737,0.0,1.0
0.473684210526316,0.2954545454545455,0.7441860465116277,0.037974683544303806,0.47169811320754723,0.4761904761904763,0.5706806282722514,0.25872689938398097,0.01666666666666633,0.3111111111111111,0.5526315789473686,0.0,0.6666666666666666
0.3157894736842105,0.22727272727272724,0.4186046511627906,0.05063291139240503,0.05660377358490565,0.5396825396825398,0.5549738219895289,0.2402464065708435,0.6833333333333333,0.3111111111111111,0.6578947368421055,0.0,1.0
0.7894736842105267,0.2954545454545455,0.8372093023255813,0.48734177215189867,0.4339622641509434,0.5396825396825398,0.8952879581151834,0.8131416837782292,0.3500000000000002,0.6,0.18421052631578938,0.0,0.6666666666666666
0.34210526315789486,0.4318181818181819,0.5581395348837208,0.4113924050632911,0.2075471698113207,0.5396825396825398,0.5130890052356022,0.17967145790554773,0.10000000000000014,0.0,0.9210526315789476,0.0,0.0
0.7105263157894738,0.27272727272727276,0.6279069767441858,0.05696202531645567,0.8867924528301885,0.6825396825396826,0.6963350785340315,0.5564681724845992,0.7333333333333338,0.8444444444444443,0.5263157894736844,0.0,0.6666666666666666
0.473684210526316,0.15909090909090906,0.5581395348837208,0.6898734177215191,0.3396226415094339,0.507936507936508,0.9790575916230367,0.6899383983572863,0.2666666666666664,0.39999999999999997,0.18421052631578938,0.0,0.6666666666666666
0.10526315789473678,0.02272727272727265,0.9069767441860463,0.006329113924050611,0.4339622641509434,0.25396825396825395,0.3769633507853404,0.35112936344969087,0.4333333333333333,0.3555555555555555,0.07894736842105238,0.0,1.0
0.8421052631578949,0.04545454545454547,0.6511627906976742,0.15189873417721517,0.28301886792452835,0.5714285714285715,0.6125654450261782,0.3819301848049237,0.033333333333333326,0.15555555555555556,0.3421052631578946,0.0,0.6666666666666666
0.2894736842105264,0.6590909090909092,0.4186046511627906,0.6487341772151898,0.13207547169811318,0.4126984126984128,0.31937172774869116,0.27926078028746953,0.1499999999999999,0.1333333333333333,0.9210526315789476,0.0,0.6666666666666666
0.05263157894736831,0.27272727272727276,0.37209302325581384,0.2974683544303797,0.1132075471698113,0.11111111111111116,0.2827225130890053,0.2895277207392138,0.5333333333333334,0.1333333333333333,0.5000000000000002,0.0,1.0
0.2894736842105264,0.840909090909091,0.3488372093023254,0.04430379746835442,0.4339622641509434,0.5396825396825398,0.7905759162303665,0.2710472279260764,0.5833333333333331,0.5555555555555555,0.43859649210526325,0.0,1.0
0.36842105263157904,0.1363636363636364,0.4186046511627906,0.7341772151898733,0.4339622641509434,0.7777777777777779,0.5759162303664922,0.6242299794661184,0.4333333333333333,0.1111111111111111,0.4736842105263157,0.0,0.6666666666666666
0.26315789473684226,0.4545454545454546,0.3023255813953487,0.3354430379746835,0.2641509433962264,0.507936507936508,0.6125654450261782,0.5051334702258665,0.4333333333333333,0.7333333333333334,0.2894736842105263,0.0,0.6666666666666666
0.5263157894736845,0.27272727272727276,0.6279069767441858,0.5316455696202531,0.41509433962264153,0.5873015873015874,0.6335078534031415,0.8952772073921947,0.8833333333333336,0.8888888888888888,0.2894736842105263,0.0,1.0
0.21052631578947378,0.22727272727272724,0.44186046511627886,0.7784810126582278,0.2641509433962264,0.6984126984126985,0.5445026178010473,0.5872689938398321,0.666666666666667,0.3111111111111111,0.5526315789473686,0.0,0.0
0.2894736842105264,0.4090909090909091,0.046511627906976605,0.6645569620253164,0.15094339622641506,0.4761904761904763,0.7277486910994766,0.8131416837782292,0.4833333333333337,0.0,0.02631578947368418,0.0,1.0
0.5526315789473686,0.09090909090909088,0.6744186046511627,0.05696202531645567,0.5471698113207547,0.28571428571428575,0.34031413612565453,0.47433264887063364,0.5666666666666669,0.2888888888888889,0.3684210526315792,0.0,0.6666666666666666
0.736842105263158,0.3863636363636364,0.7674418604651161,0.37974683544303794,0.41509433962264153,0.20634920634920637,0.31937172774869116,0.6981519507186909,0.5,0.7111111111111111,0.4473684210526315,0.0,1.0
0.6315789473684212,0.15909090909090906,0.3953488372093022,0.012658227848101278,0.490566037735849,0.23809523809523814,0.3298429319371729,0.42299794661191226,0.21666666666666662,0.3111111111111111,0.05263157894736825,0.0,1.0
0.34210526315789486,0.5454545454545454,0.37209302325581384,0.5411392405063291,0.2075471698113207,0.4761904761904763,0.34031413612565453,0.24845995893223666,0.08333333333333309,0.1111111111111111,0.9210526315789476,0.0,0.6666666666666666
0.5789473684210528,0.31818181818181823,0.6744186046511627,0.012658227848101278,0.2452830188679245,0.25396825396825395,0.46596858638743466,0.4640657084188894,0.3833333333333336,0.7777777777777779,0.2894736842105263,0.0,0.6666666666666666
0.8157894736842107,0.31818181818181823,0.5581395348837208,0.8101265822784809,0.30188679245283023,0.4285714285714286,0.7068062827225132,0.8850102669404505,0.33333333333333315,0.17777777777777778,0.26315789473684226,0.0,0.6666666666666666
0.7105263157894738,0.27272727272727276,0.5348837209302324,0.6392405063291138,0.5094339622641509,0.7539682539682541,0.6910994764397906,0.8336755646817291,0.16666666666666619,0.37777777777777777,0.3421052631578946,0.0,0.0
0.2368421052631579,0.15909090909090906,0.6976744186046511,0.04430379746835442,0.1132075471698113,0.6825396825396826,0.5654450261780106,0.22792607802874815,0.8166666666666669,0.37777777777777777,0.6842105263157896,0.0,0.6666666666666666
0.34210526315789486,0.09090909090909088,0.325581395348837,0.5886075949367088,0.6037735849056605,0.9365079365079366,0.8324607329842932,0.5862422997946622,0.3166666666666668,0.39999999999999997,0.4473684210526315,0.0,0.6666666666666666
0.3947368421052634,0.4090909090909091,0.06976744186046496,0.430379746835443,0.3207547169811321,0.09523809523809523,0.47643979057591634,0.6694045174537977,0.5,0.1111111111111111,0.07894736842105238,0.0,1.0
0.6315789473684212,0.1363636363636364,0.325581395348837,0.037974683544303806,0.018867924528301827,0.33333333333333337,0.8534031413612567,0.15605749486652676,0.25000000000000006,0.9333333333333336,0.8421052631578949,0.0,0.0
0.1578947368421053,0.06818181818181823,0.6046511627906975,0.04430379746835442,0.3207547169811321,0.14285714285714285,0.18324607329842946,0.20123203285420616,0.4833333333333337,0.48888888888888893,0.5000000000000002,0.0,0.6666666666666666
0.3157894736842105,0.25,0.6744186046511627,0.028481012658227833,0.28301886792452835,0.5555555555555557,0.3298429319371729,0.166324435318271,0.7000000000000004,0.17777777777777778,0.6578947368421055,0.0,0.0
0.07894736842105271,0.15909090909090906,0.3488372093023254,0.006329113924050611,0.18867924528301894,0.33333333333333337,0.2879581151832462,0.07392197125256111,0.6333333333333336,0.4444444444444445,0.6578947368421055,0.0,0.6666666666666666
0.5263157894736845,0.31818181818181823,0.6046511627906975,0.860759493670886,0.4339622641509434,0.4761904761904763,0.7068062827225132,0.7515400410677634,0.3500000000000002,0.5333333333333334,0.4473684210526315,0.0,1.0
0.3947368421052634,0.15909090909090906,0.5348837209302324,0.05063291139240503,0.169811320754717,0.6825396825396826,0.5759162303664922,0.04312114989732829,0.5333333333333334,0.19999999999999993,0.9736842105263159,0.0,0.0
0.1578947368421053,0.6136363636363636,0.3023255813953487,0.006329113924050611,0.7735849056603774,0.2698412698412699,0.6387434554973823,0.3264887063655001,0.6166666666666666,0.33333333333333326,0.19298245605263145,0.0,1.0
0.26315789473684226,0.27272727272727276,0.2558139534883719,0.38607594936708856,0.28301886792452835,0.4761904761904763,0.712041884816754,0.6283367556468207,0.7666666666666672,0.5777777777777777,0.26315789473684226,0.0,0.6666666666666666
0.05263157894736831,0.1363636363636364,0.6046511627906975,0.09493670886075947,0.4339622641509434,0.17460317460317462,0.518324607329843,0.3429158110882977,0.933333333333334,0.37777777777777777,0.2894736842105263,0.0,0.6666666666666666
0.36842105263157904,0.2954545454545455,0.4186046511627906,0.430379746835443,0.2452830188679245,0.33333333333333337,0.3298429319371729,0.20739219712525953,0.5166666666666672,0.04444444444444445,0.9473684210526319,0.0,0.6666666666666666
0.6052631578947371,0.25,0.9069767441860463,0.09493670886075947,0.41509433962264153,0.4126984126984128,0.74869109947644,0.3121149897330535,0.233333333333333,0.5555555555555555,0.4473684210526315,0.0,0.6666666666666666
0.36842105263157904,0.2954545454545455,0.6279069767441858,0.4556962025316455,0.5660377358490566,0.7460317460317462,0.8691099476439792,0.6550308008213512,0.2999999999999997,0.4444444444444445,0.15789473684210523,0.0,0.6666666666666666
0.44736842105263164,0.3863636363636364,0.6511627906976742,0.012658227848101278,0.2075471698113207,0.07936507936507936,0.5130890052356022,0.2997946611909581,0.3500000000000002,0.26666666666666666,0.26315789473684226,0.0,0.6666666666666666
0.5526315789473686,0.18181818181818182,0.44186046511627886,0.24050632911392406,0.47169811320754723,0.4444444444444445,0.31937172774869116,0.4640657084188894,0.3500000000000002,0.22222222222222218,0.26315789473684226,0.0,1.0
0.1578947368421053,0.22727272727272724,0.5116279069767441,0.3354430379746835,0.09433962264150936,0.4603174603174604,0.5392670157068064,0.5256673511293665,0.9833333333333338,0.19999999999999993,0.39473684210526333,0.0,1.0
0.1578947368421053,0.3409090909090909,0.2558139534883719,0.01898734177215189,0.5660377358490566,0.5873015873015874,0.7434554973821991,0.1971252566735039,0.6499999999999999,0.2444444444444444,0.5789473684210527,0.0,0.6666666666666666
0.18421052631578938,0.5454545454545454,0.09302325581395338,0.18354430379746833,0.6603773584905661,0.34920634920634924,0.45549738219895297,0.4065708418891146,0.233333333333333,0.04444444444444445,0.07894736842105238,0.0,0.3333333333333333
0.13157894736842113,0.1363636363636364,0.3023255813953487,0.03164556962025317,0.22641509433962262,0.5238095238095238,0.3507853403141362,0.07494866529774241,0.7166666666666668,0.37777777777777777,0.8157894736842106,0.0,0.6666666666666666
0.3157894736842105,0.15909090909090906,0.44186046511627886,0.05063291139240503,0.018867924528301827,0.4761904761904763,0.5340314136125656,0.24127310061601343,0.7333333333333338,0.3555555555555555,0.6052631578947367,0.0,0.6666666666666666
0.13157894736842113,0.22727272727272724,0.46511627906976727,0.0632911392405063,0.15094339622641506,0.36507936507936517,0.3455497382198954,0.28439425051334166,0.7666666666666672,0.8222222222222222,0.5263157894736844,0.0,0.0
0.36842105263157904,0.4318181818181819,0.4883720930232557,0.4050632911392405,0.37735849056603776,0.4603174603174604,0.6125654450261782,0.28542094455852296,0.21666666666666662,0.5111111111111112,0.868421052631579,0.0,0.6666666666666666
0.5263157894736845,0.3409090909090909,0.3488372093023254,0.17721518987341772,0.35849056603773577,0.39682539682539686,0.46073298429319387,0.25872689938398097,0.2999999999999997,0.17777777777777778,0.5526315789473686,0.0,0.6666666666666666
0.4210526315789475,0.04545454545454547,0.5116279069767441,0.006329113924050611,0.13207547169811318,0.380952380952381,0.2827225130890053,0.02464065708419083,0.5,0.0888888888888888,0.8421052631578949,0.0,0.6666666666666666
0.36842105263157904,0.3863636363636364,0.5116279069767441,0.41772151898734167,0.5094339622641509,0.4761904761904763,0.6125654450261782,0.6591375770020534,0.3500000000000002,0.1333333333333333,0.02631578947368418,0.0,1.0
0.6052631578947371,0.7272727272727273,0.1860465116279068,0.14556962025316453,0.5471698113207547,0.20634920634920637,0.6125654450261782,0.45585215605749624,0.3166666666666668,0.4222222222222222,0.5000000000000002,0.0,0.6666666666666666
0.3947368421052634,0.36363636363636365,0.8139534883720929,0.0253164556962025,0.2641509433962264,0.49206349206349215,0.5026178010471205,0.11396303901436838,0.233333333333333,0.33333333333333326,0.5789473684210527,0.0,0.0
0.26315789473684226,0.25,0.5348837209302324,0.04430379746835442,0.22641509433962262,0.4761904761904763,0.45549738219895297,0.22176591375769472,0.5,0.7555555555555555,0.4473684210526315,0.0,0.6666666666666666
0.36842105263157904,0.4090909090909091,0.5116279069767441,0.48734177215189867,0.07547169811320759,0.4126984126984128,0.4136125654450263,0.20328542094455732,0.11666666666666653,0.04444444444444445,0.8947368421052635,0.0,0.0
0.5789473684210528,0.1363636363636364,0.37209302325581384,0.24050632911392406,0.15094339622641506,0.33333333333333337,0.26178010471204194,0.13141683778233593,0.08333333333333309,0.37777777777777777,0.8947368421052635,0.0,0.0
0.5789473684210528,0.46590909090909083,0.37209302325581384,0.05696202531645567,0.3396226415094339,0.15873015873015875,0.5654450261780106,0.42299794661191226,0.25000000000000006,0.1333333333333333,0.15789473684210523,0.0,1.0
0.18421052631578938,0.04545454545454547,0.5581395348837208,0.3227848101265822,0.169811320754717,0.4126984126984128,0.46073298429319387,0.4281314168377844,0.6499999999999999,0.5777777777777777,0.32894736842105277,0.0,0.0
0.34210526315789486,0.3863636363636364,0.1860465116279068,0.42405063291139233,0.3396226415094339,0.8253968253968255,0.9109947643979059,0.6344969199178627,0.3999999999999999,0.26666666666666666,0.13157894736842113,0.0,0.6666666666666666
0.44736842105263164,0.31818181818181823,0.9069767441860463,0.3481012658227848,0.30188679245283023,0.36507936507936517,0.44502617801047134,0.32032854209445805,0.8000000000000006,0.5777777777777777,0.868421052631579,0.0,0.0
0.2368421052631579,0.1363636363636364,0.1860465116279068,0.6075949367088607,0.37735849056603776,0.8253968253968255,0.6963350785340315,0.7371663244353168,0.2666666666666664,0.48888888888888893,0.07894736842105238,0.0,1.0
0.21052631578947378,0.09090909090909088,0.9069767441860463,0.22151898734177214,0.41509433962264153,0.1904761904761905,0.33507853403141374,0.24845995893223666,0.5666666666666669,0.1111111111111111,0.7105263157894737,0.0,0.6666666666666666
0.5789473684210528,0.36363636363636365,0.6511627906976742,0.06962025316455694,0.3396226415094339,0.07936507936507936,0.3769633507853404,0.35728952772073286,0.3999999999999999,0.7333333333333334,0.5526315789473686,0.0,1.0
0.7631578947368425,0.0,0.8139534883720929,0.03164556962025317,0.2641509433962264,0.20634920634920637,0.3769633507853404,0.2741273100615974,0.1499999999999999,0.5333333333333334,0.5526315789473686,0.0,0.6666666666666666
0.36842105263157904,0.31818181818181823,0.7906976744186045,0.5253164556962026,0.1132075471698113,0.4761904761904763,0.5811518324607331,0.5256673511293665,0.3833333333333336,0.0888888888888888,0.39473684210526333,0.0,0.6666666666666666
0.5000000000000001,0.22727272727272724,0.5581395348837208,0.9113924050632911,0.47169811320754723,0.5238095238095238,0.7748691099476441,0.905544147843939,0.16666666666666619,0.22222222222222218,0.02631578947368418,0.0,0.6666666666666666
0.13157894736842113,0.25,0.325581395348837,0.4050632911392405,0.35849056603773577,0.25396825396825395,0.45549738219895297,0.5277207392197062,0.7500000000000001,0.5777777777777777,0.4210526315789474,0.0,0.6666666666666666
0.26315789473684226,0.4545454545454546,0.23255813953488358,0.879746835443038,0.6603773584905661,0.507936507936508,0.712041884816754,0.905544147843939,0.33333333333333315,0.2888888888888889,0.02631578947368418,0.0,0.3333333333333333
0.5789473684210528,0.3863636363636364,0.9069767441860463,0.7848101265822784,0.6981132075471699,0.7142857142857144,0.8638743455497384,0.9671457905544161,0.4833333333333337,0.46666666666666673,0.02631578947368418,0.0,0.3333333333333333
0.26315789473684226,0.31818181818181823,0.2790697674418603,0.7468354430379747,0.2641509433962264,0.7301587301587302,0.649214659685864,0.6026694045174485,0.5,0.2444444444444444,0.4736842105263157,0.0,0.6666666666666666
0.6052631578947371,0.47727272727272724,0.9069767441860463,0.4841772151898734,0.15094339622641506,0.5873015873015874,0.8376963350785342,0.37166324435317943,0.3500000000000002,0.1333333333333333,0.9210526315789476,0.0,0.0
0.6578947368421055,0.31818181818181823,0.7209302325581394,0.0632911392405063,0.35849056603773577,0.7142857142857144,0.6596858638743457,0.40246406570841226,0.8666666666666674,0.37777777777777777,0.4736842105263157,0.0,0.0
0.13157894736842113,0.25,0.20930232558139522,0.7215189873417721,0.41509433962264153,0.7142857142857144,0.712041884816754,0.8028747433264849,0.7000000000000004,0.1333333333333333,0.15789473684210523,0.0,1.0
0.7631578947368425,0.06818181818181823,0.4883720930232557,0.03164556962025317,0.45283018867924535,0.6825396825396826,0.6649214659685865,0.48459958932237795,0.3166666666666668,0.5777777777777777,0.13157894736842113,0.0,0.6666666666666666
0.0,0.4318181818181819,0.4883720930232557,0.189873417721519,0.09433962264150936,0.34920634920634924,0.4293193717277488,0.08521560574948661,0.6166666666666666,0.2444444444444444,0.868421052631579,0.0,0.0
0.9210526315789478,0.22727272727272724,0.5348837209302324,0.9335443037974682,0.18867924528301894,0.17460317460317462,0.5549738219895289,0.6694045174537977,0.11666666666666653,0.1111111111111111,0.8421052631578949,0.0,0.6666666666666666
0.3947368421052634,0.36363636363636365,0.2558139534883719,0.3924050632911392,0.37735849056603776,0.7777777777777779,0.8586387434554975,0.6642710472279256,0.4833333333333337,0.3555555555555555,0.13157894736842113,0.0,1.0
0.44736842105263164,0.15909090909090906,0.4186046511627906,0.10759493670886075,0.169811320754717,0.28571428571428575,0.44502617801047134,0.4691991786447615,0.7000000000000004,0.7111111111111111,0.3421052631578946,0.0,0.3333333333333333
0.13157894736842113,0.11363636363636359,0.2558139534883719,0.04430379746835442,0.37735849056603776,0.8253968253968255,0.5706806282722514,0.40349075975359355,0.6499999999999999,0.26666666666666666,0.15789473684210523,0.0,1.0
0.473684210526316,0.22727272727272724,0.44186046511627886,0.07594936708860758,0.22641509433962262,0.507936507936508,0.39790575916230375,0.25872689938398097,0.5666666666666669,0.7111111111111111,0.5526315789473686,0.0,0.0
0.2894736842105264,0.09090909090909088,0.5581395348837208,0.037974683544303806,0.28301886792452835,0.6031746031746033,0.6387434554973823,0.17659137577001532,0.6499999999999999,0.6,0.6842105263157896,0.0,0.0
0.44736842105263164,0.36363636363636365,0.9069767441860463,0.037974683544303806,0.37735849056603776,0.4126984126984128,0.3874345549738221,0.48459958932237795,0.7833333333333334,0.6,0.3421052631578946,0.0,1.0
0.4210526315789475,0.6818181818181819,0.325581395348837,0.7025316455696202,0.5849056603773586,1.0,0.9633507853403143,0.7905544147843894,0.19999999999999962,0.39999999999999997,0.15789473684210523,0.0,1.0
0.10526315789473678,0.20454545454545456,0.4883720930232557,0.22151898734177214,0.39622641509433965,0.5873015873015874,0.5130890052356022,0.386036960985626,0.6333333333333336,0.7111111111111111,0.5000000000000002,0.0,0.6666666666666666
0.34210526315789486,0.20454545454545456,0.3488372093023254,0.037974683544303806,0.2075471698113207,0.36507936507936517,0.6125654450261782,0.3162217659137557,0.6166666666666666,0.48888888888888893,0.3684210526315792,0.0,0.6666666666666666
0.34210526315789486,0.22727272727272724,0.44186046511627886,0.36708860759493667,0.2452830188679245,0.7777777777777779,0.5287958115183247,0.3819301848049237,0.666666666666667,0.3111111111111111,0.7105263157894737,0.0,0.0
0.6842105263157897,0.36363636363636365,0.4186046511627906,0.2974683544303797,0.35849056603773577,0.4126984126984128,0.5130890052356022,0.546201232032855,0.3833333333333336,0.4222222222222222,0.3421052631578946,0.0,0.6666666666666666
0.26315789473684226,0.31818181818181823,0.7906976744186045,0.38607594936708856,0.4339622641509434,0.6984126984126985,0.8010471204188483,0.5954825462012366,0.36666666666666653,0.3555555555555555,0.07894736842105238,0.0,1.0
0.3157894736842105,0.2954545454545455,0.5116279069767441,0.01898734177215189,0.35849056603773577,0.20634920634920637,0.3507853403141362,0.09856262833675195,0.2999999999999997,0.5333333333333334,0.8815789473684212,0.0,1.0
0.5000000000000001,0.31818181818181823,0.5813953488372091,0.037974683544303806,0.5471698113207547,0.4126984126984128,0.6387434554973823,0.2361396303901413,0.41666666666666696,0.33333333333333326,0.4736842105263157,0.0,1.0
0.3157894736842105,0.4090909090909091,0.2790697674418603,0.9936708860759493,0.39622641509433965,0.5238095238095238,0.5602094240837697,0.8644763860369619,0.4833333333333337,0.7777777777777779,0.39473684210526333,0.0,0.6666666666666666
0.13157894736842113,0.25,0.3488372093023254,0.6518987341772151,0.5094339622641509,0.39682539682539686,0.7277486910994766,0.772073921971252,0.5166666666666672,0.26666666666666666,0.15789473684210523,0.0,0.6666666666666666
0.36842105263157904,0.09090909090909088,0.46511627906976727,0.7468354430379747,0.6981132075471699,0.22222222222222224,0.7591623036649215,0.8829568788500993,0.11666666666666653,0.4444444444444445,0.02631578947368418,0.0,0.0
0.36842105263157904,0.7045454545454546,0.6046511627906975,0.25316455696202533,0.15094339622641506,0.36507936507936517,0.6806282722513091,0.15605749486652676,0.2999999999999997,0.17777777777777778,0.9210526315789476,0.0,0.0
0.6315789473684212,0.06818181818181823,0.3023255813953487,0.04430379746835442,0.07547169811320759,0.5396825396825398,0.5340314136125656,0.33264887063655346,0.7333333333333338,0.19999999999999993,0.4736842105263157,0.0,0.0
0.5526315789473686,0.09090909090909088,0.4883720930232557,0.6772151898734177,0.490566037735849,0.3015873015873016,0.35602094240837706,0.772073921971252,0.4333333333333333,0.26666666666666666,0.15789473684210523,0.0,0.0
0.3947368421052634,0.36363636363636365,0.9069767441860463,0.41772151898734167,0.6037735849056605,0.3174603174603175,0.6806282722513091,0.6899383983572863,0.8333333333333339,0.6888888888888889,0.5526315789473686,0.0,0.0
0.6578947368421055,0.11363636363636359,0.37209302325581384,0.06962025316455694,0.2641509433962264,0.047619047619047616,0.6125654450261782,0.48459958932237795,0.19999999999999962,0.9333333333333336,0.23684210526315808,0.0,1.0
0.13157894736842113,0.15909090909090906,0.3023255813953487,0.43670886075949367,0.15094339622641506,0.2698412698412699,0.5445026178010473,0.5051334702258665,0.7500000000000001,0.6,0.5263157894736844,0.0,0.6666666666666666
0.13157894736842113,0.1363636363636364,0.3023255813953487,0.03164556962025317,0.22641509433962262,0.5238095238095238,0.3507853403141362,0.07494866529774241,0.7166666666666668,0.37777777777777777,0.8157894736842106,0.0,0.6666666666666666
0.3157894736842105,0.5454545454545454,0.6046511627906975,0.5189873417721518,0.679245283018868,0.5873015873015874,0.9842931937172776,0.8336755646817291,0.6333333333333336,0.5333333333333334,0.13157894736842113,0.0,1.0
0.868421052631579,0.7045454545454546,0.6976744186046511,0.03164556962025317,0.7924528301886794,0.1904761904761905,0.3874345549738221,0.6386036960985649,0.5666666666666669,0.5555555555555555,0.3157894736842105,0.0,0.6666666666666666
0.2894736842105264,0.6136363636363636,0.325581395348837,0.8227848101265822,0.4339622641509434,0.3015873015873016,0.45549738219895297,0.8952772073921947,0.8500000000000003,0.46666666666666673,0.23684210526315808,0.0,0.6666666666666666
0.26315789473684226,0.02272727272727265,0.7906976744186045,0.012658227848101278,0.3396226415094339,0.9841269841269843,0.649214659685864,0.12525667351129388,0.3500000000000002,0.9111111111111112,0.6052631578947367,0.0,0.0
0.44736842105263164,0.011363636363636298,0.5348837209302324,0.22784810126582278,0.47169811320754723,0.4444444444444445,0.549738219895288,0.48459958932237795,0.5833333333333331,0.17777777777777778,0.18421052631578938,0.0,0.6666666666666666
0.5526315789473686,0.15909090909090906,0.5116279069767441,0.24050632911392406,0.5849056603773586,0.5396825396825398,0.45549738219895297,0.4568788501026661,0.2999999999999997,0.4444444444444445,0.3421052631578946,0.0,0.0
0.5526315789473686,0.4318181818181819,0.6744186046511627,0.7215189873417721,0.7547169811320755,0.380952380952381,0.48691099476439803,0.8131416837782292,0.3833333333333336,0.15555555555555556,0.13157894736842113,0.0,1.0
0.026315789473684237,0.31818181818181823,0.2558139534883719,0.037974683544303806,0.13207547169811318,0.28571428571428575,0.30890052356020953,0.0811088295687844,0.8166666666666669,0.22222222222222218,0.9473684210526319,0.0,1.0
0.473684210526316,0.27272727272727276,0.37209302325581384,0.740506329113924,0.2075471698113207,0.6984126984126985,0.9842931937172776,0.9363449691991832,0.8000000000000006,0.39999999999999997,0.2894736842105263,0.0,0.6666666666666666
0.3947368421052634,0.22727272727272724,0.6279069767441858,0.3227848101265822,0.037735849056603765,0.5238095238095238,0.4502617801047122,0.1416837782340803,0.4333333333333333,0.04444444444444445,0.9210526315789476,0.0,0.6666666666666666
0.6315789473684212,0.31818181818181823,0.5581395348837208,0.037974683544303806,0.05660377358490565,0.4285714285714286,0.4816753926701572,0.0636550308008168,0.11666666666666653,0.1333333333333333,0.8421052631578949,0.0,0.0
0.473684210526316,0.20454545454545456,0.6744186046511627,0.0822784810126582,0.15094339622641506,0.380952380952381,0.39790575916230375,0.1355236139630382,0.5499999999999998,0.48888888888888893,0.8947368421052635,0.0,0.0
0.13157894736842113,0.27272727272727276,0.3488372093023254,0.7278481012658228,0.169811320754717,0.5238095238095238,0.6596858638743457,0.8439425051334734,0.666666666666667,0.2444444444444444,0.13157894736842113,0.0,1.0
0.3157894736842105,0.22727272727272724,0.5348837209302324,0.5759493670886074,0.13207547169811318,0.047619047619047616,0.2879581151832462,0.6960985626283398,0.4333333333333333,0.4222222222222222,0.23684210526315808,0.0,0.6666666666666666
0.5263157894736845,0.22727272727272724,0.6046511627906975,0.0632911392405063,0.1132075471698113,0.34920634920634924,0.5916230366492148,0.10985626283367755,0.5833333333333331,0.3555555555555555,0.9473684210526319,0.0,0.0
0.5789473684210528,0.4545454545454546,0.6744186046511627,0.41772151898734167,0.28301886792452835,0.634920634920635,0.9895287958115186,0.7207392197125306,0.2999999999999997,0.46666666666666673,0.07894736842105238,0.0,0.6666666666666666
0.736842105263158,0.5227272727272727,0.6046511627906975,0.0,0.169811320754717,0.1904761904761905,0.3507853403141362,0.11498973305954968,0.18333333333333324,0.0,0.7368421052631579,0.0,0.0
0.2368421052631579,0.36363636363636365,0.325581395348837,0.3544303797468354,0.28301886792452835,0.5238095238095238,0.6020942408376965,0.5667351129363436,0.4833333333333337,0.33333333333333326,0.15789473684210523,0.0,1.0
0.34210526315789486,0.36363636363636365,0.9302325581395348,0.7025316455696202,0.37735849056603776,0.5238095238095238,0.5287958115183247,0.8131416837782292,0.18333333333333324,0.46666666666666673,0.0,0.0,0.6666666666666666
0.3947368421052634,0.25,0.3953488372093022,0.5094936708860759,0.2641509433962264,0.507936507936508,0.5340314136125656,0.42299794661191226,0.5666666666666669,0.04444444444444445,0.6315789473684214,0.0,0.0
0.3947368421052634,0.3409090909090909,0.46511627906976727,0.4556962025316455,0.018867924528301827,0.4761904761904763,0.4502617801047122,0.20123203285420616,0.11666666666666653,0.1111111111111111,0.8947368421052635,0.0,0.6666666666666666
0.5789473684210528,0.3409090909090909,0.7441860465116277,0.01898734177215189,0.18867924528301894,0.20634920634920637,0.31413612565445037,0.1355236139630382,0.10000000000000014,0.15555555555555556,0.6315789473684214,0.0,1.0
0.2368421052631579,0.27272727272727276,0.2558139534883719,0.189873417721519,0.09433962264150936,0.3015873015873016,0.518324607329843,0.20739219712525953,0.21666666666666662,0.04444444444444445,0.4736842105263157,0.0,0.6666666666666666
0.13157894736842113,0.11363636363636359,0.37209302325581384,0.4050632911392405,0.169811320754717,0.4444444444444445,0.5078534031413614,0.5667351129363436,0.933333333333334,0.22222222222222218,0.3157894736842105,0.0,0.6666666666666666
0.473684210526316,0.1363636363636364,0.3488372093023254,0.22151898734177214,0.35849056603773577,0.4126984126984128,0.43455497382198965,0.5564681724845992,0.5,0.0888888888888888,0.13157894736842113,0.0,1.0
0.7105263157894738,0.4318181818181819,0.6046511627906975,0.4050632911392405,0.22641509433962262,0.49206349206349215,0.6806282722513091,0.6611909650924046,0.4333333333333333,0.48888888888888893,0.4473684210526315,0.0,0.6666666666666666
0.4210526315789475,0.47727272727272724,0.1627906976744185,0.006329113924050611,0.45283018867924535,0.031746031746031744,0.48691099476439803,0.35831622176591416,0.33333333333333315,0.0888888888888888,0.2105263157894735,0.0,0.6666666666666666
0.21052631578947378,0.27272727272727276,0.6279069767441858,0.38607594936708856,0.41509433962264153,0.7777777777777779,0.9162303664921467,0.5903490759753531,0.4333333333333333,0.3555555555555555,0.15789473684210523,0.0,0.6666666666666666
0.05263157894736831,0.25,0.37209302325581384,0.16455696202531644,0.22641509433962262,0.20634920634920637,0.46596858638743466,0.09445585215604968,0.8166666666666669,0.39999999999999997,0.9736842105263159,0.0,0.6666666666666666
0.7631578947368425,0.2954545454545455,0.5581395348837208,0.5822784810126582,0.4339622641509434,0.7142857142857144,0.4816753926701572,0.7885010266940496,0.41666666666666696,0.4222222222222222,0.3684210526315792,0.0,1.0
0.4210526315789475,0.09090909090909088,0.6279069767441858,0.03164556962025317,0.3396226415094339,0.17460317460317462,0.40837696335078544,0.27515400410677865,0.41666666666666696,0.39999999999999997,0.5000000000000002,0.0,1.0
0.5789473684210528,0.25,0.5581395348837208,0.01898734177215189,0.5849056603773586,0.4603174603174604,0.7853403141361257,0.4989733059548245,0.28333333333333344,0.4222222222222222,0.15789473684210523,0.0,1.0
0.473684210526316,0.15909090909090906,0.6046511627906975,0.9303797468354429,0.37735849056603776,1.0,0.8219895287958117,1.0,0.5333333333333334,0.9777777777777779,0.13157894736842113,0.0,1.0
0.07894736842105271,0.15909090909090906,0.3488372093023254,0.006329113924050611,0.18867924528301894,0.33333333333333337,0.2879581151832462,0.07392197125256111,0.6333333333333336,0.4444444444444445,0.6578947368421055,0.0,0.6666666666666666
0.6842105263157897,0.7045454545454546,0.4186046511627906,0.620253164556962,0.490566037735849,0.3174603174603175,0.6858638743455499,0.6386036960985649,0.21666666666666662,0.33333333333333326,0.6578947368421055,0.0,0.0
0.6052631578947371,0.09090909090909088,0.46511627906976727,0.012658227848101278,0.39622641509433965,0.6984126984126985,0.905759162303665,0.47741273100615467,0.16666666666666619,0.1333333333333333,0.105263157894737,0.0,1.0
0.36842105263157904,0.04545454545454547,0.6046511627906975,0.01898734177215189,0.169811320754717,0.4285714285714286,0.3769633507853404,0.11293634496919847,0.1499999999999999,0.5777777777777777,0.6315789473684214,0.0,0.6666666666666666
0.1578947368421053,0.27272727272727276,0.44186046511627886,0.0,0.13207547169811318,0.34920634920634924,0.36649214659685875,0.012320328542095527,0.7500000000000001,0.26666666666666666,0.8947368421052635,0.0,0.6666666666666666
0.3947368421052634,0.20454545454545456,0.5581395348837208,0.189873417721519,0.41509433962264153,0.3015873015873016,0.5340314136125656,0.5051334702258665,0.45000000000000034,0.4444444444444445,0.2105263157894735,0.0,0.6666666666666666
0.5526315789473686,0.5454545454545454,0.5348837209302324,0.25316455696202533,0.37735849056603776,0.39682539682539686,0.549738219895288,0.48459958932237795,0.6499999999999999,0.26666666666666666,0.5263157894736844,0.0,0.6666666666666666
0.2894736842105264,0.02272727272727265,0.7906976744186045,0.7341772151898733,0.5094339622641509,0.9523809523809527,0.6910994764397906,0.7597535934291566,0.5499999999999998,0.8444444444444443,0.3684210526315792,0.0,0.0
0.13157894736842113,0.22727272727272724,0.5581395348837208,0.0632911392405063,0.22641509433962262,0.5555555555555557,0.4293193717277488,0.0,0.4333333333333333,0.39999999999999997,0.8947368421052635,0.0,0.6666666666666666
0.3947368421052634,0.25,0.5581395348837208,0.01898734177215189,0.18867924528301894,0.34920634920634924,0.293193717277487,0.09958932238193324,0.41666666666666696,0.26666666666666666,0.868421052631579,0.0,0.6666666666666666
0.6052631578947371,0.20454545454545456,0.4883720930232557,0.6139240506329113,0.2452830188679245,0.8571428571428573,0.8376963350785342,0.7618069815195077,0.3166666666666668,0.5111111111111112,0.15789473684210523,0.0,0.6666666666666666
0.1578947368421053,0.6590909090909092,0.5581395348837208,0.41772151898734167,0.37735849056603776,0.3174603174603175,0.4816753926701572,0.28131416837782064,0.16666666666666619,0.1111111111111111,0.5526315789473686,0.0,0.6666666666666666
0.05263157894736831,0.4318181818181819,0.4186046511627906,0.012658227848101278,0.1132075471698113,0.4444444444444445,0.3717277486910996,0.1827515400410687,0.933333333333334,0.5777777777777777,0.5263157894736844,0.0,0.6666666666666666
0.5789473684210528,0.15909090909090906,0.5813953488372091,0.012658227848101278,0.30188679245283023,0.031746031746031744,0.4188481675392671,0.1971252566735039,0.21666666666666662,0.2888888888888889,0.6315789473684214,0.0,0.3333333333333333
0.21052631578947378,0.25,0.6511627906976742,0.43670886075949367,0.37735849056603776,0.7777777777777779,0.9528795811518327,0.6406570841889161,0.3999999999999999,0.3111111111111111,0.05263157894736825,0.0,1.0
0.5263157894736845,0.31818181818181823,0.9302325581395348,0.7025316455696202,0.45283018867924535,0.6825396825396826,0.5026178010471205,0.8028747433264849,0.1333333333333328,0.26666666666666666,0.02631578947368418,0.0,1.0
0.8421052631578949,0.1363636363636364,0.7441860465116277,0.03164556962025317,0.30188679245283023,0.4761904761904763,0.518324607329843,0.3100616016427138,0.2999999999999997,0.37777777777777777,0.6578947368421055,0.0,0.0
0.2368421052631579,0.5227272727272727,0.4186046511627906,0.3354430379746835,0.169811320754717,0.634920634920635,0.6596858638743457,0.2689938398357252,0.6000000000000002,0.3111111111111111,0.7105263157894737,0.0,0.0
0.5000000000000001,0.25,0.6046511627906975,0.06962025316455694,0.169811320754717,0.39682539682539686,0.7905759162303665,0.14065708418891038,0.5333333333333334,0.17777777777777778,0.7894736842105265,0.0,0.0
0.3947368421052634,0.25,0.5813953488372091,0.5189873417721518,0.169811320754717,0.5873015873015874,0.649214659685864,0.5359342915811107,0.4666666666666667,0.0888888888888888,0.6842105263157896,0.0,0.6666666666666666
0.1578947368421053,0.31818181818181823,0.5813953488372091,0.05696202531645567,0.22641509433962262,0.17460317460317462,0.4921465968586389,0.392197125256668,0.3833333333333336,0.8222222222222222,0.4473684210526315,0.0,1.0
0.2894736842105264,0.5,0.4186046511627906,0.13924050632911392,0.22641509433962262,0.380952380952381,0.48691099476439803,0.1355236139630382,0.5333333333333334,0.7333333333333334,0.9210526315789476,0.0,0.0
0.34210526315789486,0.3863636363636364,0.7906976744186045,0.36075949367088606,0.5471698113207547,0.380952380952381,0.7015706806282724,0.5872689938398321,0.18333333333333324,0.26666666666666666,0.18421052631578938,0.0,1.0
0.5000000000000001,0.27272727272727276,0.6046511627906975,0.26582278481012656,0.28301886792452835,0.4126984126984128,0.6020942408376965,0.37166324435317943,0.3833333333333336,0.6,0.5526315789473686,0.0,0.6666666666666666
0.3947368421052634,0.18181818181818182,0.5116279069767441,0.5253164556962026,0.28301886792452835,0.2698412698412699,0.4397905759162305,0.6488706365503092,0.6833333333333333,0.48888888888888893,0.4736842105263157,0.0,0.0
0.2894736842105264,0.36363636363636365,0.3953488372093022,0.189873417721519,0.2452830188679245,0.507936507936508,0.3717277486910996,0.08008213552361448,0.45000000000000034,0.6222222222222222,0.9736842105263159,0.0,0.0
0.5263157894736845,0.25,0.6046511627906975,0.06645569620253164,0.47169811320754723,0.4126984126984128,0.3874345549738221,0.25872689938398097,0.4333333333333333,0.26666666666666666,0.5000000000000002,0.0,0.6666666666666666
0.6842105263157897,0.31818181818181823,0.5116279069767441,0.41772151898734167,0.37735849056603776,0.8888888888888891,0.9319371727748693,0.6108829568788531,0.28333333333333344,0.5111111111111112,0.3157894736842105,0.0,0.6666666666666666
0.2368421052631579,0.27272727272727276,0.9069767441860463,0.03164556962025317,0.5094339622641509,0.4603174603174604,0.5654450261780106,0.2997946611909581,0.10000000000000014,0.6444444444444444,0.23684210526315808,0.0,0.6666666666666666
0.21052631578947378,0.31818181818181823,0.3953488372093022,0.5886075949367088,0.09433962264150936,0.33333333333333337,0.4293193717277488,0.451745379876794,0.45000000000000034,0.0888888888888888,0.4736842105263157,0.0,0.6666666666666666
0.473684210526316,0.22727272727272724,0.3953488372093022,0.6582278481012658,0.169811320754717,0.5555555555555557,0.7748691099476441,0.8470225872689943,0.45000000000000034,0.26666666666666666,0.02631578947368418,0.0,1.0
0.2368421052631579,0.47727272727272724,0.46511627906976727,0.2974683544303797,0.18867924528301894,0.047619047619047616,0.3717277486910996,0.3305954825462023,0.5666666666666669,0.19999999999999993,0.5526315789473686,0.0,0.0
1.0000000000000002,0.11363636363636359,0.7441860465116277,0.0632911392405063,0.41509433962264153,0.17460317460317462,0.40837696335078544,0.5841889117043111,0.2666666666666664,0.7555555555555555,0.2894736842105263,0.0,0.3333333333333333
0.473684210526316,0.2954545454545455,0.3953488372093022,0.08860759493670883,0.4339622641509434,0.39682539682539686,0.6439790575916231,0.42299794661191226,0.28333333333333344,0.4222222222222222,0.07894736842105238,0.0,0.6666666666666666
0.07894736842105271,0.3409090909090909,0.1395348837209301,0.43670886075949367,0.35849056603773577,0.6825396825396826,0.8952879581151834,0.579055441478439,0.4666666666666667,0.0888888888888888,0.13157894736842113,0.0,1.0
0.3947368421052634,0.31818181818181823,0.6976744186046511,0.4556962025316455,0.2075471698113207,0.15873015873015875,0.3612565445026179,0.5051334702258665,0.3999999999999999,0.0222222222222222,0.3421052631578946,0.0,1.0
0.10526315789473678,0.4545454545454546,0.1395348837209301,0.37974683544303794,0.22641509433962262,0.33333333333333337,0.4712041884816755,0.5564681724845992,0.8833333333333336,0.2888888888888889,0.2894736842105263,0.0,0.0
0.7631578947368425,0.27272727272727276,0.4883720930232557,0.0632911392405063,0.07547169811320759,0.14285714285714285,0.6020942408376965,0.13244353182751722,0.033333333333333326,1.0,0.868421052631579,0.0,0.6666666666666666
0.5789473684210528,0.3409090909090909,0.37209302325581384,0.3481012658227848,0.3207547169811321,0.4285714285714286,0.7015706806282724,0.5051334702258665,0.3500000000000002,0.33333333333333326,0.4736842105263157,0.0,1.0
0.3947368421052634,0.47727272727272724,0.6744186046511627,0.08860759493670883,0.4339622641509434,0.3174603174603175,0.6858638743455499,0.18993839835729198,0.45000000000000034,0.48888888888888893,0.5789473684210527,0.0,0.0
0.5526315789473686,0.11363636363636359,0.6976744186046511,0.38607594936708856,0.5849056603773586,0.7142857142857144,0.4397905759162305,0.6078028747433207,0.21666666666666662,0.4444444444444445,0.26315789473684226,0.0,0.6666666666666666
0.13157894736842113,0.09090909090909088,0.44186046511627886,0.22784810126582278,0.13207547169811318,1.0,0.5811518324607331,0.21663244353182254,0.4666666666666667,0.1333333333333333,0.6315789473684214,0.0,0.6666666666666666
0.34210526315789486,0.09090909090909088,0.4186046511627906,0.5822784810126582,0.2641509433962264,0.380952380952381,0.46596858638743466,0.5349075975359294,0.2999999999999997,0.2888888888888889,0.5263157894736844,0.0,0.0
0.2368421052631579,0.22727272727272724,0.6279069767441858,0.05063291139240503,0.1132075471698113,0.015873015873015872,0.18324607329842946,0.02258726899383967,0.6166666666666666,0.04444444444444445,0.868421052631579,0.0,0.3333333333333333
0.44736842105263164,0.3863636363636364,0.8604651162790696,0.7974683544303796,0.5849056603773586,0.7777777777777779,0.8952879581151834,0.8542094455852176,0.28333333333333344,0.37777777777777777,0.105263157894737,0.0,1.0
0.026315789473684237,0.04545454545454547,0.37209302325581384,0.03164556962025317,0.13207547169811318,0.4761904761904763,0.3874345549738221,0.13141683778233593,0.8333333333333339,1.0,0.8157894736842106,0.0,0.6666666666666666
0.34210526315789486,0.27272727272727276,0.9069767441860463,0.4620253164556962,0.41509433962264153,0.7777777777777779,0.8638743455497384,0.6078028747433207,0.5,0.17777777777777778,0.3684210526315792,0.0,0.6666666666666666
0.44736842105263164,0.27272727272727276,0.5116279069767441,0.310126582278481,0.22641509433962262,0.5396825396825398,0.3717277486910996,0.40246406570841226,0.6333333333333336,0.17777777777777778,0.7105263157894737,0.0,0.6666666666666666
0.2894736842105264,0.7272727272727273,0.4883720930232557,0.25316455696202533,0.037735849056603765,0.15873015873015875,0.24083769633507868,0.22279260780287596,0.5499999999999998,0.6222222222222222,0.6842105263157896,0.0,0.0
0.6578947368421055,0.6136363636363636,0.6279069767441858,0.22151898734177214,0.09433962264150936,0.5555555555555557,0.46073298429319387,0.25872689938398097,0.3999999999999999,0.48888888888888893,0.9210526315789476,0.0,0.0
0.736842105263158,0.5,0.44186046511627886,0.41772151898734167,0.18867924528301894,0.507936507936508,0.5026178010471205,0.4537987679671451,0.3833333333333336,0.04444444444444445,0.8157894736842106,0.0,1.0
0.473684210526316,0.5,0.6046511627906975,0.2974683544303797,0.2452830188679245,0.33333333333333337,0.3769633507853404,0.1971252566735039,0.0,0.6,0.9473684210526319,0.0,0.0
0.8157894736842107,0.04545454545454547,0.5813953488372091,0.037974683544303806,0.2641509433962264,0.3015873015873016,0.6335078534031415,0.412731006160168,0.04999999999999971,0.0888888888888888,0.2894736842105263,0.0,1.0
0.6842105263157897,0.18181818181818182,0.4883720930232557,0.29113924050632906,0.45283018867924535,0.3015873015873016,0.3717277486910996,0.3613963039014352,0.28333333333333344,0.22222222222222218,0.5263157894736844,0.0,1.0
0.4210526315789475,0.20454545454545456,0.5348837209302324,0.0,0.3396226415094339,0.6507936507936509,0.4397905759162305,0.17453798767966422,0.18333333333333324,0.7333333333333334,0.5000000000000002,0.0,0.6666666666666666
0.18421052631578938,0.4090909090909091,0.5348837209302324,0.6139240506329113,0.2075471698113207,0.34920634920634924,0.3769633507853404,0.5882956878850134,0.6833333333333333,0.4444444444444445,0.3421052631578946,0.0,0.6666666666666666
0.10526315789473678,0.4090909090909091,0.4883720930232557,0.10759493670886075,0.45283018867924535,0.3174603174603175,0.6649214659685865,0.12217659137577286,0.8500000000000003,0.9111111111111112,0.868421052631579,0.0,0.0
0.1578947368421053,0.06818181818181823,0.44186046511627886,0.25316455696202533,0.05660377358490565,0.3174603174603175,0.4293193717277488,0.13141683778233593,0.3500000000000002,0.04444444444444445,0.8947368421052635,0.0,0.6666666666666666
0.21052631578947378,0.3409090909090909,0.44186046511627886,0.29113924050632906,0.39622641509433965,0.4761904761904763,0.7958115183246075,0.37474332648870046,0.5333333333333334,0.4222222222222222,0.42982456052631574,0.0,1.0
0.9736842105263162,0.2954545454545455,0.8139534883720929,0.6075949367088607,0.18867924528301894,0.36507936507936517,0.5130890052356022,0.772073921971252,0.45000000000000034,0.3111111111111111,0.39473684210526333,0.0,0.0
0.36842105263157904,0.25,0.325581395348837,0.037974683544303806,0.37735849056603776,0.5396825396825398,0.7225130890052358,0.4661190965092405,1.0,0.5777777777777777,0.5000000000000002,0.0,1.0
0.2368421052631579,0.31818181818181823,0.44186046511627886,0.36708860759493667,0.490566037735849,0.5555555555555557,0.6125654450261782,0.4373716632443474,0.8333333333333339,0.6,0.5526315789473686,0.0,0.6666666666666666
0.44736842105263164,0.1363636363636364,0.4883720930232557,0.4050632911392405,0.5283018867924528,0.4285714285714286,0.9685863874345552,0.6560574948665325,0.6333333333333336,0.6,0.39473684210526333,0.0,0.6666666666666666
0.5000000000000001,0.4090909090909091,0.5581395348837208,0.3544303797468354,0.13207547169811318,0.3015873015873016,0.4502617801047122,0.5718685831622157,0.4833333333333337,0.3111111111111111,0.23684210526315808,0.0,0.6666666666666666
0.473684210526316,0.11363636363636359,0.6744186046511627,0.012658227848101278,0.2075471698113207,0.4285714285714286,0.30890052356020953,0.2381930184804924,0.3833333333333336,0.39999999999999997,0.4210526315789474,0.0,1.0
0.6578947368421055,0.1363636363636364,0.5581395348837208,0.012658227848101278,0.28301886792452835,0.380952380952381,0.4816753926701572,0.3819301848049237,0.3500000000000002,0.19999999999999993,0.4473684210526315,0.0,0.6666666666666666
0.2368421052631579,0.25,0.3023255813953487,0.879746835443038,0.2641509433962264,0.6666666666666667,0.6073298429319373,0.7772073921971241,0.3500000000000002,0.0666666666666666,0.2105263157894735,0.0,0.6666666666666666
0.6315789473684212,0.2954545454545455,0.4186046511627906,0.05063291139240503,0.47169811320754723,0.25396825396825395,0.5287958115183247,0.40246406570841226,0.36666666666666653,0.26666666666666666,0.26315789473684226,0.0,1.0
0.4210526315789475,0.1363636363636364,0.5581395348837208,0.2974683544303797,0.18867924528301894,0.4285714285714286,0.29842931937172784,0.3408624229979466,0.4333333333333333,0.3111111111111111,0.6842105263157896,0.0,0.6666666666666666
0.13157894736842113,0.4545454545454546,0.3488372093023254,0.0632911392405063,0.3207547169811321,0.11111111111111116,0.4397905759162305,0.08829568788500769,0.1499999999999999,0.48888888888888893,0.6578947368421055,0.0,0.6666666666666666
0.44736842105263164,0.31818181818181823,0.20930232558139522,0.430379746835443,0.28301886792452835,0.6825396825396826,0.8272251308900525,0.6478439425051279,0.3833333333333336,0.39999999999999997,0.13157894736842113,0.0,1.0
0.21052631578947378,0.5454545454545454,0.7441860465116277,0.09493670886075947,0.2452830188679245,0.4603174603174604,0.47643979057591634,0.18891170431211074,0.7166666666666668,0.6,0.7105263157894737,0.0,0.0
0.1578947368421053,0.4545454545454546,0.44186046511627886,0.3227848101265822,0.39622641509433965,0.380952380952381,0.5654450261780106,0.5277207392197062,0.9166666666666672,0.5555555555555555,0.4736842105263157,0.0,0.6666666666666666
0.3157894736842105,0.11363636363636359,0.7674418604651161,0.6265822784810127,0.37735849056603776,0.7619047619047621,0.6701570680628274,0.8254620123203245,0.9833333333333338,1.0,0.39473684210526333,0.0,0.6666666666666666
0.07894736842105271,0.02272727272727265,0.8604651162790696,0.6582278481012658,0.18867924528301894,0.6984126984126985,0.5340314136125656,0.5215605749486641,0.16666666666666619,0.04444444444444445,0.4210526315789474,0.0,0.0
0.34210526315789486,0.6136363636363636,0.3953488372093022,0.10126582278481011,0.15094339622641506,0.3174603174603175,0.30890052356020953,0.1416837782340803,0.19999999999999962,0.04444444444444445,0.7368421052631579,0.0,0.6666666666666666
0.34210526315789486,0.22727272727272724,0.44186046511627886,0.879746835443038,0.5283018867924528,0.7936507936507937,0.5759162303664922,0.9147843942505134,0.16666666666666619,0.4444444444444445,0.02631578947368418,0.0,1.0
0.2368421052631579,0.04545454545454547,0.6976744186046511,0.037974683544303806,0.15094339622641506,0.8571428571428573,0.6387434554973823,0.1971252566735039,0.8500000000000003,0.46666666666666673,0.6578947368421055,0.0,1.0
0.05263157894736831,0.11363636363636359,0.8372093023255813,0.006329113924050611,0.13207547169811318,0.4444444444444445,0.46596858638743466,0.14579055441478245,0.7166666666666668,0.39999999999999997,0.39473684210526333,0.0,0.6666666666666666
0.34210526315789486,0.15909090909090906,0.5581395348837208,0.03164556962025317,0.18867924528301894,0.634920634920635,0.5078534031413614,0.001026694045169918,0.5166666666666672,0.0888888888888888,0.9736842105263159,0.0,0.0
0.3157894736842105,0.4090909090909091,0.5581395348837208,0.42405063291139233,0.35849056603773577,0.9206349206349208,0.9738219895287958,0.5934291581108855,0.4833333333333337,0.3555555555555555,0.2105263157894735,0.0,0.6666666666666666
0.5000000000000001,0.15909090909090906,0.9069767441860463,0.05063291139240503,0.2452830188679245,0.6190476190476192,0.6596858638743457,0.17659137577001532,0.6499999999999999,0.26666666666666666,0.9736842105263159,0.0,0.0
0.07894736842105271,0.25,0.37209302325581384,0.7278481012658228,0.45283018867924535,0.7539682539682541,0.4188481675392671,0.7628336755646775,0.25000000000000006,0.2888888888888889,0.13157894736842113,0.0,0.6666666666666666
0.36842105263157904,0.09090909090909088,0.6279069767441858,0.037974683544303806,0.5660377358490566,0.6666666666666667,0.6701570680628274,0.40246406570841226,0.25000000000000006,0.2888888888888889,0.05263157894736825,0.0,1.0
0.473684210526316,0.2954545454545455,0.3953488372093022,0.08860759493670883,0.4339622641509434,0.39682539682539686,0.6439790575916231,0.42299794661191226,0.28333333333333344,0.4222222222222222,0.07894736842105238,0.0,0.6666666666666666
0.10526315789473678,0.20454545454545456,0.2558139534883719,0.03164556962025317,0.35849056603773577,0.25396825396825395,0.4397905759162305,0.19507186858316422,0.6166666666666666,0.5555555555555555,0.5526315789473686,0.0,0.6666666666666666
0.8947368421052637,0.20454545454545456,0.5813953488372091,0.6139240506329113,0.28301886792452835,0.33333333333333337,0.8219895287958117,0.9158110882956834,0.0,0.37777777777777777,0.05263157894736825,0.0,0.6666666666666666
0.44736842105263164,0.4545454545454546,0.23255813953488358,0.3227848101265822,0.7169811320754718,0.6666666666666667,0.7225130890052358,0.5256673511293665,0.3999999999999999,0.22222222222222218,0.2894736842105263,0.0,1.0
0.3157894736842105,0.4318181818181819,0.7209302325581394,0.0632911392405063,0.037735849056603765,0.14285714285714285,0.2774869109947645,0.1180698151950706,0.5666666666666669,0.6888888888888889,0.9210526315789476,0.0,0.6666666666666666
0.36842105263157904,0.0,0.5813953488372091,0.03164556962025317,0.41509433962264153,0.5555555555555557,0.47643979057591634,0.1673511293634523,0.233333333333333,0.8888888888888888,0.5789473684210527,0.0,0.6666666666666666
0.44736842105263164,0.31818181818181823,0.4883720930232557,0.03164556962025317,0.5283018867924528,0.23809523809523814,0.3769633507853404,0.12422997946611264,0.36666666666666653,0.39999999999999997,0.6578947368421055,0.0,1.0
0.21052631578947378,0.18181818181818182,0.3953488372093022,0.03164556962025317,0.7358490566037736,0.23809523809523814,0.5549738219895289,0.4435318275154008,0.4833333333333337,0.3111111111111111,0.07894736842105238,0.0,0.6666666666666666
0.6578947368421055,0.09090909090909088,0.9069767441860463,0.26582278481012656,0.490566037735849,0.49206349206349215,0.6858638743455499,0.5975359342915764,0.41666666666666696,0.3555555555555555,0.4473684210526315,0.0,0.6666666666666666
0.473684210526316,0.3863636363636364,0.9302325581395348,0.7784810126582278,0.5849056603773586,1.0,0.8848167539267017,0.8952772073921947,0.1333333333333328,0.33333333333333326,0.07894736842105238,0.0,1.0
0.4210526315789475,0.1363636363636364,0.5581395348837208,0.2974683544303797,0.18867924528301894,0.4285714285714286,0.29842931937172784,0.3408624229979466,0.4333333333333333,0.3111111111111111,0.6842105263157896,0.0,0.6666666666666666
0.26315789473684226,0.4090909090909091,0.37209302325581384,0.43670886075949367,0.47169811320754723,0.7619047619047621,0.8062827225130891,0.5811088295687901,0.3500000000000002,0.39999999999999997,0.18421052631578938,0.0,1.0
0.6052631578947371,0.3863636363636364,0.3023255813953487,0.0632911392405063,0.8301886792452833,0.380952380952381,0.5654450261780106,0.4455852156057519,0.2999999999999997,0.6666666666666666,0.23684210526315808,0.0,1.0
0.18421052631578938,0.25,0.325581395348837,0.7025316455696202,0.39622641509433965,0.7301587301587302,0.7643979057591626,0.8747433264887062,0.7000000000000004,0.2888888888888889,0.15789473684210523,0.0,1.0
0.2368421052631579,0.25,0.2790697674418603,0.14556962025316453,0.4339622641509434,0.5714285714285715,0.7068062827225132,0.3162217659137557,0.3833333333333336,0.39999999999999997,0.4210526315789474,0.0,0.6666666666666666
0.05263157894736831,0.09090909090909088,0.4883720930232557,0.03164556962025317,0.2452830188679245,0.17460317460317462,0.3036649214659687,0.2997946611909581,0.6833333333333333,0.5777777777777777,0.3157894736842105,0.0,0.6666666666666666
0.26315789473684226,0.47727272727272724,0.5813953488372091,0.29113924050632906,0.169811320754717,0.06349206349206349,0.6387434554973823,0.5061601642710477,0.3999999999999999,0.39999999999999997,0.23684210526315808,0.0,0.3333333333333333
0.5789473684210528,0.2954545454545455,0.5116279069767441,0.012658227848101278,0.3396226415094339,0.28571428571428575,0.24083769633507868,0.2956878850102672,0.21666666666666662,0.8,0.4210526315789474,0.0,1.0
0.07894736842105271,0.4090909090909091,0.1860465116279068,0.0253164556962025,0.07547169811320759,0.33333333333333337,0.40837696335078544,0.11498973305954968,0.8500000000000003,0.1111111111111111,0.5526315789473686,0.0,0.6666666666666666
0.8421052631578949,0.20454545454545456,0.8372093023255813,0.0,0.5471698113207547,0.06349206349206349,0.24083769633507868,0.47433264887063364,0.033333333333333326,0.37777777777777777,0.05263157894736825,0.0,0.6666666666666666
0.5789473684210528,0.2954545454545455,0.7441860465116277,0.10126582278481011,0.35849056603773577,0.380952380952381,0.4397905759162305,0.17659137577001532,0.6333333333333336,0.4222222222222222,1.0,0.0,0.6666666666666666
0.2368421052631579,0.3409090909090909,0.3023255813953487,0.8354430379746833,0.22641509433962262,0.3015873015873016,0.3821989528795813,0.5954825462012366,0.25000000000000006,0.1333333333333333,0.4473684210526315,0.0,0.6666666666666666
0.4210526315789475,0.1363636363636364,0.4883720930232557,0.4430379746835443,0.47169811320754723,0.380952380952381,0.9790575916230367,0.6652977412730955,0.5833333333333331,0.5555555555555555,0.39473684210526333,0.0,0.6666666666666666
0.34210526315789486,0.3863636363636364,0.5348837209302324,0.0632911392405063,0.15094339622641506,0.11111111111111116,0.2513089005235603,0.11909650924024051,0.6000000000000002,0.7333333333333334,0.9473684210526319,0.0,0.6666666666666666
0.10526315789473678,0.11363636363636359,0.5348837209302324,0.20253164556962028,0.2452830188679245,0.6984126984126985,0.5602094240837697,0.16324435318275005,0.3833333333333336,0.22222222222222218,0.6315789473684214,0.0,0.0
0.5263157894736845,0.20454545454545456,0.6511627906976742,0.48101265822784806,0.5094339622641509,0.5714285714285715,0.649214659685864,0.6016427104722787,0.21666666666666662,0.3111111111111111,0.3684210526315792,0.0,1.0
0.4210526315789475,0.02272727272727265,0.5581395348837208,0.0253164556962025,0.2641509433962264,0.25396825396825395,0.7905759162303665,0.3305954825462023,0.6499999999999999,0.6666666666666666,0.5000000000000002,0.0,1.0
0.1578947368421053,0.22727272727272724,0.5348837209302324,0.09493670886075947,0.018867924528301827,0.4126984126984128,0.30890052356020953,0.06776180698151912,0.33333333333333315,0.39999999999999997,0.6315789473684214,0.0,0.0
0.3157894736842105,0.4545454545454546,0.3488372093023254,0.24050632911392406,0.2452830188679245,0.17460317460317462,0.4973821989528797,0.2566735112936298,0.7166666666666668,0.8666666666666667,0.9736842105263159,0.0,0.6666666666666666
0.44736842105263164,0.25,0.3488372093023254,0.037974683544303806,0.39622641509433965,0.7142857142857144,0.81151832460733,0.3100616016427138,0.45000000000000034,0.22222222222222218,0.5526315789473686,0.0,0.0
0.2368421052631579,0.36363636363636365,0.8837209302325579,0.4050632911392405,0.5283018867924528,0.4603174603174604,0.6439790575916231,0.5379876796714619,0.41666666666666696,0.46666666666666673,0.23684210526315808,0.0,1.0
0.1578947368421053,0.3409090909090909,0.7209302325581394,0.620253164556962,0.4339622641509434,0.7936507936507937,0.6439790575916231,0.4332648870636565,0.2666666666666664,0.6,0.5438596500000001,0.0,0.0
0.4210526315789475,0.36363636363636365,0.9534883720930232,0.7974683544303796,0.47169811320754723,0.5555555555555557,0.7434554973821991,0.8336755646817291,0.233333333333333,0.4444444444444445,0.18421052631578938,0.0,0.0
0.26315789473684226,0.4090909090909091,0.37209302325581384,0.43670886075949367,0.47169811320754723,0.7619047619047621,0.8062827225130891,0.5811088295687901,0.3500000000000002,0.39999999999999997,0.18421052631578938,0.0,1.0
0.26315789473684226,0.4545454545454546,0.7906976744186045,0.4556962025316455,0.3396226415094339,0.7777777777777779,0.9162303664921467,0.6190965092402462,0.41666666666666696,0.3555555555555555,0.15789473684210523,0.0,1.0
0.05263157894736831,0.10227272727272735,0.20930232558139522,0.38607594936708856,0.4339622641509434,0.49206349206349215,0.4397905759162305,0.5030800821355267,0.5499999999999998,0.19999999999999993,0.15789473684210523,0.0,0.6666666666666666
0.7894736842105267,1.0,0.3953488372093022,0.7056962025316456,0.15094339622641506,0.507936507936508,0.4712041884816755,0.6591375770020534,0.10000000000000014,0.15555555555555556,0.5000000000000002,0.0,0.6666666666666666
0.3947368421052634,0.25,0.6976744186046511,0.01898734177215189,0.2452830188679245,0.2698412698412699,0.39267015706806296,0.0636550308008168,0.16666666666666619,0.15555555555555556,0.6578947368421055,0.0,0.6666666666666666
0.4210526315789475,0.22727272727272724,0.46511627906976727,0.20253164556962028,0.28301886792452835,0.5714285714285715,0.9790575916230367,0.3305954825462023,0.5833333333333331,0.37777777777777777,0.7631578947368425,0.0,0.6666666666666666
0.26315789473684226,0.4318181818181819,0.4186046511627906,0.006329113924050611,0.2452830188679245,0.39682539682539686,0.4397905759162305,0.22792607802874815,0.3166666666666668,0.22222222222222218,0.4210526315789474,0.0,0.6666666666666666
0.10526315789473678,0.02272727272727265,0.5116279069767441,0.012658227848101278,0.22641509433962262,0.14285714285714285,0.48691099476439803,0.19404517453798287,0.4333333333333333,0.39999999999999997,0.3421052631578946,0.0,0.6666666666666666
0.18421052631578938,0.3863636363636364,0.37209302325581384,0.07594936708860758,0.490566037735849,0.36507936507936517,0.7382198952879583,0.32032854209445805,0.7333333333333338,0.33333333333333326,0.39473684210526333,0.0,0.6666666666666666
0.6578947368421055,0.2954545454545455,0.3953488372093022,0.04430379746835442,0.169811320754717,0.3174603174603175,0.5026178010471205,0.14373716632443134,0.06666666666666671,0.4222222222222222,0.7894736842105265,0.0,0.6666666666666666
0.18421052631578938,0.4318181818181819,0.5116279069767441,0.430379746835443,0.5094339622641509,0.7460317460317462,0.8219895287958117,0.7279260780287424,0.7666666666666672,0.7333333333333334,0.15789473684210523,0.0,1.0
0.5263157894736845,0.18181818181818182,0.5348837209302324,0.0632911392405063,0.37735849056603776,0.4126984126984128,0.39267015706806296,0.37166324435317943,0.8166666666666669,0.5111111111111112,0.6578947368421055,0.0,1.0
0.4210526315789475,0.5,0.5116279069767441,0.5727848101265822,0.37735849056603776,0.507936507936508,0.549738219895288,0.4147843942505077,0.2666666666666664,0.0222222222222222,0.7368421052631579,0.0,0.0
0.3157894736842105,0.9545454545454546,0.1395348837209301,0.1329113924050633,0.37735849056603776,0.36507936507936517,0.3455497382198954,0.4640657084188894,0.3166666666666668,0.0666666666666666,0.05263157894736825,0.0,0.6666666666666666
0.18421052631578938,0.1363636363636364,0.5581395348837208,0.5379746835443038,0.30188679245283023,0.5238095238095238,0.9162303664921467,0.5667351129363436,0.3500000000000002,0.26666666666666666,0.3157894736842105,0.0,0.3333333333333333
0.2368421052631579,0.2954545454545455,0.3488372093023254,0.30379746835443033,0.2452830188679245,0.7460317460317462,0.6753926701570682,0.5667351129363436,0.5833333333333331,0.1333333333333333,0.13157894736842113,0.0,0.6666666666666666
0.5000000000000001,0.4090909090909091,0.8837209302325579,0.7784810126582278,0.6603773584905661,0.8253968253968255,0.8900523560209426,0.8952772073921947,0.18333333333333324,0.39999999999999997,0.07894736842105238,0.0,1.0
0.34210526315789486,0.5909090909090909,0.2790697674418603,0.4936708860759494,0.5094339622641509,0.3015873015873016,0.45549738219895297,0.6447638603696069,0.4833333333333337,0.2888888888888889,0.13157894736842113,0.0,1.0
0.4210526315789475,0.4545454545454546,0.46511627906976727,0.05063291139240503,0.37735849056603776,0.6190476190476192,0.6073298429319373,0.1971252566735039,0.10000000000000014,0.2888888888888889,0.5000000000000002,0.0,0.6666666666666666
0.36842105263157904,0.15909090909090906,0.3953488372093022,0.06962025316455694,0.09433962264150936,0.33333333333333337,0.5916230366492148,0.05338809034907255,0.3833333333333336,0.6444444444444444,0.9736842105263159,0.0,0.0
0.2894736842105264,0.25,0.8139534883720929,0.430379746835443,0.4339622641509434,0.7460317460317462,0.8481675392670158,0.6447638603696069,0.45000000000000034,0.46666666666666673,0.05263157894736825,0.0,1.0
0.26315789473684226,0.4090909090909091,0.5813953488372091,0.24050632911392406,0.09433962264150936,0.4603174603174604,0.39267015706806296,0.17659137577001532,0.7166666666666668,0.6222222222222222,0.9473684210526319,0.0,0.0
0.2894736842105264,0.31818181818181823,0.3953488372093022,0.26582278481012656,0.28301886792452835,0.6190476190476192,0.8010471204188483,0.546201232032855,0.4333333333333333,0.8222222222222222,0.13157894736842113,0.0,0.6666666666666666
0.18421052631578938,0.11363636363636359,0.6279069767441858,0.10126582278481011,0.30188679245283023,0.3015873015873016,0.3821989528795813,0.21047227926078055,0.41666666666666696,0.39999999999999997,0.5263157894736844,0.0,0.6666666666666666
0.34210526315789486,0.22727272727272724,0.5348837209302324,0.7151898734177216,0.39622641509433965,0.4126984126984128,0.6230366492146598,0.905544147843939,0.7166666666666668,0.17777777777777778,0.15789473684210523,0.0,1.0
0.7631578947368425,0.20454545454545456,0.7674418604651161,0.13924050632911392,0.18867924528301894,0.14285714285714285,0.39267015706806296,0.3408624229979466,0.36666666666666653,0.0888888888888888,0.6842105263157896,0.0,1.0
0.4210526315789475,0.20454545454545456,0.7441860465116277,0.006329113924050611,0.6981132075471699,0.4761904761904763,0.3874345549738221,0.3798767967145726,0.18333333333333324,0.17777777777777778,0.07894736842105238,0.0,1.0
0.36842105263157904,0.15909090909090906,0.4883720930232557,0.120253164556962,0.39622641509433965,0.5555555555555557,0.4973821989528797,0.18685831622175958,0.233333333333333,0.7333333333333334,0.5263157894736844,0.0,0.0
0.3947368421052634,0.25,0.325581395348837,0.05063291139240503,0.5283018867924528,0.015873015873015872,0.4973821989528797,0.3613963039014352,0.5,0.8444444444444443,0.6578947368421055,0.0,1.0
0.4210526315789475,0.3409090909090909,0.9069767441860463,0.17721518987341772,0.41509433962264153,0.507936507936508,0.5759162303664922,0.4435318275154008,0.033333333333333326,0.17777777777777778,0.13157894736842113,0.0,0.6666666666666666
0.44736842105263164,0.4318181818181819,0.3488372093023254,0.037974683544303806,0.09433962264150936,0.3174603174603175,0.5235602094240839,0.0636550308008168,0.4833333333333337,0.04444444444444445,0.8421052631578949,0.0,0.0
0.18421052631578938,0.1363636363636364,0.6976744186046511,0.05696202531645567,0.05660377358490565,0.4285714285714286,0.586387434554974,0.1971252566735039,0.5499999999999998,0.8888888888888888,0.7368421052631579,0.0,1.0
0.3947368421052634,0.31818181818181823,0.6279069767441858,0.5126582278481012,0.22641509433962262,0.17460317460317462,0.26178010471204194,0.546201232032855,0.19999999999999962,0.48888888888888893,0.5789473684210527,0.0,1.0
0.3157894736842105,0.25,0.7209302325581394,0.4050632911392405,0.3396226415094339,0.380952380952381,0.6544502617801048,0.5256673511293665,0.36666666666666653,0.6222222222222222,0.3421052631578946,0.0,0.0
0.5000000000000001,0.22727272727272724,0.46511627906976727,0.09493670886075947,0.3207547169811321,0.4126984126984128,0.40837696335078544,0.166324435318271,0.19999999999999962,0.5333333333333334,0.6315789473684214,0.0,0.0
0.473684210526316,0.22727272727272724,0.46511627906976727,0.037974683544303806,0.4339622641509434,0.34920634920634924,0.549738219895288,0.392197125256668,0.5333333333333334,0.2888888888888889,0.4210526315789474,0.0,1.0
0.2894736842105264,0.11363636363636359,0.3953488372093022,0.2468354430379747,0.22641509433962262,0.126984126984127,0.39267015706806296,0.21765913757700384,0.3999999999999999,0.19999999999999993,0.7631578947368425,0.0,0.6666666666666666
0.6052631578947371,0.2954545454545455,0.5581395348837208,0.05063291139240503,0.05660377358490565,0.33333333333333337,0.7434554973821991,0.166324435318271,0.10000000000000014,0.3555555555555555,0.8421052631578949,0.0,0.0
0.4210526315789475,0.1363636363636364,0.5581395348837208,0.06962025316455694,0.45283018867924535,0.11111111111111116,0.5759162303664922,0.27926078028746953,0.5333333333333334,0.3111111111111111,0.7105263157894737,0.0,0.0
0.473684210526316,0.20454545454545456,0.6744186046511627,0.8354430379746833,0.6226415094339623,0.6984126984126985,0.8691099476439792,0.8644763860369619,0.08333333333333309,0.3555555555555555,0.02631578947368418,0.0,0.0
0.4210526315789475,0.04545454545454547,0.5116279069767441,0.4620253164556962,0.37735849056603776,0.5238095238095238,0.5235602094240839,0.6488706365503092,0.4666666666666667,0.04444444444444445,0.07894736842105238,0.0,1.0
0.07894736842105271,0.4318181818181819,0.5116279069767441,0.0253164556962025,0.3396226415094339,0.36507936507936517,0.3507853403141362,0.02258726899383967,0.6333333333333336,0.39999999999999997,0.8947368421052635,0.0,0.6666666666666666
0.473684210526316,0.18181818181818182,0.9069767441860463,0.0,0.37735849056603776,0.4603174603174604,0.5968586387434556,0.05338809034907255,0.19999999999999962,0.04444444444444445,1.0,0.0,0.6666666666666666
0.5263157894736845,0.27272727272727276,0.4883720930232557,0.08860759493670883,0.3396226415094339,0.8412698412698415,0.7958115183246075,0.47433264887063364,0.8166666666666669,0.8,0.4473684210526315,0.0,0.6666666666666666
0.10526315789473678,0.46590909090909083,0.11627906976744168,0.620253164556962,0.15094339622641506,0.33333333333333337,0.4921465968586389,0.5605749486653016,0.5333333333333334,0.37777777777777777,0.2894736842105263,0.0,0.6666666666666666
0.3947368421052634,0.31818181818181823,0.6279069767441858,0.5126582278481012,0.22641509433962262,0.17460317460317462,0.26178010471204194,0.546201232032855,0.19999999999999962,0.48888888888888893,0.5789473684210527,0.0,1.0
0.9473684210526319,0.27272727272727276,0.5581395348837208,0.36075949367088606,0.07547169811320759,0.25396825396825395,0.712041884816754,0.5636550308008226,0.25000000000000006,0.39999999999999997,0.4473684210526315,0.0,0.6666666666666666
0.5789473684210528,0.36363636363636365,0.2790697674418603,0.5822784810126582,0.45283018867924535,0.8253968253968255,0.8638743455497384,0.7310061601642748,0.25000000000000006,0.17777777777777778,0.105263157894737,0.0,0.6666666666666666
0.3157894736842105,0.27272727272727276,0.9767441860465116,0.4556962025316455,0.41509433962264153,0.7460317460317462,0.8638743455497384,0.6088295687885019,0.3833333333333336,0.33333333333333326,0.15789473684210523,0.0,0.6666666666666666
0.026315789473684237,0.47727272727272724,0.5813953488372091,0.006329113924050611,0.37735849056603776,0.14285714285714285,0.7382198952879583,0.25872689938398097,0.6833333333333333,0.8,0.26315789473684226,0.0,0.6666666666666666
0.5789473684210528,0.4318181818181819,0.6046511627906975,0.06962025316455694,0.169811320754717,0.33333333333333337,0.7643979057591626,0.5051334702258665,0.8166666666666669,0.3555555555555555,0.4210526315789474,0.0,0.3333333333333333
0.36842105263157904,0.11363636363636359,0.5348837209302324,0.01898734177215189,0.1132075471698113,0.2698412698412699,0.31937172774869116,0.04004106776180727,0.25000000000000006,0.6666666666666666,0.8947368421052635,0.0,0.0
0.2368421052631579,0.5,0.9302325581395348,0.4620253164556962,0.5283018867924528,0.7301587301587302,0.9214659685863875,0.6180698151950763,0.45000000000000034,0.4222222222222222,0.18421052631578938,0.0,0.6666666666666666
0.3157894736842105,0.25,0.46511627906976727,0.8481012658227849,0.5094339622641509,0.5555555555555557,0.8219895287958117,0.8747433264887062,0.1499999999999999,0.39999999999999997,0.05263157894736825,0.0,0.6666666666666666
0.5263157894736845,0.09090909090909088,0.6976744186046511,0.037974683544303806,0.41509433962264153,0.2698412698412699,0.39790575916230375,0.4332648870636565,0.5833333333333331,0.26666666666666666,0.4736842105263157,0.0,1.0
0.44736842105263164,0.4545454545454546,0.4883720930232557,0.26582278481012656,0.13207547169811318,0.49206349206349215,0.5968586387434556,0.22381930184804583,0.7000000000000004,0.33333333333333326,0.8947368421052635,0.0,0.0
0.07894736842105271,0.5,0.2558139534883719,0.36075949367088606,0.2452830188679245,0.7301587301587302,0.7329842931937174,0.47433264887063364,0.6000000000000002,0.6888888888888889,0.2894736842105263,0.0,0.6666666666666666
0.1578947368421053,0.4318181818181819,0.37209302325581384,0.25949367088607594,0.490566037735849,0.17460317460317462,0.48691099476439803,0.48049281314168707,0.36666666666666653,0.19999999999999993,0.07894736842105238,0.0,1.0
0.4210526315789475,0.27272727272727276,0.5581395348837208,0.6265822784810127,0.2452830188679245,0.3174603174603175,0.3036649214659687,0.49691991786447337,0.2999999999999997,0.04444444444444445,0.5263157894736844,0.0,0.6666666666666666
0.36842105263157904,0.0,0.1860465116279068,0.0253164556962025,0.41509433962264153,0.39682539682539686,0.33507853403141374,0.22176591375769472,0.5666666666666669,0.48888888888888893,0.6052631578947367,0.0,0.6666666666666666
0.5263157894736845,0.20454545454545456,0.7674418604651161,0.0253164556962025,0.35849056603773577,0.2698412698412699,0.45549738219895297,0.4435318275154008,0.4833333333333337,0.6666666666666666,0.4473684210526315,0.0,0.6666666666666666
0.9210526315789478,0.4318181818181819,0.5116279069767441,0.03164556962025317,0.41509433962264153,0.09523809523809523,0.9109947643979059,0.6078028747433207,0.4333333333333333,0.3111111111111111,0.13157894736842113,0.0,1.0
0.26315789473684226,0.22727272727272724,0.44186046511627886,0.6582278481012658,0.490566037735849,0.4285714285714286,0.7329842931937174,0.7515400410677634,0.6333333333333336,0.2888888888888889,0.15789473684210523,0.0,1.0
0.6842105263157897,0.09090909090909088,0.6279069767441858,0.01898734177215189,0.28301886792452835,0.15873015873015875,0.36649214659685875,0.17659137577001532,0.21666666666666662,0.6444444444444444,0.8421052631578949,0.0,0.6666666666666666
0.5000000000000001,0.5454545454545454,0.3023255813953487,0.3481012658227848,0.47169811320754723,0.20634920634920637,0.39790575916230375,0.3655030800821374,0.28333333333333344,0.5111111111111112,0.6052631578947367,0.0,0.3333333333333333
0.34210526315789486,0.4545454545454546,0.46511627906976727,0.9240506329113922,0.5471698113207547,0.7301587301587302,0.8900523560209426,0.8952772073921947,0.4333333333333333,0.37777777777777777,0.105263157894737,0.0,1.0
0.26315789473684226,0.5454545454545454,0.325581395348837,0.3924050632911392,0.41509433962264153,0.5714285714285715,0.6544502617801048,0.6735112936345,0.2999999999999997,0.6222222222222222,0.07894736842105238,0.0,1.0
0.473684210526316,0.15909090909090906,0.5348837209302324,0.12658227848101267,0.2075471698113207,0.4761904761904763,0.5549738219895289,0.3408624229979466,0.5333333333333334,0.17777777777777778,0.5526315789473686,0.0,0.6666666666666666
0.5789473684210528,0.27272727272727276,0.5116279069767441,0.01898734177215189,0.4339622641509434,0.28571428571428575,0.26178010471204194,0.08418891170430542,0.04999999999999971,0.3111111111111111,0.8157894736842106,0.0,0.6666666666666666
0.0,0.1477272727272727,0.1395348837209301,0.7310126582278482,0.490566037735849,0.4126984126984128,0.46596858638743466,0.6324435318275115,0.7833333333333334,0.1333333333333333,0.5000000000000002,0.0,0.6666666666666666
0.8157894736842107,0.27272727272727276,0.2558139534883719,0.9620253164556962,0.9245283018867925,0.5714285714285715,0.8952879581151834,0.8747433264887062,0.1499999999999999,0.39999999999999997,0.23684210526315808,0.0,0.3333333333333333
0.2368421052631579,0.06818181818181823,0.7441860465116277,0.11392405063291136,0.05660377358490565,0.634920634920635,0.42408376963350797,0.1355236139630382,0.5666666666666669,0.2444444444444444,0.7631578947368425,0.0,0.6666666666666666
0.5263157894736845,0.04545454545454547,0.4883720930232557,0.37025316455696194,0.6415094339622641,0.4126984126984128,0.549738219895288,0.5872689938398321,0.6000000000000002,0.04444444444444445,0.2105263157894735,0.0,1.0
0.10526315789473678,0.2954545454545455,0.37209302325581384,0.15822784810126578,0.8679245283018867,0.33333333333333337,0.22513089005235615,0.0472279260780305,0.28333333333333344,0.1333333333333333,0.6842105263157896,0.0,0.6666666666666666
0.4210526315789475,0.02272727272727265,0.6511627906976742,0.9050632911392404,0.37735849056603776,0.7777777777777779,0.4921465968586389,0.8234086242299847,0.41666666666666696,0.22222222222222218,0.23684210526315808,0.0,0.6666666666666666
0.473684210526316,0.1363636363636364,0.46511627906976727,0.0632911392405063,0.2641509433962264,0.6031746031746033,0.8481675392670158,0.166324435318271,0.6166666666666666,0.19999999999999993,0.8157894736842106,0.0,0.6666666666666666
0.473684210526316,0.2954545454545455,0.4186046511627906,0.8987341772151896,0.39622641509433965,0.015873015873015872,0.07853403141361265,0.7361396303901471,0.3999999999999999,0.15555555555555556,0.5263157894736844,0.0,0.6666666666666666
0.473684210526316,0.18181818181818182,0.4186046511627906,0.3924050632911392,0.6603773584905661,0.5714285714285715,0.5549738219895289,0.412731006160168,0.25000000000000006,0.6,0.6315789473684214,0.0,0.6666666666666666
0.10526315789473678,0.27272727272727276,0.1860465116279068,0.012658227848101278,0.1132075471698113,0.5555555555555557,0.46073298429319387,0.1355236139630382,0.8166666666666669,0.17777777777777778,0.5526315789473686,0.0,0.0
0.2894736842105264,0.5227272727272727,0.5348837209302324,0.18354430379746833,0.037735849056603765,0.5555555555555557,0.5445026178010473,0.11498973305954968,0.5833333333333331,0.15555555555555556,1.0,0.0,0.0
0.26315789473684226,0.2954545454545455,0.46511627906976727,0.037974683544303806,0.28301886792452835,0.22222222222222224,0.31413612565445037,0.14476386036961258,0.6499999999999999,0.7333333333333334,0.6842105263157896,0.0,0.6666666666666666
0.26315789473684226,0.36363636363636365,0.1395348837209301,0.4113924050632911,0.47169811320754723,0.7936507936507937,0.8638743455497384,0.6591375770020534,0.3999999999999999,0.37777777777777777,0.02631578947368418,0.0,1.0
0.0,0.26136363636363635,0.5348837209302324,0.012658227848101278,0.490566037735849,0.380952380952381,0.5026178010471205,0.10266940451745421,0.7333333333333338,0.7555555555555555,0.6315789473684214,0.0,0.6666666666666666
0.36842105263157904,0.3863636363636364,0.46511627906976727,0.4430379746835443,0.05660377358490565,0.4444444444444445,0.5026178010471205,0.22176591375769472,0.33333333333333315,0.6888888888888889,0.9736842105263159,0.0,0.0
0.05263157894736831,0.4090909090909091,0.5348837209302324,0.4050632911392405,0.22641509433962262,0.3174603174603175,0.3612565445026179,0.3285420944558512,0.5333333333333334,0.37777777777777777,0.5789473684210527,0.0,0.6666666666666666
0.3947368421052634,0.6818181818181819,0.1860465116279068,0.6835443037974683,0.490566037735849,0.33333333333333337,0.5235602094240839,0.8234086242299847,0.5,0.3555555555555555,0.05263157894736825,0.0,1.0
0.3947368421052634,0.5,0.5813953488372091,0.48101265822784806,0.2452830188679245,0.507936507936508,0.518324607329843,0.21765913757700384,0.11666666666666653,0.0,0.9210526315789476,0.0,0.0
0.44736842105263164,0.31818181818181823,0.37209302325581384,0.05696202531645567,0.45283018867924535,0.11111111111111116,0.31413612565445037,0.40246406570841226,0.36666666666666653,0.1333333333333333,0.13157894736842113,0.0,1.0
0.18421052631578938,0.4090909090909091,0.325581395348837,0.03164556962025317,0.2075471698113207,0.5238095238095238,0.5130890052356022,0.03285420944558398,0.6000000000000002,0.22222222222222218,0.9210526315789476,0.0,0.0
0.26315789473684226,0.2954545454545455,0.44186046511627886,0.620253164556962,0.05660377358490565,0.1904761904761905,0.4816753926701572,0.41889117043120994,0.41666666666666696,0.1111111111111111,0.6052631578947367,0.0,0.6666666666666666
0.3157894736842105,0.18181818181818182,0.46511627906976727,0.8670886075949367,0.37735849056603776,0.7142857142857144,0.5759162303664922,0.7761806981519542,0.3500000000000002,0.1111111111111111,0.4473684210526315,0.0,0.6666666666666666
0.21052631578947378,0.2954545454545455,0.9069767441860463,0.0253164556962025,0.47169811320754723,0.23809523809523814,0.2513089005235603,0.37166324435317943,0.6499999999999999,0.26666666666666666,0.23684210526315808,0.0,0.6666666666666666
0.4210526315789475,0.02272727272727265,0.46511627906976727,0.7784810126582278,0.45283018867924535,0.6507936507936509,0.4921465968586389,0.7761806981519542,0.45000000000000034,0.0888888888888888,0.15789473684210523,0.0,0.0
0.2894736842105264,0.27272727272727276,0.9302325581395348,0.4430379746835443,0.490566037735849,0.6507936507936509,0.8952879581151834,0.6036960985626298,0.41666666666666696,0.33333333333333326,0.15789473684210523,0.0,1.0
0.26315789473684226,0.5227272727272727,0.20930232558139522,0.15822784810126578,0.8113207547169812,0.20634920634920637,0.39267015706806296,0.40246406570841226,0.16666666666666619,0.1333333333333333,0.02631578947368418,0.0,0.6666666666666666
0.736842105263158,0.22727272727272724,0.46511627906976727,0.0822784810126582,0.47169811320754723,0.28571428571428575,0.4188481675392671,0.46098562628336837,0.08333333333333309,0.39999999999999997,0.2894736842105263,0.0,1.0
0.34210526315789486,0.22727272727272724,0.5348837209302324,0.7151898734177216,0.39622641509433965,0.4126984126984128,0.6230366492146598,0.905544147843939,0.7166666666666668,0.17777777777777778,0.15789473684210523,0.0,1.0
0.7105263157894738,0.2954545454545455,0.5348837209302324,0.01898734177215189,0.37735849056603776,0.33333333333333337,0.3874345549738221,0.12114989733059162,0.08333333333333309,0.26666666666666666,0.9210526315789476,0.0,0.6666666666666666
0.6315789473684212,0.3409090909090909,0.5348837209302324,0.490506329113924,0.18867924528301894,0.4444444444444445,0.81151832460733,0.6899383983572863,0.2999999999999997,0.3111111111111111,0.4736842105263157,0.0,1.0
0.6052631578947371,0.04545454545454547,0.6046511627906975,0.310126582278481,0.5471698113207547,0.3174603174603175,0.6387434554973823,0.6468172484599581,0.5333333333333334,0.48888888888888893,0.3421052631578946,0.0,0.6666666666666666
0.6052631578947371,0.5909090909090909,0.3953488372093022,0.22151898734177214,0.169811320754717,0.34920634920634924,0.3612565445026179,0.23305954825462027,0.4666666666666667,0.6,0.8947368421052635,0.0,0.0
0.9210526315789478,0.36363636363636365,0.5813953488372091,0.22784810126582278,0.13207547169811318,0.4285714285714286,0.6387434554973823,0.5236139630390153,0.36666666666666653,0.2888888888888889,0.6842105263157896,0.0,0.0
0.2368421052631579,0.20454545454545456,0.5348837209302324,0.37341772151898733,0.5094339622641509,0.28571428571428575,0.4816753926701572,0.4435318275154008,0.5,0.3111111111111111,0.39473684210526333,0.0,0.6666666666666666
0.5526315789473686,0.4090909090909091,0.9069767441860463,0.04430379746835442,0.1132075471698113,0.6190476190476192,0.43455497382198965,0.11498973305954968,0.233333333333333,0.3111111111111111,0.9473684210526319,0.0,0.6666666666666666
0.2894736842105264,0.02272727272727265,0.5116279069767441,0.01898734177215189,0.2075471698113207,0.22222222222222224,0.26178010471204194,0.0164271047227863,0.41666666666666696,0.19999999999999993,0.8947368421052635,0.0,0.6666666666666666
0.3947368421052634,0.36363636363636365,0.46511627906976727,0.01898734177215189,0.5283018867924528,0.3015873015873016,0.8376963350785342,0.4240246406570821,0.6000000000000002,0.48888888888888893,0.26315789473684226,0.0,0.3333333333333333
0.6315789473684212,0.25,0.6279069767441858,0.0,0.3396226415094339,0.07936507936507936,0.2827225130890053,0.18480492813141985,0.25000000000000006,0.1333333333333333,0.6578947368421055,0.0,1.0
0.26315789473684226,0.27272727272727276,0.2558139534883719,0.38607594936708856,0.28301886792452835,0.4761904761904763,0.712041884816754,0.6283367556468207,0.7666666666666672,0.5777777777777777,0.26315789473684226,0.0,0.6666666666666666
0.34210526315789486,0.7272727272727273,0.3953488372093022,0.26582278481012656,0.2641509433962264,0.4761904761904763,0.36649214659685875,0.18583162217658972,0.3833333333333336,0.26666666666666666,0.9210526315789476,0.0,0.0
0.1578947368421053,0.25,0.4186046511627906,0.42405063291139233,0.5283018867924528,0.507936507936508,0.5549738219895289,0.5554414784394294,0.21666666666666662,0.39999999999999997,0.13157894736842113,0.0,0.6666666666666666
0.3157894736842105,0.15909090909090906,0.44186046511627886,0.27531645569620244,0.07547169811320759,0.6031746031746033,0.4188481675392671,0.16837782340862223,0.0,0.2444444444444444,0.6842105263157896,0.0,0.0
0.5789473684210528,0.3409090909090909,0.44186046511627886,0.21518987341772156,0.490566037735849,0.33333333333333337,0.6282722513089006,0.4537987679671451,0.3833333333333336,0.15555555555555556,0.3421052631578946,0.0,1.0
0.2368421052631579,0.5909090909090909,0.325581395348837,0.25949367088607594,0.2075471698113207,0.6031746031746033,0.549738219895288,0.2443531827515344,0.5166666666666672,0.26666666666666666,0.6315789473684214,0.0,0.6666666666666666
0.18421052631578938,0.18181818181818182,0.9069767441860463,0.03164556962025317,0.490566037735849,0.20634920634920637,0.31937172774869116,0.3408624229979466,0.6166666666666666,0.3111111111111111,0.18421052631578938,0.0,1.0
0.34210526315789486,0.11363636363636359,0.6046511627906975,0.006329113924050611,0.018867924528301827,0.9206349206349208,0.6125654450261782,0.17659137577001532,0.5666666666666669,0.3555555555555555,0.5526315789473686,0.0,0.6666666666666666
0.34210526315789486,0.25,0.5348837209302324,0.120253164556962,0.6037735849056605,0.7460317460317462,0.7696335078534033,0.40246406570841226,0.1499999999999999,0.3555555555555555,0.15789473684210523,0.0,0.0
0.3947368421052634,0.4545454545454546,0.46511627906976727,0.23417721518987344,0.07547169811320759,0.4603174603174604,0.6387434554973823,0.22279260780287596,0.7166666666666668,0.37777777777777777,0.8947368421052635,0.0,0.0
0.5000000000000001,0.22727272727272724,0.44186046511627886,0.012658227848101278,0.22641509433962262,0.507936507936508,0.3717277486910996,0.32032854209445805,0.4333333333333333,0.8444444444444443,0.3157894736842105,0.0,0.6666666666666666
0.36842105263157904,0.20454545454545456,0.46511627906976727,0.04430379746835442,0.3396226415094339,0.22222222222222224,0.3612565445026179,0.2659137577002042,0.3999999999999999,0.3111111111111111,0.4736842105263157,0.0,0.0
0.44736842105263164,0.27272727272727276,0.4883720930232557,0.07594936708860758,0.35849056603773577,0.380952380952381,0.5340314136125656,0.4332648870636565,0.6833333333333333,0.7111111111111111,0.5263157894736844,0.0,0.0
0.3157894736842105,0.9545454545454546,0.2790697674418603,0.5,0.169811320754717,0.34920634920634924,0.5602094240837697,0.7464065708418912,0.45000000000000034,0.4222222222222222,0.05263157894736825,0.0,1.0
0.3947368421052634,0.18181818181818182,0.4883720930232557,0.3354430379746835,0.07547169811320759,0.5714285714285715,0.549738219895288,0.3880903490759771,0.25000000000000006,0.37777777777777777,0.5000000000000002,0.0,0.6666666666666666
0.13157894736842113,0.1363636363636364,0.4186046511627906,0.7468354430379747,0.2452830188679245,0.380952380952381,0.5549738219895289,0.4907597535934313,0.6333333333333336,0.5555555555555555,0.7631578947368425,0.0,0.0
0.10526315789473678,0.4318181818181819,0.3023255813953487,0.25316455696202533,0.5283018867924528,0.380952380952381,0.4188481675392671,0.5236139630390153,0.33333333333333315,0.4444444444444445,0.02631578947368418,0.0,1.0
0.05263157894736831,0.04545454545454547,0.3953488372093022,0.0253164556962025,0.35849056603773577,0.7619047619047621,0.7434554973821991,0.2381930184804924,0.5833333333333331,0.1111111111111111,0.3157894736842105,0.0,0.6666666666666666
0.5789473684210528,0.3863636363636364,0.3023255813953487,0.740506329113924,0.5471698113207547,0.23809523809523814,0.5916230366492148,0.9117043121149925,0.3833333333333336,0.39999999999999997,0.2105263157894735,0.0,0.3333333333333333
0.10526315789473678,0.31818181818181823,0.1860465116279068,0.012658227848101278,0.6226415094339623,0.031746031746031744,0.4293193717277488,0.34907597535933976,0.5,0.5777777777777777,0.17105263157894757,0.0,0.3333333333333333
0.05263157894736831,0.31818181818181823,0.6976744186046511,0.3227848101265822,0.169811320754717,0.49206349206349215,0.4816753926701572,0.20123203285420616,0.4666666666666667,0.2444444444444444,0.8421052631578949,0.0,0.0
0.36842105263157904,0.27272727272727276,0.325581395348837,0.430379746835443,0.5094339622641509,0.7777777777777779,0.9842931937172776,0.6796714579055421,0.33333333333333315,0.33333333333333326,0.0,0.0,1.0
0.0,0.18181818181818182,0.5813953488372091,0.3481012658227848,0.07547169811320759,0.33333333333333337,0.31937172774869116,0.1478439425051336,0.6000000000000002,0.26666666666666666,0.9473684210526319,0.0,0.0
0.5000000000000001,0.06818181818181823,0.6046511627906975,0.4556962025316455,0.05660377358490565,0.6190476190476192,0.44502617801047134,0.33264887063655346,0.3500000000000002,0.19999999999999993,0.9210526315789476,0.0,0.6666666666666666
0.4210526315789475,0.5909090909090909,0.3488372093023254,0.05063291139240503,0.47169811320754723,0.7301587301587302,0.8534031413612567,0.23203285420943898,0.11666666666666653,0.5111111111111112,0.6578947368421055,0.0,0.6666666666666666
0.07894736842105271,0.4090909090909091,0.6511627906976742,0.23734177215189872,0.15094339622641506,0.28571428571428575,0.35602094240837706,0.15605749486652676,0.8166666666666669,0.22222222222222218,0.7631578947368425,0.0,0.0
0.5000000000000001,0.15909090909090906,0.9069767441860463,0.05063291139240503,0.2452830188679245,0.6190476190476192,0.6596858638743457,0.17659137577001532,0.6499999999999999,0.26666666666666666,0.9736842105263159,0.0,0.0
0.36842105263157904,0.7045454545454546,0.6046511627906975,0.25316455696202533,0.15094339622641506,0.36507936507936517,0.6806282722513091,0.15605749486652676,0.2999999999999997,0.17777777777777778,0.9210526315789476,0.0,0.0
0.5263157894736845,0.11363636363636359,0.9069767441860463,0.5253164556962026,0.09433962264150936,0.33333333333333337,0.5549738219895289,0.4640657084188894,0.10000000000000014,0.0,0.5526315789473686,0.0,0.0
0.21052631578947378,0.25,0.3488372093023254,0.0253164556962025,0.09433962264150936,0.4761904761904763,0.4136125654450263,0.17659137577001532,0.6166666666666666,0.26666666666666666,0.5789473684210527,0.0,0.0
0.3157894736842105,0.1363636363636364,0.3953488372093022,0.6265822784810127,0.2452830188679245,0.380952380952381,0.5445026178010473,0.5626283367556413,0.2999999999999997,0.26666666666666666,0.4210526315789474,0.0,0.0
0.5000000000000001,0.11363636363636359,0.3488372093023254,0.0253164556962025,0.490566037735849,0.5714285714285715,0.42408376963350797,0.4455852156057519,1.0,0.7555555555555555,0.4210526315789474,0.0,0.0
0.07894736842105271,0.02272727272727265,0.8604651162790696,0.6582278481012658,0.18867924528301894,0.6984126984126985,0.5340314136125656,0.5215605749486641,0.16666666666666619,0.04444444444444445,0.4210526315789474,0.0,0.0
0.2368421052631579,0.31818181818181823,0.325581395348837,0.47151898734177206,0.1132075471698113,0.4285714285714286,0.7643979057591626,0.6488706365503092,0.7666666666666672,0.5555555555555555,0.2105263157894735,0.0,0.0
0.44736842105263164,0.27272727272727276,0.6279069767441858,0.28481012658227844,0.0,0.4126984126984128,0.4136125654450263,0.13757700205338935,0.21666666666666662,0.0222222222222222,0.9736842105263159,0.0,0.0
0.3157894736842105,0.27272727272727276,0.2558139534883719,0.120253164556962,0.018867924528301827,0.6825396825396826,0.5235602094240839,0.14476386036961258,0.4833333333333337,0.1333333333333333,0.6315789473684214,0.0,0.0
0.13157894736842113,0.7272727272727273,0.09302325581395338,0.10759493670886075,0.3207547169811321,0.34920634920634924,0.7015706806282724,0.37166324435317943,0.8833333333333336,0.4222222222222222,0.4473684210526315,0.0,0.0
0.6578947368421055,0.0,0.8139534883720929,0.05063291139240503,0.47169811320754723,0.1904761904761905,0.46073298429319387,0.546201232032855,0.666666666666667,0.37777777777777777,0.4736842105263157,0.0,0.0
0.36842105263157904,0.02272727272727265,0.5348837209302324,0.23417721518987344,0.6415094339622641,0.4126984126984128,0.4816753926701572,0.6283367556468207,0.8333333333333339,0.15555555555555556,0.02631578947368418,0.0,0.0
0.5263157894736845,0.22727272727272724,0.6046511627906975,0.0632911392405063,0.1132075471698113,0.34920634920634924,0.5916230366492148,0.10985626283367755,0.5833333333333331,0.3555555555555555,0.9473684210526319,0.0,0.0
0.26315789473684226,0.02272727272727265,0.6046511627906975,0.05063291139240503,0.169811320754717,0.6031746031746033,0.649214659685864,0.27926078028746953,0.8166666666666669,0.8222222222222222,0.5526315789473686,0.0,0.0
0.3157894736842105,0.20454545454545456,0.325581395348837,0.18354430379746833,0.37735849056603776,0.49206349206349215,0.586387434554974,0.27926078028746953,0.36666666666666653,0.7111111111111111,0.6315789473684214,0.0,0.0
0.5000000000000001,0.25,0.6046511627906975,0.06962025316455694,0.169811320754717,0.39682539682539686,0.7905759162303665,0.14065708418891038,0.5333333333333334,0.17777777777777778,0.7894736842105265,0.0,0.0
0.2894736842105264,0.09090909090909088,0.4883720930232557,0.04430379746835442,0.35849056603773577,0.39682539682539686,0.5287958115183247,0.3408624229979466,0.933333333333334,0.39999999999999997,0.3421052631578946,0.0,0.0
0.07894736842105271,0.3863636363636364,0.4186046511627906,0.19620253164556956,0.09433962264150936,0.2698412698412699,0.31413612565445037,0.1170431211498894,0.6333333333333336,0.1333333333333333,0.7368421052631579,0.0,0.0
0.13157894736842113,0.5227272727272727,0.46511627906976727,0.03164556962025317,0.15094339622641506,0.4761904761904763,0.3612565445026179,0.03901437371662603,0.7166666666666668,0.5333333333333334,0.8157894736842106,0.0,0.0
0.2894736842105264,0.20454545454545456,0.6744186046511627,0.05696202531645567,0.2075471698113207,0.5714285714285715,0.3769633507853404,0.05338809034907255,0.4333333333333333,0.2444444444444444,0.7894736842105265,0.0,0.0
0.26315789473684226,0.3863636363636364,0.4186046511627906,0.03164556962025317,0.22641509433962262,0.11111111111111116,0.48691099476439803,0.24845995893223666,0.6499999999999999,0.4222222222222222,0.39473684210526333,0.0,0.0
0.5000000000000001,0.25,0.7209302325581394,0.05063291139240503,0.22641509433962262,0.7460317460317462,0.7277486910994766,0.166324435318271,0.6000000000000002,0.15555555555555556,0.868421052631579,0.0,0.0
0.3947368421052634,0.20454545454545456,0.5581395348837208,0.10759493670886075,0.13207547169811318,0.3015873015873016,0.4973821989528797,0.07392197125256111,0.3500000000000002,0.1333333333333333,0.9210526315789476,0.0,0.0
0.26315789473684226,0.02272727272727265,0.6046511627906975,0.05063291139240503,0.169811320754717,0.6031746031746033,0.649214659685864,0.27926078028746953,0.8166666666666669,0.8222222222222222,0.5526315789473686,0.0,0.0
0.6842105263157897,0.5227272727272727,0.5116279069767441,0.037974683544303806,0.28301886792452835,0.4285714285714286,0.7329842931937174,0.25872689938398097,0.11666666666666653,0.5111111111111112,0.6315789473684214,0.0,0.0
0.5526315789473686,0.18181818181818182,0.5116279069767441,0.08860759493670883,0.37735849056603776,0.380952380952381,0.3874345549738221,0.1919917864476317,0.25000000000000006,0.6222222222222222,0.6315789473684214,0.0,0.0
0.21052631578947378,0.5681818181818182,0.325581395348837,0.24050632911392406,0.22641509433962262,0.634920634920635,0.586387434554974,0.23203285420943898,0.5,0.2444444444444444,0.6052631578947367,0.0,0.0
0.5000000000000001,0.22727272727272724,0.46511627906976727,0.09493670886075947,0.3207547169811321,0.4126984126984128,0.40837696335078544,0.166324435318271,0.19999999999999962,0.5333333333333334,0.6315789473684214,0.0,0.0
0.44736842105263164,0.31818181818181823,0.9069767441860463,0.3481012658227848,0.30188679245283023,0.36507936507936517,0.44502617801047134,0.32032854209445805,0.8000000000000006,0.5777777777777777,0.868421052631579,0.0,0.0
0.8421052631578949,0.1363636363636364,0.7441860465116277,0.03164556962025317,0.30188679245283023,0.4761904761904763,0.518324607329843,0.3100616016427138,0.2999999999999997,0.37777777777777777,0.6578947368421055,0.0,0.0
0.7105263157894738,0.27272727272727276,0.5348837209302324,0.6392405063291138,0.5094339622641509,0.7539682539682541,0.6910994764397906,0.8336755646817291,0.16666666666666619,0.37777777777777777,0.3421052631578946,0.0,0.0
0.26315789473684226,0.02272727272727265,0.6976744186046511,0.03164556962025317,0.3207547169811321,0.28571428571428575,0.31937172774869116,0.02464065708419083,0.2999999999999997,0.3111111111111111,0.868421052631579,0.0,0.0
0.5000000000000001,0.1363636363636364,0.7906976744186045,0.0253164556962025,0.37735849056603776,0.25396825396825395,0.3769633507853404,0.2997946611909581,0.36666666666666653,0.3111111111111111,0.2894736842105263,0.0,0.0
0.4210526315789475,0.36363636363636365,0.6511627906976742,0.879746835443038,0.13207547169811318,0.8730158730158731,0.81151832460733,0.905544147843939,0.41666666666666696,0.6444444444444444,0.105263157894737,0.0,0.0
0.2894736842105264,0.27272727272727276,0.4883720930232557,0.16455696202531644,0.09433962264150936,0.49206349206349215,0.3455497382198954,0.08008213552361448,0.4833333333333337,0.6666666666666666,0.9736842105263159,0.0,0.0
0.2368421052631579,0.20454545454545456,0.2558139534883719,0.25949367088607594,0.18867924528301894,0.380952380952381,0.6073298429319373,0.48459958932237795,0.7166666666666668,0.0222222222222222,0.3157894736842105,0.0,0.0
0.44736842105263164,0.27272727272727276,0.5581395348837208,0.8481012658227849,0.7924528301886794,0.4761904761904763,0.8534031413612567,0.9363449691991832,0.233333333333333,0.46666666666666673,0.05263157894736825,0.0,0.0
0.473684210526316,0.5227272727272727,0.11627906976744168,0.0632911392405063,0.07547169811320759,0.34920634920634924,0.31937172774869116,0.08418891170430542,0.6166666666666666,0.6,0.9736842105263159,0.0,0.0
0.2894736842105264,0.36363636363636365,0.3953488372093022,0.189873417721519,0.2452830188679245,0.507936507936508,0.3717277486910996,0.08008213552361448,0.45000000000000034,0.6222222222222222,0.9736842105263159,0.0,0.0
0.3947368421052634,0.02272727272727265,0.44186046511627886,0.0822784810126582,0.15094339622641506,0.14285714285714285,0.293193717277487,0.18891170431211074,0.28333333333333344,0.5777777777777777,0.6052631578947367,0.0,0.0
0.2894736842105264,0.3409090909090909,0.4883720930232557,0.04430379746835442,0.18867924528301894,0.3015873015873016,0.2774869109947645,0.1078028747433264,0.5666666666666669,0.8222222222222222,0.6578947368421055,0.0,0.0
0.36842105263157904,0.02272727272727265,0.5348837209302324,0.23417721518987344,0.6415094339622641,0.4126984126984128,0.4816753926701572,0.6283367556468207,0.8333333333333339,0.15555555555555556,0.02631578947368418,0.0,0.0
0.4210526315789475,0.36363636363636365,0.9534883720930232,0.7974683544303796,0.47169811320754723,0.5555555555555557,0.7434554973821991,0.8336755646817291,0.233333333333333,0.4444444444444445,0.18421052631578938,0.0,0.0
0.6052631578947371,0.5681818181818182,0.4186046511627906,0.2468354430379747,0.18867924528301894,0.49206349206349215,0.43455497382198965,0.2381930184804924,0.4333333333333333,0.5777777777777777,0.868421052631579,0.0,0.0
0.13157894736842113,0.2954545454545455,0.3953488372093022,0.25316455696202533,0.18867924528301894,0.14285714285714285,0.3717277486910996,0.11293634496919847,0.28333333333333344,0.0222222222222222,0.7631578947368425,0.0,0.0
0.34210526315789486,0.4318181818181819,0.5581395348837208,0.4113924050632911,0.2075471698113207,0.5396825396825398,0.5130890052356022,0.17967145790554773,0.10000000000000014,0.0,0.9210526315789476,0.0,0.0
0.1578947368421053,0.18181818181818182,0.5348837209302324,0.7088607594936708,0.15094339622641506,0.3174603174603175,0.3717277486910996,0.41889117043120994,0.3999999999999999,0.22222222222222218,0.6315789473684214,0.0,0.0
0.34210526315789486,0.4318181818181819,0.5581395348837208,0.4113924050632911,0.2075471698113207,0.5396825396825398,0.5130890052356022,0.17967145790554773,0.10000000000000014,0.0,0.9210526315789476,0.0,0.0
0.44736842105263164,0.18181818181818182,0.5348837209302324,0.11392405063291136,0.15094339622641506,0.6825396825396826,0.6649214659685865,0.04312114989732829,0.36666666666666653,0.1333333333333333,1.0,0.0,0.0
0.2894736842105264,0.02272727272727265,0.7906976744186045,0.7341772151898733,0.5094339622641509,0.9523809523809527,0.6910994764397906,0.7597535934291566,0.5499999999999998,0.8444444444444443,0.3684210526315792,0.0,0.0
0.18421052631578938,0.4090909090909091,0.325581395348837,0.03164556962025317,0.2075471698113207,0.5238095238095238,0.5130890052356022,0.03285420944558398,0.6000000000000002,0.22222222222222218,0.9210526315789476,0.0,0.0
0.21052631578947378,0.5,0.6511627906976742,0.13924050632911392,0.1132075471698113,0.23809523809523814,0.3298429319371729,0.00821355236139315,0.21666666666666662,0.0222222222222222,0.8157894736842106,0.0,0.0
0.3947368421052634,0.31818181818181823,0.46511627906976727,0.4620253164556962,0.018867924528301827,0.507936507936508,0.45549738219895297,0.19609856262833403,0.10000000000000014,0.1333333333333333,0.8947368421052635,0.0,0.0
0.2368421052631579,0.6136363636363636,0.2790697674418603,0.39873417721518983,0.18867924528301894,0.28571428571428575,0.47643979057591634,0.22997946611909925,0.45000000000000034,0.15555555555555556,0.8,0.0,0.0
0.6315789473684212,0.27272727272727276,0.4883720930232557,0.16455696202531644,0.0,0.2698412698412699,0.3874345549738221,0.12114989733059162,0.10000000000000014,0.33333333333333326,0.8421052631578949,0.0,0.0
0.6842105263157897,0.22727272727272724,0.37209302325581384,0.04430379746835442,0.15094339622641506,0.49206349206349215,0.5759162303664922,0.37782340862423286,0.8500000000000003,0.4222222222222222,0.39473684210526333,0.0,0.0
0.10526315789473678,0.20454545454545456,0.4883720930232557,0.15822784810126578,0.35849056603773577,0.4761904761904763,0.6910994764397906,0.05133470225872144,0.4333333333333333,0.1111111111111111,0.8421052631578949,0.0,0.0
0.36842105263157904,0.7272727272727273,0.37209302325581384,0.10759493670886075,0.3207547169811321,0.36507936507936517,0.29842931937172784,0.17043121149897333,0.7500000000000001,0.4222222222222222,0.8157894736842106,0.0,0.0
0.2894736842105264,0.0,0.5116279069767441,0.10759493670886075,0.22641509433962262,0.20634920634920637,0.3298429319371729,0.2997946611909581,0.7833333333333334,0.9333333333333336,0.6842105263157896,0.0,0.0
0.44736842105263164,0.25,0.9069767441860463,0.12658227848101267,0.09433962264150936,0.39682539682539686,0.36649214659685875,0.08418891170430542,0.33333333333333315,0.15555555555555556,0.8947368421052635,0.0,0.0
0.10526315789473678,0.4545454545454546,0.1395348837209301,0.37974683544303794,0.22641509433962262,0.33333333333333337,0.4712041884816755,0.5564681724845992,0.8833333333333336,0.2888888888888889,0.2894736842105263,0.0,0.0
0.44736842105263164,0.27272727272727276,0.5581395348837208,0.8481012658227849,0.7924528301886794,0.4761904761904763,0.8534031413612567,0.9363449691991832,0.233333333333333,0.46666666666666673,0.05263157894736825,0.0,0.0
0.36842105263157904,0.09090909090909088,0.46511627906976727,0.7468354430379747,0.6981132075471699,0.22222222222222224,0.7591623036649215,0.8829568788500993,0.11666666666666653,0.4444444444444445,0.02631578947368418,0.0,0.0
0.36842105263157904,0.04545454545454547,0.6976744186046511,0.0822784810126582,0.22641509433962262,0.20634920634920637,0.39790575916230375,0.2895277207392138,0.933333333333334,0.22222222222222218,0.6578947368421055,0.0,0.0
0.5526315789473686,0.22727272727272724,0.9069767441860463,0.5316455696202531,0.4339622641509434,0.7142857142857144,0.6439790575916231,0.6899383983572863,0.3999999999999999,0.6,0.4210526315789474,0.0,0.0
0.07894736842105271,0.2840909090909091,0.4186046511627906,0.37341772151898733,0.2075471698113207,0.6507936507936509,0.649214659685864,0.3603696098562653,0.7166666666666668,0.26666666666666666,0.5000000000000002,0.0,0.0
0.26315789473684226,0.3409090909090909,0.46511627906976727,0.120253164556962,0.2075471698113207,0.3174603174603175,0.2774869109947645,0.09137577002052866,0.6000000000000002,0.6222222222222222,0.9210526315789476,0.0,0.0
0.44736842105263164,0.15909090909090906,0.5116279069767441,0.07594936708860758,0.22641509433962262,0.36507936507936517,0.6020942408376965,0.3613963039014352,0.45000000000000034,0.5555555555555555,0.2894736842105263,0.0,0.0
0.36842105263157904,0.11363636363636359,0.5348837209302324,0.01898734177215189,0.1132075471698113,0.2698412698412699,0.31937172774869116,0.04004106776180727,0.25000000000000006,0.6666666666666666,0.8947368421052635,0.0,0.0
0.2894736842105264,0.09090909090909088,0.5348837209302324,0.0253164556962025,0.07547169811320759,0.4761904761904763,0.586387434554974,0.17043121149897333,0.7166666666666668,0.6222222222222222,0.6842105263157896,0.0,0.0
0.5526315789473686,0.06818181818181823,0.5116279069767441,0.04430379746835442,0.28301886792452835,0.7301587301587302,0.6387434554973823,0.21765913757700384,0.4666666666666667,0.26666666666666666,0.6842105263157896,0.0,0.0
0.18421052631578938,0.2954545454545455,0.4883720930232557,0.03164556962025317,0.18867924528301894,0.1904761904761905,0.29842931937172784,0.13141683778233593,0.6499999999999999,0.26666666666666666,0.5789473684210527,0.0,0.0
0.44736842105263164,0.2954545454545455,0.325581395348837,0.7341772151898733,0.35849056603773577,0.6825396825396826,0.4816753926701572,0.7987679671457939,0.18333333333333324,0.5333333333333334,0.2894736842105263,0.0,0.0
0.2894736842105264,0.3409090909090909,0.9999999999999999,0.04430379746835442,0.28301886792452835,0.5714285714285715,0.8691099476439792,0.27926078028746953,0.5499999999999998,0.6,0.39473684210526333,0.0,0.0
0.3157894736842105,0.1363636363636364,0.3953488372093022,0.6265822784810127,0.2452830188679245,0.380952380952381,0.5445026178010473,0.5626283367556413,0.2999999999999997,0.26666666666666666,0.4210526315789474,0.0,0.0
0.07894736842105271,0.3863636363636364,0.4186046511627906,0.19620253164556956,0.09433962264150936,0.2698412698412699,0.31413612565445037,0.1170431211498894,0.6333333333333336,0.1333333333333333,0.7368421052631579,0.0,0.0
0.6052631578947371,0.47727272727272724,0.9069767441860463,0.4841772151898734,0.15094339622641506,0.5873015873015874,0.8376963350785342,0.37166324435317943,0.3500000000000002,0.1333333333333333,0.9210526315789476,0.0,0.0
0.1578947368421053,0.1363636363636364,0.5116279069767441,0.12658227848101267,0.1132075471698113,0.33333333333333337,0.4816753926701572,0.19096509240246184,0.7500000000000001,0.8,0.6052631578947367,0.0,0.0
0.5000000000000001,0.25,0.6046511627906975,0.7658227848101264,0.47169811320754723,0.4761904761904763,0.9109947643979059,0.9363449691991832,0.18333333333333324,0.3111111111111111,0.0,0.0,0.0
0.2894736842105264,0.18181818181818182,0.5116279069767441,0.07594936708860758,0.05660377358490565,0.49206349206349215,0.3455497382198954,0.13141683778233593,0.5666666666666669,0.6,0.7894736842105265,0.0,0.0
0.26315789473684226,0.4090909090909091,0.3488372093023254,0.25316455696202533,0.5660377358490566,0.36507936507936517,0.586387434554974,0.228952772073918,0.5666666666666669,0.39999999999999997,0.9210526315789476,0.0,0.0
0.21052631578947378,0.4318181818181819,0.3953488372093022,0.2468354430379747,0.2075471698113207,0.39682539682539686,0.5654450261780106,0.3305954825462023,0.45000000000000034,0.22222222222222218,0.39473684210526333,0.0,0.0
0.4210526315789475,0.18181818181818182,0.37209302325581384,0.5189873417721518,0.037735849056603765,0.507936507936508,0.5026178010471205,0.28747433264887406,0.21666666666666662,0.04444444444444445,0.9473684210526319,0.0,0.0
0.4210526315789475,0.04545454545454547,0.6046511627906975,0.10126582278481011,0.07547169811320759,0.36507936507936517,0.3769633507853404,0.1827515400410687,0.2999999999999997,0.1111111111111111,0.6052631578947367,0.0,0.0
0.3157894736842105,0.25,0.44186046511627886,0.006329113924050611,0.8113207547169812,0.5396825396825398,0.5130890052356022,0.1971252566735039,0.6833333333333333,0.5777777777777777,0.5526315789473686,0.0,0.0
0.13157894736842113,0.22727272727272724,0.46511627906976727,0.0632911392405063,0.15094339622641506,0.36507936507936517,0.3455497382198954,0.28439425051334166,0.7666666666666672,0.8222222222222222,0.5263157894736844,0.0,0.0
0.4210526315789475,0.06818181818181823,0.6046511627906975,0.34177215189873417,0.5660377358490566,0.5873015873015874,0.5078534031413614,0.3798767967145726,0.2999999999999997,0.39999999999999997,0.5526315789473686,0.0,0.0
0.05263157894736831,0.09090909090909088,0.46511627906976727,0.5822784810126582,0.05660377358490565,0.36507936507936517,0.549738219895288,0.6078028747433207,0.933333333333334,0.22222222222222218,0.5000000000000002,0.0,0.0
0.0,0.4318181818181819,0.4883720930232557,0.189873417721519,0.09433962264150936,0.34920634920634924,0.4293193717277488,0.08521560574948661,0.6166666666666666,0.2444444444444444,0.868421052631579,0.0,0.0
0.44736842105263164,0.27272727272727276,0.5581395348837208,0.8481012658227849,0.7924528301886794,0.4761904761904763,0.8534031413612567,0.9363449691991832,0.233333333333333,0.46666666666666673,0.05263157894736825,0.0,0.0
0.3157894736842105,0.25,0.6744186046511627,0.028481012658227833,0.28301886792452835,0.5555555555555557,0.3298429319371729,0.166324435318271,0.7000000000000004,0.17777777777777778,0.6578947368421055,0.0,0.0
0.21052631578947378,0.31818181818181823,0.2790697674418603,0.39873417721518983,0.30188679245283023,0.33333333333333337,0.6858638743455499,0.6386036960985649,0.8500000000000003,0.7111111111111111,0.23684210526315808,0.0,0.0
0.473684210526316,0.5,0.6046511627906975,0.2974683544303797,0.2452830188679245,0.33333333333333337,0.3769633507853404,0.1971252566735039,0.0,0.6,0.9473684210526319,0.0,0.0
0.18421052631578938,0.36363636363636365,0.46511627906976727,0.06962025316455694,0.1132075471698113,0.7142857142857144,0.7172774869109949,0.002053388090351216,0.7666666666666672,0.2444444444444444,1.0,0.0,0.0
0.21052631578947378,0.15909090909090906,0.3953488372093022,0.04430379746835442,0.2452830188679245,0.5714285714285715,0.649214659685864,0.392197125256668,0.933333333333334,0.8666666666666667,0.4210526315789474,0.0,0.0
0.3947368421052634,0.11363636363636359,0.5348837209302324,0.037974683544303806,0.2641509433962264,0.34920634920634924,0.3769633507853404,0.03285420944558398,0.2666666666666664,0.3111111111111111,0.8947368421052635,0.0,0.0
0.5789473684210528,0.1363636363636364,0.46511627906976727,0.8354430379746833,0.5849056603773586,0.7619047619047621,0.9764397905759163,0.9774127310061603,0.3500000000000002,0.3111111111111111,0.0,0.0,0.0
0.473684210526316,0.20454545454545456,0.6744186046511627,0.8354430379746833,0.6226415094339623,0.6984126984126985,0.8691099476439792,0.8644763860369619,0.08333333333333309,0.3555555555555555,0.02631578947368418,0.0,0.0
0.473684210526316,0.25,0.4186046511627906,0.8481012658227849,0.5660377358490566,0.7936507936507937,0.9371727748691101,0.9363449691991832,0.3166666666666668,0.1333333333333333,0.02631578947368418,0.0,0.0
0.5263157894736845,0.5909090909090909,0.44186046511627886,0.27848101265822783,0.35849056603773577,0.4126984126984128,0.5026178010471205,0.4640657084188894,0.6166666666666666,0.39999999999999997,0.5789473684210527,0.0,0.0
0.5263157894736845,0.1363636363636364,0.5348837209302324,0.05696202531645567,0.18867924528301894,0.5396825396825398,0.586387434554974,0.15605749486652676,0.3999999999999999,0.26666666666666666,0.7368421052631579,0.0,0.0
0.26315789473684226,0.25,0.6279069767441858,0.22151898734177214,0.2641509433962264,0.5714285714285715,0.6335078534031415,0.2689938398357252,0.41666666666666696,0.17777777777777778,0.5789473684210527,0.0,0.0
0.3157894736842105,0.02272727272727265,0.5116279069767441,0.3164556962025316,0.15094339622641506,0.8571428571428573,0.5340314136125656,0.25051334702258776,0.4333333333333333,0.8666666666666667,0.8421052631578949,0.0,0.0
0.4210526315789475,0.7272727272727273,0.6744186046511627,0.3291139240506329,0.2641509433962264,0.6507936507936509,0.7172774869109949,0.3408624229979466,0.4666666666666667,0.0666666666666666,0.868421052631579,0.0,0.0
0.2894736842105264,0.22727272727272724,0.5116279069767441,0.41772151898734167,0.2452830188679245,0.6825396825396826,0.9267015706806284,0.6488706365503092,0.8666666666666674,0.48888888888888893,0.2105263157894735,0.0,0.0
0.26315789473684226,0.20454545454545456,0.5116279069767441,0.05696202531645567,0.2452830188679245,0.5555555555555557,0.4816753926701572,0.12936344969198477,0.6499999999999999,0.46666666666666673,0.7631578947368425,0.0,0.0
0.36842105263157904,0.31818181818181823,0.7674418604651161,0.41772151898734167,0.09433962264150936,0.39682539682539686,0.4397905759162305,0.22176591375769472,0.25000000000000006,0.6,0.9473684210526319,0.0,0.0
0.26315789473684226,0.3863636363636364,0.4186046511627906,0.03164556962025317,0.22641509433962262,0.11111111111111116,0.48691099476439803,0.24845995893223666,0.6499999999999999,0.4222222222222222,0.39473684210526333,0.0,0.0
0.5789473684210528,0.1363636363636364,0.46511627906976727,0.8354430379746833,0.5849056603773586,0.7619047619047621,0.9764397905759163,0.9774127310061603,0.3500000000000002,0.3111111111111111,0.0,0.0,0.0
0.2894736842105264,0.22727272727272724,0.5116279069767441,0.41772151898734167,0.2452830188679245,0.6825396825396826,0.9267015706806284,0.6488706365503092,0.8666666666666674,0.48888888888888893,0.2105263157894735,0.0,0.0
0.473684210526316,0.6818181818181819,0.4186046511627906,0.15189873417721517,0.4339622641509434,0.2698412698412699,0.4502617801047122,0.2464065708418855,0.4666666666666667,0.1111111111111111,0.6315789473684214,0.0,0.0
0.6315789473684212,0.31818181818181823,0.5116279069767441,0.5063291139240506,0.2075471698113207,0.4603174603174604,0.46596858638743466,0.5872689938398321,0.3999999999999999,0.15555555555555556,0.3684210526315792,0.0,0.0
0.44736842105263164,0.27272727272727276,0.4883720930232557,0.07594936708860758,0.35849056603773577,0.380952380952381,0.5340314136125656,0.4332648870636565,0.6833333333333333,0.7111111111111111,0.5263157894736844,0.0,0.0
0.2894736842105264,0.27272727272727276,0.4883720930232557,0.16455696202531644,0.09433962264150936,0.49206349206349215,0.3455497382198954,0.08008213552361448,0.4833333333333337,0.6666666666666666,0.9736842105263159,0.0,0.0
0.26315789473684226,0.3409090909090909,0.46511627906976727,0.120253164556962,0.2075471698113207,0.3174603174603175,0.2774869109947645,0.09137577002052866,0.6000000000000002,0.6222222222222222,0.9210526315789476,0.0,0.0
0.5263157894736845,0.5909090909090909,0.44186046511627886,0.27848101265822783,0.35849056603773577,0.4126984126984128,0.5026178010471205,0.4640657084188894,0.6166666666666666,0.39999999999999997,0.5789473684210527,0.0,0.0
0.5000000000000001,0.11363636363636359,0.3488372093023254,0.0253164556962025,0.490566037735849,0.5714285714285715,0.42408376963350797,0.4455852156057519,1.0,0.7555555555555555,0.4210526315789474,0.0,0.0
0.1578947368421053,0.4090909090909091,0.5348837209302324,0.5632911392405062,0.13207547169811318,0.2698412698412699,0.33507853403141374,0.3182751540041069,0.28333333333333344,0.2444444444444444,0.8421052631578949,0.0,0.0
0.26315789473684226,0.02272727272727265,0.6046511627906975,0.05063291139240503,0.169811320754717,0.6031746031746033,0.649214659685864,0.27926078028746953,0.8166666666666669,0.8222222222222222,0.5526315789473686,0.0,0.0
0.4210526315789475,0.36363636363636365,0.6511627906976742,0.879746835443038,0.13207547169811318,0.8730158730158731,0.81151832460733,0.905544147843939,0.41666666666666696,0.6444444444444444,0.105263157894737,0.0,0.0
0.26315789473684226,0.3863636363636364,0.4186046511627906,0.03164556962025317,0.22641509433962262,0.11111111111111116,0.48691099476439803,0.24845995893223666,0.6499999999999999,0.4222222222222222,0.39473684210526333,0.0,0.0
0.473684210526316,0.6818181818181819,0.4186046511627906,0.15189873417721517,0.4339622641509434,0.2698412698412699,0.4502617801047122,0.2464065708418855,0.4666666666666667,0.1111111111111111,0.6315789473684214,0.0,0.0
0.7631578947368425,0.27272727272727276,0.7209302325581394,0.5189873417721518,0.3207547169811321,0.5714285714285715,0.712041884816754,0.5051334702258665,0.28333333333333344,0.1333333333333333,0.8157894736842106,0.0,0.0
0.6315789473684212,0.15909090909090906,0.6744186046511627,0.05063291139240503,0.169811320754717,0.904761904761905,0.8062827225130891,0.15605749486652676,0.2666666666666664,0.9555555555555555,0.9736842105263159,0.0,0.0
0.18421052631578938,0.36363636363636365,0.46511627906976727,0.06962025316455694,0.1132075471698113,0.7142857142857144,0.7172774869109949,0.002053388090351216,0.7666666666666672,0.2444444444444444,1.0,0.0,0.0
0.3947368421052634,0.7727272727272727,0.6046511627906975,0.15822784810126578,0.09433962264150936,0.4126984126984128,0.5706806282722514,0.09445585215604968,0.3500000000000002,0.1333333333333333,0.868421052631579,0.0,0.0
0.2894736842105264,0.5227272727272727,0.5348837209302324,0.18354430379746833,0.037735849056603765,0.5555555555555557,0.5445026178010473,0.11498973305954968,0.5833333333333331,0.15555555555555556,1.0,0.0,0.0
0.0,0.4318181818181819,0.4883720930232557,0.189873417721519,0.09433962264150936,0.34920634920634924,0.4293193717277488,0.08521560574948661,0.6166666666666666,0.2444444444444444,0.868421052631579,0.0,0.0
0.6052631578947371,0.2954545454545455,0.5581395348837208,0.05063291139240503,0.05660377358490565,0.33333333333333337,0.7434554973821991,0.166324435318271,0.10000000000000014,0.3555555555555555,0.8421052631578949,0.0,0.0
0.13157894736842113,0.1363636363636364,0.4186046511627906,0.7468354430379747,0.2452830188679245,0.380952380952381,0.5549738219895289,0.4907597535934313,0.6333333333333336,0.5555555555555555,0.7631578947368425,0.0,0.0
0.6842105263157897,0.27272727272727276,0.6046511627906975,0.0632911392405063,0.5471698113207547,0.39682539682539686,0.4973821989528797,0.25872689938398097,0.2666666666666664,0.8888888888888888,0.7105263157894737,0.0,0.0
0.473684210526316,0.06818181818181823,0.6279069767441858,0.37341772151898733,0.6415094339622641,0.6666666666666667,0.5340314136125656,0.38398357289527485,0.25000000000000006,0.3111111111111111,0.5526315789473686,0.0,0.0
0.34210526315789486,0.31818181818181823,0.5581395348837208,0.5,0.4339622641509434,0.4285714285714286,0.44502617801047134,0.5205338809034943,0.5333333333333334,0.48888888888888893,0.5526315789473686,0.0,0.0
0.10526315789473678,0.11363636363636359,0.5348837209302324,0.20253164556962028,0.2452830188679245,0.6984126984126985,0.5602094240837697,0.16324435318275005,0.3833333333333336,0.22222222222222218,0.6315789473684214,0.0,0.0
0.7894736842105267,0.18181818181818182,0.46511627906976727,0.01898734177215189,0.2452830188679245,0.634920634920635,0.5026178010471205,0.2361396303901413,0.33333333333333315,0.48888888888888893,0.5000000000000002,0.0,0.0
0.18421052631578938,0.25,0.46511627906976727,0.012658227848101278,0.2075471698113207,0.5873015873015874,0.42408376963350797,0.15605749486652676,0.6833333333333333,0.5333333333333334,0.5000000000000002,0.0,0.0
0.34210526315789486,0.4318181818181819,0.5581395348837208,0.4113924050632911,0.2075471698113207,0.5396825396825398,0.5130890052356022,0.17967145790554773,0.10000000000000014,0.0,0.9210526315789476,0.0,0.0
0.34210526315789486,0.36363636363636365,0.44186046511627886,0.11392405063291136,0.0,0.507936507936508,0.42408376963350797,0.21663244353182254,0.6333333333333336,0.6888888888888889,0.6315789473684214,0.0,0.0
0.2763157894736843,0.0,0.7441860465116277,0.012658227848101278,0.47169811320754723,0.7301587301587302,0.5392670157068064,0.17248459958932444,0.5666666666666669,0.8222222222222222,0.5789473684210527,0.0,0.0
0.21052631578947378,0.25,0.3488372093023254,0.0253164556962025,0.09433962264150936,0.4761904761904763,0.4136125654450263,0.17659137577001532,0.6166666666666666,0.26666666666666666,0.5789473684210527,0.0,0.0
0.5000000000000001,0.25,0.6046511627906975,0.06962025316455694,0.169811320754717,0.39682539682539686,0.7905759162303665,0.14065708418891038,0.5333333333333334,0.17777777777777778,0.7894736842105265,0.0,0.0
0.3157894736842105,0.15909090909090906,0.4883720930232557,0.6582278481012658,0.2641509433962264,0.6507936507936509,0.7277486910994766,0.869609856262834,0.8000000000000006,0.26666666666666666,0.23684210526315808,0.0,0.0
0.3157894736842105,0.1363636363636364,0.6511627906976742,0.43670886075949367,0.5094339622641509,0.39682539682539686,0.6230366492146598,0.5359342915811107,0.6499999999999999,0.5333333333333334,0.5526315789473686,0.0,0.0
0.3947368421052634,0.02272727272727265,0.44186046511627886,0.0822784810126582,0.15094339622641506,0.14285714285714285,0.293193717277487,0.18891170431211074,0.28333333333333344,0.5777777777777777,0.6052631578947367,0.0,0.0
0.07894736842105271,0.3863636363636364,0.4186046511627906,0.19620253164556956,0.09433962264150936,0.2698412698412699,0.31413612565445037,0.1170431211498894,0.6333333333333336,0.1333333333333333,0.7368421052631579,0.0,0.0
0.3947368421052634,0.18181818181818182,0.5116279069767441,0.5253164556962026,0.28301886792452835,0.2698412698412699,0.4397905759162305,0.6488706365503092,0.6833333333333333,0.48888888888888893,0.4736842105263157,0.0,0.0
0.3947368421052634,0.4318181818181819,0.37209302325581384,0.25316455696202533,0.037735849056603765,0.6507936507936509,0.6125654450261782,0.2997946611909581,0.5333333333333334,0.2444444444444444,0.6052631578947367,0.0,0.0
0.5263157894736845,0.04545454545454547,0.5348837209302324,0.012658227848101278,0.3207547169811321,0.6666666666666667,0.4973821989528797,0.2566735112936298,0.18333333333333324,0.8,0.4210526315789474,0.0,0.0
0.5789473684210528,0.5681818181818182,0.5116279069767441,0.16455696202531644,0.18867924528301894,0.2698412698412699,0.3507853403141362,0.20123203285420616,0.25000000000000006,0.6222222222222222,0.9473684210526319,0.0,0.0
0.8421052631578949,0.1363636363636364,0.7441860465116277,0.03164556962025317,0.30188679245283023,0.4761904761904763,0.518324607329843,0.3100616016427138,0.2999999999999997,0.37777777777777777,0.6578947368421055,0.0,0.0
0.3157894736842105,0.25,0.46511627906976727,0.037974683544303806,0.39622641509433965,0.4285714285714286,0.5654450261780106,0.3613963039014352,0.8166666666666669,0.4222222222222222,0.3157894736842105,0.0,0.0
0.3947368421052634,0.02272727272727265,0.4186046511627906,0.21518987341772156,0.07547169811320759,0.14285714285714285,0.42408376963350797,0.40965092402463554,0.5166666666666672,0.3111111111111111,0.39473684210526333,0.0,0.0
0.473684210526316,0.1363636363636364,0.5581395348837208,0.10759493670886075,0.13207547169811318,0.6984126984126985,0.6544502617801048,0.05338809034907255,0.3833333333333336,0.15555555555555556,1.0,0.0,0.0
0.44736842105263164,0.4318181818181819,0.3488372093023254,0.037974683544303806,0.09433962264150936,0.3174603174603175,0.5235602094240839,0.0636550308008168,0.4833333333333337,0.04444444444444445,0.8421052631578949,0.0,0.0
0.5789473684210528,0.1363636363636364,0.46511627906976727,0.8354430379746833,0.5849056603773586,0.7619047619047621,0.9764397905759163,0.9774127310061603,0.3500000000000002,0.3111111111111111,0.0,0.0,0.0
0.21052631578947378,0.15909090909090906,0.3953488372093022,0.04430379746835442,0.2452830188679245,0.5714285714285715,0.649214659685864,0.392197125256668,0.933333333333334,0.8666666666666667,0.4210526315789474,0.0,0.0
0.44736842105263164,0.27272727272727276,0.6279069767441858,0.28481012658227844,0.0,0.4126984126984128,0.4136125654450263,0.13757700205338935,0.21666666666666662,0.0222222222222222,0.9736842105263159,0.0,0.0
0.3947368421052634,0.36363636363636365,0.8139534883720929,0.0253164556962025,0.2641509433962264,0.49206349206349215,0.5026178010471205,0.11396303901436838,0.233333333333333,0.33333333333333326,0.5789473684210527,0.0,0.0
0.34210526315789486,0.31818181818181823,0.5581395348837208,0.5,0.4339622641509434,0.4285714285714286,0.44502617801047134,0.5205338809034943,0.5333333333333334,0.48888888888888893,0.5526315789473686,0.0,0.0
0.6052631578947371,0.47727272727272724,0.9069767441860463,0.4841772151898734,0.15094339622641506,0.5873015873015874,0.8376963350785342,0.37166324435317943,0.3500000000000002,0.1333333333333333,0.9210526315789476,0.0,0.0
0.10526315789473678,0.27272727272727276,0.1860465116279068,0.012658227848101278,0.1132075471698113,0.5555555555555557,0.46073298429319387,0.1355236139630382,0.8166666666666669,0.17777777777777778,0.5526315789473686,0.0,0.0
0.6842105263157897,0.27272727272727276,0.6046511627906975,0.0632911392405063,0.5471698113207547,0.39682539682539686,0.4973821989528797,0.25872689938398097,0.2666666666666664,0.8888888888888888,0.7105263157894737,0.0,0.0
0.5263157894736845,0.11363636363636359,0.9069767441860463,0.5253164556962026,0.09433962264150936,0.33333333333333337,0.5549738219895289,0.4640657084188894,0.10000000000000014,0.0,0.5526315789473686,0.0,0.0
0.3157894736842105,0.11363636363636359,0.3488372093023254,0.012658227848101278,0.5094339622641509,0.4603174603174604,0.81151832460733,0.4147843942505077,0.6166666666666666,0.22222222222222218,0.13157894736842113,0.0,0.0
0.34210526315789486,0.15909090909090906,0.5581395348837208,0.03164556962025317,0.18867924528301894,0.634920634920635,0.5078534031413614,0.001026694045169918,0.5166666666666672,0.0888888888888888,0.9736842105263159,0.0,0.0
0.2368421052631579,0.6136363636363636,0.2790697674418603,0.39873417721518983,0.18867924528301894,0.28571428571428575,0.47643979057591634,0.22997946611909925,0.45000000000000034,0.15555555555555556,0.8,0.0,0.0
0.3947368421052634,0.36363636363636365,0.8139534883720929,0.0253164556962025,0.2641509433962264,0.49206349206349215,0.5026178010471205,0.11396303901436838,0.233333333333333,0.33333333333333326,0.5789473684210527,0.0,0.0
0.2894736842105264,0.31818181818181823,0.5581395348837208,0.22784810126582278,0.5471698113207547,0.2698412698412699,0.5445026178010473,0.2515400410677576,0.45000000000000034,0.3111111111111111,0.8157894736842106,0.0,0.0
0.18421052631578938,0.4090909090909091,0.325581395348837,0.03164556962025317,0.2075471698113207,0.5238095238095238,0.5130890052356022,0.03285420944558398,0.6000000000000002,0.22222222222222218,0.9210526315789476,0.0,0.0
0.26315789473684226,0.25,0.6279069767441858,0.22151898734177214,0.2641509433962264,0.5714285714285715,0.6335078534031415,0.2689938398357252,0.41666666666666696,0.17777777777777778,0.5789473684210527,0.0,0.0
0.13157894736842113,0.7272727272727273,0.09302325581395338,0.10759493670886075,0.3207547169811321,0.34920634920634924,0.7015706806282724,0.37166324435317943,0.8833333333333336,0.4222222222222222,0.4473684210526315,0.0,0.0
0.473684210526316,0.6818181818181819,0.4186046511627906,0.15189873417721517,0.4339622641509434,0.2698412698412699,0.4502617801047122,0.2464065708418855,0.4666666666666667,0.1111111111111111,0.6315789473684214,0.0,0.0
0.3947368421052634,0.4545454545454546,0.46511627906976727,0.23417721518987344,0.07547169811320759,0.4603174603174604,0.6387434554973823,0.22279260780287596,0.7166666666666668,0.37777777777777777,0.8947368421052635,0.0,0.0
0.26315789473684226,0.22727272727272724,0.4883720930232557,0.11392405063291136,0.2452830188679245,0.5714285714285715,0.46073298429319387,0.21252566735113165,0.7333333333333338,0.7555555555555555,0.7368421052631579,0.0,0.0
0.5789473684210528,0.5681818181818182,0.5116279069767441,0.16455696202531644,0.18867924528301894,0.2698412698412699,0.3507853403141362,0.20123203285420616,0.25000000000000006,0.6222222222222222,0.9473684210526319,0.0,0.0
0.2894736842105264,0.27272727272727276,0.4883720930232557,0.16455696202531644,0.09433962264150936,0.49206349206349215,0.3455497382198954,0.08008213552361448,0.4833333333333337,0.6666666666666666,0.9736842105263159,0.0,0.0
0.5263157894736845,0.25,0.4186046511627906,0.39556962025316456,0.05660377358490565,0.14285714285714285,0.2722513089005237,0.2977412731006183,0.01666666666666633,0.1111111111111111,0.6842105263157896,0.0,0.0
0.18421052631578938,0.36363636363636365,0.5116279069767441,0.07594936708860758,0.3207547169811321,0.5714285714285715,0.6073298429319373,0.004106776180690885,0.6333333333333336,0.26666666666666666,1.0,0.0,0.0
0.473684210526316,0.5227272727272727,0.11627906976744168,0.0632911392405063,0.07547169811320759,0.34920634920634924,0.31937172774869116,0.08418891170430542,0.6166666666666666,0.6,0.9736842105263159,0.0,0.0
0.2894736842105264,0.5,0.4186046511627906,0.13924050632911392,0.22641509433962262,0.380952380952381,0.48691099476439803,0.1355236139630382,0.5333333333333334,0.7333333333333334,0.9210526315789476,0.0,0.0
0.36842105263157904,0.09090909090909088,0.4186046511627906,0.5569620253164558,0.2641509433962264,0.380952380952381,0.45549738219895297,0.47022587268994276,0.2999999999999997,0.2888888888888889,0.5263157894736844,0.0,0.0
0.5263157894736845,0.11363636363636359,0.9069767441860463,0.5253164556962026,0.09433962264150936,0.33333333333333337,0.5549738219895289,0.4640657084188894,0.10000000000000014,0.0,0.5526315789473686,0.0,0.0
0.34210526315789486,0.09090909090909088,0.4186046511627906,0.5822784810126582,0.2641509433962264,0.380952380952381,0.46596858638743466,0.5349075975359294,0.2999999999999997,0.2888888888888889,0.5263157894736844,0.0,0.0
0.26315789473684226,0.4090909090909091,0.5813953488372091,0.24050632911392406,0.09433962264150936,0.4603174603174604,0.39267015706806296,0.17659137577001532,0.7166666666666668,0.6222222222222222,0.9473684210526319,0.0,0.0
0.07894736842105271,0.3863636363636364,0.4186046511627906,0.19620253164556956,0.09433962264150936,0.2698412698412699,0.31413612565445037,0.1170431211498894,0.6333333333333336,0.1333333333333333,0.7368421052631579,0.0,0.0
0.4210526315789475,0.47727272727272724,0.46511627906976727,0.3481012658227848,0.05660377358490565,0.34920634920634924,0.31937172774869116,0.42299794661191226,0.7833333333333334,0.22222222222222218,0.6578947368421055,0.0,0.0
0.5526315789473686,0.22727272727272724,0.9069767441860463,0.5316455696202531,0.4339622641509434,0.7142857142857144,0.6439790575916231,0.6899383983572863,0.3999999999999999,0.6,0.4210526315789474,0.0,0.0
0.4210526315789475,0.02272727272727265,0.4186046511627906,0.8670886075949367,0.490566037735849,0.380952380952381,0.6439790575916231,0.866529774127313,0.04999999999999971,0.15555555555555556,0.02631578947368418,0.0,0.0
0.2894736842105264,0.11363636363636359,0.4186046511627906,0.0253164556962025,0.39622641509433965,0.2698412698412699,0.33507853403141374,0.09240246406570995,0.41666666666666696,0.4222222222222222,0.7368421052631579,0.0,0.0
0.5263157894736845,0.11363636363636359,0.9069767441860463,0.5253164556962026,0.09433962264150936,0.33333333333333337,0.5549738219895289,0.4640657084188894,0.10000000000000014,0.0,0.5526315789473686,0.0,0.0
0.473684210526316,0.5,0.6046511627906975,0.2974683544303797,0.2452830188679245,0.33333333333333337,0.3769633507853404,0.1971252566735039,0.0,0.6,0.9473684210526319,0.0,0.0
0.36842105263157904,0.09090909090909088,0.4186046511627906,0.5569620253164558,0.2641509433962264,0.380952380952381,0.45549738219895297,0.47022587268994276,0.2999999999999997,0.2888888888888889,0.5263157894736844,0.0,0.0
0.18421052631578938,0.06818181818181823,0.4186046511627906,0.09493670886075947,0.05660377358490565,0.2698412698412699,0.3769633507853404,0.12731006160164504,0.3833333333333336,0.1111111111111111,0.5789473684210527,0.0,0.0
0.36842105263157904,0.31818181818181823,0.7674418604651161,0.41772151898734167,0.09433962264150936,0.39682539682539686,0.4397905759162305,0.22176591375769472,0.25000000000000006,0.6,0.9473684210526319,0.0,0.0
0.18421052631578938,0.36363636363636365,0.46511627906976727,0.06962025316455694,0.1132075471698113,0.7142857142857144,0.7172774869109949,0.002053388090351216,0.7666666666666672,0.2444444444444444,1.0,0.0,0.0
0.1578947368421053,0.3863636363636364,0.3953488372093022,0.0822784810126582,0.3207547169811321,0.22222222222222224,0.4921465968586389,0.004106776180690885,0.6499999999999999,0.19999999999999993,1.0,0.0,0.0
0.2894736842105264,0.4090909090909091,0.5581395348837208,0.2974683544303797,0.35849056603773577,0.34920634920634924,0.34031413612565453,0.24229979466119467,0.5833333333333331,0.6222222222222222,0.8157894736842106,0.0,0.0
0.2894736842105264,0.27272727272727276,0.4883720930232557,0.16455696202531644,0.09433962264150936,0.49206349206349215,0.3455497382198954,0.08008213552361448,0.4833333333333337,0.6666666666666666,0.9736842105263159,0.0,0.0
0.36842105263157904,0.09090909090909088,0.4186046511627906,0.5569620253164558,0.2641509433962264,0.380952380952381,0.45549738219895297,0.47022587268994276,0.2999999999999997,0.2888888888888889,0.5263157894736844,0.0,0.0
0.13157894736842113,0.7272727272727273,0.09302325581395338,0.10759493670886075,0.3207547169811321,0.34920634920634924,0.7015706806282724,0.37166324435317943,0.8833333333333336,0.4222222222222222,0.4473684210526315,0.0,0.0
0.1578947368421053,0.2954545454545455,0.3953488372093022,0.037974683544303806,0.39622641509433965,0.4285714285714286,0.45549738219895297,0.2997946611909581,0.8000000000000006,0.4222222222222222,0.4210526315789474,0.0,0.0
0.5789473684210528,0.4318181818181819,0.5813953488372091,0.3354430379746835,0.2075471698113207,0.11111111111111116,0.5235602094240839,0.2997946611909581,0.3833333333333336,0.15555555555555556,0.8157894736842106,0.0,0.0
0.5526315789473686,0.11363636363636359,0.5581395348837208,0.10126582278481011,0.22641509433962262,0.4444444444444445,0.518324607329843,0.2895277207392138,0.28333333333333344,0.37777777777777777,0.5789473684210527,0.0,0.0
0.5789473684210528,0.5681818181818182,0.5116279069767441,0.16455696202531644,0.18867924528301894,0.2698412698412699,0.3507853403141362,0.20123203285420616,0.25000000000000006,0.6222222222222222,0.9473684210526319,0.0,0.0
0.44736842105263164,0.20454545454545456,0.46511627906976727,0.10126582278481011,0.169811320754717,0.904761904761905,0.6387434554973823,0.17761806981519657,0.16666666666666619,0.5333333333333334,0.6315789473684214,0.0,0.0
0.3157894736842105,0.3409090909090909,0.4883720930232557,0.18354430379746833,0.037735849056603765,0.5396825396825398,0.36649214659685875,0.0893223819301775,0.5166666666666672,0.6222222222222222,0.9736842105263159,0.0,0.0
0.2894736842105264,0.09090909090909088,0.7209302325581394,0.8354430379746833,0.2641509433962264,0.6666666666666667,0.5392670157068064,0.7494866529774122,0.5833333333333331,0.8888888888888888,0.3684210526315792,0.0,0.0
0.44736842105263164,0.31818181818181823,0.9069767441860463,0.3481012658227848,0.30188679245283023,0.36507936507936517,0.44502617801047134,0.32032854209445805,0.8000000000000006,0.5777777777777777,0.868421052631579,0.0,0.0
0.473684210526316,0.5227272727272727,0.11627906976744168,0.0632911392405063,0.07547169811320759,0.34920634920634924,0.31937172774869116,0.08418891170430542,0.6166666666666666,0.6,0.9736842105263159,0.0,0.0
0.1578947368421053,0.5454545454545454,0.37209302325581384,0.3164556962025316,0.169811320754717,0.5873015873015874,0.5654450261780106,0.17659137577001532,0.7500000000000001,0.1333333333333333,0.8947368421052635,0.0,0.0
0.26315789473684226,0.4318181818181819,0.4186046511627906,0.189873417721519,0.28301886792452835,0.3015873015873016,0.2879581151832462,0.08418891170430542,0.5499999999999998,0.7111111111111111,0.9736842105263159,0.0,0.0
0.34210526315789486,0.36363636363636365,0.44186046511627886,0.11392405063291136,0.0,0.507936507936508,0.42408376963350797,0.21663244353182254,0.6333333333333336,0.6888888888888889,0.6315789473684214,0.0,0.0
0.44736842105263164,0.31818181818181823,0.4186046511627906,0.47468354430379744,0.09433962264150936,0.3174603174603175,0.8638743455497384,0.40041067761807253,0.3833333333333336,0.3111111111111111,0.868421052631579,0.0,0.0
0.2894736842105264,0.09090909090909088,0.7209302325581394,0.8354430379746833,0.2641509433962264,0.6666666666666667,0.5392670157068064,0.7494866529774122,0.5833333333333331,0.8888888888888888,0.3684210526315792,0.0,0.0
0.4210526315789475,0.04545454545454547,0.6046511627906975,0.10126582278481011,0.07547169811320759,0.36507936507936517,0.3769633507853404,0.1827515400410687,0.2999999999999997,0.1111111111111111,0.6052631578947367,0.0,0.0
0.36842105263157904,0.3863636363636364,0.46511627906976727,0.4430379746835443,0.05660377358490565,0.4444444444444445,0.5026178010471205,0.22176591375769472,0.33333333333333315,0.6888888888888889,0.9736842105263159,0.0,0.0
0.3157894736842105,0.25,0.7209302325581394,0.4050632911392405,0.3396226415094339,0.380952380952381,0.6544502617801048,0.5256673511293665,0.36666666666666653,0.6222222222222222,0.3421052631578946,0.0,0.0
0.2894736842105264,0.31818181818181823,0.3488372093023254,0.24050632911392406,0.07547169811320759,0.7777777777777779,0.5340314136125656,0.12936344969198477,0.3999999999999999,0.26666666666666666,0.868421052631579,0.0,0.0
0.7631578947368425,0.27272727272727276,0.7209302325581394,0.5189873417721518,0.3207547169811321,0.5714285714285715,0.712041884816754,0.5051334702258665,0.28333333333333344,0.1333333333333333,0.8157894736842106,0.0,0.0
0.2894736842105264,0.7272727272727273,0.4883720930232557,0.25316455696202533,0.037735849056603765,0.15873015873015875,0.24083769633507868,0.22279260780287596,0.5499999999999998,0.6222222222222222,0.6842105263157896,0.0,0.0
0.36842105263157904,0.4545454545454546,0.6046511627906975,0.5,0.07547169811320759,0.6190476190476192,0.5340314136125656,0.3798767967145726,0.5833333333333331,0.0666666666666666,0.8026315789473684,0.0,0.0
0.3947368421052634,0.5454545454545454,0.5116279069767441,0.47468354430379744,0.35849056603773577,0.49206349206349215,0.6596858638743457,0.3819301848049237,0.7500000000000001,0.0666666666666666,0.8157894736842106,0.0,0.0
0.5263157894736845,0.25,0.4186046511627906,0.39556962025316456,0.05660377358490565,0.14285714285714285,0.2722513089005237,0.2977412731006183,0.01666666666666633,0.1111111111111111,0.6842105263157896,0.0,0.0
0.36842105263157904,0.15909090909090906,0.3953488372093022,0.06962025316455694,0.09433962264150936,0.33333333333333337,0.5916230366492148,0.05338809034907255,0.3833333333333336,0.6444444444444444,0.9736842105263159,0.0,0.0
0.2368421052631579,0.4545454545454546,0.5348837209302324,0.22784810126582278,0.169811320754717,0.22222222222222224,0.2827225130890053,0.22792607802874815,0.7500000000000001,0.5777777777777777,0.8157894736842106,0.0,0.0
0.3157894736842105,0.15909090909090906,0.6511627906976742,0.07594936708860758,0.018867924528301827,0.5555555555555557,0.40837696335078544,0.1971252566735039,0.5333333333333334,0.17777777777777778,0.5789473684210527,0.0,0.0
0.473684210526316,0.4090909090909091,0.6046511627906975,0.0632911392405063,0.15094339622641506,0.507936507936508,0.46073298429319387,0.11498973305954968,0.28333333333333344,0.8666666666666667,0.8947368421052635,0.0,0.0
0.2894736842105264,0.36363636363636365,0.5116279069767441,0.0632911392405063,0.35849056603773577,0.4603174603174604,0.33507853403141374,0.24332648870636453,0.7333333333333338,0.8,0.5526315789473686,0.0,0.0
0.44736842105263164,0.15909090909090906,0.5116279069767441,0.07594936708860758,0.22641509433962262,0.36507936507936517,0.6020942408376965,0.3613963039014352,0.45000000000000034,0.5555555555555555,0.2894736842105263,0.0,0.0
0.5000000000000001,0.11363636363636359,0.3488372093023254,0.0253164556962025,0.490566037735849,0.5714285714285715,0.42408376963350797,0.4455852156057519,1.0,0.7555555555555555,0.4210526315789474,0.0,0.0
0.2368421052631579,0.5227272727272727,0.4186046511627906,0.3354430379746835,0.169811320754717,0.634920634920635,0.6596858638743457,0.2689938398357252,0.6000000000000002,0.3111111111111111,0.7105263157894737,0.0,0.0
0.4210526315789475,0.02272727272727265,0.4186046511627906,0.8670886075949367,0.490566037735849,0.380952380952381,0.6439790575916231,0.866529774127313,0.04999999999999971,0.15555555555555556,0.02631578947368418,0.0,0.0
0.36842105263157904,0.09090909090909088,0.46511627906976727,0.7468354430379747,0.6981132075471699,0.22222222222222224,0.7591623036649215,0.8829568788500993,0.11666666666666653,0.4444444444444445,0.02631578947368418,0.0,0.0
0.6315789473684212,0.02272727272727265,0.5581395348837208,0.006329113924050611,0.18867924528301894,0.4126984126984128,0.3507853403141362,0.15195071868582444,0.233333333333333,0.8888888888888888,0.6315789473684214,0.0,0.0
0.36842105263157904,0.15909090909090906,0.3953488372093022,0.06962025316455694,0.09433962264150936,0.33333333333333337,0.5916230366492148,0.05338809034907255,0.3833333333333336,0.6444444444444444,0.9736842105263159,0.0,0.0
0.4210526315789475,0.06818181818181823,0.6046511627906975,0.34177215189873417,0.5660377358490566,0.5873015873015874,0.5078534031413614,0.3798767967145726,0.2999999999999997,0.39999999999999997,0.5526315789473686,0.0,0.0
0.2894736842105264,0.09090909090909088,0.7209302325581394,0.8354430379746833,0.2641509433962264,0.6666666666666667,0.5392670157068064,0.7494866529774122,0.5833333333333331,0.8888888888888888,0.3684210526315792,0.0,0.0
0.2894736842105264,0.20454545454545456,0.6744186046511627,0.05696202531645567,0.2075471698113207,0.5714285714285715,0.3769633507853404,0.05338809034907255,0.4333333333333333,0.2444444444444444,0.7894736842105265,0.0,0.0
0.4210526315789475,0.22727272727272724,0.6046511627906975,0.11392405063291136,0.169811320754717,0.2698412698412699,0.4502617801047122,0.05338809034907255,0.4333333333333333,0.1333333333333333,0.9736842105263159,0.0,0.0
0.26315789473684226,0.02272727272727265,0.6976744186046511,0.03164556962025317,0.3207547169811321,0.28571428571428575,0.31937172774869116,0.02464065708419083,0.2999999999999997,0.3111111111111111,0.868421052631579,0.0,0.0
0.2894736842105264,0.31818181818181823,0.44186046511627886,0.10759493670886075,0.2452830188679245,0.33333333333333337,0.42408376963350797,0.17659137577001532,0.6499999999999999,0.19999999999999993,0.7105263157894737,0.0,0.0
0.10526315789473678,0.3068181818181819,0.46511627906976727,0.27848101265822783,0.3396226415094339,0.5714285714285715,0.6439790575916231,0.32032854209445805,0.666666666666667,0.22222222222222218,0.5000000000000002,0.0,0.0
0.6578947368421055,0.31818181818181823,0.7209302325581394,0.0632911392405063,0.35849056603773577,0.7142857142857144,0.6596858638743457,0.40246406570841226,0.8666666666666674,0.37777777777777777,0.4736842105263157,0.0,0.0
0.36842105263157904,0.11363636363636359,0.5348837209302324,0.01898734177215189,0.1132075471698113,0.2698412698412699,0.31937172774869116,0.04004106776180727,0.25000000000000006,0.6666666666666666,0.8947368421052635,0.0,0.0
0.4210526315789475,0.3863636363636364,0.44186046511627886,0.0253164556962025,0.22641509433962262,0.4444444444444445,0.5340314136125656,0.012320328542095527,0.3166666666666668,0.0888888888888888,0.868421052631579,0.0,0.0
0.34210526315789486,0.15909090909090906,0.7441860465116277,0.5126582278481012,0.45283018867924535,0.4126984126984128,0.649214659685864,0.5975359342915764,0.3166666666666668,0.9333333333333336,0.26315789473684226,0.0,0.0
0.4210526315789475,0.47727272727272724,0.46511627906976727,0.3481012658227848,0.05660377358490565,0.34920634920634924,0.31937172774869116,0.42299794661191226,0.7833333333333334,0.22222222222222218,0.6578947368421055,0.0,0.0
0.5000000000000001,0.5681818181818182,0.6279069767441858,0.006329113924050611,0.3396226415094339,0.49206349206349215,0.45549738219895297,0.15605749486652676,0.7666666666666672,0.3555555555555555,1.0,0.0,0.0
0.36842105263157904,0.20454545454545456,0.46511627906976727,0.04430379746835442,0.3396226415094339,0.22222222222222224,0.3612565445026179,0.2659137577002042,0.3999999999999999,0.3111111111111111,0.4736842105263157,0.0,0.0
0.736842105263158,0.47727272727272724,0.6976744186046511,0.3354430379746835,0.2641509433962264,0.4761904761904763,0.712041884816754,0.42299794661191226,0.36666666666666653,0.04444444444444445,0.7894736842105265,0.0,0.0
0.473684210526316,0.4318181818181819,0.2790697674418603,0.22151898734177214,0.1132075471698113,0.07936507936507936,0.24607329842931946,0.13141683778233593,0.06666666666666671,0.4444444444444445,0.868421052631579,0.0,0.0
0.5789473684210528,0.1363636363636364,0.6744186046511627,0.10126582278481011,0.35849056603773577,0.39682539682539686,0.8062827225130891,0.47433264887063364,0.8833333333333336,0.26666666666666666,0.5000000000000002,0.0,0.0
0.2894736842105264,0.3409090909090909,0.4883720930232557,0.04430379746835442,0.18867924528301894,0.3015873015873016,0.2774869109947645,0.1078028747433264,0.5666666666666669,0.8222222222222222,0.6578947368421055,0.0,0.0
0.473684210526316,0.1363636363636364,0.5581395348837208,0.10759493670886075,0.13207547169811318,0.6984126984126985,0.6544502617801048,0.05338809034907255,0.3833333333333336,0.15555555555555556,1.0,0.0,0.0
0.4210526315789475,0.06818181818181823,0.5348837209302324,0.189873417721519,0.169811320754717,0.1904761904761905,0.5287958115183247,0.40246406570841226,0.4333333333333333,0.15555555555555556,0.4473684210526315,0.0,0.0
0.26315789473684226,0.5909090909090909,0.20930232558139522,0.13924050632911392,0.15094339622641506,0.36507936507936517,0.5130890052356022,0.09445585215604968,0.4833333333333337,0.48888888888888893,1.0,0.0,0.0
0.2894736842105264,0.04545454545454547,0.5348837209302324,0.0,0.037735849056603765,0.28571428571428575,0.25654450261780115,0.1355236139630382,0.6166666666666666,0.15555555555555556,0.6578947368421055,0.0,0.0
0.4210526315789475,0.02272727272727265,0.6511627906976742,0.07594936708860758,0.41509433962264153,0.4444444444444445,0.36649214659685875,0.3408624229979466,0.33333333333333315,0.15555555555555556,0.39473684210526333,0.0,0.0
0.1578947368421053,0.27272727272727276,0.5116279069767441,0.15822784810126578,0.05660377358490565,0.380952380952381,0.45549738219895297,0.17659137577001532,0.7833333333333334,0.8666666666666667,0.8947368421052635,0.0,0.0
0.5526315789473686,0.31818181818181823,0.5581395348837208,0.20253164556962028,0.05660377358490565,0.49206349206349215,0.4712041884816755,0.15605749486652676,0.10000000000000014,0.19999999999999993,0.8947368421052635,0.0,0.0
0.5263157894736845,0.09090909090909088,0.4883720930232557,0.0253164556962025,0.6226415094339623,0.5238095238095238,0.7382198952879583,0.37166324435317943,0.3833333333333336,0.46666666666666673,0.2894736842105263,0.0,0.0
0.3947368421052634,0.31818181818181823,0.3953488372093022,0.06962025316455694,0.2075471698113207,0.5873015873015874,0.4973821989528797,0.32032854209445805,0.8166666666666669,0.37777777777777777,0.5000000000000002,0.0,0.0
0.26315789473684226,0.20454545454545456,0.5813953488372091,0.22784810126582278,0.2641509433962264,0.6031746031746033,0.6335078534031415,0.27515400410677865,0.41666666666666696,0.17777777777777778,0.5526315789473686,0.0,0.0
0.6842105263157897,0.6363636363636364,0.6046511627906975,0.25316455696202533,0.22641509433962262,0.4603174603174604,0.39267015706806296,0.25872689938398097,0.33333333333333315,0.5555555555555555,0.8947368421052635,0.0,0.0
0.18421052631578938,0.2954545454545455,0.4883720930232557,0.03164556962025317,0.18867924528301894,0.1904761904761905,0.29842931937172784,0.13141683778233593,0.6499999999999999,0.26666666666666666,0.5789473684210527,0.0,0.0
0.3947368421052634,0.11363636363636359,0.5813953488372091,0.04430379746835442,0.2075471698113207,0.4444444444444445,0.39267015706806296,0.37679671457905156,0.4666666666666667,0.48888888888888893,0.5000000000000002,0.0,0.0
0.10526315789473678,0.06818181818181823,0.6046511627906975,0.01898734177215189,0.2075471698113207,0.09523809523809523,0.23036649214659694,0.2607802874743321,0.8333333333333339,0.8,0.39473684210526333,0.0,0.0
0.36842105263157904,0.4090909090909091,0.46511627906976727,0.14556962025316453,0.07547169811320759,0.15873015873015875,0.2827225130890053,0.11601642710471949,0.666666666666667,0.6888888888888889,0.9736842105263159,0.0,0.0
0.2894736842105264,0.22727272727272724,0.6046511627906975,0.07594936708860758,0.037735849056603765,0.49206349206349215,0.5654450261780106,0.03285420944558398,0.5833333333333331,0.0888888888888888,0.9473684210526319,0.0,0.0
0.4210526315789475,0.3863636363636364,0.44186046511627886,0.0253164556962025,0.22641509433962262,0.4444444444444445,0.5340314136125656,0.012320328542095527,0.3166666666666668,0.0888888888888888,0.868421052631579,0.0,0.0
0.4210526315789475,0.02272727272727265,0.4186046511627906,0.8670886075949367,0.490566037735849,0.380952380952381,0.6439790575916231,0.866529774127313,0.04999999999999971,0.15555555555555556,0.02631578947368418,0.0,0.0
0.1578947368421053,0.06818181818181823,0.5348837209302324,0.3164556962025316,0.2075471698113207,0.39682539682539686,0.44502617801047134,0.425051334702252,0.6499999999999999,0.5777777777777777,0.32894736842105277,0.0,0.0
0.473684210526316,0.4318181818181819,0.2790697674418603,0.22151898734177214,0.1132075471698113,0.07936507936507936,0.24607329842931946,0.13141683778233593,0.06666666666666671,0.4444444444444445,0.868421052631579,0.0,0.0
0.44736842105263164,0.31818181818181823,0.9069767441860463,0.3481012658227848,0.30188679245283023,0.36507936507936517,0.44502617801047134,0.32032854209445805,0.8000000000000006,0.5777777777777777,0.868421052631579,0.0,0.0
0.05263157894736831,0.31818181818181823,0.4186046511627906,0.20253164556962028,0.35849056603773577,0.7460317460317462,0.6910994764397906,0.25872689938398097,0.7000000000000004,0.26666666666666666,0.4736842105263157,0.0,0.0
0.2368421052631579,0.4545454545454546,0.5348837209302324,0.22784810126582278,0.169811320754717,0.22222222222222224,0.2827225130890053,0.22792607802874815,0.7500000000000001,0.5777777777777777,0.8157894736842106,0.0,0.0
0.36842105263157904,0.09090909090909088,0.46511627906976727,0.7468354430379747,0.6981132075471699,0.22222222222222224,0.7591623036649215,0.8829568788500993,0.11666666666666653,0.4444444444444445,0.02631578947368418,0.0,0.0
0.26315789473684226,0.02272727272727265,0.6046511627906975,0.05063291139240503,0.169811320754717,0.6031746031746033,0.649214659685864,0.27926078028746953,0.8166666666666669,0.8222222222222222,0.5526315789473686,0.0,0.0
0.26315789473684226,0.02272727272727265,0.6976744186046511,0.03164556962025317,0.3207547169811321,0.28571428571428575,0.31937172774869116,0.02464065708419083,0.2999999999999997,0.3111111111111111,0.868421052631579,0.0,0.0
0.2894736842105264,0.02272727272727265,0.7906976744186045,0.7341772151898733,0.5094339622641509,0.9523809523809527,0.6910994764397906,0.7597535934291566,0.5499999999999998,0.8444444444444443,0.3684210526315792,0.0,0.0
0.21052631578947378,0.31818181818181823,0.2790697674418603,0.39873417721518983,0.30188679245283023,0.33333333333333337,0.6858638743455499,0.6386036960985649,0.8500000000000003,0.7111111111111111,0.23684210526315808,0.0,0.0
0.3947368421052634,0.31818181818181823,0.46511627906976727,0.037974683544303806,0.41509433962264153,0.6507936507936509,0.5549738219895289,0.2381930184804924,0.7000000000000004,0.1333333333333333,0.5789473684210527,0.0,0.0
0.5000000000000001,0.1363636363636364,0.7906976744186045,0.0253164556962025,0.37735849056603776,0.25396825396825395,0.3769633507853404,0.2997946611909581,0.36666666666666653,0.3111111111111111,0.2894736842105263,0.0,0.0
0.2894736842105264,0.02272727272727265,0.7906976744186045,0.7341772151898733,0.5094339622641509,0.9523809523809527,0.6910994764397906,0.7597535934291566,0.5499999999999998,0.8444444444444443,0.3684210526315792,0.0,0.0
0.5263157894736845,0.22727272727272724,0.6046511627906975,0.0632911392405063,0.1132075471698113,0.34920634920634924,0.5916230366492148,0.10985626283367755,0.5833333333333331,0.3555555555555555,0.9473684210526319,0.0,0.0
0.4210526315789475,0.31818181818181823,0.37209302325581384,0.04430379746835442,0.3207547169811321,0.4603174603174604,0.5445026178010473,0.3100616016427138,0.8333333333333339,0.39999999999999997,0.4736842105263157,0.0,0.0
0.4210526315789475,0.36363636363636365,0.9534883720930232,0.7974683544303796,0.47169811320754723,0.5555555555555557,0.7434554973821991,0.8336755646817291,0.233333333333333,0.4444444444444445,0.18421052631578938,0.0,0.0
0.34210526315789486,0.4545454545454546,0.46511627906976727,0.47468354430379744,0.6415094339622641,0.3015873015873016,0.6596858638743457,0.6848049281314141,0.8833333333333336,0.7111111111111111,0.5526315789473686,0.0,0.0
0.34210526315789486,0.4545454545454546,0.46511627906976727,0.47468354430379744,0.6415094339622641,0.3015873015873016,0.6596858638743457,0.6848049281314141,0.8833333333333336,0.7111111111111111,0.5526315789473686,0.0,0.0
0.21052631578947378,0.31818181818181823,0.2790697674418603,0.39873417721518983,0.30188679245283023,0.33333333333333337,0.6858638743455499,0.6386036960985649,0.8500000000000003,0.7111111111111111,0.23684210526315808,0.0,0.0
0.21052631578947378,0.18181818181818182,0.9069767441860463,0.3164556962025316,0.07547169811320759,0.4126984126984128,0.5340314136125656,0.3408624229979466,0.8000000000000006,0.0888888888888888,0.6315789473684214,0.0,0.0
0.4210526315789475,0.02272727272727265,0.4186046511627906,0.8670886075949367,0.490566037735849,0.380952380952381,0.6439790575916231,0.866529774127313,0.04999999999999971,0.15555555555555556,0.02631578947368418,0.0,0.0
0.6315789473684212,0.3409090909090909,0.6046511627906975,0.37974683544303794,0.3207547169811321,0.5238095238095238,0.7068062827225132,0.47433264887063364,0.5499999999999998,0.1111111111111111,0.6052631578947367,0.0,0.0
0.736842105263158,0.47727272727272724,0.6976744186046511,0.3354430379746835,0.2641509433962264,0.4761904761904763,0.712041884816754,0.42299794661191226,0.36666666666666653,0.04444444444444445,0.7894736842105265,0.0,0.0
0.26315789473684226,0.5909090909090909,0.20930232558139522,0.13924050632911392,0.15094339622641506,0.36507936507936517,0.5130890052356022,0.09445585215604968,0.4833333333333337,0.48888888888888893,1.0,0.0,0.0
0.26315789473684226,0.27272727272727276,0.325581395348837,0.34177215189873417,0.28301886792452835,0.34920634920634924,0.5130890052356022,0.08418891170430542,0.4833333333333337,0.37777777777777777,0.9736842105263159,0.0,0.0
0.5000000000000001,0.18181818181818182,0.9069767441860463,0.5316455696202531,0.169811320754717,0.380952380952381,0.5654450261780106,0.4537987679671451,0.10000000000000014,0.0,0.5526315789473686,0.0,0.0
0.44736842105263164,0.04545454545454547,0.6046511627906975,0.012658227848101278,0.3396226415094339,0.25396825396825395,0.33507853403141374,0.3100616016427138,0.3833333333333336,0.22222222222222218,0.5526315789473686,0.0,0.0
0.4210526315789475,0.06818181818181823,0.6279069767441858,0.03164556962025317,0.05660377358490565,0.33333333333333337,0.25654450261780115,0.27926078028746953,0.6166666666666666,0.3111111111111111,0.5000000000000002,0.0,0.0
0.1578947368421053,0.3863636363636364,0.3953488372093022,0.0822784810126582,0.3207547169811321,0.22222222222222224,0.4921465968586389,0.004106776180690885,0.6499999999999999,0.19999999999999993,1.0,0.0,0.0
0.6315789473684212,0.36363636363636365,0.6976744186046511,0.05063291139240503,0.05660377358490565,0.28571428571428575,0.5026178010471205,0.1971252566735039,0.3500000000000002,0.15555555555555556,0.5263157894736844,0.0,0.0
0.7894736842105267,0.18181818181818182,0.46511627906976727,0.01898734177215189,0.2452830188679245,0.634920634920635,0.5026178010471205,0.2361396303901413,0.33333333333333315,0.48888888888888893,0.5000000000000002,0.0,0.0
0.13157894736842113,0.2954545454545455,0.44186046511627886,0.6582278481012658,0.2075471698113207,0.4126984126984128,0.46596858638743466,0.5564681724845992,0.7000000000000004,0.3555555555555555,0.4210526315789474,0.0,0.0
0.2894736842105264,0.4318181818181819,0.46511627906976727,0.17721518987341772,0.2075471698113207,0.4603174603174604,0.32460732984293206,0.08213552361396564,0.5333333333333334,0.6888888888888889,0.9473684210526319,0.0,0.0
0.2894736842105264,0.09090909090909088,0.4883720930232557,0.04430379746835442,0.35849056603773577,0.39682539682539686,0.5287958115183247,0.3408624229979466,0.933333333333334,0.39999999999999997,0.3421052631578946,0.0,0.0
0.3947368421052634,0.02272727272727265,0.4186046511627906,0.21518987341772156,0.07547169811320759,0.14285714285714285,0.42408376963350797,0.40965092402463554,0.5166666666666672,0.3111111111111111,0.39473684210526333,0.0,0.0
0.4210526315789475,0.5,0.5116279069767441,0.5727848101265822,0.37735849056603776,0.507936507936508,0.549738219895288,0.4147843942505077,0.2666666666666664,0.0222222222222222,0.7368421052631579,0.0,0.0
0.26315789473684226,0.20454545454545456,0.5116279069767441,0.05696202531645567,0.2452830188679245,0.5555555555555557,0.4816753926701572,0.12936344969198477,0.6499999999999999,0.46666666666666673,0.7631578947368425,0.0,0.0
0.10526315789473678,0.4090909090909091,0.4883720930232557,0.10759493670886075,0.45283018867924535,0.3174603174603175,0.6649214659685865,0.12217659137577286,0.8500000000000003,0.9111111111111112,0.868421052631579,0.0,0.0
0.36842105263157904,0.11363636363636359,0.5116279069767441,0.41772151898734167,0.45283018867924535,0.507936507936508,0.42408376963350797,0.3942505133470191,0.3166666666666668,0.26666666666666666,0.4736842105263157,0.0,0.0
0.3947368421052634,0.02272727272727265,0.4186046511627906,0.21518987341772156,0.07547169811320759,0.14285714285714285,0.42408376963350797,0.40965092402463554,0.5166666666666672,0.3111111111111111,0.39473684210526333,0.0,0.0
0.36842105263157904,0.09090909090909088,0.4186046511627906,0.5569620253164558,0.2641509433962264,0.380952380952381,0.45549738219895297,0.47022587268994276,0.2999999999999997,0.2888888888888889,0.5263157894736844,0.0,0.0
0.2894736842105264,0.5,0.9069767441860463,0.120253164556962,0.09433962264150936,0.17460317460317462,0.35602094240837706,0.07392197125256111,0.28333333333333344,0.37777777777777777,0.8421052631578949,0.0,0.0
0.07894736842105271,0.22727272727272724,0.46511627906976727,0.01898734177215189,0.09433962264150936,0.3174603174603175,0.3769633507853404,0.020533880903488566,0.7333333333333338,0.2444444444444444,0.9210526315789476,0.0,0.0
0.1578947368421053,0.3409090909090909,0.3953488372093022,0.0822784810126582,0.35849056603773577,0.23809523809523814,0.47643979057591634,0.002053388090351216,0.6333333333333336,0.19999999999999993,1.0,0.0,0.0
0.736842105263158,0.09090909090909088,0.9069767441860463,0.006329113924050611,0.15094339622641506,0.36507936507936517,0.2879581151832462,0.2895277207392138,0.11666666666666653,0.8,0.39473684210526333,0.0,0.0
0.36842105263157904,0.09090909090909088,0.4186046511627906,0.5569620253164558,0.2641509433962264,0.380952380952381,0.45549738219895297,0.47022587268994276,0.2999999999999997,0.2888888888888889,0.5263157894736844,0.0,0.0
0.3157894736842105,0.25,0.46511627906976727,0.037974683544303806,0.39622641509433965,0.4285714285714286,0.5654450261780106,0.3613963039014352,0.8166666666666669,0.4222222222222222,0.3157894736842105,0.0,0.0
0.5263157894736845,0.3409090909090909,0.9302325581395348,0.05063291139240503,0.3207547169811321,0.4761904761904763,0.5287958115183247,0.4332648870636565,0.8666666666666674,0.39999999999999997,0.3421052631578946,0.0,0.0
0.18421052631578938,0.31818181818181823,0.3953488372093022,0.23417721518987344,0.09433962264150936,0.8095238095238095,0.5968586387434556,0.09650924024640084,0.3833333333333336,0.22222222222222218,0.9473684210526319,0.0,0.0
0.3947368421052634,0.31818181818181823,0.4883720930232557,0.3924050632911392,0.28301886792452835,0.6666666666666667,0.7434554973821991,0.5256673511293665,0.6000000000000002,0.5555555555555555,0.4473684210526315,0.0,0.0
0.2368421052631579,0.6136363636363636,0.2790697674418603,0.39873417721518983,0.18867924528301894,0.28571428571428575,0.47643979057591634,0.22997946611909925,0.45000000000000034,0.15555555555555556,0.8,0.0,0.0
0.5526315789473686,0.31818181818181823,0.5581395348837208,0.20253164556962028,0.05660377358490565,0.49206349206349215,0.4712041884816755,0.15605749486652676,0.10000000000000014,0.19999999999999993,0.8947368421052635,0.0,0.0
0.7894736842105267,0.06818181818181823,0.4883720930232557,0.36075949367088606,0.2452830188679245,0.380952380952381,0.5549738219895289,0.5154004106776222,0.28333333333333344,0.0,0.4473684210526315,0.0,0.0
0.4210526315789475,0.27272727272727276,0.37209302325581384,0.620253164556962,0.2641509433962264,0.507936507936508,0.8272251308900525,0.861396303901441,0.9000000000000007,0.5777777777777777,0.3684210526315792,0.0,0.0
0.4210526315789475,0.1363636363636364,0.5581395348837208,0.06962025316455694,0.45283018867924535,0.11111111111111116,0.5759162303664922,0.27926078028746953,0.5333333333333334,0.3111111111111111,0.7105263157894737,0.0,0.0
0.44736842105263164,0.4090909090909091,0.5581395348837208,0.8544303797468353,0.2641509433962264,0.6507936507936509,0.649214659685864,0.5667351129363436,0.7500000000000001,0.39999999999999997,0.9473684210526319,0.0,0.0
0.6052631578947371,0.2954545454545455,0.5581395348837208,0.05063291139240503,0.05660377358490565,0.33333333333333337,0.7434554973821991,0.166324435318271,0.10000000000000014,0.3555555555555555,0.8421052631578949,0.0,0.0
0.36842105263157904,0.09090909090909088,0.5813953488372091,0.27848101265822783,0.5471698113207547,0.7619047619047621,0.6125654450261782,0.3480492813141699,0.28333333333333344,0.48888888888888893,0.5526315789473686,0.0,0.0
0.36842105263157904,0.11363636363636359,0.5348837209302324,0.01898734177215189,0.1132075471698113,0.2698412698412699,0.31937172774869116,0.04004106776180727,0.25000000000000006,0.6666666666666666,0.8947368421052635,0.0,0.0
0.026315789473684237,0.02272727272727265,0.5116279069767441,0.8227848101265822,0.1132075471698113,0.17460317460317462,0.3821989528795813,0.5020533880903455,0.5499999999999998,0.1333333333333333,0.6842105263157896,0.0,0.0
0.5789473684210528,0.1363636363636364,0.46511627906976727,0.8354430379746833,0.5849056603773586,0.7619047619047621,0.9764397905759163,0.9774127310061603,0.3500000000000002,0.3111111111111111,0.0,0.0,0.0
0.1578947368421053,0.5,0.6744186046511627,0.13924050632911392,0.037735849056603765,0.23809523809523814,0.518324607329843,0.15605749486652676,0.7500000000000001,0.15555555555555556,0.6315789473684214,0.0,0.0
0.1578947368421053,0.06818181818181823,0.5348837209302324,0.3164556962025316,0.2075471698113207,0.39682539682539686,0.44502617801047134,0.425051334702252,0.6499999999999999,0.5777777777777777,0.3245614026315788,0.0,0.0
0.21052631578947378,0.15909090909090906,0.3953488372093022,0.04430379746835442,0.2452830188679245,0.5714285714285715,0.649214659685864,0.392197125256668,0.933333333333334,0.8666666666666667,0.4210526315789474,0.0,0.0
0.36842105263157904,0.7272727272727273,0.37209302325581384,0.10759493670886075,0.3207547169811321,0.36507936507936517,0.29842931937172784,0.17043121149897333,0.7500000000000001,0.4222222222222222,0.8157894736842106,0.0,0.0
0.36842105263157904,0.09090909090909088,0.46511627906976727,0.7468354430379747,0.6981132075471699,0.22222222222222224,0.7591623036649215,0.8829568788500993,0.11666666666666653,0.4444444444444445,0.02631578947368418,0.0,0.0
0.36842105263157904,0.11363636363636359,0.5116279069767441,0.41772151898734167,0.45283018867924535,0.507936507936508,0.42408376963350797,0.3942505133470191,0.3166666666666668,0.26666666666666666,0.4736842105263157,0.0,0.0
0.3947368421052634,0.11363636363636359,0.5813953488372091,0.04430379746835442,0.2075471698113207,0.4444444444444445,0.39267015706806296,0.37679671457905156,0.4666666666666667,0.48888888888888893,0.5000000000000002,0.0,0.0
0.5789473684210528,0.1363636363636364,0.46511627906976727,0.8354430379746833,0.5849056603773586,0.7619047619047621,0.9764397905759163,0.9774127310061603,0.3500000000000002,0.3111111111111111,0.0,0.0,0.0
0.44736842105263164,0.2954545454545455,0.325581395348837,0.7341772151898733,0.35849056603773577,0.6825396825396826,0.4816753926701572,0.7987679671457939,0.18333333333333324,0.5333333333333334,0.2894736842105263,0.0,0.0
0.21052631578947378,0.18181818181818182,0.9069767441860463,0.3164556962025316,0.07547169811320759,0.4126984126984128,0.5340314136125656,0.3408624229979466,0.8000000000000006,0.0888888888888888,0.6315789473684214,0.0,0.0
0.3947368421052634,0.20454545454545456,0.6511627906976742,0.4620253164556962,0.41509433962264153,0.6666666666666667,0.712041884816754,0.6078028747433207,0.6833333333333333,0.4444444444444445,0.4210526315789474,0.0,0.0
0.2894736842105264,0.4318181818181819,0.46511627906976727,0.17721518987341772,0.2075471698113207,0.4603174603174604,0.32460732984293206,0.08213552361396564,0.5333333333333334,0.6888888888888889,0.9473684210526319,0.0,0.0
0.10526315789473678,0.31818181818181823,0.46511627906976727,0.03164556962025317,0.018867924528301827,0.4126984126984128,0.46073298429319387,0.004106776180690885,0.6499999999999999,0.6222222222222222,0.9473684210526319,0.0,0.0
0.5000000000000001,0.22727272727272724,0.46511627906976727,0.09493670886075947,0.3207547169811321,0.4126984126984128,0.40837696335078544,0.166324435318271,0.19999999999999962,0.5333333333333334,0.6315789473684214,0.0,0.0
0.07894736842105271,0.22727272727272724,0.46511627906976727,0.01898734177215189,0.09433962264150936,0.3174603174603175,0.3769633507853404,0.020533880903488566,0.7333333333333338,0.2444444444444444,0.9210526315789476,0.0,0.0
0.5263157894736845,0.22727272727272724,0.6046511627906975,0.0632911392405063,0.1132075471698113,0.34920634920634924,0.5916230366492148,0.10985626283367755,0.5833333333333331,0.3555555555555555,0.9473684210526319,0.0,0.0
0.5000000000000001,0.11363636363636359,0.3953488372093022,0.037974683544303806,0.037735849056603765,0.4761904761904763,0.5759162303664922,0.30800821355236263,0.7500000000000001,0.48888888888888893,0.5526315789473686,0.0,0.0
0.3947368421052634,0.31818181818181823,0.46511627906976727,0.037974683544303806,0.41509433962264153,0.6507936507936509,0.5549738219895289,0.2381930184804924,0.7000000000000004,0.1333333333333333,0.5789473684210527,0.0,0.0
0.2894736842105264,0.22727272727272724,0.6046511627906975,0.07594936708860758,0.037735849056603765,0.49206349206349215,0.5654450261780106,0.03285420944558398,0.5833333333333331,0.0888888888888888,0.9473684210526319,0.0,0.0
0.3947368421052634,0.5,0.4186046511627906,0.7943037974683544,0.4339622641509434,0.7301587301587302,0.8534031413612567,0.8562628336755687,0.11666666666666653,0.6222222222222222,0.15789473684210523,0.0,0.0
0.18421052631578938,0.36363636363636365,0.46511627906976727,0.06962025316455694,0.1132075471698113,0.7142857142857144,0.7172774869109949,0.002053388090351216,0.7666666666666672,0.2444444444444444,1.0,0.0,0.0
0.3157894736842105,0.11363636363636359,0.3488372093023254,0.012658227848101278,0.5094339622641509,0.4603174603174604,0.81151832460733,0.4147843942505077,0.6166666666666666,0.22222222222222218,0.13157894736842113,0.0,0.0
0.26315789473684226,0.20454545454545456,0.5116279069767441,0.05696202531645567,0.2452830188679245,0.5555555555555557,0.4816753926701572,0.12936344969198477,0.6499999999999999,0.46666666666666673,0.7631578947368425,0.0,0.0
0.26315789473684226,0.4090909090909091,0.3488372093023254,0.25316455696202533,0.5660377358490566,0.36507936507936517,0.586387434554974,0.228952772073918,0.5666666666666669,0.39999999999999997,0.9210526315789476,0.0,0.0
0.3157894736842105,0.06818181818181823,0.6511627906976742,0.03164556962025317,0.13207547169811318,0.36507936507936517,0.4502617801047122,0.1971252566735039,0.5333333333333334,0.5111111111111112,0.6578947368421055,0.0,0.0
0.18421052631578938,0.6818181818181819,0.4186046511627906,0.20569620253164556,0.13207547169811318,0.6031746031746033,0.5549738219895289,0.21765913757700384,0.5499999999999998,0.33333333333333326,0.6228070184210526,0.0,0.0
0.07894736842105271,0.02272727272727265,0.8604651162790696,0.6582278481012658,0.18867924528301894,0.6984126984126985,0.5340314136125656,0.5215605749486641,0.16666666666666619,0.04444444444444445,0.4210526315789474,0.0,0.0
0.21052631578947378,0.25,0.3488372093023254,0.0253164556962025,0.09433962264150936,0.4761904761904763,0.4136125654450263,0.17659137577001532,0.6166666666666666,0.26666666666666666,0.5789473684210527,0.0,0.0
0.3947368421052634,0.36363636363636365,0.9069767441860463,0.41772151898734167,0.6037735849056605,0.3174603174603175,0.6806282722513091,0.6899383983572863,0.8333333333333339,0.6888888888888889,0.5526315789473686,0.0,0.0
0.44736842105263164,0.25,0.9069767441860463,0.12658227848101267,0.09433962264150936,0.39682539682539686,0.36649214659685875,0.08418891170430542,0.33333333333333315,0.15555555555555556,0.8947368421052635,0.0,0.0
0.5789473684210528,0.5681818181818182,0.5116279069767441,0.16455696202531644,0.18867924528301894,0.2698412698412699,0.3507853403141362,0.20123203285420616,0.25000000000000006,0.6222222222222222,0.9473684210526319,0.0,0.0
0.736842105263158,0.09090909090909088,0.4186046511627906,0.47468354430379744,0.18867924528301894,0.5714285714285715,0.5968586387434556,0.5872689938398321,0.18333333333333324,0.1111111111111111,0.3157894736842105,0.0,0.0
0.05263157894736831,0.31818181818181823,0.4186046511627906,0.20253164556962028,0.35849056603773577,0.7460317460317462,0.6910994764397906,0.25872689938398097,0.7000000000000004,0.26666666666666666,0.4736842105263157,0.0,0.0
0.26315789473684226,0.06818181818181823,0.3953488372093022,0.03164556962025317,0.22641509433962262,0.23809523809523814,0.3769633507853404,0.21765913757700384,0.8833333333333336,0.22222222222222218,0.5526315789473686,0.0,0.0
0.10526315789473678,0.11363636363636359,0.5348837209302324,0.20253164556962028,0.2452830188679245,0.6984126984126985,0.5602094240837697,0.16324435318275005,0.3833333333333336,0.22222222222222218,0.6315789473684214,0.0,0.0
0.26315789473684226,0.04545454545454547,0.3488372093023254,0.0253164556962025,0.6037735849056605,0.25396825396825395,0.518324607329843,0.14681724845995237,0.5,0.26666666666666666,0.5789473684210527,0.0,0.0
0.2894736842105264,0.09090909090909088,0.7209302325581394,0.8354430379746833,0.2641509433962264,0.6666666666666667,0.5392670157068064,0.7494866529774122,0.5833333333333331,0.8888888888888888,0.3684210526315792,0.0,0.0
0.21052631578947378,0.18181818181818182,0.9069767441860463,0.3164556962025316,0.07547169811320759,0.4126984126984128,0.5340314136125656,0.3408624229979466,0.8000000000000006,0.0888888888888888,0.6315789473684214,0.0,0.0
0.4210526315789475,0.5,0.5116279069767441,0.60126582278481,0.37735849056603776,0.4761904761904763,0.5706806282722514,0.412731006160168,0.2666666666666664,0.0222222222222222,0.7105263157894737,0.0,0.0
0.1578947368421053,0.3409090909090909,0.7209302325581394,0.620253164556962,0.4339622641509434,0.7936507936507937,0.6439790575916231,0.4332648870636565,0.2666666666666664,0.6,0.5438596500000001,0.0,0.0
0.05263157894736831,0.09090909090909088,0.46511627906976727,0.5822784810126582,0.05660377358490565,0.36507936507936517,0.549738219895288,0.6078028747433207,0.933333333333334,0.22222222222222218,0.5000000000000002,0.0,0.0
0.7105263157894738,0.1363636363636364,0.9069767441860463,0.6835443037974683,0.4339622641509434,0.6507936507936509,0.9738219895287958,0.7515400410677634,0.2666666666666664,0.3111111111111111,0.2894736842105263,0.0,0.0
0.3157894736842105,0.04545454545454547,0.5116279069767441,0.0253164556962025,0.18867924528301894,0.6984126984126985,0.8376963350785342,0.11498973305954968,0.7000000000000004,0.7111111111111111,0.9210526315789476,0.0,0.0
0.4210526315789475,0.06818181818181823,0.6046511627906975,0.34177215189873417,0.5660377358490566,0.5873015873015874,0.5078534031413614,0.3798767967145726,0.2999999999999997,0.39999999999999997,0.5526315789473686,0.0,0.0
0.2894736842105264,0.31818181818181823,0.3488372093023254,0.24050632911392406,0.07547169811320759,0.7777777777777779,0.5340314136125656,0.12936344969198477,0.3999999999999999,0.26666666666666666,0.868421052631579,0.0,0.0
0.34210526315789486,0.04545454545454547,0.4186046511627906,0.09493670886075947,0.39622641509433965,0.5555555555555557,0.6649214659685865,0.2689938398357252,0.7500000000000001,0.4222222222222222,0.6578947368421055,0.0,0.0
0.36842105263157904,0.3863636363636364,0.46511627906976727,0.4430379746835443,0.05660377358490565,0.4444444444444445,0.5026178010471205,0.22176591375769472,0.33333333333333315,0.6888888888888889,0.9736842105263159,0.0,0.0
0.10526315789473678,0.20454545454545456,0.4883720930232557,0.15822784810126578,0.35849056603773577,0.4761904761904763,0.6910994764397906,0.05133470225872144,0.4333333333333333,0.1111111111111111,0.8421052631578949,0.0,0.0
0.6315789473684212,0.1363636363636364,0.325581395348837,0.037974683544303806,0.018867924528301827,0.33333333333333337,0.8534031413612567,0.15605749486652676,0.25000000000000006,0.9333333333333336,0.8421052631578949,0.0,0.0
0.473684210526316,0.5,0.6046511627906975,0.2974683544303797,0.2452830188679245,0.33333333333333337,0.3769633507853404,0.1971252566735039,0.0,0.6,0.9473684210526319,0.0,0.0
0.473684210526316,0.04545454545454547,0.44186046511627886,0.0,0.1132075471698113,0.5555555555555557,0.5078534031413614,0.010266940451744255,0.3166666666666668,0.17777777777777778,0.8421052631578949,0.0,0.0
0.6315789473684212,0.3409090909090909,0.6046511627906975,0.37974683544303794,0.3207547169811321,0.5238095238095238,0.7068062827225132,0.47433264887063364,0.5499999999999998,0.1111111111111111,0.6052631578947367,0.0,0.0
0.2894736842105264,0.02272727272727265,0.7906976744186045,0.7341772151898733,0.5094339622641509,0.9523809523809527,0.6910994764397906,0.7597535934291566,0.5499999999999998,0.8444444444444443,0.3684210526315792,0.0,0.0
0.10526315789473678,0.27272727272727276,0.44186046511627886,0.0,0.3207547169811321,0.4761904761904763,0.39267015706806296,0.09856262833675195,0.7166666666666668,0.3555555555555555,0.6578947368421055,0.0,0.0
0.2894736842105264,0.18181818181818182,0.4186046511627906,0.1708860759493671,0.6415094339622641,0.380952380952381,0.6544502617801048,0.23511293634497143,0.5,0.19999999999999993,0.8421052631578949,0.0,0.0
0.34210526315789486,0.7272727272727273,0.3953488372093022,0.26582278481012656,0.2641509433962264,0.4761904761904763,0.36649214659685875,0.18583162217658972,0.3833333333333336,0.26666666666666666,0.9210526315789476,0.0,0.0
0.6842105263157897,0.7045454545454546,0.4186046511627906,0.620253164556962,0.490566037735849,0.3174603174603175,0.6858638743455499,0.6386036960985649,0.21666666666666662,0.33333333333333326,0.6578947368421055,0.0,0.0
0.8157894736842107,0.20454545454545456,0.5581395348837208,0.01898734177215189,0.18867924528301894,0.7777777777777779,0.4397905759162305,0.23408624229979014,0.233333333333333,0.5111111111111112,0.5526315789473686,0.0,0.0
0.3157894736842105,0.04545454545454547,0.5116279069767441,0.0253164556962025,0.18867924528301894,0.6984126984126985,0.8376963350785342,0.11498973305954968,0.7000000000000004,0.7111111111111111,0.9210526315789476,0.0,0.0
0.36842105263157904,0.18181818181818182,0.4883720930232557,0.37341772151898733,0.22641509433962262,0.4444444444444445,0.4973821989528797,0.23408624229979014,0.1499999999999999,0.15555555555555556,0.7894736842105265,0.0,0.0
0.4210526315789475,0.06818181818181823,0.6279069767441858,0.03164556962025317,0.05660377358490565,0.33333333333333337,0.25654450261780115,0.27926078028746953,0.6166666666666666,0.3111111111111111,0.5000000000000002,0.0,0.0
0.3947368421052634,0.36363636363636365,0.8139534883720929,0.0253164556962025,0.2641509433962264,0.49206349206349215,0.5026178010471205,0.11396303901436838,0.233333333333333,0.33333333333333326,0.5789473684210527,0.0,0.0
0.4210526315789475,0.02272727272727265,0.4186046511627906,0.8670886075949367,0.490566037735849,0.380952380952381,0.6439790575916231,0.866529774127313,0.04999999999999971,0.15555555555555556,0.02631578947368418,0.0,0.0
0.4210526315789475,0.4090909090909091,0.4883720930232557,0.34177215189873417,0.1132075471698113,0.5238095238095238,0.46596858638743466,0.2946611909650859,0.7500000000000001,0.5777777777777777,0.868421052631579,0.0,0.0
0.26315789473684226,0.5909090909090909,0.20930232558139522,0.13924050632911392,0.15094339622641506,0.36507936507936517,0.5130890052356022,0.09445585215604968,0.4833333333333337,0.48888888888888893,1.0,0.0,0.0
0.2894736842105264,0.09090909090909088,0.4883720930232557,0.04430379746835442,0.35849056603773577,0.39682539682539686,0.5287958115183247,0.3408624229979466,0.933333333333334,0.39999999999999997,0.3421052631578946,0.0,0.0
0.5000000000000001,0.25,0.6046511627906975,0.7658227848101264,0.47169811320754723,0.4761904761904763,0.9109947643979059,0.9363449691991832,0.18333333333333324,0.3111111111111111,0.0,0.0,0.0
0.07894736842105271,0.3863636363636364,0.4186046511627906,0.19620253164556956,0.09433962264150936,0.2698412698412699,0.31413612565445037,0.1170431211498894,0.6333333333333336,0.1333333333333333,0.7368421052631579,0.0,0.0
0.36842105263157904,0.18181818181818182,0.5813953488372091,0.28481012658227844,0.3396226415094339,0.25396825396825395,0.46073298429319387,0.4435318275154008,0.6166666666666666,0.46666666666666673,0.4736842105263157,0.0,0.0
0.4210526315789475,0.02272727272727265,0.46511627906976727,0.7784810126582278,0.45283018867924535,0.6507936507936509,0.4921465968586389,0.7761806981519542,0.45000000000000034,0.0888888888888888,0.15789473684210523,0.0,0.0
0.26315789473684226,0.25,0.6279069767441858,0.22151898734177214,0.2641509433962264,0.5714285714285715,0.6335078534031415,0.2689938398357252,0.41666666666666696,0.17777777777777778,0.5789473684210527,0.0,0.0
0.2368421052631579,0.18181818181818182,0.7674418604651161,0.22468354430379744,0.2452830188679245,0.4126984126984128,0.5445026178010473,0.2381930184804924,0.7000000000000004,0.0222222222222222,0.6842105263157896,0.0,0.0
0.26315789473684226,0.18181818181818182,0.5116279069767441,0.3924050632911392,0.05660377358490565,0.15873015873015875,0.29842931937172784,0.3613963039014352,0.33333333333333315,0.5111111111111112,0.5263157894736844,0.0,0.0
0.13157894736842113,0.4318181818181819,0.5116279069767441,0.4493670886075949,0.2452830188679245,0.06349206349206349,0.0418848167539268,0.166324435318271,0.4833333333333337,0.0888888888888888,1.0,0.0,0.0
0.4210526315789475,0.27272727272727276,0.37209302325581384,0.620253164556962,0.2641509433962264,0.507936507936508,0.8272251308900525,0.861396303901441,0.9000000000000007,0.5777777777777777,0.3684210526315792,0.0,0.0
0.5263157894736845,0.1363636363636364,0.7674418604651161,0.430379746835443,0.37735849056603776,0.34920634920634924,0.6649214659685865,0.7104722792607749,0.4333333333333333,0.5111111111111112,0.02631578947368418,0.0,0.0
0.4210526315789475,0.02272727272727265,0.46511627906976727,0.7784810126582278,0.45283018867924535,0.6507936507936509,0.4921465968586389,0.7761806981519542,0.45000000000000034,0.0888888888888888,0.15789473684210523,0.0,0.0
0.1578947368421053,0.18181818181818182,0.5348837209302324,0.7088607594936708,0.15094339622641506,0.3174603174603175,0.3717277486910996,0.41889117043120994,0.3999999999999999,0.22222222222222218,0.6315789473684214,0.0,0.0
0.3947368421052634,0.31818181818181823,0.46511627906976727,0.4620253164556962,0.018867924528301827,0.507936507936508,0.45549738219895297,0.19609856262833403,0.10000000000000014,0.1333333333333333,0.8947368421052635,0.0,0.0
0.6578947368421055,0.6818181818181819,0.6279069767441858,0.30696202531645567,0.15094339622641506,0.34920634920634924,0.3507853403141362,0.25872689938398097,0.3833333333333336,0.48888888888888893,0.9736842105263159,0.0,0.0
0.2368421052631579,0.18181818181818182,0.4186046511627906,0.08860759493670883,0.3207547169811321,0.5238095238095238,0.39790575916230375,0.05133470225872144,0.3500000000000002,0.1111111111111111,0.7105263157894737,0.0,0.0
0.473684210526316,0.20454545454545456,0.6744186046511627,0.8354430379746833,0.6226415094339623,0.6984126984126985,0.8691099476439792,0.8644763860369619,0.08333333333333309,0.3555555555555555,0.02631578947368418,0.0,0.0
0.2894736842105264,0.09090909090909088,0.5581395348837208,0.037974683544303806,0.28301886792452835,0.6031746031746033,0.6387434554973823,0.17659137577001532,0.6499999999999999,0.6,0.6842105263157896,0.0,0.0
0.44736842105263164,0.20454545454545456,0.46511627906976727,0.10126582278481011,0.169811320754717,0.904761904761905,0.6387434554973823,0.17761806981519657,0.16666666666666619,0.5333333333333334,0.6315789473684214,0.0,0.0
0.13157894736842113,0.36363636363636365,0.8604651162790696,0.43354430379746833,0.09433962264150936,0.22222222222222224,0.5602094240837697,0.392197125256668,0.9833333333333338,0.2444444444444444,0.6842105263157896,0.0,0.0
0.0,0.4318181818181819,0.4883720930232557,0.189873417721519,0.09433962264150936,0.34920634920634924,0.4293193717277488,0.08521560574948661,0.6166666666666666,0.2444444444444444,0.868421052631579,0.0,0.0
0.34210526315789486,0.36363636363636365,0.44186046511627886,0.11392405063291136,0.0,0.507936507936508,0.42408376963350797,0.21663244353182254,0.6333333333333336,0.6888888888888889,0.6315789473684214,0.0,0.0
0.36842105263157904,0.09090909090909088,0.46511627906976727,0.7468354430379747,0.6981132075471699,0.22222222222222224,0.7591623036649215,0.8829568788500993,0.11666666666666653,0.4444444444444445,0.02631578947368418,0.0,0.0
0.4210526315789475,0.47727272727272724,0.46511627906976727,0.3481012658227848,0.05660377358490565,0.34920634920634924,0.31937172774869116,0.42299794661191226,0.7833333333333334,0.22222222222222218,0.6578947368421055,0.0,0.0
0.44736842105263164,0.31818181818181823,0.9069767441860463,0.3481012658227848,0.30188679245283023,0.36507936507936517,0.44502617801047134,0.32032854209445805,0.8000000000000006,0.5777777777777777,0.868421052631579,0.0,0.0
0.36842105263157904,0.18181818181818182,0.4883720930232557,0.37341772151898733,0.22641509433962262,0.4444444444444445,0.4973821989528797,0.23408624229979014,0.1499999999999999,0.15555555555555556,0.7894736842105265,0.0,0.0
0.10526315789473678,0.27272727272727276,0.1860465116279068,0.012658227848101278,0.1132075471698113,0.5555555555555557,0.46073298429319387,0.1355236139630382,0.8166666666666669,0.17777777777777778,0.5526315789473686,0.0,0.0
0.36842105263157904,0.09090909090909088,0.4186046511627906,0.5569620253164558,0.2641509433962264,0.380952380952381,0.45549738219895297,0.47022587268994276,0.2999999999999997,0.2888888888888889,0.5263157894736844,0.0,0.0
0.4210526315789475,0.1363636363636364,0.5581395348837208,0.06962025316455694,0.45283018867924535,0.11111111111111116,0.5759162303664922,0.27926078028746953,0.5333333333333334,0.3111111111111111,0.7105263157894737,0.0,0.0
0.05263157894736831,0.31818181818181823,0.6976744186046511,0.3227848101265822,0.169811320754717,0.49206349206349215,0.4816753926701572,0.20123203285420616,0.4666666666666667,0.2444444444444444,0.8421052631578949,0.0,0.0
0.3947368421052634,0.20454545454545456,0.6511627906976742,0.4620253164556962,0.41509433962264153,0.6666666666666667,0.712041884816754,0.6078028747433207,0.6833333333333333,0.4444444444444445,0.4210526315789474,0.0,0.0
0.2894736842105264,0.18181818181818182,0.5116279069767441,0.07594936708860758,0.05660377358490565,0.49206349206349215,0.3455497382198954,0.13141683778233593,0.5666666666666669,0.6,0.7894736842105265,0.0,0.0
0.36842105263157904,0.09090909090909088,0.46511627906976727,0.7468354430379747,0.6981132075471699,0.22222222222222224,0.7591623036649215,0.8829568788500993,0.11666666666666653,0.4444444444444445,0.02631578947368418,0.0,0.0
0.21052631578947378,0.4318181818181819,0.3953488372093022,0.2468354430379747,0.2075471698113207,0.39682539682539686,0.5654450261780106,0.3305954825462023,0.45000000000000034,0.22222222222222218,0.39473684210526333,0.0,0.0
0.5789473684210528,0.1363636363636364,0.46511627906976727,0.8354430379746833,0.5849056603773586,0.7619047619047621,0.9764397905759163,0.9774127310061603,0.3500000000000002,0.3111111111111111,0.0,0.0,0.0
0.13157894736842113,0.2954545454545455,0.3953488372093022,0.25316455696202533,0.18867924528301894,0.14285714285714285,0.3717277486910996,0.11293634496919847,0.28333333333333344,0.0222222222222222,0.7631578947368425,0.0,0.0
0.4210526315789475,0.06818181818181823,0.6279069767441858,0.03164556962025317,0.05660377358490565,0.33333333333333337,0.25654450261780115,0.27926078028746953,0.6166666666666666,0.3111111111111111,0.5000000000000002,0.0,0.0
0.4210526315789475,0.4090909090909091,0.3953488372093022,0.38607594936708856,0.037735849056603765,0.507936507936508,0.5026178010471205,0.22279260780287596,0.36666666666666653,0.6222222222222222,0.9736842105263159,0.0,0.0
0.6052631578947371,0.6818181818181819,0.325581395348837,0.6455696202531644,0.1132075471698113,0.5714285714285715,0.7382198952879583,0.546201232032855,0.3166666666666668,0.2444444444444444,0.6315789473684214,0.0,0.0
0.4210526315789475,0.02272727272727265,0.6511627906976742,0.07594936708860758,0.41509433962264153,0.4444444444444445,0.36649214659685875,0.3408624229979466,0.33333333333333315,0.15555555555555556,0.39473684210526333,0.0,0.0
0.1578947368421053,0.3863636363636364,0.3953488372093022,0.0822784810126582,0.3207547169811321,0.22222222222222224,0.4921465968586389,0.004106776180690885,0.6499999999999999,0.19999999999999993,1.0,0.0,0.0
0.21052631578947378,0.36363636363636365,0.5116279069767441,0.04430379746835442,0.13207547169811318,0.39682539682539686,0.5445026178010473,0.166324435318271,0.5833333333333331,0.19999999999999993,0.6052631578947367,0.0,0.0
0.473684210526316,0.04545454545454547,0.44186046511627886,0.0,0.1132075471698113,0.5555555555555557,0.5078534031413614,0.010266940451744255,0.3166666666666668,0.17777777777777778,0.8421052631578949,0.0,0.0
0.5000000000000001,0.5681818181818182,0.6279069767441858,0.006329113924050611,0.3396226415094339,0.49206349206349215,0.45549738219895297,0.15605749486652676,0.7666666666666672,0.3555555555555555,1.0,0.0,0.0
0.44736842105263164,0.31818181818181823,0.4186046511627906,0.47468354430379744,0.09433962264150936,0.3174603174603175,0.8638743455497384,0.40041067761807253,0.3833333333333336,0.3111111111111111,0.868421052631579,0.0,0.0
0.4210526315789475,0.06818181818181823,0.4883720930232557,0.24050632911392406,0.169811320754717,0.4603174603174604,0.5549738219895289,0.5051334702258665,0.7166666666666668,0.3555555555555555,0.18421052631578938,0.0,0.0
0.6052631578947371,0.47727272727272724,0.9069767441860463,0.4841772151898734,0.15094339622641506,0.5873015873015874,0.8376963350785342,0.37166324435317943,0.3500000000000002,0.1333333333333333,0.9210526315789476,0.0,0.0
0.10526315789473678,0.31818181818181823,0.46511627906976727,0.03164556962025317,0.018867924528301827,0.4126984126984128,0.46073298429319387,0.004106776180690885,0.6499999999999999,0.6222222222222222,0.9473684210526319,0.0,0.0
0.2894736842105264,0.09090909090909088,0.7209302325581394,0.8354430379746833,0.2641509433962264,0.6666666666666667,0.5392670157068064,0.7494866529774122,0.5833333333333331,0.8888888888888888,0.3684210526315792,0.0,0.0
0.6052631578947371,0.6818181818181819,0.325581395348837,0.6455696202531644,0.1132075471698113,0.5714285714285715,0.7382198952879583,0.546201232032855,0.3166666666666668,0.2444444444444444,0.6315789473684214,0.0,0.0
0.07894736842105271,0.22727272727272724,0.46511627906976727,0.01898734177215189,0.09433962264150936,0.3174603174603175,0.3769633507853404,0.020533880903488566,0.7333333333333338,0.2444444444444444,0.9210526315789476,0.0,0.0
0.21052631578947378,0.4318181818181819,0.3953488372093022,0.2468354430379747,0.2075471698113207,0.39682539682539686,0.5654450261780106,0.3305954825462023,0.45000000000000034,0.22222222222222218,0.39473684210526333,0.0,0.0
0.4210526315789475,0.4090909090909091,0.3953488372093022,0.38607594936708856,0.037735849056603765,0.507936507936508,0.5026178010471205,0.22279260780287596,0.36666666666666653,0.6222222222222222,0.9736842105263159,0.0,0.0
0.10526315789473678,0.31818181818181823,0.46511627906976727,0.03164556962025317,0.018867924528301827,0.4126984126984128,0.46073298429319387,0.004106776180690885,0.6499999999999999,0.6222222222222222,0.9473684210526319,0.0,0.0
0.3157894736842105,0.15909090909090906,0.6744186046511627,0.0822784810126582,0.30188679245283023,0.4126984126984128,0.39790575916230375,0.2802874743326508,0.4833333333333337,0.5777777777777777,0.5263157894736844,0.0,0.0
0.26315789473684226,0.22727272727272724,0.3023255813953487,0.0632911392405063,0.39622641509433965,0.39682539682539686,0.5602094240837697,0.1355236139630382,0.3166666666666668,0.48888888888888893,0.6578947368421055,0.0,0.0
0.36842105263157904,0.09090909090909088,0.46511627906976727,0.7468354430379747,0.6981132075471699,0.22222222222222224,0.7591623036649215,0.8829568788500993,0.11666666666666653,0.4444444444444445,0.02631578947368418,0.0,0.0
0.3947368421052634,0.4318181818181819,0.37209302325581384,0.25316455696202533,0.037735849056603765,0.6507936507936509,0.6125654450261782,0.2997946611909581,0.5333333333333334,0.2444444444444444,0.6052631578947367,0.0,0.0
0.5263157894736845,0.7954545454545454,0.325581395348837,0.8924050632911391,0.09433962264150936,0.4603174603174604,0.6649214659685865,0.5975359342915764,0.33333333333333315,0.4222222222222222,0.8157894736842106,0.0,0.0
0.1578947368421053,0.2954545454545455,0.3953488372093022,0.037974683544303806,0.39622641509433965,0.4285714285714286,0.45549738219895297,0.2997946611909581,0.8000000000000006,0.4222222222222222,0.4210526315789474,0.0,0.0
0.34210526315789486,0.36363636363636365,0.44186046511627886,0.11392405063291136,0.0,0.507936507936508,0.42408376963350797,0.21663244353182254,0.6333333333333336,0.6888888888888889,0.6315789473684214,0.0,0.0
0.36842105263157904,0.11363636363636359,0.5116279069767441,0.41772151898734167,0.45283018867924535,0.507936507936508,0.42408376963350797,0.3942505133470191,0.3166666666666668,0.26666666666666666,0.4736842105263157,0.0,0.0
0.2894736842105264,0.3409090909090909,0.4883720930232557,0.04430379746835442,0.18867924528301894,0.3015873015873016,0.2774869109947645,0.1078028747433264,0.5666666666666669,0.8222222222222222,0.6578947368421055,0.0,0.0
0.2894736842105264,0.18181818181818182,0.3953488372093022,0.037974683544303806,0.2641509433962264,0.49206349206349215,0.4712041884816755,0.2361396303901413,0.7500000000000001,0.5555555555555555,0.5526315789473686,0.0,0.0
0.3947368421052634,0.02272727272727265,0.44186046511627886,0.0822784810126582,0.15094339622641506,0.14285714285714285,0.293193717277487,0.18891170431211074,0.28333333333333344,0.5777777777777777,0.6052631578947367,0.0,0.0
0.2894736842105264,0.22727272727272724,0.5116279069767441,0.41772151898734167,0.2452830188679245,0.6825396825396826,0.9267015706806284,0.6488706365503092,0.8666666666666674,0.48888888888888893,0.2105263157894735,0.0,0.0
0.18421052631578938,0.36363636363636365,0.46511627906976727,0.06962025316455694,0.1132075471698113,0.7142857142857144,0.7172774869109949,0.002053388090351216,0.7666666666666672,0.2444444444444444,1.0,0.0,0.0
0.13157894736842113,0.5909090909090909,0.5116279069767441,0.3164556962025316,0.169811320754717,0.7142857142857144,0.5287958115183247,0.25872689938398097,0.9666666666666669,0.5777777777777777,0.9473684210526319,0.0,0.0
0.3947368421052634,0.15909090909090906,0.5348837209302324,0.05063291139240503,0.169811320754717,0.6825396825396826,0.5759162303664922,0.04312114989732829,0.5333333333333334,0.19999999999999993,0.9736842105263159,0.0,0.0
0.473684210526316,0.04545454545454547,0.44186046511627886,0.0,0.1132075471698113,0.5555555555555557,0.5078534031413614,0.010266940451744255,0.3166666666666668,0.17777777777777778,0.8421052631578949,0.0,0.0
0.3947368421052634,0.25,0.3953488372093022,0.5094936708860759,0.2641509433962264,0.507936507936508,0.5340314136125656,0.42299794661191226,0.5666666666666669,0.04444444444444445,0.6315789473684214,0.0,0.0
0.26315789473684226,0.20454545454545456,0.5116279069767441,0.05696202531645567,0.2452830188679245,0.5555555555555557,0.4816753926701572,0.12936344969198477,0.6499999999999999,0.46666666666666673,0.7631578947368425,0.0,0.0
0.4210526315789475,0.22727272727272724,0.5813953488372091,0.0,0.13207547169811318,0.5873015873015874,0.40837696335078544,0.04106776180697713,0.3833333333333336,0.1111111111111111,0.7368421052631579,0.0,0.0
0.05263157894736831,0.11363636363636359,0.37209302325581384,0.0253164556962025,0.09433962264150936,0.11111111111111116,0.26178010471204194,0.10472279260780537,0.5333333333333334,0.1111111111111111,0.5263157894736844,0.0,0.0
0.26315789473684226,0.04545454545454547,0.3488372093023254,0.0253164556962025,0.6037735849056605,0.25396825396825395,0.518324607329843,0.14681724845995237,0.5,0.26666666666666666,0.5789473684210527,0.0,0.0
0.05263157894736831,0.31818181818181823,0.3953488372093022,0.18354430379746833,0.3396226415094339,0.7460317460317462,0.6910994764397906,0.2607802874743321,0.7000000000000004,0.26666666666666666,0.4736842105263157,0.0,0.0
0.26315789473684226,0.4090909090909091,0.3488372093023254,0.25316455696202533,0.5660377358490566,0.36507936507936517,0.586387434554974,0.228952772073918,0.5666666666666669,0.39999999999999997,0.9210526315789476,0.0,0.0
0.5263157894736845,0.7954545454545454,0.325581395348837,0.8924050632911391,0.09433962264150936,0.4603174603174604,0.6649214659685865,0.5975359342915764,0.33333333333333315,0.4222222222222222,0.8157894736842106,0.0,0.0
0.3947368421052634,0.11363636363636359,0.5348837209302324,0.037974683544303806,0.2641509433962264,0.34920634920634924,0.3769633507853404,0.03285420944558398,0.2666666666666664,0.3111111111111111,0.8947368421052635,0.0,0.0
0.6842105263157897,0.0,0.9069767441860463,0.03164556962025317,0.18867924528301894,0.5873015873015874,0.4921465968586389,0.3408624229979466,0.5499999999999998,0.17777777777777778,0.4473684210526315,0.0,0.0
0.473684210526316,0.15909090909090906,0.4186046511627906,0.10759493670886075,0.15094339622641506,0.5238095238095238,0.35602094240837706,0.130390143737166,0.10000000000000014,0.2444444444444444,0.7631578947368425,0.0,0.0
0.2894736842105264,0.18181818181818182,0.3953488372093022,0.037974683544303806,0.2641509433962264,0.49206349206349215,0.4712041884816755,0.2361396303901413,0.7500000000000001,0.5555555555555555,0.5526315789473686,0.0,0.0
0.2894736842105264,0.5,0.4186046511627906,0.13924050632911392,0.22641509433962262,0.380952380952381,0.48691099476439803,0.1355236139630382,0.5333333333333334,0.7333333333333334,0.9210526315789476,0.0,0.0
0.07894736842105271,0.27272727272727276,0.46511627906976727,0.05063291139240503,0.2641509433962264,0.39682539682539686,0.4136125654450263,0.04825462012320042,0.9166666666666672,0.4444444444444445,0.9473684210526319,0.0,0.0
0.3947368421052634,0.31818181818181823,0.46511627906976727,0.037974683544303806,0.41509433962264153,0.6507936507936509,0.5549738219895289,0.2381930184804924,0.7000000000000004,0.1333333333333333,0.5789473684210527,0.0,0.0
0.36842105263157904,0.4090909090909091,0.5116279069767441,0.48734177215189867,0.07547169811320759,0.4126984126984128,0.4136125654450263,0.20328542094455732,0.11666666666666653,0.04444444444444445,0.8947368421052635,0.0,0.0
0.3157894736842105,0.11363636363636359,0.3488372093023254,0.012658227848101278,0.5094339622641509,0.4603174603174604,0.81151832460733,0.4147843942505077,0.6166666666666666,0.22222222222222218,0.13157894736842113,0.0,0.0
0.5000000000000001,0.11363636363636359,0.3488372093023254,0.0253164556962025,0.490566037735849,0.5714285714285715,0.42408376963350797,0.4455852156057519,1.0,0.7555555555555555,0.4210526315789474,0.0,0.0
0.473684210526316,0.4090909090909091,0.6046511627906975,0.0632911392405063,0.15094339622641506,0.507936507936508,0.46073298429319387,0.11498973305954968,0.28333333333333344,0.8666666666666667,0.8947368421052635,0.0,0.0
0.2894736842105264,0.36363636363636365,0.3953488372093022,0.189873417721519,0.2452830188679245,0.507936507936508,0.3717277486910996,0.08008213552361448,0.45000000000000034,0.6222222222222222,0.9736842105263159,0.0,0.0
0.5000000000000001,0.011363636363636298,0.5348837209302324,0.006329113924050611,0.3207547169811321,0.14285714285714285,0.198952879581152,0.06570841889116796,0.28333333333333344,0.1111111111111111,0.7631578947368425,0.0,0.0
0.7894736842105267,0.06818181818181823,0.4883720930232557,0.36075949367088606,0.2452830188679245,0.380952380952381,0.5549738219895289,0.5154004106776222,0.28333333333333344,0.0,0.4473684210526315,0.0,0.0
0.7894736842105267,0.06818181818181823,0.4883720930232557,0.36075949367088606,0.2452830188679245,0.380952380952381,0.5549738219895289,0.5154004106776222,0.28333333333333344,0.0,0.4473684210526315,0.0,0.0
0.7631578947368425,0.27272727272727276,0.7209302325581394,0.5189873417721518,0.3207547169811321,0.5714285714285715,0.712041884816754,0.5051334702258665,0.28333333333333344,0.1333333333333333,0.8157894736842106,0.0,0.0
0.05263157894736831,0.4545454545454546,0.0,0.01898734177215189,0.1132075471698113,0.23809523809523814,0.2198952879581153,0.11498973305954968,0.7166666666666668,0.4222222222222222,0.6052631578947367,0.0,0.0
0.2894736842105264,0.0,0.5116279069767441,0.10759493670886075,0.22641509433962262,0.20634920634920637,0.3298429319371729,0.2997946611909581,0.7833333333333334,0.9333333333333336,0.6842105263157896,0.0,0.0
0.3947368421052634,0.36363636363636365,0.9069767441860463,0.41772151898734167,0.6037735849056605,0.3174603174603175,0.6806282722513091,0.6899383983572863,0.8333333333333339,0.6888888888888889,0.5526315789473686,0.0,0.0
0.473684210526316,0.5,0.6046511627906975,0.2974683544303797,0.2452830188679245,0.33333333333333337,0.3769633507853404,0.1971252566735039,0.0,0.6,0.9473684210526319,0.0,0.0
0.4210526315789475,0.20454545454545456,0.6046511627906975,0.38607594936708856,0.05660377358490565,0.4126984126984128,0.40837696335078544,0.27926078028746953,0.7000000000000004,0.33333333333333326,0.8421052631578949,0.0,0.0
0.21052631578947378,0.22727272727272724,0.44186046511627886,0.7784810126582278,0.2641509433962264,0.6984126984126985,0.5445026178010473,0.5872689938398321,0.666666666666667,0.3111111111111111,0.5526315789473686,0.0,0.0
0.3157894736842105,0.04545454545454547,0.5813953488372091,0.05063291139240503,0.3207547169811321,0.33333333333333337,0.4136125654450263,0.01437371663244652,0.4333333333333333,0.9555555555555555,0.9210526315789476,0.0,0.0
0.4210526315789475,0.06818181818181823,0.6046511627906975,0.34177215189873417,0.5660377358490566,0.5873015873015874,0.5078534031413614,0.3798767967145726,0.2999999999999997,0.39999999999999997,0.5526315789473686,0.0,0.0
0.5263157894736845,0.1363636363636364,0.4186046511627906,0.5126582278481012,0.41509433962264153,0.380952380952381,0.3612565445026179,0.5995893223819275,0.3833333333333336,0.33333333333333326,0.23684210526315808,0.0,0.0
0.736842105263158,0.3409090909090909,0.5348837209302324,0.5126582278481012,0.2075471698113207,0.36507936507936517,0.4816753926701572,0.5975359342915764,0.04999999999999971,0.17777777777777778,0.5263157894736844,0.0,0.0
0.36842105263157904,0.7045454545454546,0.6046511627906975,0.25316455696202533,0.15094339622641506,0.36507936507936517,0.6806282722513091,0.15605749486652676,0.2999999999999997,0.17777777777777778,0.9210526315789476,0.0,0.0
0.4210526315789475,0.4090909090909091,0.4883720930232557,0.34177215189873417,0.1132075471698113,0.5238095238095238,0.46596858638743466,0.2946611909650859,0.7500000000000001,0.5777777777777777,0.868421052631579,0.0,0.0
0.2894736842105264,0.4318181818181819,0.46511627906976727,0.17721518987341772,0.2075471698113207,0.4603174603174604,0.32460732984293206,0.08213552361396564,0.5333333333333334,0.6888888888888889,0.9473684210526319,0.0,0.0
0.2894736842105264,0.27272727272727276,0.4883720930232557,0.16455696202531644,0.09433962264150936,0.49206349206349215,0.3455497382198954,0.08008213552361448,0.4833333333333337,0.6666666666666666,0.9736842105263159,0.0,0.0
0.6315789473684212,0.27272727272727276,0.9069767441860463,0.13924050632911392,0.037735849056603765,0.36507936507936517,0.31937172774869116,0.24845995893223666,0.16666666666666619,0.0,0.6315789473684214,0.0,0.0
0.10526315789473678,0.27272727272727276,0.1860465116279068,0.012658227848101278,0.1132075471698113,0.5555555555555557,0.46073298429319387,0.1355236139630382,0.8166666666666669,0.17777777777777778,0.5526315789473686,0.0,0.0
0.36842105263157904,0.25,0.4186046511627906,0.25316455696202533,0.18867924528301894,0.5873015873015874,0.5235602094240839,0.10266940451745421,0.3166666666666668,0.1333333333333333,0.9736842105263159,0.0,0.0
0.3157894736842105,0.02272727272727265,0.5116279069767441,0.3164556962025316,0.15094339622641506,0.8571428571428573,0.5340314136125656,0.25051334702258776,0.4333333333333333,0.8666666666666667,0.8421052631578949,0.0,0.0
0.2894736842105264,0.09090909090909088,0.7209302325581394,0.8354430379746833,0.2641509433962264,0.6666666666666667,0.5392670157068064,0.7494866529774122,0.5833333333333331,0.8888888888888888,0.3684210526315792,0.0,0.0
0.13157894736842113,0.2954545454545455,0.44186046511627886,0.6582278481012658,0.2075471698113207,0.4126984126984128,0.46596858638743466,0.5564681724845992,0.7000000000000004,0.3555555555555555,0.4210526315789474,0.0,0.0
0.36842105263157904,0.5,0.325581395348837,0.22784810126582278,0.2641509433962264,0.3015873015873016,0.5130890052356022,0.14579055441478245,0.5666666666666669,0.04444444444444445,0.9736842105263159,0.0,0.0
0.34210526315789486,0.04545454545454547,0.6279069767441858,0.01898734177215189,0.2075471698113207,0.634920634920635,0.518324607329843,0.0164271047227863,0.4333333333333333,0.4222222222222222,0.9210526315789476,0.0,0.0
0.9473684210526319,0.06818181818181823,0.9069767441860463,0.0,0.2641509433962264,0.6507936507936509,0.549738219895288,0.3613963039014352,0.2666666666666664,0.4222222222222222,0.4210526315789474,0.0,0.0
0.7105263157894738,0.1363636363636364,0.9069767441860463,0.6835443037974683,0.4339622641509434,0.6507936507936509,0.9738219895287958,0.7515400410677634,0.2666666666666664,0.3111111111111111,0.2894736842105263,0.0,0.0
0.4210526315789475,0.06818181818181823,0.6279069767441858,0.03164556962025317,0.05660377358490565,0.33333333333333337,0.25654450261780115,0.27926078028746953,0.6166666666666666,0.3111111111111111,0.5000000000000002,0.0,0.0
0.10526315789473678,0.4545454545454546,0.1395348837209301,0.37974683544303794,0.22641509433962262,0.33333333333333337,0.4712041884816755,0.5564681724845992,0.8833333333333336,0.2888888888888889,0.2894736842105263,0.0,0.0
0.13157894736842113,0.22727272727272724,0.46511627906976727,0.0632911392405063,0.15094339622641506,0.36507936507936517,0.3455497382198954,0.28439425051334166,0.7666666666666672,0.8222222222222222,0.5263157894736844,0.0,0.0
0.3947368421052634,0.31818181818181823,0.4883720930232557,0.3924050632911392,0.28301886792452835,0.6666666666666667,0.7434554973821991,0.5256673511293665,0.6000000000000002,0.5555555555555555,0.4473684210526315,0.0,0.0
0.5263157894736845,0.5909090909090909,0.44186046511627886,0.27848101265822783,0.35849056603773577,0.4126984126984128,0.5026178010471205,0.4640657084188894,0.6166666666666666,0.39999999999999997,0.5789473684210527,0.0,0.0
0.1578947368421053,0.3409090909090909,0.7209302325581394,0.620253164556962,0.4339622641509434,0.7936507936507937,0.6439790575916231,0.4332648870636565,0.2666666666666664,0.6,0.5438596500000001,0.0,0.0
0.44736842105263164,0.15909090909090906,0.6279069767441858,0.08860759493670883,0.018867924528301827,0.28571428571428575,0.3874345549738221,0.08418891170430542,0.36666666666666653,0.1333333333333333,0.6578947368421055,0.0,0.0
0.36842105263157904,0.09090909090909088,0.4186046511627906,0.006329113924050611,0.037735849056603765,0.4285714285714286,0.4502617801047122,0.14476386036961258,0.36666666666666653,0.2888888888888889,0.5526315789473686,0.0,0.0
0.3157894736842105,0.20454545454545456,0.325581395348837,0.18354430379746833,0.37735849056603776,0.49206349206349215,0.586387434554974,0.27926078028746953,0.36666666666666653,0.7111111111111111,0.6315789473684214,0.0,0.0
0.3947368421052634,0.22727272727272724,0.6744186046511627,0.01898734177215189,0.7169811320754718,0.20634920634920637,0.5759162303664922,0.3408624229979466,0.6333333333333336,0.3555555555555555,0.39473684210526333,0.0,0.0
0.36842105263157904,0.4090909090909091,0.5116279069767441,0.48734177215189867,0.07547169811320759,0.4126984126984128,0.4136125654450263,0.20328542094455732,0.11666666666666653,0.04444444444444445,0.8947368421052635,0.0,0.0
0.4210526315789475,0.5,0.5116279069767441,0.5727848101265822,0.37735849056603776,0.507936507936508,0.549738219895288,0.4147843942505077,0.2666666666666664,0.0222222222222222,0.7368421052631579,0.0,0.0
0.6052631578947371,0.2954545454545455,0.5581395348837208,0.05063291139240503,0.05660377358490565,0.33333333333333337,0.7434554973821991,0.166324435318271,0.10000000000000014,0.3555555555555555,0.8421052631578949,0.0,0.0
0.473684210526316,0.25,0.4186046511627906,0.8481012658227849,0.5660377358490566,0.7936507936507937,0.9371727748691101,0.9363449691991832,0.3166666666666668,0.1333333333333333,0.02631578947368418,0.0,0.0
0.5526315789473686,0.06818181818181823,0.5116279069767441,0.04430379746835442,0.28301886792452835,0.7301587301587302,0.6387434554973823,0.21765913757700384,0.4666666666666667,0.26666666666666666,0.6842105263157896,0.0,0.0
0.10526315789473678,0.11363636363636359,0.5348837209302324,0.20253164556962028,0.2452830188679245,0.6984126984126985,0.5602094240837697,0.16324435318275005,0.3833333333333336,0.22222222222222218,0.6315789473684214,0.0,0.0
0.3947368421052634,0.22727272727272724,0.9069767441860463,0.01898734177215189,0.13207547169811318,0.4761904761904763,0.6387434554973823,0.3819301848049237,0.8666666666666674,0.5555555555555555,0.4736842105263157,0.0,0.0
0.36842105263157904,0.7045454545454546,0.6046511627906975,0.25316455696202533,0.15094339622641506,0.36507936507936517,0.6806282722513091,0.15605749486652676,0.2999999999999997,0.17777777777777778,0.9210526315789476,0.0,0.0
0.36842105263157904,0.22727272727272724,0.5813953488372091,0.34177215189873417,0.4339622641509434,0.6190476190476192,0.7643979057591626,0.5051334702258665,0.6000000000000002,0.5111111111111112,0.4210526315789474,0.0,0.0
0.44736842105263164,0.31818181818181823,0.9069767441860463,0.3481012658227848,0.30188679245283023,0.36507936507936517,0.44502617801047134,0.32032854209445805,0.8000000000000006,0.5777777777777777,0.868421052631579,0.0,0.0
0.6578947368421055,0.5227272727272727,0.46511627906976727,0.10759493670886075,0.07547169811320759,0.9365079365079366,0.6910994764397906,0.21765913757700384,0.3166666666666668,0.6,0.8157894736842106,0.0,0.0
0.1578947368421053,0.4545454545454546,0.325581395348837,0.27848101265822783,0.6603773584905661,0.28571428571428575,0.5235602094240839,0.5770020533880879,0.5333333333333334,0.26666666666666666,0.02631578947368418,0.0,0.0
0.4210526315789475,0.02272727272727265,0.6511627906976742,0.07594936708860758,0.41509433962264153,0.4444444444444445,0.36649214659685875,0.3408624229979466,0.33333333333333315,0.15555555555555556,0.39473684210526333,0.0,0.0
0.2894736842105264,0.09090909090909088,0.5348837209302324,0.0253164556962025,0.07547169811320759,0.4761904761904763,0.586387434554974,0.17043121149897333,0.7166666666666668,0.6222222222222222,0.6842105263157896,0.0,0.0
0.36842105263157904,0.09090909090909088,0.46511627906976727,0.7468354430379747,0.6981132075471699,0.22222222222222224,0.7591623036649215,0.8829568788500993,0.11666666666666653,0.4444444444444445,0.02631578947368418,0.0,0.0
0.5000000000000001,0.25,0.6046511627906975,0.7658227848101264,0.47169811320754723,0.4761904761904763,0.9109947643979059,0.9363449691991832,0.18333333333333324,0.3111111111111111,0.0,0.0,0.0
0.36842105263157904,0.47727272727272724,0.5116279069767441,0.08860759493670883,0.4339622641509434,0.4761904761904763,0.4031413612565446,0.166324435318271,0.5833333333333331,0.3111111111111111,0.8157894736842106,0.0,0.0
0.36842105263157904,0.20454545454545456,0.4883720930232557,0.11392405063291136,0.41509433962264153,0.5555555555555557,0.5026178010471205,0.1827515400410687,0.21666666666666662,0.7111111111111111,0.5263157894736844,0.0,0.0
0.44736842105263164,0.31818181818181823,0.4186046511627906,0.47468354430379744,0.09433962264150936,0.3174603174603175,0.8638743455497384,0.40041067761807253,0.3833333333333336,0.3111111111111111,0.868421052631579,0.0,0.0
0.1578947368421053,0.3409090909090909,0.3953488372093022,0.0822784810126582,0.35849056603773577,0.23809523809523814,0.47643979057591634,0.002053388090351216,0.6333333333333336,0.19999999999999993,1.0,0.0,0.0
0.5000000000000001,0.15909090909090906,0.44186046511627886,0.037974683544303806,0.169811320754717,0.380952380952381,0.4816753926701572,0.22792607802874815,0.6166666666666666,0.39999999999999997,0.5526315789473686,0.0,0.0
0.473684210526316,0.5,0.6046511627906975,0.2974683544303797,0.2452830188679245,0.33333333333333337,0.3769633507853404,0.1971252566735039,0.0,0.6,0.9473684210526319,0.0,0.0
0.5263157894736845,0.1363636363636364,0.4883720930232557,0.037974683544303806,0.2452830188679245,0.4603174603174604,0.4712041884816755,0.17659137577001532,0.5333333333333334,0.15555555555555556,0.8157894736842106,0.0,0.0
0.26315789473684226,0.20454545454545456,0.5116279069767441,0.05696202531645567,0.2452830188679245,0.5555555555555557,0.4816753926701572,0.12936344969198477,0.6499999999999999,0.46666666666666673,0.7631578947368425,0.0,0.0
0.5000000000000001,0.25,0.7209302325581394,0.05063291139240503,0.22641509433962262,0.7460317460317462,0.7277486910994766,0.166324435318271,0.6000000000000002,0.15555555555555556,0.868421052631579,0.0,0.0
0.34210526315789486,0.36363636363636365,0.44186046511627886,0.11392405063291136,0.0,0.507936507936508,0.42408376963350797,0.21663244353182254,0.6333333333333336,0.6888888888888889,0.6315789473684214,0.0,0.0
0.44736842105263164,0.1363636363636364,0.3953488372093022,0.5443037974683544,0.22641509433962262,0.22222222222222224,0.4136125654450263,0.5092402464065687,0.18333333333333324,0.1111111111111111,0.4210526315789474,0.0,0.0
0.2894736842105264,0.5227272727272727,0.5348837209302324,0.18354430379746833,0.037735849056603765,0.5555555555555557,0.5445026178010473,0.11498973305954968,0.5833333333333331,0.15555555555555556,1.0,0.0,0.0
0.18421052631578938,0.5,0.3953488372093022,0.06962025316455694,0.18867924528301894,0.17460317460317462,0.3874345549738221,0.22792607802874815,0.7833333333333334,0.8666666666666667,0.6842105263157896,0.0,0.0
0.6052631578947371,0.6818181818181819,0.325581395348837,0.6455696202531644,0.1132075471698113,0.5714285714285715,0.7382198952879583,0.546201232032855,0.3166666666666668,0.2444444444444444,0.6315789473684214,0.0,0.0
0.4210526315789475,0.02272727272727265,0.4186046511627906,0.8670886075949367,0.490566037735849,0.380952380952381,0.6439790575916231,0.866529774127313,0.04999999999999971,0.15555555555555556,0.02631578947368418,0.0,0.0
0.2894736842105264,0.7272727272727273,0.4883720930232557,0.25316455696202533,0.037735849056603765,0.15873015873015875,0.24083769633507868,0.22279260780287596,0.5499999999999998,0.6222222222222222,0.6842105263157896,0.0,0.0
0.3947368421052634,0.36363636363636365,0.9069767441860463,0.41772151898734167,0.6037735849056605,0.3174603174603175,0.6806282722513091,0.6899383983572863,0.8333333333333339,0.6888888888888889,0.5526315789473686,0.0,0.0
0.4210526315789475,0.36363636363636365,0.9534883720930232,0.7974683544303796,0.47169811320754723,0.5555555555555557,0.7434554973821991,0.8336755646817291,0.233333333333333,0.4444444444444445,0.18421052631578938,0.0,0.0
0.2763157894736843,0.0,0.7441860465116277,0.012658227848101278,0.47169811320754723,0.7301587301587302,0.5392670157068064,0.17248459958932444,0.5666666666666669,0.8222222222222222,0.5789473684210527,0.0,0.0
0.2368421052631579,0.20454545454545456,0.2558139534883719,0.25949367088607594,0.18867924528301894,0.380952380952381,0.6073298429319373,0.48459958932237795,0.7166666666666668,0.0222222222222222,0.3157894736842105,0.0,0.0
0.5000000000000001,0.15909090909090906,0.44186046511627886,0.037974683544303806,0.169811320754717,0.380952380952381,0.4816753926701572,0.22792607802874815,0.6166666666666666,0.39999999999999997,0.5526315789473686,0.0,0.0
0.3157894736842105,0.04545454545454547,0.44186046511627886,0.05063291139240503,0.47169811320754723,0.5555555555555557,0.6335078534031415,0.17659137577001532,0.21666666666666662,0.26666666666666666,0.6578947368421055,0.0,0.0
0.5263157894736845,0.1363636363636364,0.5813953488372091,0.06962025316455694,0.2452830188679245,0.39682539682539686,0.4712041884816755,0.5564681724845992,0.933333333333334,1.0,0.3684210526315792,0.0,0.0
0.36842105263157904,0.09090909090909088,0.5813953488372091,0.27848101265822783,0.5471698113207547,0.7619047619047621,0.6125654450261782,0.3480492813141699,0.28333333333333344,0.48888888888888893,0.5526315789473686,0.0,0.0
0.44736842105263164,0.27272727272727276,0.5581395348837208,0.8481012658227849,0.7924528301886794,0.4761904761904763,0.8534031413612567,0.9363449691991832,0.233333333333333,0.46666666666666673,0.05263157894736825,0.0,0.0
0.6315789473684212,0.31818181818181823,0.5116279069767441,0.5063291139240506,0.2075471698113207,0.4603174603174604,0.46596858638743466,0.5872689938398321,0.3999999999999999,0.15555555555555556,0.3684210526315792,0.0,0.0
0.26315789473684226,0.04545454545454547,0.7906976744186045,0.012658227848101278,0.490566037735849,0.5396825396825398,0.5026178010471205,0.11293634496919847,0.2999999999999997,0.9555555555555555,0.6315789473684214,0.0,0.0
0.7105263157894738,0.27272727272727276,0.5348837209302324,0.6392405063291138,0.5094339622641509,0.7539682539682541,0.6910994764397906,0.8336755646817291,0.16666666666666619,0.37777777777777777,0.3421052631578946,0.0,0.0
0.3157894736842105,0.20454545454545456,0.325581395348837,0.18354430379746833,0.37735849056603776,0.49206349206349215,0.586387434554974,0.27926078028746953,0.36666666666666653,0.7111111111111111,0.6315789473684214,0.0,0.0
0.26315789473684226,0.27272727272727276,0.325581395348837,0.34177215189873417,0.28301886792452835,0.34920634920634924,0.5130890052356022,0.08418891170430542,0.4833333333333337,0.37777777777777777,0.9736842105263159,0.0,0.0
0.26315789473684226,0.22727272727272724,0.3023255813953487,0.0632911392405063,0.39622641509433965,0.39682539682539686,0.5602094240837697,0.1355236139630382,0.3166666666666668,0.48888888888888893,0.6578947368421055,0.0,0.0
0.36842105263157904,0.7045454545454546,0.6046511627906975,0.25316455696202533,0.15094339622641506,0.36507936507936517,0.6806282722513091,0.15605749486652676,0.2999999999999997,0.17777777777777778,0.9210526315789476,0.0,0.0
0.36842105263157904,0.4545454545454546,0.6046511627906975,0.5,0.07547169811320759,0.6190476190476192,0.5340314136125656,0.3798767967145726,0.5833333333333331,0.0666666666666666,0.8026315789473684,0.0,0.0
0.6315789473684212,0.3409090909090909,0.6046511627906975,0.37974683544303794,0.3207547169811321,0.5238095238095238,0.7068062827225132,0.47433264887063364,0.5499999999999998,0.1111111111111111,0.6052631578947367,0.0,0.0
0.5789473684210528,0.8636363636363638,0.9069767441860463,0.8227848101265822,0.169811320754717,0.507936507936508,0.6806282722513091,0.6488706365503092,0.3500000000000002,0.1333333333333333,0.7631578947368425,0.0,0.0
0.36842105263157904,0.09090909090909088,0.4186046511627906,0.5569620253164558,0.2641509433962264,0.380952380952381,0.45549738219895297,0.47022587268994276,0.2999999999999997,0.2888888888888889,0.5263157894736844,0.0,0.0
0.4210526315789475,0.04545454545454547,0.6046511627906975,0.10126582278481011,0.07547169811320759,0.36507936507936517,0.3769633507853404,0.1827515400410687,0.2999999999999997,0.1111111111111111,0.6052631578947367,0.0,0.0
0.3157894736842105,0.15909090909090906,0.6511627906976742,0.07594936708860758,0.018867924528301827,0.5555555555555557,0.40837696335078544,0.1971252566735039,0.5333333333333334,0.17777777777777778,0.5789473684210527,0.0,0.0
0.7105263157894738,0.2954545454545455,0.5813953488372091,0.04430379746835442,0.09433962264150936,0.5238095238095238,0.4031413612565446,0.31519507186858586,0.4833333333333337,0.6888888888888889,0.39473684210526333,0.0,0.0
0.44736842105263164,0.31818181818181823,0.4186046511627906,0.47468354430379744,0.09433962264150936,0.3174603174603175,0.8638743455497384,0.40041067761807253,0.3833333333333336,0.3111111111111111,0.868421052631579,0.0,0.0
0.1578947368421053,0.3863636363636364,0.3953488372093022,0.0822784810126582,0.3207547169811321,0.22222222222222224,0.4921465968586389,0.004106776180690885,0.6499999999999999,0.19999999999999993,1.0,0.0,0.0
0.4210526315789475,0.5,0.5116279069767441,0.5727848101265822,0.37735849056603776,0.507936507936508,0.549738219895288,0.4147843942505077,0.2666666666666664,0.0222222222222222,0.7368421052631579,0.0,0.0
0.34210526315789486,0.09090909090909088,0.4186046511627906,0.5822784810126582,0.2641509433962264,0.380952380952381,0.46596858638743466,0.5349075975359294,0.2999999999999997,0.2888888888888889,0.5263157894736844,0.0,0.0
0.6578947368421055,0.6136363636363636,0.6279069767441858,0.22151898734177214,0.09433962264150936,0.5555555555555557,0.46073298429319387,0.25872689938398097,0.3999999999999999,0.48888888888888893,0.9210526315789476,0.0,0.0
0.36842105263157904,0.09090909090909088,0.4186046511627906,0.5569620253164558,0.2641509433962264,0.380952380952381,0.45549738219895297,0.47022587268994276,0.2999999999999997,0.2888888888888889,0.5263157894736844,0.0,0.0
0.2894736842105264,0.3409090909090909,0.4883720930232557,0.04430379746835442,0.18867924528301894,0.3015873015873016,0.2774869109947645,0.1078028747433264,0.5666666666666669,0.8222222222222222,0.6578947368421055,0.0,0.0
0.21052631578947378,0.04545454545454547,0.5348837209302324,0.006329113924050611,0.6037735849056605,0.25396825396825395,0.293193717277487,0.15605749486652676,0.6499999999999999,0.3111111111111111,0.5263157894736844,0.0,0.0
0.6578947368421055,0.5227272727272727,0.46511627906976727,0.10759493670886075,0.07547169811320759,0.9365079365079366,0.6910994764397906,0.21765913757700384,0.3166666666666668,0.6,0.8157894736842106,0.0,0.0
0.26315789473684226,0.3409090909090909,0.46511627906976727,0.120253164556962,0.2075471698113207,0.3174603174603175,0.2774869109947645,0.09137577002052866,0.6000000000000002,0.6222222222222222,0.9210526315789476,0.0,0.0
0.34210526315789486,0.4545454545454546,0.46511627906976727,0.47468354430379744,0.6415094339622641,0.3015873015873016,0.6596858638743457,0.6848049281314141,0.8833333333333336,0.7111111111111111,0.5526315789473686,0.0,0.0
0.3947368421052634,0.02272727272727265,0.44186046511627886,0.0822784810126582,0.15094339622641506,0.14285714285714285,0.293193717277487,0.18891170431211074,0.28333333333333344,0.5777777777777777,0.6052631578947367,0.0,0.0
0.5000000000000001,0.11363636363636359,0.3488372093023254,0.0253164556962025,0.490566037735849,0.5714285714285715,0.42408376963350797,0.4455852156057519,1.0,0.7555555555555555,0.4210526315789474,0.0,0.0
0.26315789473684226,0.04545454545454547,0.7906976744186045,0.012658227848101278,0.490566037735849,0.5396825396825398,0.5026178010471205,0.11293634496919847,0.2999999999999997,0.9555555555555555,0.6315789473684214,0.0,0.0
0.26315789473684226,0.4318181818181819,0.4186046511627906,0.189873417721519,0.28301886792452835,0.3015873015873016,0.2879581151832462,0.08418891170430542,0.5499999999999998,0.7111111111111111,0.9736842105263159,0.0,0.0
0.8421052631578949,0.1363636363636364,0.7441860465116277,0.03164556962025317,0.30188679245283023,0.4761904761904763,0.518324607329843,0.3100616016427138,0.2999999999999997,0.37777777777777777,0.6578947368421055,0.0,0.0
0.2894736842105264,0.09090909090909088,0.7209302325581394,0.8354430379746833,0.2641509433962264,0.6666666666666667,0.5392670157068064,0.7494866529774122,0.5833333333333331,0.8888888888888888,0.3684210526315792,0.0,0.0
0.44736842105263164,0.31818181818181823,0.9069767441860463,0.3481012658227848,0.30188679245283023,0.36507936507936517,0.44502617801047134,0.32032854209445805,0.8000000000000006,0.5777777777777777,0.868421052631579,0.0,0.0
0.26315789473684226,0.3409090909090909,0.46511627906976727,0.120253164556962,0.2075471698113207,0.3174603174603175,0.2774869109947645,0.09137577002052866,0.6000000000000002,0.6222222222222222,0.9210526315789476,0.0,0.0
0.44736842105263164,0.18181818181818182,0.5348837209302324,0.11392405063291136,0.15094339622641506,0.6825396825396826,0.6649214659685865,0.04312114989732829,0.36666666666666653,0.1333333333333333,1.0,0.0,0.0
0.0,0.18181818181818182,0.5813953488372091,0.3481012658227848,0.07547169811320759,0.33333333333333337,0.31937172774869116,0.1478439425051336,0.6000000000000002,0.26666666666666666,0.9473684210526319,0.0,0.0
0.7894736842105267,0.06818181818181823,0.4883720930232557,0.36075949367088606,0.2452830188679245,0.380952380952381,0.5549738219895289,0.5154004106776222,0.28333333333333344,0.0,0.4473684210526315,0.0,0.0
0.2368421052631579,0.47727272727272724,0.46511627906976727,0.2974683544303797,0.18867924528301894,0.047619047619047616,0.3717277486910996,0.3305954825462023,0.5666666666666669,0.19999999999999993,0.5526315789473686,0.0,0.0
0.36842105263157904,0.7272727272727273,0.37209302325581384,0.10759493670886075,0.3207547169811321,0.36507936507936517,0.29842931937172784,0.17043121149897333,0.7500000000000001,0.4222222222222222,0.8157894736842106,0.0,0.0
0.36842105263157904,0.11363636363636359,0.5348837209302324,0.01898734177215189,0.1132075471698113,0.2698412698412699,0.31937172774869116,0.04004106776180727,0.25000000000000006,0.6666666666666666,0.8947368421052635,0.0,0.0
0.3157894736842105,0.3409090909090909,0.4883720930232557,0.18354430379746833,0.037735849056603765,0.5396825396825398,0.36649214659685875,0.0893223819301775,0.5166666666666672,0.6222222222222222,0.9736842105263159,0.0,0.0
0.4210526315789475,0.02272727272727265,0.4186046511627906,0.8670886075949367,0.490566037735849,0.380952380952381,0.6439790575916231,0.866529774127313,0.04999999999999971,0.15555555555555556,0.02631578947368418,0.0,0.0
0.5000000000000001,0.25,0.6046511627906975,0.06962025316455694,0.169811320754717,0.39682539682539686,0.7905759162303665,0.14065708418891038,0.5333333333333334,0.17777777777777778,0.7894736842105265,0.0,0.0
0.473684210526316,0.06818181818181823,0.6279069767441858,0.37341772151898733,0.6415094339622641,0.6666666666666667,0.5340314136125656,0.38398357289527485,0.25000000000000006,0.3111111111111111,0.5526315789473686,0.0,0.0
0.3947368421052634,0.31818181818181823,0.4883720930232557,0.3924050632911392,0.28301886792452835,0.6666666666666667,0.7434554973821991,0.5256673511293665,0.6000000000000002,0.5555555555555555,0.4473684210526315,0.0,0.0
0.5000000000000001,0.25,0.6046511627906975,0.06962025316455694,0.169811320754717,0.39682539682539686,0.7905759162303665,0.14065708418891038,0.5333333333333334,0.17777777777777778,0.7894736842105265,0.0,0.0
0.26315789473684226,0.31818181818181823,0.44186046511627886,0.037974683544303806,0.5094339622641509,0.4603174603174604,0.5287958115183247,0.35112936344969087,0.9166666666666672,0.5333333333333334,0.4210526315789474,0.0,0.0
0.10526315789473678,0.27272727272727276,0.44186046511627886,0.0,0.3207547169811321,0.4761904761904763,0.39267015706806296,0.09856262833675195,0.7166666666666668,0.3555555555555555,0.6578947368421055,0.0,0.0
0.05263157894736831,0.09090909090909088,0.46511627906976727,0.5822784810126582,0.05660377358490565,0.36507936507936517,0.549738219895288,0.6078028747433207,0.933333333333334,0.22222222222222218,0.5000000000000002,0.0,0.0
0.2894736842105264,0.4318181818181819,0.46511627906976727,0.17721518987341772,0.2075471698113207,0.4603174603174604,0.32460732984293206,0.08213552361396564,0.5333333333333334,0.6888888888888889,0.9473684210526319,0.0,0.0
0.07894736842105271,0.3863636363636364,0.4186046511627906,0.19620253164556956,0.09433962264150936,0.2698412698412699,0.31413612565445037,0.1170431211498894,0.6333333333333336,0.1333333333333333,0.7368421052631579,0.0,0.0
0.026315789473684237,0.4090909090909091,0.8139534883720929,0.2468354430379747,0.05660377358490565,0.3174603174603175,0.8638743455497384,0.27926078028746953,0.9666666666666669,0.37777777777777777,0.6842105263157896,0.0,0.0
0.4210526315789475,0.36363636363636365,0.9534883720930232,0.7974683544303796,0.47169811320754723,0.5555555555555557,0.7434554973821991,0.8336755646817291,0.233333333333333,0.4444444444444445,0.18421052631578938,0.0,0.0
0.5789473684210528,0.5681818181818182,0.5116279069767441,0.16455696202531644,0.18867924528301894,0.2698412698412699,0.3507853403141362,0.20123203285420616,0.25000000000000006,0.6222222222222222,0.9473684210526319,0.0,0.0
0.9210526315789478,0.36363636363636365,0.5813953488372091,0.22784810126582278,0.13207547169811318,0.4285714285714286,0.6387434554973823,0.5236139630390153,0.36666666666666653,0.2888888888888889,0.6842105263157896,0.0,0.0
0.6842105263157897,0.6363636363636364,0.6046511627906975,0.25316455696202533,0.22641509433962262,0.4603174603174604,0.39267015706806296,0.25872689938398097,0.33333333333333315,0.5555555555555555,0.8947368421052635,0.0,0.0
0.2894736842105264,0.36363636363636365,0.3953488372093022,0.189873417721519,0.2452830188679245,0.507936507936508,0.3717277486910996,0.08008213552361448,0.45000000000000034,0.6222222222222222,0.9736842105263159,0.0,0.0
0.5000000000000001,0.011363636363636298,0.5348837209302324,0.006329113924050611,0.3207547169811321,0.14285714285714285,0.198952879581152,0.06570841889116796,0.28333333333333344,0.1111111111111111,0.7631578947368425,0.0,0.0
0.36842105263157904,0.27272727272727276,0.7441860465116277,0.04430379746835442,0.45283018867924535,0.5714285714285715,0.5026178010471205,0.3613963039014352,0.9000000000000007,0.3555555555555555,0.4210526315789474,0.0,0.0
0.21052631578947378,0.31818181818181823,0.2790697674418603,0.39873417721518983,0.30188679245283023,0.33333333333333337,0.6858638743455499,0.6386036960985649,0.8500000000000003,0.7111111111111111,0.23684210526315808,0.0,0.0
0.4210526315789475,0.27272727272727276,0.37209302325581384,0.620253164556962,0.2641509433962264,0.507936507936508,0.8272251308900525,0.861396303901441,0.9000000000000007,0.5777777777777777,0.3684210526315792,0.0,0.0
0.5263157894736845,0.5909090909090909,0.44186046511627886,0.27848101265822783,0.35849056603773577,0.4126984126984128,0.5026178010471205,0.4640657084188894,0.6166666666666666,0.39999999999999997,0.5789473684210527,0.0,0.0
0.21052631578947378,0.15909090909090906,0.3953488372093022,0.04430379746835442,0.2452830188679245,0.5714285714285715,0.649214659685864,0.392197125256668,0.933333333333334,0.8666666666666667,0.4210526315789474,0.0,0.0
0.21052631578947378,0.4318181818181819,0.3953488372093022,0.2468354430379747,0.2075471698113207,0.39682539682539686,0.5654450261780106,0.3305954825462023,0.45000000000000034,0.22222222222222218,0.39473684210526333,0.0,0.0
0.18421052631578938,0.25,0.46511627906976727,0.012658227848101278,0.2075471698113207,0.5873015873015874,0.42408376963350797,0.15605749486652676,0.6833333333333333,0.5333333333333334,0.5000000000000002,0.0,0.0
0.4210526315789475,0.06818181818181823,0.5348837209302324,0.189873417721519,0.169811320754717,0.1904761904761905,0.5287958115183247,0.40246406570841226,0.4333333333333333,0.15555555555555556,0.4473684210526315,0.0,0.0
0.44736842105263164,0.15909090909090906,0.5116279069767441,0.07594936708860758,0.22641509433962262,0.36507936507936517,0.6020942408376965,0.3613963039014352,0.45000000000000034,0.5555555555555555,0.2894736842105263,0.0,0.0
0.6052631578947371,0.2954545454545455,0.5581395348837208,0.05063291139240503,0.05660377358490565,0.33333333333333337,0.7434554973821991,0.166324435318271,0.10000000000000014,0.3555555555555555,0.8421052631578949,0.0,0.0
0.5526315789473686,0.31818181818181823,0.5581395348837208,0.20253164556962028,0.05660377358490565,0.49206349206349215,0.4712041884816755,0.15605749486652676,0.10000000000000014,0.19999999999999993,0.8947368421052635,0.0,0.0
0.34210526315789486,0.31818181818181823,0.5581395348837208,0.5,0.4339622641509434,0.4285714285714286,0.44502617801047134,0.5205338809034943,0.5333333333333334,0.48888888888888893,0.5526315789473686,0.0,0.0
0.36842105263157904,0.20454545454545456,0.46511627906976727,0.04430379746835442,0.3396226415094339,0.22222222222222224,0.3612565445026179,0.2659137577002042,0.3999999999999999,0.3111111111111111,0.4736842105263157,0.0,0.0
0.2894736842105264,0.27272727272727276,0.4883720930232557,0.16455696202531644,0.09433962264150936,0.49206349206349215,0.3455497382198954,0.08008213552361448,0.4833333333333337,0.6666666666666666,0.9736842105263159,0.0,0.0
0.5789473684210528,0.1363636363636364,0.46511627906976727,0.8354430379746833,0.5849056603773586,0.7619047619047621,0.9764397905759163,0.9774127310061603,0.3500000000000002,0.3111111111111111,0.0,0.0,0.0
0.473684210526316,0.6818181818181819,0.4186046511627906,0.15189873417721517,0.4339622641509434,0.2698412698412699,0.4502617801047122,0.2464065708418855,0.4666666666666667,0.1111111111111111,0.6315789473684214,0.0,0.0
0.21052631578947378,0.15909090909090906,0.3953488372093022,0.04430379746835442,0.2452830188679245,0.5714285714285715,0.649214659685864,0.392197125256668,0.933333333333334,0.8666666666666667,0.4210526315789474,0.0,0.0
0.3947368421052634,0.4545454545454546,0.46511627906976727,0.23417721518987344,0.07547169811320759,0.4603174603174604,0.6387434554973823,0.22279260780287596,0.7166666666666668,0.37777777777777777,0.8947368421052635,0.0,0.0
0.0,0.4318181818181819,0.4883720930232557,0.189873417721519,0.09433962264150936,0.34920634920634924,0.4293193717277488,0.08521560574948661,0.6166666666666666,0.2444444444444444,0.868421052631579,0.0,0.0
0.2894736842105264,0.3409090909090909,0.9999999999999999,0.04430379746835442,0.28301886792452835,0.5714285714285715,0.8691099476439792,0.27926078028746953,0.5499999999999998,0.6,0.39473684210526333,0.0,0.0
0.21052631578947378,0.36363636363636365,0.5116279069767441,0.04430379746835442,0.13207547169811318,0.39682539682539686,0.5445026178010473,0.166324435318271,0.5833333333333331,0.19999999999999993,0.6052631578947367,0.0,0.0
0.4210526315789475,0.09090909090909088,0.37209302325581384,0.0253164556962025,0.35849056603773577,0.6507936507936509,0.3298429319371729,0.3162217659137557,0.7666666666666672,0.3555555555555555,0.4736842105263157,0.0,0.0
0.5000000000000001,0.25,0.6046511627906975,0.7658227848101264,0.47169811320754723,0.4761904761904763,0.9109947643979059,0.9363449691991832,0.18333333333333324,0.3111111111111111,0.0,0.0,0.0
0.2894736842105264,0.04545454545454547,0.5348837209302324,0.0,0.037735849056603765,0.28571428571428575,0.25654450261780115,0.1355236139630382,0.6166666666666666,0.15555555555555556,0.6578947368421055,0.0,0.0
0.5263157894736845,0.09090909090909088,0.4883720930232557,0.0253164556962025,0.6226415094339623,0.5238095238095238,0.7382198952879583,0.37166324435317943,0.3833333333333336,0.46666666666666673,0.2894736842105263,0.0,0.0
0.2894736842105264,0.22727272727272724,0.5116279069767441,0.41772151898734167,0.2452830188679245,0.6825396825396826,0.9267015706806284,0.6488706365503092,0.8666666666666674,0.48888888888888893,0.2105263157894735,0.0,0.0
0.3157894736842105,0.02272727272727265,0.5116279069767441,0.3164556962025316,0.15094339622641506,0.8571428571428573,0.5340314136125656,0.25051334702258776,0.4333333333333333,0.8666666666666667,0.8421052631578949,0.0,0.0
0.6842105263157897,0.7045454545454546,0.4186046511627906,0.620253164556962,0.490566037735849,0.3174603174603175,0.6858638743455499,0.6386036960985649,0.21666666666666662,0.33333333333333326,0.6578947368421055,0.0,0.0
0.4210526315789475,0.18181818181818182,0.4883720930232557,0.10759493670886075,0.09433962264150936,0.5714285714285715,0.5759162303664922,0.03285420944558398,0.3833333333333336,0.1111111111111111,1.0,0.0,0.0
0.36842105263157904,0.4090909090909091,0.46511627906976727,0.14556962025316453,0.07547169811320759,0.15873015873015875,0.2827225130890053,0.11601642710471949,0.666666666666667,0.6888888888888889,0.9736842105263159,0.0,0.0
0.4210526315789475,0.31818181818181823,0.37209302325581384,0.04430379746835442,0.3207547169811321,0.4603174603174604,0.5445026178010473,0.3100616016427138,0.8333333333333339,0.39999999999999997,0.4736842105263157,0.0,0.0
0.3157894736842105,0.3409090909090909,0.4883720930232557,0.18354430379746833,0.037735849056603765,0.5396825396825398,0.36649214659685875,0.0893223819301775,0.5166666666666672,0.6222222222222222,0.9736842105263159,0.0,0.0
0.4210526315789475,0.20454545454545456,0.6046511627906975,0.38607594936708856,0.05660377358490565,0.4126984126984128,0.40837696335078544,0.27926078028746953,0.7000000000000004,0.33333333333333326,0.8421052631578949,0.0,0.0
0.5789473684210528,0.4318181818181819,0.5813953488372091,0.3354430379746835,0.2075471698113207,0.11111111111111116,0.5235602094240839,0.2997946611909581,0.3833333333333336,0.15555555555555556,0.8157894736842106,0.0,0.0
0.36842105263157904,0.31818181818181823,0.7674418604651161,0.41772151898734167,0.09433962264150936,0.39682539682539686,0.4397905759162305,0.22176591375769472,0.25000000000000006,0.6,0.9473684210526319,0.0,0.0
0.3947368421052634,0.7727272727272727,0.6046511627906975,0.15822784810126578,0.09433962264150936,0.4126984126984128,0.5706806282722514,0.09445585215604968,0.3500000000000002,0.1333333333333333,0.868421052631579,0.0,0.0
0.2894736842105264,0.36363636363636365,0.5116279069767441,0.0632911392405063,0.35849056603773577,0.4603174603174604,0.33507853403141374,0.24332648870636453,0.7333333333333338,0.8,0.5526315789473686,0.0,0.0
0.26315789473684226,0.02272727272727265,0.6046511627906975,0.05063291139240503,0.169811320754717,0.6031746031746033,0.649214659685864,0.27926078028746953,0.8166666666666669,0.8222222222222222,0.5526315789473686,0.0,0.0
0.5263157894736845,0.11363636363636359,0.9069767441860463,0.5253164556962026,0.09433962264150936,0.33333333333333337,0.5549738219895289,0.4640657084188894,0.10000000000000014,0.0,0.5526315789473686,0.0,0.0
0.5526315789473686,0.15909090909090906,0.5116279069767441,0.24050632911392406,0.5849056603773586,0.5396825396825398,0.45549738219895297,0.4568788501026661,0.2999999999999997,0.4444444444444445,0.3421052631578946,0.0,0.0
0.6842105263157897,0.6363636363636364,0.6046511627906975,0.25316455696202533,0.22641509433962262,0.4603174603174604,0.39267015706806296,0.25872689938398097,0.33333333333333315,0.5555555555555555,0.8947368421052635,0.0,0.0
0.2894736842105264,0.09090909090909088,0.4883720930232557,0.04430379746835442,0.35849056603773577,0.39682539682539686,0.5287958115183247,0.3408624229979466,0.933333333333334,0.39999999999999997,0.3421052631578946,0.0,0.0
0.18421052631578938,0.2954545454545455,0.4883720930232557,0.03164556962025317,0.18867924528301894,0.1904761904761905,0.29842931937172784,0.13141683778233593,0.6499999999999999,0.26666666666666666,0.5789473684210527,0.0,0.0
0.6315789473684212,0.31818181818181823,0.5581395348837208,0.037974683544303806,0.05660377358490565,0.4285714285714286,0.4816753926701572,0.0636550308008168,0.11666666666666653,0.1333333333333333,0.8421052631578949,0.0,0.0
0.26315789473684226,0.20454545454545456,0.5116279069767441,0.05696202531645567,0.2452830188679245,0.5555555555555557,0.4816753926701572,0.12936344969198477,0.6499999999999999,0.46666666666666673,0.7631578947368425,0.0,0.0
0.36842105263157904,0.09090909090909088,0.46511627906976727,0.7468354430379747,0.6981132075471699,0.22222222222222224,0.7591623036649215,0.8829568788500993,0.11666666666666653,0.4444444444444445,0.02631578947368418,0.0,0.0
0.736842105263158,0.02272727272727265,0.8837209302325579,0.10759493670886075,0.5094339622641509,0.3015873015873016,0.8586387434554975,0.5667351129363436,0.9500000000000004,0.2888888888888889,0.5263157894736844,0.0,0.0
0.2368421052631579,0.4090909090909091,0.5813953488372091,0.6392405063291138,0.2641509433962264,0.380952380952381,0.9005235602094241,0.9158110882956834,0.7166666666666668,0.39999999999999997,0.13157894736842113,0.0,0.0
0.2368421052631579,0.18181818181818182,0.7674418604651161,0.22468354430379744,0.2452830188679245,0.4126984126984128,0.5445026178010473,0.2381930184804924,0.7000000000000004,0.0222222222222222,0.6842105263157896,0.0,0.0
0.36842105263157904,0.02272727272727265,0.5348837209302324,0.23417721518987344,0.6415094339622641,0.4126984126984128,0.4816753926701572,0.6283367556468207,0.8333333333333339,0.15555555555555556,0.02631578947368418,0.0,0.0
0.34210526315789486,0.15909090909090906,0.5581395348837208,0.03164556962025317,0.18867924528301894,0.634920634920635,0.5078534031413614,0.001026694045169918,0.5166666666666672,0.0888888888888888,0.9736842105263159,0.0,0.0
0.2894736842105264,0.18181818181818182,0.4186046511627906,0.1708860759493671,0.6415094339622641,0.380952380952381,0.6544502617801048,0.23511293634497143,0.5,0.19999999999999993,0.8421052631578949,0.0,0.0
0.36842105263157904,0.27272727272727276,0.7441860465116277,0.04430379746835442,0.45283018867924535,0.5714285714285715,0.5026178010471205,0.3613963039014352,0.9000000000000007,0.3555555555555555,0.4210526315789474,0.0,0.0
0.34210526315789486,0.7272727272727273,0.3953488372093022,0.26582278481012656,0.2641509433962264,0.4761904761904763,0.36649214659685875,0.18583162217658972,0.3833333333333336,0.26666666666666666,0.9210526315789476,0.0,0.0
0.4210526315789475,0.36363636363636365,0.9534883720930232,0.7974683544303796,0.47169811320754723,0.5555555555555557,0.7434554973821991,0.8336755646817291,0.233333333333333,0.4444444444444445,0.18421052631578938,0.0,0.0
0.2894736842105264,0.31818181818181823,0.3488372093023254,0.24050632911392406,0.07547169811320759,0.7777777777777779,0.5340314136125656,0.12936344969198477,0.3999999999999999,0.26666666666666666,0.868421052631579,0.0,0.0
0.8157894736842107,0.20454545454545456,0.5581395348837208,0.01898734177215189,0.18867924528301894,0.7777777777777779,0.4397905759162305,0.23408624229979014,0.233333333333333,0.5111111111111112,0.5526315789473686,0.0,0.0
0.44736842105263164,0.4318181818181819,0.3488372093023254,0.037974683544303806,0.09433962264150936,0.3174603174603175,0.5235602094240839,0.0636550308008168,0.4833333333333337,0.04444444444444445,0.8421052631578949,0.0,0.0
0.44736842105263164,0.15909090909090906,0.6279069767441858,0.08860759493670883,0.018867924528301827,0.28571428571428575,0.3874345549738221,0.08418891170430542,0.36666666666666653,0.1333333333333333,0.6578947368421055,0.0,0.0
0.3947368421052634,0.7727272727272727,0.6046511627906975,0.15822784810126578,0.09433962264150936,0.4126984126984128,0.5706806282722514,0.09445585215604968,0.3500000000000002,0.1333333333333333,0.868421052631579,0.0,0.0
0.2894736842105264,0.4318181818181819,0.46511627906976727,0.17721518987341772,0.2075471698113207,0.4603174603174604,0.32460732984293206,0.08213552361396564,0.5333333333333334,0.6888888888888889,0.9473684210526319,0.0,0.0
0.21052631578947378,0.4318181818181819,0.3953488372093022,0.2468354430379747,0.2075471698113207,0.39682539682539686,0.5654450261780106,0.3305954825462023,0.45000000000000034,0.22222222222222218,0.39473684210526333,0.0,0.0
0.2894736842105264,0.02272727272727265,0.7906976744186045,0.7341772151898733,0.5094339622641509,0.9523809523809527,0.6910994764397906,0.7597535934291566,0.5499999999999998,0.8444444444444443,0.3684210526315792,0.0,0.0
0.44736842105263164,0.27272727272727276,0.6279069767441858,0.28481012658227844,0.0,0.4126984126984128,0.4136125654450263,0.13757700205338935,0.21666666666666662,0.0222222222222222,0.9736842105263159,0.0,0.0
0.5263157894736845,0.7954545454545454,0.325581395348837,0.8924050632911391,0.09433962264150936,0.4603174603174604,0.6649214659685865,0.5975359342915764,0.33333333333333315,0.4222222222222222,0.8157894736842106,0.0,0.0
0.5263157894736845,0.11363636363636359,0.46511627906976727,0.7468354430379747,0.5283018867924528,0.6904761904761906,0.9738219895287958,0.9363449691991832,0.3500000000000002,0.37777777777777777,0.05263157894736825,0.0,0.0
0.21052631578947378,0.15909090909090906,0.3953488372093022,0.04430379746835442,0.2452830188679245,0.5714285714285715,0.649214659685864,0.392197125256668,0.933333333333334,0.8666666666666667,0.4210526315789474,0.0,0.0
0.21052631578947378,0.04545454545454547,0.5348837209302324,0.006329113924050611,0.6037735849056605,0.25396825396825395,0.293193717277487,0.15605749486652676,0.6499999999999999,0.3111111111111111,0.5263157894736844,0.0,0.0
0.5526315789473686,0.22727272727272724,0.9069767441860463,0.5316455696202531,0.4339622641509434,0.7142857142857144,0.6439790575916231,0.6899383983572863,0.3999999999999999,0.6,0.4210526315789474,0.0,0.0
0.3947368421052634,0.5,0.4186046511627906,0.7943037974683544,0.4339622641509434,0.7301587301587302,0.8534031413612567,0.8562628336755687,0.11666666666666653,0.6222222222222222,0.15789473684210523,0.0,0.0
0.44736842105263164,0.25,0.9069767441860463,0.12658227848101267,0.09433962264150936,0.39682539682539686,0.36649214659685875,0.08418891170430542,0.33333333333333315,0.15555555555555556,0.8947368421052635,0.0,0.0
0.2894736842105264,0.5,0.4186046511627906,0.13924050632911392,0.22641509433962262,0.380952380952381,0.48691099476439803,0.1355236139630382,0.5333333333333334,0.7333333333333334,0.9210526315789476,0.0,0.0
0.21052631578947378,0.5454545454545454,0.7441860465116277,0.09493670886075947,0.2452830188679245,0.4603174603174604,0.47643979057591634,0.18891170431211074,0.7166666666666668,0.6,0.7105263157894737,0.0,0.0
0.5000000000000001,0.25,0.6046511627906975,0.06962025316455694,0.169811320754717,0.39682539682539686,0.7905759162303665,0.14065708418891038,0.5333333333333334,0.17777777777777778,0.7894736842105265,0.0,0.0
0.6842105263157897,0.20454545454545456,0.5813953488372091,0.5189873417721518,0.35849056603773577,0.7619047619047621,0.8376963350785342,0.772073921971252,0.2666666666666664,0.5333333333333334,0.15789473684210523,0.0,0.0
0.5000000000000001,0.25,0.6046511627906975,0.7658227848101264,0.47169811320754723,0.4761904761904763,0.9109947643979059,0.9363449691991832,0.18333333333333324,0.3111111111111111,0.0,0.0,0.0
0.5000000000000001,0.25,0.6046511627906975,0.06962025316455694,0.169811320754717,0.39682539682539686,0.7905759162303665,0.14065708418891038,0.5333333333333334,0.17777777777777778,0.7894736842105265,0.0,0.0
0.5789473684210528,0.8636363636363638,0.9069767441860463,0.8227848101265822,0.169811320754717,0.507936507936508,0.6806282722513091,0.6488706365503092,0.3500000000000002,0.1333333333333333,0.7631578947368425,0.0,0.0
0.6578947368421055,0.09090909090909088,0.5348837209302324,0.012658227848101278,0.15094339622641506,0.23809523809523814,0.24083769633507868,0.27926078028746953,0.3166666666666668,0.1333333333333333,0.4210526315789474,0.0,0.0
0.36842105263157904,0.20454545454545456,0.46511627906976727,0.04430379746835442,0.3396226415094339,0.22222222222222224,0.3612565445026179,0.2659137577002042,0.3999999999999999,0.3111111111111111,0.4736842105263157,0.0,0.0
0.44736842105263164,0.31818181818181823,0.9069767441860463,0.3481012658227848,0.30188679245283023,0.36507936507936517,0.44502617801047134,0.32032854209445805,0.8000000000000006,0.5777777777777777,0.868421052631579,0.0,0.0
0.2894736842105264,0.09090909090909088,0.7209302325581394,0.8354430379746833,0.2641509433962264,0.6666666666666667,0.5392670157068064,0.7494866529774122,0.5833333333333331,0.8888888888888888,0.3684210526315792,0.0,0.0
0.5263157894736845,0.3409090909090909,0.9302325581395348,0.05063291139240503,0.3207547169811321,0.4761904761904763,0.5287958115183247,0.4332648870636565,0.8666666666666674,0.39999999999999997,0.3421052631578946,0.0,0.0
0.1578947368421053,0.4090909090909091,0.5348837209302324,0.5632911392405062,0.13207547169811318,0.2698412698412699,0.33507853403141374,0.3182751540041069,0.28333333333333344,0.2444444444444444,0.8421052631578949,0.0,0.0
0.26315789473684226,0.02272727272727265,0.6976744186046511,0.03164556962025317,0.3207547169811321,0.28571428571428575,0.31937172774869116,0.02464065708419083,0.2999999999999997,0.3111111111111111,0.868421052631579,0.0,0.0
0.26315789473684226,0.25,0.6279069767441858,0.22151898734177214,0.2641509433962264,0.5714285714285715,0.6335078534031415,0.2689938398357252,0.41666666666666696,0.17777777777777778,0.5789473684210527,0.0,0.0
0.6052631578947371,0.6818181818181819,0.325581395348837,0.6455696202531644,0.1132075471698113,0.5714285714285715,0.7382198952879583,0.546201232032855,0.3166666666666668,0.2444444444444444,0.6315789473684214,0.0,0.0
0.3947368421052634,0.18181818181818182,0.4186046511627906,0.430379746835443,0.47169811320754723,0.6031746031746033,0.4712041884816755,0.3880903490759771,0.4833333333333337,0.6222222222222222,0.6842105263157896,0.0,0.0
0.3157894736842105,0.15909090909090906,0.6744186046511627,0.0822784810126582,0.30188679245283023,0.4126984126984128,0.39790575916230375,0.2802874743326508,0.4833333333333337,0.5777777777777777,0.5263157894736844,0.0,0.0
0.3947368421052634,0.7045454545454546,0.3953488372093022,0.23417721518987344,0.18867924528301894,0.1904761904761905,0.2827225130890053,0.11293634496919847,0.3166666666666668,0.0888888888888888,0.9473684210526319,0.0,0.0
0.3947368421052634,0.5,0.4186046511627906,0.7943037974683544,0.4339622641509434,0.7301587301587302,0.8534031413612567,0.8562628336755687,0.11666666666666653,0.6222222222222222,0.15789473684210523,0.0,0.0
0.36842105263157904,0.27272727272727276,0.7441860465116277,0.04430379746835442,0.45283018867924535,0.5714285714285715,0.5026178010471205,0.3613963039014352,0.9000000000000007,0.3555555555555555,0.4210526315789474,0.0,0.0
0.18421052631578938,0.04545454545454547,0.5581395348837208,0.3227848101265822,0.169811320754717,0.4126984126984128,0.46073298429319387,0.4281314168377844,0.6499999999999999,0.5777777777777777,0.32894736842105277,0.0,0.0
0.3157894736842105,0.4545454545454546,0.325581395348837,0.14556962025316453,0.169811320754717,0.380952380952381,0.3821989528795813,0.08521560574948661,0.28333333333333344,0.17777777777777778,0.8947368421052635,0.0,0.0
0.473684210526316,0.25,0.4186046511627906,0.8481012658227849,0.5660377358490566,0.7936507936507937,0.9371727748691101,0.9363449691991832,0.3166666666666668,0.1333333333333333,0.02631578947368418,0.0,0.0
0.4210526315789475,0.36363636363636365,0.9534883720930232,0.7974683544303796,0.47169811320754723,0.5555555555555557,0.7434554973821991,0.8336755646817291,0.233333333333333,0.4444444444444445,0.18421052631578938,0.0,0.0
0.26315789473684226,0.02272727272727265,0.7906976744186045,0.012658227848101278,0.3396226415094339,0.9841269841269843,0.649214659685864,0.12525667351129388,0.3500000000000002,0.9111111111111112,0.6052631578947367,0.0,0.0
0.5000000000000001,0.1363636363636364,0.7906976744186045,0.0253164556962025,0.37735849056603776,0.25396825396825395,0.3769633507853404,0.2997946611909581,0.36666666666666653,0.3111111111111111,0.2894736842105263,0.0,0.0
0.5789473684210528,0.1363636363636364,0.46511627906976727,0.8354430379746833,0.5849056603773586,0.7619047619047621,0.9764397905759163,0.9774127310061603,0.3500000000000002,0.3111111111111111,0.0,0.0,0.0
0.3157894736842105,0.1363636363636364,0.6511627906976742,0.43670886075949367,0.5094339622641509,0.39682539682539686,0.6230366492146598,0.5359342915811107,0.6499999999999999,0.5333333333333334,0.5526315789473686,0.0,0.0
0.473684210526316,0.25,0.4186046511627906,0.8481012658227849,0.5660377358490566,0.7936507936507937,0.9371727748691101,0.9363449691991832,0.3166666666666668,0.1333333333333333,0.02631578947368418,0.0,0.0
0.2894736842105264,0.22727272727272724,0.5116279069767441,0.41772151898734167,0.2452830188679245,0.6825396825396826,0.9267015706806284,0.6488706365503092,0.8666666666666674,0.48888888888888893,0.2105263157894735,0.0,0.0
0.5263157894736845,0.04545454545454547,0.5348837209302324,0.012658227848101278,0.3207547169811321,0.6666666666666667,0.4973821989528797,0.2566735112936298,0.18333333333333324,0.8,0.4210526315789474,0.0,0.0
0.3947368421052634,0.5,0.5813953488372091,0.48101265822784806,0.2452830188679245,0.507936507936508,0.518324607329843,0.21765913757700384,0.11666666666666653,0.0,0.9210526315789476,0.0,0.0
0.473684210526316,0.25,0.4186046511627906,0.8481012658227849,0.5660377358490566,0.7936507936507937,0.9371727748691101,0.9363449691991832,0.3166666666666668,0.1333333333333333,0.02631578947368418,0.0,0.0
0.3157894736842105,0.20454545454545456,0.46511627906976727,0.22784810126582278,0.6603773584905661,0.380952380952381,0.6701570680628274,0.19917864476385494,0.5,0.37777777777777777,0.868421052631579,0.0,0.0
0.5263157894736845,0.25,0.4186046511627906,0.39556962025316456,0.05660377358490565,0.14285714285714285,0.2722513089005237,0.2977412731006183,0.01666666666666633,0.1111111111111111,0.6842105263157896,0.0,0.0
0.07894736842105271,0.02272727272727265,0.8604651162790696,0.6582278481012658,0.18867924528301894,0.6984126984126985,0.5340314136125656,0.5215605749486641,0.16666666666666619,0.04444444444444445,0.4210526315789474,0.0,0.0
0.6842105263157897,0.7045454545454546,0.4186046511627906,0.620253164556962,0.490566037735849,0.3174603174603175,0.6858638743455499,0.6386036960985649,0.21666666666666662,0.33333333333333326,0.6578947368421055,0.0,0.0
0.4210526315789475,0.18181818181818182,0.37209302325581384,0.5189873417721518,0.037735849056603765,0.507936507936508,0.5026178010471205,0.28747433264887406,0.21666666666666662,0.04444444444444445,0.9473684210526319,0.0,0.0
0.2894736842105264,0.5,0.9069767441860463,0.120253164556962,0.09433962264150936,0.17460317460317462,0.35602094240837706,0.07392197125256111,0.28333333333333344,0.37777777777777777,0.8421052631578949,0.0,0.0
0.3157894736842105,0.18181818181818182,0.6279069767441858,0.012658227848101278,0.6415094339622641,0.634920634920635,0.905759162303665,0.3613963039014352,0.7333333333333338,0.5111111111111112,0.3684210526315792,0.0,0.0
0.2894736842105264,0.22727272727272724,0.5116279069767441,0.41772151898734167,0.2452830188679245,0.6825396825396826,0.9267015706806284,0.6488706365503092,0.8666666666666674,0.48888888888888893,0.2105263157894735,0.0,0.0
0.6315789473684212,0.4090909090909091,0.5348837209302324,0.08860759493670883,0.22641509433962262,0.20634920634920637,0.39267015706806296,0.17659137577001532,0.4666666666666667,0.7333333333333334,0.7368421052631579,0.0,0.0
0.3947368421052634,0.5,0.4186046511627906,0.7943037974683544,0.4339622641509434,0.7301587301587302,0.8534031413612567,0.8562628336755687,0.11666666666666653,0.6222222222222222,0.15789473684210523,0.0,0.0
0.36842105263157904,0.18181818181818182,0.4883720930232557,0.37341772151898733,0.22641509433962262,0.4444444444444445,0.4973821989528797,0.23408624229979014,0.1499999999999999,0.15555555555555556,0.7894736842105265,0.0,0.0
0.36842105263157904,0.20454545454545456,0.4883720930232557,0.11392405063291136,0.41509433962264153,0.5555555555555557,0.5026178010471205,0.1827515400410687,0.21666666666666662,0.7111111111111111,0.5263157894736844,0.0,0.0
0.44736842105263164,0.31818181818181823,0.9069767441860463,0.3481012658227848,0.30188679245283023,0.36507936507936517,0.44502617801047134,0.32032854209445805,0.8000000000000006,0.5777777777777777,0.868421052631579,0.0,0.0
0.2894736842105264,0.11363636363636359,0.4186046511627906,0.0253164556962025,0.39622641509433965,0.2698412698412699,0.33507853403141374,0.09240246406570995,0.41666666666666696,0.4222222222222222,0.7368421052631579,0.0,0.0
0.26315789473684226,0.5909090909090909,0.20930232558139522,0.13924050632911392,0.15094339622641506,0.36507936507936517,0.5130890052356022,0.09445585215604968,0.4833333333333337,0.48888888888888893,1.0,0.0,0.0
0.5526315789473686,0.15909090909090906,0.5116279069767441,0.24050632911392406,0.5849056603773586,0.5396825396825398,0.45549738219895297,0.4568788501026661,0.2999999999999997,0.4444444444444445,0.3421052631578946,0.0,0.0
0.4210526315789475,0.02272727272727265,0.4186046511627906,0.8670886075949367,0.490566037735849,0.380952380952381,0.6439790575916231,0.866529774127313,0.04999999999999971,0.15555555555555556,0.02631578947368418,0.0,0.0
0.1578947368421053,0.09090909090909088,0.4883720930232557,0.0253164556962025,0.2075471698113207,0.14285714285714285,0.25654450261780115,0.14065708418891038,0.6833333333333333,0.5777777777777777,0.5789473684210527,0.0,0.0
0.1578947368421053,0.31818181818181823,0.9767441860465116,0.3291139240506329,0.05660377358490565,0.507936507936508,0.40837696335078544,0.2186858316221737,0.5833333333333331,0.4222222222222222,0.7631578947368425,0.0,0.0
0.36842105263157904,0.15909090909090906,0.4883720930232557,0.120253164556962,0.39622641509433965,0.5555555555555557,0.4973821989528797,0.18685831622175958,0.233333333333333,0.7333333333333334,0.5263157894736844,0.0,0.0
0.473684210526316,0.1363636363636364,0.5581395348837208,0.10759493670886075,0.13207547169811318,0.6984126984126985,0.6544502617801048,0.05338809034907255,0.3833333333333336,0.15555555555555556,1.0,0.0,0.0
0.21052631578947378,0.5681818181818182,0.325581395348837,0.24050632911392406,0.22641509433962262,0.634920634920635,0.586387434554974,0.23203285420943898,0.5,0.2444444444444444,0.6052631578947367,0.0,0.0
0.2368421052631579,0.47727272727272724,0.46511627906976727,0.2974683544303797,0.18867924528301894,0.047619047619047616,0.3717277486910996,0.3305954825462023,0.5666666666666669,0.19999999999999993,0.5526315789473686,0.0,0.0
0.2894736842105264,0.4090909090909091,0.5581395348837208,0.2974683544303797,0.35849056603773577,0.34920634920634924,0.34031413612565453,0.24229979466119467,0.5833333333333331,0.6222222222222222,0.8157894736842106,0.0,0.0
0.1578947368421053,0.3409090909090909,0.7209302325581394,0.620253164556962,0.4339622641509434,0.7936507936507937,0.6439790575916231,0.4332648870636565,0.2666666666666664,0.6,0.5438596500000001,0.0,0.0
0.2894736842105264,0.09090909090909088,0.7209302325581394,0.8354430379746833,0.2641509433962264,0.6666666666666667,0.5392670157068064,0.7494866529774122,0.5833333333333331,0.8888888888888888,0.3684210526315792,0.0,0.0
0.2894736842105264,0.04545454545454547,0.5348837209302324,0.0,0.037735849056603765,0.28571428571428575,0.25654450261780115,0.1355236139630382,0.6166666666666666,0.15555555555555556,0.6578947368421055,0.0,0.0
0.5263157894736845,0.7954545454545454,0.325581395348837,0.8924050632911391,0.09433962264150936,0.4603174603174604,0.6649214659685865,0.5975359342915764,0.33333333333333315,0.4222222222222222,0.8157894736842106,0.0,0.0
0.2368421052631579,0.31818181818181823,0.325581395348837,0.47151898734177206,0.1132075471698113,0.4285714285714286,0.7643979057591626,0.6488706365503092,0.7666666666666672,0.5555555555555555,0.2105263157894735,0.0,0.0
0.44736842105263164,0.22727272727272724,0.5581395348837208,0.012658227848101278,0.37735849056603776,0.015873015873015872,0.5549738219895289,0.18891170431211074,0.3833333333333336,0.3111111111111111,0.6052631578947367,0.0,0.3333333333333333
0.5789473684210528,0.4318181818181819,0.6046511627906975,0.06962025316455694,0.169811320754717,0.33333333333333337,0.7643979057591626,0.5051334702258665,0.8166666666666669,0.3555555555555555,0.4210526315789474,0.0,0.3333333333333333
0.34210526315789486,0.9090909090909092,0.3953488372093022,0.38607594936708856,0.45283018867924535,0.047619047619047616,0.7958115183246075,0.5687885010266946,0.3833333333333336,0.1333333333333333,0.13157894736842113,0.0,0.3333333333333333
0.5263157894736845,0.31818181818181823,0.6976744186046511,0.6898734177215191,0.13207547169811318,0.126984126984127,0.3455497382198954,0.6991786447638607,0.1333333333333328,0.3111111111111111,0.5000000000000002,0.0,0.3333333333333333
0.5000000000000001,0.31818181818181823,0.7441860465116277,0.012658227848101278,0.15094339622641506,0.380952380952381,0.6073298429319373,0.26386036960985315,0.3999999999999999,0.2444444444444444,0.4736842105263157,0.0,0.3333333333333333
0.5000000000000001,0.7954545454545454,0.5116279069767441,0.26582278481012656,0.3396226415094339,0.20634920634920637,0.40837696335078544,0.5872689938398321,0.5166666666666672,0.2888888888888889,0.4736842105263157,0.0,0.3333333333333333
0.5789473684210528,0.4318181818181819,0.6046511627906975,0.06962025316455694,0.169811320754717,0.33333333333333337,0.7643979057591626,0.5051334702258665,0.8166666666666669,0.3555555555555555,0.4210526315789474,0.0,0.3333333333333333
0.736842105263158,0.3409090909090909,0.9069767441860463,0.0,0.35849056603773577,0.380952380952381,0.4816753926701572,0.3408624229979466,0.5166666666666672,0.0888888888888888,0.5263157894736844,0.0,0.3333333333333333
0.5789473684210528,0.7727272727272727,0.6279069767441858,0.012658227848101278,0.169811320754717,0.0,0.16230366492146608,0.3162217659137557,0.19999999999999962,0.48888888888888893,0.39473684210526333,0.0,0.3333333333333333
0.5263157894736845,0.06818181818181823,0.6976744186046511,0.28481012658227844,0.22641509433962262,0.4603174603174604,0.7068062827225132,0.412731006160168,0.19999999999999962,0.6666666666666666,0.6842105263157896,0.0,0.3333333333333333
0.736842105263158,0.3409090909090909,0.9069767441860463,0.0,0.35849056603773577,0.380952380952381,0.4816753926701572,0.3408624229979466,0.5166666666666672,0.0888888888888888,0.5263157894736844,0.0,0.3333333333333333
0.3947368421052634,0.1363636363636364,0.5581395348837208,0.05696202531645567,0.3396226415094339,0.3174603174603175,0.5759162303664922,0.412731006160168,0.6333333333333336,0.6222222222222222,0.3157894736842105,0.0,0.3333333333333333
0.36842105263157904,0.6818181818181819,0.6279069767441858,0.25949367088607594,0.41509433962264153,0.6507936507936509,0.9162303664921467,0.4435318275154008,0.25000000000000006,0.7333333333333334,0.4210526315789474,0.0,0.3333333333333333
0.5789473684210528,0.15909090909090906,0.5813953488372091,0.012658227848101278,0.30188679245283023,0.031746031746031744,0.4188481675392671,0.1971252566735039,0.21666666666666662,0.2888888888888889,0.6315789473684214,0.0,0.3333333333333333
0.8421052631578949,0.4545454545454546,0.6046511627906975,0.0253164556962025,0.37735849056603776,0.09523809523809523,0.48691099476439803,0.6242299794661184,0.3999999999999999,0.33333333333333326,0.13157894736842113,0.0,0.3333333333333333
0.6842105263157897,0.4090909090909091,0.37209302325581384,0.012658227848101278,0.47169811320754723,0.1031746031746032,0.32460732984293206,0.5256673511293665,0.5166666666666672,0.1111111111111111,0.15789473684210523,0.0,0.3333333333333333
0.26315789473684226,0.4545454545454546,0.23255813953488358,0.879746835443038,0.6603773584905661,0.507936507936508,0.712041884816754,0.905544147843939,0.33333333333333315,0.2888888888888889,0.02631578947368418,0.0,0.3333333333333333
1.0000000000000002,0.11363636363636359,0.7441860465116277,0.0632911392405063,0.41509433962264153,0.17460317460317462,0.40837696335078544,0.5841889117043111,0.2666666666666664,0.7555555555555555,0.2894736842105263,0.0,0.3333333333333333
1.0000000000000002,0.04545454545454547,0.9069767441860463,0.0632911392405063,0.35849056603773577,0.20634920634920637,0.42408376963350797,0.5811088295687901,0.28333333333333344,0.46666666666666673,0.3421052631578946,0.0,0.3333333333333333
0.2368421052631579,0.2954545454545455,0.9534883720930232,0.41772151898734167,0.45283018867924535,0.4761904761904763,0.9109947643979059,0.6160164271047253,0.3833333333333336,0.48888888888888893,0.13157894736842113,0.0,0.3333333333333333
0.36842105263157904,0.4090909090909091,0.5581395348837208,0.012658227848101278,0.35849056603773577,0.14285714285714285,0.2146596858638744,0.24845995893223666,0.19999999999999962,0.33333333333333326,0.4473684210526315,0.0,0.3333333333333333
0.8157894736842107,0.27272727272727276,0.2558139534883719,0.9620253164556962,0.9245283018867925,0.5714285714285715,0.8952879581151834,0.8747433264887062,0.1499999999999999,0.39999999999999997,0.23684210526315808,0.0,0.3333333333333333
0.36842105263157904,0.27272727272727276,0.5581395348837208,0.8924050632911391,0.6603773584905661,0.5873015873015874,0.712041884816754,0.7772073921971241,0.5166666666666672,0.4444444444444445,0.4210526315789474,0.0,0.3333333333333333
0.05263157894736831,0.09090909090909088,0.44186046511627886,0.0822784810126582,0.28301886792452835,0.0,0.10994764397905771,0.1827515400410687,0.233333333333333,0.2888888888888889,0.3157894736842105,0.0,0.3333333333333333
0.3947368421052634,0.4090909090909091,0.1395348837209301,0.0253164556962025,0.490566037735849,0.15873015873015875,0.36649214659685875,0.4640657084188894,0.4833333333333337,0.1333333333333333,0.15789473684210523,0.0,0.3333333333333333
0.05263157894736831,0.09090909090909088,0.44186046511627886,0.0822784810126582,0.28301886792452835,0.0,0.10994764397905771,0.1827515400410687,0.233333333333333,0.2888888888888889,0.3157894736842105,0.0,0.3333333333333333
0.6578947368421055,0.04545454545454547,0.46511627906976727,0.24050632911392406,0.22641509433962262,0.507936507936508,0.7591623036649215,0.7412731006160191,0.9000000000000007,0.26666666666666666,0.02631578947368418,0.0,0.3333333333333333
0.7631578947368425,0.4318181818181819,0.7441860465116277,0.009493670886075944,0.15094339622641506,0.20634920634920637,0.36649214659685875,0.166324435318271,0.45000000000000034,0.0,0.9210526315789476,0.0,0.3333333333333333
0.5789473684210528,0.3863636363636364,0.3023255813953487,0.740506329113924,0.5471698113207547,0.23809523809523814,0.5916230366492148,0.9117043121149925,0.3833333333333336,0.39999999999999997,0.2105263157894735,0.0,0.3333333333333333
0.5526315789473686,0.3409090909090909,0.37209302325581384,0.8829113924050631,0.7924528301886794,0.6666666666666667,0.7958115183246075,0.9137577002053434,0.18333333333333324,0.37777777777777777,0.07894736842105238,0.0,0.3333333333333333
0.3157894736842105,0.5454545454545454,0.1860465116279068,0.012658227848101278,0.3207547169811321,0.23809523809523814,0.3036649214659687,0.3305954825462023,0.4833333333333337,0.2888888888888889,0.3157894736842105,0.0,0.3333333333333333
0.2368421052631579,0.2954545454545455,0.9534883720930232,0.41772151898734167,0.45283018867924535,0.4761904761904763,0.9109947643979059,0.6160164271047253,0.3833333333333336,0.48888888888888893,0.13157894736842113,0.0,0.3333333333333333
1.0000000000000002,0.11363636363636359,0.7441860465116277,0.0632911392405063,0.41509433962264153,0.17460317460317462,0.40837696335078544,0.5841889117043111,0.2666666666666664,0.7555555555555555,0.2894736842105263,0.0,0.3333333333333333
0.5789473684210528,0.4318181818181819,0.6046511627906975,0.06962025316455694,0.169811320754717,0.33333333333333337,0.7643979057591626,0.5051334702258665,0.8166666666666669,0.3555555555555555,0.4210526315789474,0.0,0.3333333333333333
0.3947368421052634,0.1363636363636364,0.5581395348837208,0.05696202531645567,0.3396226415094339,0.3174603174603175,0.5759162303664922,0.412731006160168,0.6333333333333336,0.6222222222222222,0.3157894736842105,0.0,0.3333333333333333
0.5000000000000001,0.5454545454545454,0.3023255813953487,0.3481012658227848,0.47169811320754723,0.20634920634920637,0.39790575916230375,0.3655030800821374,0.28333333333333344,0.5111111111111112,0.6052631578947367,0.0,0.3333333333333333
0.7631578947368425,0.4318181818181819,0.7441860465116277,0.009493670886075944,0.15094339622641506,0.20634920634920637,0.36649214659685875,0.166324435318271,0.45000000000000034,0.0,0.9210526315789476,0.0,0.3333333333333333
0.5000000000000001,0.7954545454545454,0.5116279069767441,0.26582278481012656,0.3396226415094339,0.20634920634920637,0.40837696335078544,0.5872689938398321,0.5166666666666672,0.2888888888888889,0.4736842105263157,0.0,0.3333333333333333
0.10526315789473678,0.31818181818181823,0.1860465116279068,0.012658227848101278,0.6226415094339623,0.031746031746031744,0.4293193717277488,0.34907597535933976,0.5,0.5777777777777777,0.17105263157894757,0.0,0.3333333333333333
0.8947368421052637,0.47727272727272724,0.9069767441860463,0.0,0.2075471698113207,0.14285714285714285,0.15706806282722519,0.25872689938398097,0.04999999999999971,0.0222222222222222,0.4210526315789474,0.0,0.3333333333333333
0.2368421052631579,0.22727272727272724,0.6279069767441858,0.05063291139240503,0.1132075471698113,0.015873015873015872,0.18324607329842946,0.02258726899383967,0.6166666666666666,0.04444444444444445,0.868421052631579,0.0,0.3333333333333333
0.5789473684210528,0.3863636363636364,0.9069767441860463,0.7848101265822784,0.6981132075471699,0.7142857142857144,0.8638743455497384,0.9671457905544161,0.4833333333333337,0.46666666666666673,0.02631578947368418,0.0,0.3333333333333333
0.05263157894736831,0.09090909090909088,0.44186046511627886,0.0822784810126582,0.28301886792452835,0.0,0.10994764397905771,0.1827515400410687,0.233333333333333,0.2888888888888889,0.3157894736842105,0.0,0.3333333333333333
0.8421052631578949,0.4545454545454546,0.6046511627906975,0.0253164556962025,0.37735849056603776,0.09523809523809523,0.48691099476439803,0.6242299794661184,0.3999999999999999,0.33333333333333326,0.13157894736842113,0.0,0.3333333333333333
0.8947368421052637,0.47727272727272724,0.9069767441860463,0.0,0.2075471698113207,0.14285714285714285,0.15706806282722519,0.25872689938398097,0.04999999999999971,0.0222222222222222,0.4210526315789474,0.0,0.3333333333333333
0.8157894736842107,0.27272727272727276,0.2558139534883719,0.9620253164556962,0.9245283018867925,0.5714285714285715,0.8952879581151834,0.8747433264887062,0.1499999999999999,0.39999999999999997,0.23684210526315808,0.0,0.3333333333333333
0.26315789473684226,0.4545454545454546,0.23255813953488358,0.879746835443038,0.6603773584905661,0.507936507936508,0.712041884816754,0.905544147843939,0.33333333333333315,0.2888888888888889,0.02631578947368418,0.0,0.3333333333333333
0.5526315789473686,0.4545454545454546,0.325581395348837,0.18037974683544306,0.1132075471698113,0.0,0.0418848167539268,0.1540041067761756,0.1333333333333328,0.0888888888888888,0.7631578947368425,0.0,0.3333333333333333
0.736842105263158,0.3409090909090909,0.9069767441860463,0.0,0.35849056603773577,0.380952380952381,0.4816753926701572,0.3408624229979466,0.5166666666666672,0.0888888888888888,0.5263157894736844,0.0,0.3333333333333333
0.5263157894736845,0.06818181818181823,0.6976744186046511,0.28481012658227844,0.22641509433962262,0.4603174603174604,0.7068062827225132,0.412731006160168,0.19999999999999962,0.6666666666666666,0.6842105263157896,0.0,0.3333333333333333
0.8421052631578949,0.4545454545454546,0.6046511627906975,0.0253164556962025,0.37735849056603776,0.09523809523809523,0.48691099476439803,0.6242299794661184,0.3999999999999999,0.33333333333333326,0.13157894736842113,0.0,0.3333333333333333
0.5789473684210528,0.3863636363636364,0.9069767441860463,0.7848101265822784,0.6981132075471699,0.7142857142857144,0.8638743455497384,0.9671457905544161,0.4833333333333337,0.46666666666666673,0.02631578947368418,0.0,0.3333333333333333
0.5789473684210528,0.3863636363636364,0.3023255813953487,0.740506329113924,0.5471698113207547,0.23809523809523814,0.5916230366492148,0.9117043121149925,0.3833333333333336,0.39999999999999997,0.2105263157894735,0.0,0.3333333333333333
0.736842105263158,0.27272727272727276,0.7906976744186045,0.01898734177215189,0.39622641509433965,0.031746031746031744,0.22513089005235615,0.5051334702258665,0.3500000000000002,0.6666666666666666,0.3421052631578946,0.0,0.3333333333333333
1.0000000000000002,0.04545454545454547,0.9069767441860463,0.0632911392405063,0.35849056603773577,0.20634920634920637,0.42408376963350797,0.5811088295687901,0.28333333333333344,0.46666666666666673,0.3421052631578946,0.0,0.3333333333333333
0.6842105263157897,0.4090909090909091,0.37209302325581384,0.012658227848101278,0.47169811320754723,0.1031746031746032,0.32460732984293206,0.5256673511293665,0.5166666666666672,0.1111111111111111,0.15789473684210523,0.0,0.3333333333333333
0.5526315789473686,0.3409090909090909,0.37209302325581384,0.8829113924050631,0.7924528301886794,0.6666666666666667,0.7958115183246075,0.9137577002053434,0.18333333333333324,0.37777777777777777,0.07894736842105238,0.0,0.3333333333333333
0.2368421052631579,0.2954545454545455,0.9534883720930232,0.41772151898734167,0.45283018867924535,0.4761904761904763,0.9109947643979059,0.6160164271047253,0.3833333333333336,0.48888888888888893,0.13157894736842113,0.0,0.3333333333333333
0.3947368421052634,0.36363636363636365,0.6046511627906975,0.22151898734177214,0.5471698113207547,0.4126984126984128,0.9267015706806284,0.5800821355236089,0.7833333333333334,0.5555555555555555,0.39473684210526333,0.0,0.3333333333333333
0.18421052631578938,0.5454545454545454,0.09302325581395338,0.18354430379746833,0.6603773584905661,0.34920634920634924,0.45549738219895297,0.4065708418891146,0.233333333333333,0.04444444444444445,0.07894736842105238,0.0,0.3333333333333333
0.34210526315789486,0.9090909090909092,0.3953488372093022,0.38607594936708856,0.45283018867924535,0.047619047619047616,0.7958115183246075,0.5687885010266946,0.3833333333333336,0.1333333333333333,0.13157894736842113,0.0,0.3333333333333333
0.5789473684210528,0.3863636363636364,0.9069767441860463,0.7848101265822784,0.6981132075471699,0.7142857142857144,0.8638743455497384,0.9671457905544161,0.4833333333333337,0.46666666666666673,0.02631578947368418,0.0,0.3333333333333333
0.44736842105263164,0.4090909090909091,0.5116279069767441,0.6329113924050633,0.2452830188679245,0.17460317460317462,0.20942408376963362,0.4332648870636565,0.5166666666666672,0.17777777777777778,0.6842105263157896,0.0,0.3333333333333333
0.5263157894736845,0.7045454545454546,0.5116279069767441,0.38607594936708856,0.35849056603773577,0.1904761904761905,0.47643979057591634,0.6899383983572863,0.6499999999999999,0.19999999999999993,0.39473684210526333,0.0,0.3333333333333333
0.8421052631578949,0.4545454545454546,0.6046511627906975,0.0253164556962025,0.37735849056603776,0.09523809523809523,0.48691099476439803,0.6242299794661184,0.3999999999999999,0.33333333333333326,0.13157894736842113,0.0,0.3333333333333333
0.21052631578947378,0.6590909090909092,0.9069767441860463,0.34177215189873417,0.37735849056603776,0.11111111111111116,0.46596858638743466,0.7002053388090306,0.5666666666666669,0.5555555555555555,0.02631578947368418,0.0,0.3333333333333333
0.5000000000000001,0.5454545454545454,0.3023255813953487,0.3481012658227848,0.47169811320754723,0.20634920634920637,0.39790575916230375,0.3655030800821374,0.28333333333333344,0.5111111111111112,0.6052631578947367,0.0,0.3333333333333333
0.36842105263157904,0.4090909090909091,0.5581395348837208,0.012658227848101278,0.35849056603773577,0.14285714285714285,0.2146596858638744,0.24845995893223666,0.19999999999999962,0.33333333333333326,0.4473684210526315,0.0,0.3333333333333333
0.5000000000000001,0.5454545454545454,0.3023255813953487,0.3481012658227848,0.47169811320754723,0.20634920634920637,0.39790575916230375,0.3655030800821374,0.28333333333333344,0.5111111111111112,0.6052631578947367,0.0,0.3333333333333333
0.5000000000000001,0.5454545454545454,0.3023255813953487,0.3481012658227848,0.47169811320754723,0.20634920634920637,0.39790575916230375,0.3655030800821374,0.28333333333333344,0.5111111111111112,0.6052631578947367,0.0,0.3333333333333333
0.5789473684210528,0.3863636363636364,0.9069767441860463,0.7848101265822784,0.6981132075471699,0.7142857142857144,0.8638743455497384,0.9671457905544161,0.4833333333333337,0.46666666666666673,0.02631578947368418,0.0,0.3333333333333333
1.0000000000000002,0.11363636363636359,0.7441860465116277,0.0632911392405063,0.41509433962264153,0.17460317460317462,0.40837696335078544,0.5841889117043111,0.2666666666666664,0.7555555555555555,0.2894736842105263,0.0,0.3333333333333333
0.6842105263157897,0.04545454545454547,0.6046511627906975,0.03164556962025317,0.15094339622641506,0.14285714285714285,0.5026178010471205,0.47433264887063364,0.45000000000000034,0.15555555555555556,0.3684210526315792,0.0,0.3333333333333333
0.5526315789473686,0.4090909090909091,0.325581395348837,0.22784810126582278,0.5283018867924528,0.047619047619047616,0.5654450261780106,0.6488706365503092,0.3500000000000002,0.39999999999999997,0.05263157894736825,0.0,0.3333333333333333
0.26315789473684226,0.4545454545454546,0.23255813953488358,0.879746835443038,0.6603773584905661,0.507936507936508,0.712041884816754,0.905544147843939,0.33333333333333315,0.2888888888888889,0.02631578947368418,0.0,0.3333333333333333
0.5000000000000001,0.7954545454545454,0.5116279069767441,0.26582278481012656,0.3396226415094339,0.20634920634920637,0.40837696335078544,0.5872689938398321,0.5166666666666672,0.2888888888888889,0.4736842105263157,0.0,0.3333333333333333
0.34210526315789486,0.9090909090909092,0.3953488372093022,0.38607594936708856,0.45283018867924535,0.047619047619047616,0.7958115183246075,0.5687885010266946,0.3833333333333336,0.1333333333333333,0.13157894736842113,0.0,0.3333333333333333
0.8421052631578949,0.4545454545454546,0.6046511627906975,0.0253164556962025,0.37735849056603776,0.09523809523809523,0.48691099476439803,0.6242299794661184,0.3999999999999999,0.33333333333333326,0.13157894736842113,0.0,0.3333333333333333
0.8157894736842107,0.27272727272727276,0.2558139534883719,0.9620253164556962,0.9245283018867925,0.5714285714285715,0.8952879581151834,0.8747433264887062,0.1499999999999999,0.39999999999999997,0.23684210526315808,0.0,0.3333333333333333
1.0000000000000002,0.04545454545454547,0.9069767441860463,0.0632911392405063,0.35849056603773577,0.20634920634920637,0.42408376963350797,0.5811088295687901,0.28333333333333344,0.46666666666666673,0.3421052631578946,0.0,0.3333333333333333
0.18421052631578938,0.1363636363636364,0.5581395348837208,0.5379746835443038,0.30188679245283023,0.5238095238095238,0.9162303664921467,0.5667351129363436,0.3500000000000002,0.26666666666666666,0.3157894736842105,0.0,0.3333333333333333
0.3947368421052634,0.25,0.325581395348837,0.16455696202531644,0.6037735849056605,0.126984126984127,0.30890052356020953,0.48459958932237795,0.10000000000000014,0.3555555555555555,0.15789473684210523,0.0,0.3333333333333333
0.21052631578947378,0.6590909090909092,0.9069767441860463,0.34177215189873417,0.37735849056603776,0.11111111111111116,0.46596858638743466,0.7002053388090306,0.5666666666666669,0.5555555555555555,0.02631578947368418,0.0,0.3333333333333333
0.3947368421052634,0.4090909090909091,0.1395348837209301,0.0253164556962025,0.490566037735849,0.15873015873015875,0.36649214659685875,0.4640657084188894,0.4833333333333337,0.1333333333333333,0.15789473684210523,0.0,0.3333333333333333
0.2894736842105264,0.31818181818181823,0.5813953488372091,0.5569620253164558,0.7924528301886794,0.8888888888888891,0.8062827225130891,0.7926078028747405,0.36666666666666653,0.5555555555555555,0.02631578947368418,0.0,0.3333333333333333
0.26315789473684226,0.4545454545454546,0.23255813953488358,0.879746835443038,0.6603773584905661,0.507936507936508,0.712041884816754,0.905544147843939,0.33333333333333315,0.2888888888888889,0.02631578947368418,0.0,0.3333333333333333
0.5526315789473686,0.4545454545454546,0.325581395348837,0.18037974683544306,0.1132075471698113,0.0,0.0418848167539268,0.1540041067761756,0.1333333333333328,0.0888888888888888,0.7631578947368425,0.0,0.3333333333333333
0.2368421052631579,0.22727272727272724,0.6279069767441858,0.05063291139240503,0.1132075471698113,0.015873015873015872,0.18324607329842946,0.02258726899383967,0.6166666666666666,0.04444444444444445,0.868421052631579,0.0,0.3333333333333333
0.5789473684210528,0.15909090909090906,0.5813953488372091,0.012658227848101278,0.30188679245283023,0.031746031746031744,0.4188481675392671,0.1971252566735039,0.21666666666666662,0.2888888888888889,0.6315789473684214,0.0,0.3333333333333333
0.5526315789473686,0.4090909090909091,0.325581395348837,0.22784810126582278,0.5283018867924528,0.047619047619047616,0.5654450261780106,0.6488706365503092,0.3500000000000002,0.39999999999999997,0.05263157894736825,0.0,0.3333333333333333
0.36842105263157904,0.1363636363636364,0.3953488372093022,0.012658227848101278,0.169811320754717,0.22222222222222224,0.2198952879581153,0.07392197125256111,0.3500000000000002,0.1111111111111111,0.7368421052631579,0.0,0.3333333333333333
0.44736842105263164,0.15909090909090906,0.4186046511627906,0.10759493670886075,0.169811320754717,0.28571428571428575,0.44502617801047134,0.4691991786447615,0.7000000000000004,0.7111111111111111,0.3421052631578946,0.0,0.3333333333333333
0.6842105263157897,0.04545454545454547,0.6046511627906975,0.03164556962025317,0.15094339622641506,0.14285714285714285,0.5026178010471205,0.47433264887063364,0.45000000000000034,0.15555555555555556,0.3684210526315792,0.0,0.3333333333333333
0.5000000000000001,0.7954545454545454,0.5116279069767441,0.26582278481012656,0.3396226415094339,0.20634920634920637,0.40837696335078544,0.5872689938398321,0.5166666666666672,0.2888888888888889,0.4736842105263157,0.0,0.3333333333333333
0.10526315789473678,0.22727272727272724,0.7906976744186045,0.15822784810126578,0.07547169811320759,0.0,0.43455497382198965,0.18685831622175958,1.0,0.2444444444444444,0.7368421052631579,0.0,0.3333333333333333
0.473684210526316,0.4090909090909091,0.8604651162790696,0.25949367088607594,0.35849056603773577,0.22222222222222224,0.20418848167539277,0.15605749486652676,0.16666666666666619,0.19999999999999993,0.9736842105263159,0.0,0.3333333333333333
0.4210526315789475,0.22727272727272724,0.1860465116279068,0.01898734177215189,0.39622641509433965,0.06349206349206349,0.18848167539267024,0.4640657084188894,0.7500000000000001,0.33333333333333326,0.3157894736842105,0.0,0.3333333333333333
0.05263157894736831,0.09090909090909088,0.44186046511627886,0.0822784810126582,0.28301886792452835,0.0,0.10994764397905771,0.1827515400410687,0.233333333333333,0.2888888888888889,0.3157894736842105,0.0,0.3333333333333333
0.18421052631578938,0.5454545454545454,0.09302325581395338,0.18354430379746833,0.6603773584905661,0.34920634920634924,0.45549738219895297,0.4065708418891146,0.233333333333333,0.04444444444444445,0.07894736842105238,0.0,0.3333333333333333
0.18421052631578938,0.5454545454545454,0.09302325581395338,0.18354430379746833,0.6603773584905661,0.34920634920634924,0.45549738219895297,0.4065708418891146,0.233333333333333,0.04444444444444445,0.07894736842105238,0.0,0.3333333333333333
0.2368421052631579,0.2954545454545455,0.9534883720930232,0.41772151898734167,0.45283018867924535,0.4761904761904763,0.9109947643979059,0.6160164271047253,0.3833333333333336,0.48888888888888893,0.13157894736842113,0.0,0.3333333333333333
0.6842105263157897,0.04545454545454547,0.6046511627906975,0.03164556962025317,0.15094339622641506,0.14285714285714285,0.5026178010471205,0.47433264887063364,0.45000000000000034,0.15555555555555556,0.3684210526315792,0.0,0.3333333333333333
0.6578947368421055,0.04545454545454547,0.46511627906976727,0.24050632911392406,0.22641509433962262,0.507936507936508,0.7591623036649215,0.7412731006160191,0.9000000000000007,0.26666666666666666,0.02631578947368418,0.0,0.3333333333333333
0.36842105263157904,0.2954545454545455,0.44186046511627886,0.22784810126582278,0.39622641509433965,0.015873015873015872,0.32460732984293206,0.5236139630390153,0.6833333333333333,0.3555555555555555,0.4473684210526315,0.0,0.3333333333333333
0.34210526315789486,0.3863636363636364,0.4883720930232557,0.5632911392405062,0.28301886792452835,0.07936507936507936,0.7801047120418849,0.5975359342915764,0.8833333333333336,0.5111111111111112,0.6578947368421055,0.0,0.3333333333333333
0.5000000000000001,0.7954545454545454,0.5116279069767441,0.26582278481012656,0.3396226415094339,0.20634920634920637,0.40837696335078544,0.5872689938398321,0.5166666666666672,0.2888888888888889,0.4736842105263157,0.0,0.3333333333333333
0.10526315789473678,0.22727272727272724,0.7906976744186045,0.15822784810126578,0.07547169811320759,0.0,0.43455497382198965,0.18685831622175958,1.0,0.2444444444444444,0.7368421052631579,0.0,0.3333333333333333
0.44736842105263164,0.15909090909090906,0.4186046511627906,0.10759493670886075,0.169811320754717,0.28571428571428575,0.44502617801047134,0.4691991786447615,0.7000000000000004,0.7111111111111111,0.3421052631578946,0.0,0.3333333333333333
0.34210526315789486,0.3863636363636364,0.4883720930232557,0.5632911392405062,0.28301886792452835,0.07936507936507936,0.7801047120418849,0.5975359342915764,0.8833333333333336,0.5111111111111112,0.6578947368421055,0.0,0.3333333333333333
0.2894736842105264,0.31818181818181823,0.5813953488372091,0.5569620253164558,0.7924528301886794,0.8888888888888891,0.8062827225130891,0.7926078028747405,0.36666666666666653,0.5555555555555555,0.02631578947368418,0.0,0.3333333333333333
0.736842105263158,0.27272727272727276,0.7906976744186045,0.01898734177215189,0.39622641509433965,0.031746031746031744,0.22513089005235615,0.5051334702258665,0.3500000000000002,0.6666666666666666,0.3421052631578946,0.0,0.3333333333333333
0.26315789473684226,0.4545454545454546,0.23255813953488358,0.879746835443038,0.6603773584905661,0.507936507936508,0.712041884816754,0.905544147843939,0.33333333333333315,0.2888888888888889,0.02631578947368418,0.0,0.3333333333333333
0.34210526315789486,0.9090909090909092,0.3953488372093022,0.38607594936708856,0.45283018867924535,0.047619047619047616,0.7958115183246075,0.5687885010266946,0.3833333333333336,0.1333333333333333,0.13157894736842113,0.0,0.3333333333333333
0.736842105263158,0.3409090909090909,0.9069767441860463,0.0,0.35849056603773577,0.380952380952381,0.4816753926701572,0.3408624229979466,0.5166666666666672,0.0888888888888888,0.5263157894736844,0.0,0.3333333333333333
0.473684210526316,0.4090909090909091,0.8604651162790696,0.25949367088607594,0.35849056603773577,0.22222222222222224,0.20418848167539277,0.15605749486652676,0.16666666666666619,0.19999999999999993,0.9736842105263159,0.0,0.3333333333333333
0.18421052631578938,0.4090909090909091,0.6279069767441858,0.05063291139240503,0.490566037735849,0.126984126984127,0.9109947643979059,0.5154004106776222,0.933333333333334,0.26666666666666666,0.4210526315789474,0.0,0.3333333333333333
0.44736842105263164,0.4090909090909091,0.5116279069767441,0.6329113924050633,0.2452830188679245,0.17460317460317462,0.20942408376963362,0.4332648870636565,0.5166666666666672,0.17777777777777778,0.6842105263157896,0.0,0.3333333333333333
1.0000000000000002,0.31818181818181823,0.9069767441860463,0.6835443037974683,0.3207547169811321,0.380952380952381,0.5811518324607331,0.8747433264887062,0.28333333333333344,0.04444444444444445,0.3157894736842105,0.0,0.3333333333333333
0.44736842105263164,0.4090909090909091,0.5116279069767441,0.6329113924050633,0.2452830188679245,0.17460317460317462,0.20942408376963362,0.4332648870636565,0.5166666666666672,0.17777777777777778,0.6842105263157896,0.0,0.3333333333333333
0.5263157894736845,0.7045454545454546,0.5116279069767441,0.38607594936708856,0.35849056603773577,0.1904761904761905,0.47643979057591634,0.6899383983572863,0.6499999999999999,0.19999999999999993,0.39473684210526333,0.0,0.3333333333333333
0.18421052631578938,0.31818181818181823,0.3488372093023254,0.7531645569620252,0.5471698113207547,0.4603174603174604,0.8534031413612567,0.8644763860369619,0.5333333333333334,0.2444444444444444,0.02631578947368418,0.0,0.3333333333333333
0.5263157894736845,0.7045454545454546,0.5116279069767441,0.38607594936708856,0.35849056603773577,0.1904761904761905,0.47643979057591634,0.6899383983572863,0.6499999999999999,0.19999999999999993,0.39473684210526333,0.0,0.3333333333333333
0.18421052631578938,0.1363636363636364,0.5581395348837208,0.5379746835443038,0.30188679245283023,0.5238095238095238,0.9162303664921467,0.5667351129363436,0.3500000000000002,0.26666666666666666,0.3157894736842105,0.0,0.3333333333333333
0.5789473684210528,0.27272727272727276,0.6046511627906975,0.037974683544303806,0.13207547169811318,0.015873015873015872,0.4188481675392671,0.3613963039014352,0.36666666666666653,0.17777777777777778,0.39473684210526333,0.0,0.3333333333333333
0.36842105263157904,0.6818181818181819,0.6279069767441858,0.25949367088607594,0.41509433962264153,0.6507936507936509,0.9162303664921467,0.4435318275154008,0.25000000000000006,0.7333333333333334,0.4210526315789474,0.0,0.3333333333333333
0.5789473684210528,0.27272727272727276,0.6046511627906975,0.037974683544303806,0.13207547169811318,0.015873015873015872,0.4188481675392671,0.3613963039014352,0.36666666666666653,0.17777777777777778,0.39473684210526333,0.0,0.3333333333333333
0.4210526315789475,0.22727272727272724,0.1860465116279068,0.01898734177215189,0.39622641509433965,0.06349206349206349,0.18848167539267024,0.4640657084188894,0.7500000000000001,0.33333333333333326,0.3157894736842105,0.0,0.3333333333333333
0.18421052631578938,0.1363636363636364,0.5581395348837208,0.5379746835443038,0.30188679245283023,0.5238095238095238,0.9162303664921467,0.5667351129363436,0.3500000000000002,0.26666666666666666,0.3157894736842105,0.0,0.3333333333333333
0.10526315789473678,0.22727272727272724,0.7906976744186045,0.15822784810126578,0.07547169811320759,0.0,0.43455497382198965,0.18685831622175958,1.0,0.2444444444444444,0.7368421052631579,0.0,0.3333333333333333
0.8421052631578949,0.4545454545454546,0.6046511627906975,0.0253164556962025,0.37735849056603776,0.09523809523809523,0.48691099476439803,0.6242299794661184,0.3999999999999999,0.33333333333333326,0.13157894736842113,0.0,0.3333333333333333
0.44736842105263164,0.22727272727272724,0.5581395348837208,0.012658227848101278,0.37735849056603776,0.015873015873015872,0.5549738219895289,0.18891170431211074,0.3833333333333336,0.3111111111111111,0.6052631578947367,0.0,0.3333333333333333
0.34210526315789486,0.18181818181818182,0.2790697674418603,0.012658227848101278,0.2452830188679245,0.0,0.5130890052356022,0.1540041067761756,0.28333333333333344,0.1111111111111111,0.6052631578947367,0.0,0.3333333333333333
0.5263157894736845,0.7045454545454546,0.5116279069767441,0.38607594936708856,0.35849056603773577,0.1904761904761905,0.47643979057591634,0.6899383983572863,0.6499999999999999,0.19999999999999993,0.39473684210526333,0.0,0.3333333333333333
0.5789473684210528,0.7727272727272727,0.6279069767441858,0.012658227848101278,0.169811320754717,0.0,0.16230366492146608,0.3162217659137557,0.19999999999999962,0.48888888888888893,0.39473684210526333,0.0,0.3333333333333333
0.36842105263157904,0.1363636363636364,0.3953488372093022,0.012658227848101278,0.169811320754717,0.22222222222222224,0.2198952879581153,0.07392197125256111,0.3500000000000002,0.1111111111111111,0.7368421052631579,0.0,0.3333333333333333
0.3947368421052634,0.36363636363636365,0.44186046511627886,0.01898734177215189,0.5283018867924528,0.3015873015873016,0.8534031413612567,0.425051334702252,0.6000000000000002,0.48888888888888893,0.26315789473684226,0.0,0.3333333333333333
1.0000000000000002,0.11363636363636359,0.7441860465116277,0.0632911392405063,0.41509433962264153,0.17460317460317462,0.40837696335078544,0.5841889117043111,0.2666666666666664,0.7555555555555555,0.2894736842105263,0.0,0.3333333333333333
0.34210526315789486,0.9090909090909092,0.3953488372093022,0.38607594936708856,0.45283018867924535,0.047619047619047616,0.7958115183246075,0.5687885010266946,0.3833333333333336,0.1333333333333333,0.13157894736842113,0.0,0.3333333333333333
0.5000000000000001,0.7954545454545454,0.5116279069767441,0.26582278481012656,0.3396226415094339,0.20634920634920637,0.40837696335078544,0.5872689938398321,0.5166666666666672,0.2888888888888889,0.4736842105263157,0.0,0.3333333333333333
0.36842105263157904,0.4090909090909091,0.5581395348837208,0.012658227848101278,0.35849056603773577,0.14285714285714285,0.2146596858638744,0.24845995893223666,0.19999999999999962,0.33333333333333326,0.4473684210526315,0.0,0.3333333333333333
0.2894736842105264,0.31818181818181823,0.4186046511627906,0.47468354430379744,0.41509433962264153,0.7777777777777779,0.9633507853403143,0.6899383983572863,0.2666666666666664,0.48888888888888893,0.0,0.0,0.3333333333333333
0.34210526315789486,0.3863636363636364,0.4883720930232557,0.5632911392405062,0.28301886792452835,0.07936507936507936,0.7801047120418849,0.5975359342915764,0.8833333333333336,0.5111111111111112,0.6578947368421055,0.0,0.3333333333333333
0.5789473684210528,0.27272727272727276,0.6046511627906975,0.037974683544303806,0.13207547169811318,0.015873015873015872,0.4188481675392671,0.3613963039014352,0.36666666666666653,0.17777777777777778,0.39473684210526333,0.0,0.3333333333333333
1.0000000000000002,0.11363636363636359,0.7441860465116277,0.0632911392405063,0.41509433962264153,0.17460317460317462,0.40837696335078544,0.5841889117043111,0.2666666666666664,0.7555555555555555,0.2894736842105263,0.0,0.3333333333333333
0.18421052631578938,0.1363636363636364,0.5581395348837208,0.5379746835443038,0.30188679245283023,0.5238095238095238,0.9162303664921467,0.5667351129363436,0.3500000000000002,0.26666666666666666,0.3157894736842105,0.0,0.3333333333333333
0.8947368421052637,0.47727272727272724,0.9069767441860463,0.0,0.2075471698113207,0.14285714285714285,0.15706806282722519,0.25872689938398097,0.04999999999999971,0.0222222222222222,0.4210526315789474,0.0,0.3333333333333333
0.5000000000000001,0.31818181818181823,0.7441860465116277,0.012658227848101278,0.15094339622641506,0.380952380952381,0.6073298429319373,0.26386036960985315,0.3999999999999999,0.2444444444444444,0.4736842105263157,0.0,0.3333333333333333
0.6578947368421055,0.04545454545454547,0.46511627906976727,0.24050632911392406,0.22641509433962262,0.507936507936508,0.7591623036649215,0.7412731006160191,0.9000000000000007,0.26666666666666666,0.02631578947368418,0.0,0.3333333333333333
0.3947368421052634,0.1363636363636364,0.5581395348837208,0.05696202531645567,0.3396226415094339,0.3174603174603175,0.5759162303664922,0.412731006160168,0.6333333333333336,0.6222222222222222,0.3157894736842105,0.0,0.3333333333333333
0.8421052631578949,0.4545454545454546,0.6046511627906975,0.0253164556962025,0.37735849056603776,0.09523809523809523,0.48691099476439803,0.6242299794661184,0.3999999999999999,0.33333333333333326,0.13157894736842113,0.0,0.3333333333333333
0.36842105263157904,0.4090909090909091,0.5581395348837208,0.012658227848101278,0.35849056603773577,0.14285714285714285,0.2146596858638744,0.24845995893223666,0.19999999999999962,0.33333333333333326,0.4473684210526315,0.0,0.3333333333333333
0.5000000000000001,0.31818181818181823,0.7441860465116277,0.012658227848101278,0.15094339622641506,0.380952380952381,0.6073298429319373,0.26386036960985315,0.3999999999999999,0.2444444444444444,0.4736842105263157,0.0,0.3333333333333333
0.3947368421052634,0.25,0.325581395348837,0.16455696202531644,0.6037735849056605,0.126984126984127,0.30890052356020953,0.48459958932237795,0.10000000000000014,0.3555555555555555,0.15789473684210523,0.0,0.3333333333333333
0.26315789473684226,0.47727272727272724,0.5813953488372091,0.29113924050632906,0.169811320754717,0.06349206349206349,0.6387434554973823,0.5061601642710477,0.3999999999999999,0.39999999999999997,0.23684210526315808,0.0,0.3333333333333333
0.6842105263157897,0.20454545454545456,0.6279069767441858,0.5443037974683544,0.5471698113207547,0.28571428571428575,0.6963350785340315,0.869609856262834,0.6499999999999999,0.33333333333333326,0.23684210526315808,0.0,0.3333333333333333
0.3947368421052634,0.36363636363636365,0.44186046511627886,0.01898734177215189,0.5283018867924528,0.3015873015873016,0.8534031413612567,0.425051334702252,0.6000000000000002,0.48888888888888893,0.26315789473684226,0.0,0.3333333333333333
0.3947368421052634,0.36363636363636365,0.6046511627906975,0.22151898734177214,0.5471698113207547,0.4126984126984128,0.9267015706806284,0.5800821355236089,0.7833333333333334,0.5555555555555555,0.39473684210526333,0.0,0.3333333333333333
0.3947368421052634,0.36363636363636365,0.46511627906976727,0.01898734177215189,0.5283018867924528,0.3015873015873016,0.8376963350785342,0.4240246406570821,0.6000000000000002,0.48888888888888893,0.26315789473684226,0.0,0.3333333333333333
0.26315789473684226,0.4545454545454546,0.23255813953488358,0.879746835443038,0.6603773584905661,0.507936507936508,0.712041884816754,0.905544147843939,0.33333333333333315,0.2888888888888889,0.02631578947368418,0.0,0.3333333333333333
0.21052631578947378,0.7045454545454546,0.37209302325581384,0.21518987341772156,0.7169811320754718,0.9206349206349208,0.9424083769633509,0.4640657084188894,0.5666666666666669,0.4444444444444445,0.23684210526315808,0.0,0.3333333333333333
0.5526315789473686,0.4090909090909091,0.325581395348837,0.22784810126582278,0.5283018867924528,0.047619047619047616,0.5654450261780106,0.6488706365503092,0.3500000000000002,0.39999999999999997,0.05263157894736825,0.0,0.3333333333333333
0.26315789473684226,0.4545454545454546,0.23255813953488358,0.879746835443038,0.6603773584905661,0.507936507936508,0.712041884816754,0.905544147843939,0.33333333333333315,0.2888888888888889,0.02631578947368418,0.0,0.3333333333333333
0.5263157894736845,0.7045454545454546,0.5116279069767441,0.38607594936708856,0.35849056603773577,0.1904761904761905,0.47643979057591634,0.6899383983572863,0.6499999999999999,0.19999999999999993,0.39473684210526333,0.0,0.3333333333333333
0.5000000000000001,0.7954545454545454,0.5116279069767441,0.26582278481012656,0.3396226415094339,0.20634920634920637,0.40837696335078544,0.5872689938398321,0.5166666666666672,0.2888888888888889,0.4736842105263157,0.0,0.3333333333333333
0.2368421052631579,0.2954545454545455,0.9534883720930232,0.41772151898734167,0.45283018867924535,0.4761904761904763,0.9109947643979059,0.6160164271047253,0.3833333333333336,0.48888888888888893,0.13157894736842113,0.0,0.3333333333333333
0.5000000000000001,0.31818181818181823,0.7441860465116277,0.012658227848101278,0.15094339622641506,0.380952380952381,0.6073298429319373,0.26386036960985315,0.3999999999999999,0.2444444444444444,0.4736842105263157,0.0,0.3333333333333333
0.8157894736842107,0.27272727272727276,0.2558139534883719,0.9620253164556962,0.9245283018867925,0.5714285714285715,0.8952879581151834,0.8747433264887062,0.1499999999999999,0.39999999999999997,0.23684210526315808,0.0,0.3333333333333333
0.4210526315789475,0.22727272727272724,0.1860465116279068,0.01898734177215189,0.39622641509433965,0.06349206349206349,0.18848167539267024,0.4640657084188894,0.7500000000000001,0.33333333333333326,0.3157894736842105,0.0,0.3333333333333333
0.5789473684210528,0.15909090909090906,0.5813953488372091,0.012658227848101278,0.30188679245283023,0.031746031746031744,0.4188481675392671,0.1971252566735039,0.21666666666666662,0.2888888888888889,0.6315789473684214,0.0,0.3333333333333333
0.5789473684210528,0.15909090909090906,0.5813953488372091,0.012658227848101278,0.30188679245283023,0.031746031746031744,0.4188481675392671,0.1971252566735039,0.21666666666666662,0.2888888888888889,0.6315789473684214,0.0,0.3333333333333333
0.05263157894736831,0.09090909090909088,0.44186046511627886,0.0822784810126582,0.28301886792452835,0.0,0.10994764397905771,0.1827515400410687,0.233333333333333,0.2888888888888889,0.3157894736842105,0.0,0.3333333333333333
0.44736842105263164,0.15909090909090906,0.4186046511627906,0.10759493670886075,0.169811320754717,0.28571428571428575,0.44502617801047134,0.4691991786447615,0.7000000000000004,0.7111111111111111,0.3421052631578946,0.0,0.3333333333333333
0.2368421052631579,0.2954545454545455,0.9534883720930232,0.41772151898734167,0.45283018867924535,0.4761904761904763,0.9109947643979059,0.6160164271047253,0.3833333333333336,0.48888888888888893,0.13157894736842113,0.0,0.3333333333333333
0.44736842105263164,0.15909090909090906,0.4186046511627906,0.10759493670886075,0.169811320754717,0.28571428571428575,0.44502617801047134,0.4691991786447615,0.7000000000000004,0.7111111111111111,0.3421052631578946,0.0,0.3333333333333333
0.3947368421052634,0.25,0.325581395348837,0.16455696202531644,0.6037735849056605,0.126984126984127,0.30890052356020953,0.48459958932237795,0.10000000000000014,0.3555555555555555,0.15789473684210523,0.0,0.3333333333333333
0.18421052631578938,0.1363636363636364,0.5581395348837208,0.5379746835443038,0.30188679245283023,0.5238095238095238,0.9162303664921467,0.5667351129363436,0.3500000000000002,0.26666666666666666,0.3157894736842105,0.0,0.3333333333333333
0.6842105263157897,0.20454545454545456,0.6279069767441858,0.5443037974683544,0.5471698113207547,0.28571428571428575,0.6963350785340315,0.869609856262834,0.6499999999999999,0.33333333333333326,0.23684210526315808,0.0,0.3333333333333333
0.18421052631578938,0.31818181818181823,0.3488372093023254,0.7531645569620252,0.5471698113207547,0.4603174603174604,0.8534031413612567,0.8644763860369619,0.5333333333333334,0.2444444444444444,0.02631578947368418,0.0,0.3333333333333333
0.6842105263157897,0.4090909090909091,0.37209302325581384,0.012658227848101278,0.47169811320754723,0.1031746031746032,0.32460732984293206,0.5256673511293665,0.5166666666666672,0.1111111111111111,0.15789473684210523,0.0,0.3333333333333333
0.2894736842105264,0.31818181818181823,0.4186046511627906,0.47468354430379744,0.41509433962264153,0.7777777777777779,0.9633507853403143,0.6899383983572863,0.2666666666666664,0.48888888888888893,0.0,0.0,0.3333333333333333
0.05263157894736831,0.09090909090909088,0.44186046511627886,0.0822784810126582,0.28301886792452835,0.0,0.10994764397905771,0.1827515400410687,0.233333333333333,0.2888888888888889,0.3157894736842105,0.0,0.3333333333333333
0.6842105263157897,0.20454545454545456,0.6279069767441858,0.5443037974683544,0.5471698113207547,0.28571428571428575,0.6963350785340315,0.869609856262834,0.6499999999999999,0.33333333333333326,0.23684210526315808,0.0,0.3333333333333333
0.8157894736842107,0.27272727272727276,0.2558139534883719,0.9620253164556962,0.9245283018867925,0.5714285714285715,0.8952879581151834,0.8747433264887062,0.1499999999999999,0.39999999999999997,0.23684210526315808,0.0,0.3333333333333333
0.44736842105263164,0.22727272727272724,0.5581395348837208,0.012658227848101278,0.37735849056603776,0.015873015873015872,0.5549738219895289,0.18891170431211074,0.3833333333333336,0.3111111111111111,0.6052631578947367,0.0,0.3333333333333333
0.34210526315789486,0.3863636363636364,0.4883720930232557,0.5632911392405062,0.28301886792452835,0.07936507936507936,0.7801047120418849,0.5975359342915764,0.8833333333333336,0.5111111111111112,0.6578947368421055,0.0,0.3333333333333333
0.5789473684210528,0.3863636363636364,0.9069767441860463,0.7848101265822784,0.6981132075471699,0.7142857142857144,0.8638743455497384,0.9671457905544161,0.4833333333333337,0.46666666666666673,0.02631578947368418,0.0,0.3333333333333333
1.0000000000000002,0.11363636363636359,0.7441860465116277,0.0632911392405063,0.41509433962264153,0.17460317460317462,0.40837696335078544,0.5841889117043111,0.2666666666666664,0.7555555555555555,0.2894736842105263,0.0,0.3333333333333333
0.8421052631578949,0.4545454545454546,0.6046511627906975,0.0253164556962025,0.37735849056603776,0.09523809523809523,0.48691099476439803,0.6242299794661184,0.3999999999999999,0.33333333333333326,0.13157894736842113,0.0,0.3333333333333333
0.36842105263157904,0.4090909090909091,0.5581395348837208,0.012658227848101278,0.35849056603773577,0.14285714285714285,0.2146596858638744,0.24845995893223666,0.19999999999999962,0.33333333333333326,0.4473684210526315,0.0,0.3333333333333333
0.5789473684210528,0.3863636363636364,0.3023255813953487,0.740506329113924,0.5471698113207547,0.23809523809523814,0.5916230366492148,0.9117043121149925,0.3833333333333336,0.39999999999999997,0.2105263157894735,0.0,0.3333333333333333
0.8421052631578949,0.4545454545454546,0.6046511627906975,0.0253164556962025,0.37735849056603776,0.09523809523809523,0.48691099476439803,0.6242299794661184,0.3999999999999999,0.33333333333333326,0.13157894736842113,0.0,0.3333333333333333
0.2368421052631579,0.2954545454545455,0.9534883720930232,0.41772151898734167,0.45283018867924535,0.4761904761904763,0.9109947643979059,0.6160164271047253,0.3833333333333336,0.48888888888888893,0.13157894736842113,0.0,0.3333333333333333
0.5789473684210528,0.27272727272727276,0.6046511627906975,0.037974683544303806,0.13207547169811318,0.015873015873015872,0.4188481675392671,0.3613963039014352,0.36666666666666653,0.17777777777777778,0.39473684210526333,0.0,0.3333333333333333
0.21052631578947378,0.6590909090909092,0.9069767441860463,0.34177215189873417,0.37735849056603776,0.11111111111111116,0.46596858638743466,0.7002053388090306,0.5666666666666669,0.5555555555555555,0.02631578947368418,0.0,0.3333333333333333
0.36842105263157904,0.1363636363636364,0.3953488372093022,0.012658227848101278,0.169811320754717,0.22222222222222224,0.2198952879581153,0.07392197125256111,0.3500000000000002,0.1111111111111111,0.7368421052631579,0.0,0.3333333333333333
1.0000000000000002,0.11363636363636359,0.7441860465116277,0.0632911392405063,0.41509433962264153,0.17460317460317462,0.40837696335078544,0.5841889117043111,0.2666666666666664,0.7555555555555555,0.2894736842105263,0.0,0.3333333333333333
0.26315789473684226,0.47727272727272724,0.5813953488372091,0.29113924050632906,0.169811320754717,0.06349206349206349,0.6387434554973823,0.5061601642710477,0.3999999999999999,0.39999999999999997,0.23684210526315808,0.0,0.3333333333333333
1.0000000000000002,0.04545454545454547,0.9069767441860463,0.0632911392405063,0.35849056603773577,0.20634920634920637,0.42408376963350797,0.5811088295687901,0.28333333333333344,0.46666666666666673,0.3421052631578946,0.0,0.3333333333333333
0.34210526315789486,0.18181818181818182,0.2790697674418603,0.012658227848101278,0.2452830188679245,0.0,0.5130890052356022,0.1540041067761756,0.28333333333333344,0.1111111111111111,0.6052631578947367,0.0,0.3333333333333333
0.5263157894736845,0.7045454545454546,0.5116279069767441,0.38607594936708856,0.35849056603773577,0.1904761904761905,0.47643979057591634,0.6899383983572863,0.6499999999999999,0.19999999999999993,0.39473684210526333,0.0,0.3333333333333333
0.36842105263157904,0.2954545454545455,0.44186046511627886,0.22784810126582278,0.39622641509433965,0.015873015873015872,0.32460732984293206,0.5236139630390153,0.6833333333333333,0.3555555555555555,0.4473684210526315,0.0,0.3333333333333333
1.0000000000000002,0.04545454545454547,0.9069767441860463,0.0632911392405063,0.35849056603773577,0.20634920634920637,0.42408376963350797,0.5811088295687901,0.28333333333333344,0.46666666666666673,0.3421052631578946,0.0,0.3333333333333333
0.8947368421052637,0.47727272727272724,0.9069767441860463,0.0,0.2075471698113207,0.14285714285714285,0.15706806282722519,0.25872689938398097,0.04999999999999971,0.0222222222222222,0.4210526315789474,0.0,0.3333333333333333
0.3157894736842105,0.5454545454545454,0.1860465116279068,0.012658227848101278,0.3207547169811321,0.23809523809523814,0.3036649214659687,0.3305954825462023,0.4833333333333337,0.2888888888888889,0.3157894736842105,0.0,0.3333333333333333
0.3947368421052634,0.25,0.325581395348837,0.16455696202531644,0.6037735849056605,0.126984126984127,0.30890052356020953,0.48459958932237795,0.10000000000000014,0.3555555555555555,0.15789473684210523,0.0,0.3333333333333333
0.5000000000000001,0.7954545454545454,0.5116279069767441,0.26582278481012656,0.3396226415094339,0.20634920634920637,0.40837696335078544,0.5872689938398321,0.5166666666666672,0.2888888888888889,0.4736842105263157,0.0,0.3333333333333333
0.8421052631578949,0.4545454545454546,0.6046511627906975,0.0253164556962025,0.37735849056603776,0.09523809523809523,0.48691099476439803,0.6242299794661184,0.3999999999999999,0.33333333333333326,0.13157894736842113,0.0,0.3333333333333333
0.10526315789473678,0.22727272727272724,0.7906976744186045,0.15822784810126578,0.07547169811320759,0.0,0.43455497382198965,0.18685831622175958,1.0,0.2444444444444444,0.7368421052631579,0.0,0.3333333333333333
0.6842105263157897,0.4090909090909091,0.37209302325581384,0.012658227848101278,0.47169811320754723,0.1031746031746032,0.32460732984293206,0.5256673511293665,0.5166666666666672,0.1111111111111111,0.15789473684210523,0.0,0.3333333333333333
0.5526315789473686,0.4545454545454546,0.325581395348837,0.18037974683544306,0.1132075471698113,0.0,0.0418848167539268,0.1540041067761756,0.1333333333333328,0.0888888888888888,0.7631578947368425,0.0,0.3333333333333333
0.18421052631578938,0.31818181818181823,0.3488372093023254,0.7531645569620252,0.5471698113207547,0.4603174603174604,0.8534031413612567,0.8644763860369619,0.5333333333333334,0.2444444444444444,0.02631578947368418,0.0,0.3333333333333333
0.3947368421052634,0.25,0.325581395348837,0.16455696202531644,0.6037735849056605,0.126984126984127,0.30890052356020953,0.48459958932237795,0.10000000000000014,0.3555555555555555,0.15789473684210523,0.0,0.3333333333333333
0.18421052631578938,0.5454545454545454,0.09302325581395338,0.18354430379746833,0.6603773584905661,0.34920634920634924,0.45549738219895297,0.4065708418891146,0.233333333333333,0.04444444444444445,0.07894736842105238,0.0,0.3333333333333333
0.05263157894736831,0.09090909090909088,0.44186046511627886,0.0822784810126582,0.28301886792452835,0.0,0.10994764397905771,0.1827515400410687,0.233333333333333,0.2888888888888889,0.3157894736842105,0.0,0.3333333333333333
0.8157894736842107,0.27272727272727276,0.2558139534883719,0.9620253164556962,0.9245283018867925,0.5714285714285715,0.8952879581151834,0.8747433264887062,0.1499999999999999,0.39999999999999997,0.23684210526315808,0.0,0.3333333333333333
0.2368421052631579,0.5681818181818182,0.325581395348837,0.37341772151898733,0.8301886792452833,0.06349206349206349,0.47643979057591634,0.48459958932237795,0.36666666666666653,0.0666666666666666,0.3421052631578946,0.0,0.3333333333333333
0.6842105263157897,0.04545454545454547,0.6046511627906975,0.03164556962025317,0.15094339622641506,0.14285714285714285,0.5026178010471205,0.47433264887063364,0.45000000000000034,0.15555555555555556,0.3684210526315792,0.0,0.3333333333333333
0.5000000000000001,0.7954545454545454,0.5116279069767441,0.26582278481012656,0.3396226415094339,0.20634920634920637,0.40837696335078544,0.5872689938398321,0.5166666666666672,0.2888888888888889,0.4736842105263157,0.0,0.3333333333333333
0.3157894736842105,0.5454545454545454,0.1860465116279068,0.012658227848101278,0.3207547169811321,0.23809523809523814,0.3036649214659687,0.3305954825462023,0.4833333333333337,0.2888888888888889,0.3157894736842105,0.0,0.3333333333333333
0.18421052631578938,0.1363636363636364,0.5581395348837208,0.5379746835443038,0.30188679245283023,0.5238095238095238,0.9162303664921467,0.5667351129363436,0.3500000000000002,0.26666666666666666,0.3157894736842105,0.0,0.3333333333333333
0.6578947368421055,0.04545454545454547,0.46511627906976727,0.24050632911392406,0.22641509433962262,0.507936507936508,0.7591623036649215,0.7412731006160191,0.9000000000000007,0.26666666666666666,0.02631578947368418,0.0,0.3333333333333333
0.44736842105263164,0.22727272727272724,0.5581395348837208,0.012658227848101278,0.37735849056603776,0.015873015873015872,0.5549738219895289,0.18891170431211074,0.3833333333333336,0.3111111111111111,0.6052631578947367,0.0,0.3333333333333333
0.3947368421052634,0.25,0.325581395348837,0.16455696202531644,0.6037735849056605,0.126984126984127,0.30890052356020953,0.48459958932237795,0.10000000000000014,0.3555555555555555,0.15789473684210523,0.0,0.3333333333333333
0.6578947368421055,0.04545454545454547,0.46511627906976727,0.24050632911392406,0.22641509433962262,0.507936507936508,0.7591623036649215,0.7412731006160191,0.9000000000000007,0.26666666666666666,0.02631578947368418,0.0,0.3333333333333333
0.21052631578947378,0.7045454545454546,0.37209302325581384,0.21518987341772156,0.7169811320754718,0.9206349206349208,0.9424083769633509,0.4640657084188894,0.5666666666666669,0.4444444444444445,0.23684210526315808,0.0,0.3333333333333333
0.8947368421052637,0.47727272727272724,0.9069767441860463,0.0,0.2075471698113207,0.14285714285714285,0.15706806282722519,0.25872689938398097,0.04999999999999971,0.0222222222222222,0.4210526315789474,0.0,0.3333333333333333
0.44736842105263164,0.22727272727272724,0.5581395348837208,0.012658227848101278,0.37735849056603776,0.015873015873015872,0.5549738219895289,0.18891170431211074,0.3833333333333336,0.3111111111111111,0.6052631578947367,0.0,0.3333333333333333
0.5000000000000001,0.31818181818181823,0.7441860465116277,0.012658227848101278,0.15094339622641506,0.380952380952381,0.6073298429319373,0.26386036960985315,0.3999999999999999,0.2444444444444444,0.4736842105263157,0.0,0.3333333333333333
0.2894736842105264,0.31818181818181823,0.5813953488372091,0.5569620253164558,0.7924528301886794,0.8888888888888891,0.8062827225130891,0.7926078028747405,0.36666666666666653,0.5555555555555555,0.02631578947368418,0.0,0.3333333333333333
0.26315789473684226,0.4545454545454546,0.23255813953488358,0.879746835443038,0.6603773584905661,0.507936507936508,0.712041884816754,0.905544147843939,0.33333333333333315,0.2888888888888889,0.02631578947368418,0.0,0.3333333333333333
0.5789473684210528,0.3863636363636364,0.3023255813953487,0.740506329113924,0.5471698113207547,0.23809523809523814,0.5916230366492148,0.9117043121149925,0.3833333333333336,0.39999999999999997,0.2105263157894735,0.0,0.3333333333333333
0.26315789473684226,0.4545454545454546,0.23255813953488358,0.879746835443038,0.6603773584905661,0.507936507936508,0.712041884816754,0.905544147843939,0.33333333333333315,0.2888888888888889,0.02631578947368418,0.0,0.3333333333333333
0.2894736842105264,0.8636363636363638,0.1627906976744185,0.0253164556962025,0.41509433962264153,0.0,0.0,0.3819301848049237,0.5499999999999998,0.0,0.2894736842105263,0.0,0.3333333333333333
0.36842105263157904,0.2954545454545455,0.44186046511627886,0.22784810126582278,0.39622641509433965,0.015873015873015872,0.32460732984293206,0.5236139630390153,0.6833333333333333,0.3555555555555555,0.4473684210526315,0.0,0.3333333333333333
0.5000000000000001,0.5454545454545454,0.3023255813953487,0.3481012658227848,0.47169811320754723,0.20634920634920637,0.39790575916230375,0.3655030800821374,0.28333333333333344,0.5111111111111112,0.6052631578947367,0.0,0.3333333333333333
0.3947368421052634,0.25,0.325581395348837,0.16455696202531644,0.6037735849056605,0.126984126984127,0.30890052356020953,0.48459958932237795,0.10000000000000014,0.3555555555555555,0.15789473684210523,0.0,0.3333333333333333
0.36842105263157904,0.1363636363636364,0.3953488372093022,0.012658227848101278,0.169811320754717,0.22222222222222224,0.2198952879581153,0.07392197125256111,0.3500000000000002,0.1111111111111111,0.7368421052631579,0.0,0.3333333333333333
0.10526315789473678,0.31818181818181823,0.1860465116279068,0.012658227848101278,0.6226415094339623,0.031746031746031744,0.4293193717277488,0.34907597535933976,0.5,0.5777777777777777,0.17105263157894757,0.0,0.3333333333333333
0.2368421052631579,0.22727272727272724,0.6279069767441858,0.05063291139240503,0.1132075471698113,0.015873015873015872,0.18324607329842946,0.02258726899383967,0.6166666666666666,0.04444444444444445,0.868421052631579,0.0,0.3333333333333333
0.36842105263157904,0.4090909090909091,0.5581395348837208,0.012658227848101278,0.35849056603773577,0.14285714285714285,0.2146596858638744,0.24845995893223666,0.19999999999999962,0.33333333333333326,0.4473684210526315,0.0,0.3333333333333333
0.2368421052631579,0.2954545454545455,0.9534883720930232,0.41772151898734167,0.45283018867924535,0.4761904761904763,0.9109947643979059,0.6160164271047253,0.3833333333333336,0.48888888888888893,0.13157894736842113,0.0,0.3333333333333333
0.2894736842105264,0.31818181818181823,0.4186046511627906,0.47468354430379744,0.41509433962264153,0.7777777777777779,0.9633507853403143,0.6899383983572863,0.2666666666666664,0.48888888888888893,0.0,0.0,0.3333333333333333
0.3947368421052634,0.1363636363636364,0.5581395348837208,0.05696202531645567,0.3396226415094339,0.3174603174603175,0.5759162303664922,0.412731006160168,0.6333333333333336,0.6222222222222222,0.3157894736842105,0.0,0.3333333333333333
0.10526315789473678,0.22727272727272724,0.7906976744186045,0.15822784810126578,0.07547169811320759,0.0,0.43455497382198965,0.18685831622175958,1.0,0.2444444444444444,0.7368421052631579,0.0,0.3333333333333333
0.8421052631578949,0.4545454545454546,0.6046511627906975,0.0253164556962025,0.37735849056603776,0.09523809523809523,0.48691099476439803,0.6242299794661184,0.3999999999999999,0.33333333333333326,0.13157894736842113,0.0,0.3333333333333333
0.5000000000000001,0.5454545454545454,0.3023255813953487,0.3481012658227848,0.47169811320754723,0.20634920634920637,0.39790575916230375,0.3655030800821374,0.28333333333333344,0.5111111111111112,0.6052631578947367,0.0,0.3333333333333333
0.5526315789473686,0.4090909090909091,0.325581395348837,0.22784810126582278,0.5283018867924528,0.047619047619047616,0.5654450261780106,0.6488706365503092,0.3500000000000002,0.39999999999999997,0.05263157894736825,0.0,0.3333333333333333
0.10526315789473678,0.31818181818181823,0.1860465116279068,0.012658227848101278,0.6226415094339623,0.031746031746031744,0.4293193717277488,0.34907597535933976,0.5,0.5777777777777777,0.17105263157894757,0.0,0.3333333333333333
0.5526315789473686,0.4545454545454546,0.325581395348837,0.18037974683544306,0.1132075471698113,0.0,0.0418848167539268,0.1540041067761756,0.1333333333333328,0.0888888888888888,0.7631578947368425,0.0,0.3333333333333333
0.05263157894736831,0.09090909090909088,0.44186046511627886,0.0822784810126582,0.28301886792452835,0.0,0.10994764397905771,0.1827515400410687,0.233333333333333,0.2888888888888889,0.3157894736842105,0.0,0.3333333333333333
0.5789473684210528,0.4318181818181819,0.6046511627906975,0.06962025316455694,0.169811320754717,0.33333333333333337,0.7643979057591626,0.5051334702258665,0.8166666666666669,0.3555555555555555,0.4210526315789474,0.0,0.3333333333333333
0.5789473684210528,0.3863636363636364,0.3023255813953487,0.740506329113924,0.5471698113207547,0.23809523809523814,0.5916230366492148,0.9117043121149925,0.3833333333333336,0.39999999999999997,0.2105263157894735,0.0,0.3333333333333333
0.44736842105263164,0.4090909090909091,0.5116279069767441,0.6329113924050633,0.2452830188679245,0.17460317460317462,0.20942408376963362,0.4332648870636565,0.5166666666666672,0.17777777777777778,0.6842105263157896,0.0,0.3333333333333333
0.36842105263157904,0.2954545454545455,0.44186046511627886,0.22784810126582278,0.39622641509433965,0.015873015873015872,0.32460732984293206,0.5236139630390153,0.6833333333333333,0.3555555555555555,0.4473684210526315,0.0,0.3333333333333333
0.6578947368421055,0.04545454545454547,0.46511627906976727,0.24050632911392406,0.22641509433962262,0.507936507936508,0.7591623036649215,0.7412731006160191,0.9000000000000007,0.26666666666666666,0.02631578947368418,0.0,0.3333333333333333
0.34210526315789486,0.18181818181818182,0.2790697674418603,0.012658227848101278,0.2452830188679245,0.0,0.5130890052356022,0.1540041067761756,0.28333333333333344,0.1111111111111111,0.6052631578947367,0.0,0.3333333333333333
0.18421052631578938,0.31818181818181823,0.3488372093023254,0.7531645569620252,0.5471698113207547,0.4603174603174604,0.8534031413612567,0.8644763860369619,0.5333333333333334,0.2444444444444444,0.02631578947368418,0.0,0.3333333333333333
0.5000000000000001,0.5454545454545454,0.3023255813953487,0.3481012658227848,0.47169811320754723,0.20634920634920637,0.39790575916230375,0.3655030800821374,0.28333333333333344,0.5111111111111112,0.6052631578947367,0.0,0.3333333333333333
0.3947368421052634,0.1363636363636364,0.5581395348837208,0.05696202531645567,0.3396226415094339,0.3174603174603175,0.5759162303664922,0.412731006160168,0.6333333333333336,0.6222222222222222,0.3157894736842105,0.0,0.3333333333333333
0.18421052631578938,0.5454545454545454,0.09302325581395338,0.18354430379746833,0.6603773584905661,0.34920634920634924,0.45549738219895297,0.4065708418891146,0.233333333333333,0.04444444444444445,0.07894736842105238,0.0,0.3333333333333333
0.5000000000000001,0.5454545454545454,0.3023255813953487,0.3481012658227848,0.47169811320754723,0.20634920634920637,0.39790575916230375,0.3655030800821374,0.28333333333333344,0.5111111111111112,0.6052631578947367,0.0,0.3333333333333333
0.4210526315789475,0.22727272727272724,0.1860465116279068,0.01898734177215189,0.39622641509433965,0.06349206349206349,0.18848167539267024,0.4640657084188894,0.7500000000000001,0.33333333333333326,0.3157894736842105,0.0,0.3333333333333333
0.6578947368421055,0.04545454545454547,0.46511627906976727,0.24050632911392406,0.22641509433962262,0.507936507936508,0.7591623036649215,0.7412731006160191,0.9000000000000007,0.26666666666666666,0.02631578947368418,0.0,0.3333333333333333
0.34210526315789486,0.18181818181818182,0.2790697674418603,0.012658227848101278,0.2452830188679245,0.0,0.5130890052356022,0.1540041067761756,0.28333333333333344,0.1111111111111111,0.6052631578947367,0.0,0.3333333333333333
0.10526315789473678,0.22727272727272724,0.7906976744186045,0.15822784810126578,0.07547169811320759,0.0,0.43455497382198965,0.18685831622175958,1.0,0.2444444444444444,0.7368421052631579,0.0,0.3333333333333333
0.44736842105263164,0.15909090909090906,0.4186046511627906,0.10759493670886075,0.169811320754717,0.28571428571428575,0.44502617801047134,0.4691991786447615,0.7000000000000004,0.7111111111111111,0.3421052631578946,0.0,0.3333333333333333
0.6842105263157897,0.20454545454545456,0.6279069767441858,0.5443037974683544,0.5471698113207547,0.28571428571428575,0.6963350785340315,0.869609856262834,0.6499999999999999,0.33333333333333326,0.23684210526315808,0.0,0.3333333333333333
0.18421052631578938,0.1363636363636364,0.5581395348837208,0.5379746835443038,0.30188679245283023,0.5238095238095238,0.9162303664921467,0.5667351129363436,0.3500000000000002,0.26666666666666666,0.3157894736842105,0.0,0.3333333333333333
0.10526315789473678,0.31818181818181823,0.1860465116279068,0.012658227848101278,0.6226415094339623,0.031746031746031744,0.4293193717277488,0.34907597535933976,0.5,0.5777777777777777,0.17105263157894757,0.0,0.3333333333333333
0.21052631578947378,0.6590909090909092,0.9069767441860463,0.34177215189873417,0.37735849056603776,0.11111111111111116,0.46596858638743466,0.7002053388090306,0.5666666666666669,0.5555555555555555,0.02631578947368418,0.0,0.3333333333333333
0.5526315789473686,0.4545454545454546,0.325581395348837,0.18037974683544306,0.1132075471698113,0.0,0.0418848167539268,0.1540041067761756,0.1333333333333328,0.0888888888888888,0.7631578947368425,0.0,0.3333333333333333
0.18421052631578938,0.5454545454545454,0.09302325581395338,0.18354430379746833,0.6603773584905661,0.34920634920634924,0.45549738219895297,0.4065708418891146,0.233333333333333,0.04444444444444445,0.07894736842105238,0.0,0.3333333333333333
0.4210526315789475,0.22727272727272724,0.1860465116279068,0.01898734177215189,0.39622641509433965,0.06349206349206349,0.18848167539267024,0.4640657084188894,0.7500000000000001,0.33333333333333326,0.3157894736842105,0.0,0.3333333333333333
0.5789473684210528,0.3863636363636364,0.3023255813953487,0.740506329113924,0.5471698113207547,0.23809523809523814,0.5916230366492148,0.9117043121149925,0.3833333333333336,0.39999999999999997,0.2105263157894735,0.0,0.3333333333333333
0.44736842105263164,0.22727272727272724,0.5581395348837208,0.012658227848101278,0.37735849056603776,0.015873015873015872,0.5549738219895289,0.18891170431211074,0.3833333333333336,0.3111111111111111,0.6052631578947367,0.0,0.3333333333333333
0.26315789473684226,0.47727272727272724,0.5813953488372091,0.29113924050632906,0.169811320754717,0.06349206349206349,0.6387434554973823,0.5061601642710477,0.3999999999999999,0.39999999999999997,0.23684210526315808,0.0,0.3333333333333333
0.6842105263157897,0.4090909090909091,0.37209302325581384,0.012658227848101278,0.47169811320754723,0.1031746031746032,0.32460732984293206,0.5256673511293665,0.5166666666666672,0.1111111111111111,0.15789473684210523,0.0,0.3333333333333333
0.2368421052631579,0.2954545454545455,0.9534883720930232,0.41772151898734167,0.45283018867924535,0.4761904761904763,0.9109947643979059,0.6160164271047253,0.3833333333333336,0.48888888888888893,0.13157894736842113,0.0,0.3333333333333333
0.36842105263157904,0.27272727272727276,0.5581395348837208,0.8924050632911391,0.6603773584905661,0.5873015873015874,0.712041884816754,0.7772073921971241,0.5166666666666672,0.4444444444444445,0.4210526315789474,0.0,0.3333333333333333
0.6842105263157897,0.20454545454545456,0.6279069767441858,0.5443037974683544,0.5471698113207547,0.28571428571428575,0.6963350785340315,0.869609856262834,0.6499999999999999,0.33333333333333326,0.23684210526315808,0.0,0.3333333333333333
0.2368421052631579,0.2954545454545455,0.9534883720930232,0.41772151898734167,0.45283018867924535,0.4761904761904763,0.9109947643979059,0.6160164271047253,0.3833333333333336,0.48888888888888893,0.13157894736842113,0.0,0.3333333333333333
0.6842105263157897,0.20454545454545456,0.6279069767441858,0.5443037974683544,0.5471698113207547,0.28571428571428575,0.6963350785340315,0.869609856262834,0.6499999999999999,0.33333333333333326,0.23684210526315808,0.0,0.3333333333333333
0.2368421052631579,0.22727272727272724,0.6279069767441858,0.05063291139240503,0.1132075471698113,0.015873015873015872,0.18324607329842946,0.02258726899383967,0.6166666666666666,0.04444444444444445,0.868421052631579,0.0,0.3333333333333333
0.3947368421052634,0.25,0.325581395348837,0.16455696202531644,0.6037735849056605,0.126984126984127,0.30890052356020953,0.48459958932237795,0.10000000000000014,0.3555555555555555,0.15789473684210523,0.0,0.3333333333333333
1.0000000000000002,0.11363636363636359,0.7441860465116277,0.0632911392405063,0.41509433962264153,0.17460317460317462,0.40837696335078544,0.5841889117043111,0.2666666666666664,0.7555555555555555,0.2894736842105263,0.0,0.3333333333333333
0.5263157894736845,0.06818181818181823,0.6976744186046511,0.28481012658227844,0.22641509433962262,0.4603174603174604,0.7068062827225132,0.412731006160168,0.19999999999999962,0.6666666666666666,0.6842105263157896,0.0,0.3333333333333333
0.36842105263157904,0.4090909090909091,0.5581395348837208,0.012658227848101278,0.35849056603773577,0.14285714285714285,0.2146596858638744,0.24845995893223666,0.19999999999999962,0.33333333333333326,0.4473684210526315,0.0,0.3333333333333333
0.5000000000000001,0.5454545454545454,0.3023255813953487,0.3481012658227848,0.47169811320754723,0.20634920634920637,0.39790575916230375,0.3655030800821374,0.28333333333333344,0.5111111111111112,0.6052631578947367,0.0,0.3333333333333333
0.34210526315789486,0.18181818181818182,0.2790697674418603,0.012658227848101278,0.2452830188679245,0.0,0.5130890052356022,0.1540041067761756,0.28333333333333344,0.1111111111111111,0.6052631578947367,0.0,0.3333333333333333
0.5789473684210528,0.7727272727272727,0.6279069767441858,0.012658227848101278,0.169811320754717,0.0,0.16230366492146608,0.3162217659137557,0.19999999999999962,0.48888888888888893,0.39473684210526333,0.0,0.3333333333333333
0.3947368421052634,0.36363636363636365,0.44186046511627886,0.01898734177215189,0.5283018867924528,0.3015873015873016,0.8534031413612567,0.425051334702252,0.6000000000000002,0.48888888888888893,0.26315789473684226,0.0,0.3333333333333333
0.2368421052631579,0.2954545454545455,0.9534883720930232,0.41772151898734167,0.45283018867924535,0.4761904761904763,0.9109947643979059,0.6160164271047253,0.3833333333333336,0.48888888888888893,0.13157894736842113,0.0,0.3333333333333333
0.5000000000000001,0.7954545454545454,0.5116279069767441,0.26582278481012656,0.3396226415094339,0.20634920634920637,0.40837696335078544,0.5872689938398321,0.5166666666666672,0.2888888888888889,0.4736842105263157,0.0,0.3333333333333333
0.2368421052631579,0.2954545454545455,0.9534883720930232,0.41772151898734167,0.45283018867924535,0.4761904761904763,0.9109947643979059,0.6160164271047253,0.3833333333333336,0.48888888888888893,0.13157894736842113,0.0,0.3333333333333333
0.5789473684210528,0.4318181818181819,0.6046511627906975,0.06962025316455694,0.169811320754717,0.33333333333333337,0.7643979057591626,0.5051334702258665,0.8166666666666669,0.3555555555555555,0.4210526315789474,0.0,0.3333333333333333
0.736842105263158,0.27272727272727276,0.7906976744186045,0.01898734177215189,0.39622641509433965,0.031746031746031744,0.22513089005235615,0.5051334702258665,0.3500000000000002,0.6666666666666666,0.3421052631578946,0.0,0.3333333333333333
0.44736842105263164,0.15909090909090906,0.4186046511627906,0.10759493670886075,0.169811320754717,0.28571428571428575,0.44502617801047134,0.4691991786447615,0.7000000000000004,0.7111111111111111,0.3421052631578946,0.0,0.3333333333333333
0.34210526315789486,0.3863636363636364,0.4883720930232557,0.5632911392405062,0.28301886792452835,0.07936507936507936,0.7801047120418849,0.5975359342915764,0.8833333333333336,0.5111111111111112,0.6578947368421055,0.0,0.3333333333333333
0.2894736842105264,0.31818181818181823,0.4186046511627906,0.47468354430379744,0.41509433962264153,0.7777777777777779,0.9633507853403143,0.6899383983572863,0.2666666666666664,0.48888888888888893,0.0,0.0,0.3333333333333333
0.5526315789473686,0.4545454545454546,0.325581395348837,0.18037974683544306,0.1132075471698113,0.0,0.0418848167539268,0.1540041067761756,0.1333333333333328,0.0888888888888888,0.7631578947368425,0.0,0.3333333333333333
0.5789473684210528,0.15909090909090906,0.5813953488372091,0.012658227848101278,0.30188679245283023,0.031746031746031744,0.4188481675392671,0.1971252566735039,0.21666666666666662,0.2888888888888889,0.6315789473684214,0.0,0.3333333333333333
0.3947368421052634,0.4090909090909091,0.1395348837209301,0.0253164556962025,0.490566037735849,0.15873015873015875,0.36649214659685875,0.4640657084188894,0.4833333333333337,0.1333333333333333,0.15789473684210523,0.0,0.3333333333333333
0.8947368421052637,0.47727272727272724,0.9069767441860463,0.0,0.2075471698113207,0.14285714285714285,0.15706806282722519,0.25872689938398097,0.04999999999999971,0.0222222222222222,0.4210526315789474,0.0,0.3333333333333333
0.34210526315789486,0.9090909090909092,0.3953488372093022,0.38607594936708856,0.45283018867924535,0.047619047619047616,0.7958115183246075,0.5687885010266946,0.3833333333333336,0.1333333333333333,0.13157894736842113,0.0,0.3333333333333333
0.736842105263158,0.3409090909090909,0.9069767441860463,0.0,0.35849056603773577,0.380952380952381,0.4816753926701572,0.3408624229979466,0.5166666666666672,0.0888888888888888,0.5263157894736844,0.0,0.3333333333333333
0.6842105263157897,0.04545454545454547,0.6046511627906975,0.03164556962025317,0.15094339622641506,0.14285714285714285,0.5026178010471205,0.47433264887063364,0.45000000000000034,0.15555555555555556,0.3684210526315792,0.0,0.3333333333333333
0.36842105263157904,0.2954545454545455,0.44186046511627886,0.22784810126582278,0.39622641509433965,0.015873015873015872,0.32460732984293206,0.5236139630390153,0.6833333333333333,0.3555555555555555,0.4473684210526315,0.0,0.3333333333333333
0.736842105263158,0.27272727272727276,0.7906976744186045,0.01898734177215189,0.39622641509433965,0.031746031746031744,0.22513089005235615,0.5051334702258665,0.3500000000000002,0.6666666666666666,0.3421052631578946,0.0,0.3333333333333333
0.10526315789473678,0.22727272727272724,0.7906976744186045,0.15822784810126578,0.07547169811320759,0.0,0.43455497382198965,0.18685831622175958,1.0,0.2444444444444444,0.7368421052631579,0.0,0.3333333333333333
0.3947368421052634,0.25,0.325581395348837,0.16455696202531644,0.6037735849056605,0.126984126984127,0.30890052356020953,0.48459958932237795,0.10000000000000014,0.3555555555555555,0.15789473684210523,0.0,0.3333333333333333
0.18421052631578938,0.1363636363636364,0.5581395348837208,0.5379746835443038,0.30188679245283023,0.5238095238095238,0.9162303664921467,0.5667351129363436,0.3500000000000002,0.26666666666666666,0.3157894736842105,0.0,0.3333333333333333
0.5789473684210528,0.4318181818181819,0.6046511627906975,0.06962025316455694,0.169811320754717,0.33333333333333337,0.7643979057591626,0.5051334702258665,0.8166666666666669,0.3555555555555555,0.4210526315789474,0.0,0.3333333333333333
0.05263157894736831,0.09090909090909088,0.44186046511627886,0.0822784810126582,0.28301886792452835,0.0,0.10994764397905771,0.1827515400410687,0.233333333333333,0.2888888888888889,0.3157894736842105,0.0,0.3333333333333333
0.5263157894736845,0.31818181818181823,0.6976744186046511,0.6898734177215191,0.13207547169811318,0.126984126984127,0.3455497382198954,0.6991786447638607,0.1333333333333328,0.3111111111111111,0.5000000000000002,0.0,0.3333333333333333
0.6578947368421055,0.04545454545454547,0.46511627906976727,0.24050632911392406,0.22641509433962262,0.507936507936508,0.7591623036649215,0.7412731006160191,0.9000000000000007,0.26666666666666666,0.02631578947368418,0.0,0.3333333333333333
0.6578947368421055,0.04545454545454547,0.46511627906976727,0.24050632911392406,0.22641509433962262,0.507936507936508,0.7591623036649215,0.7412731006160191,0.9000000000000007,0.26666666666666666,0.02631578947368418,0.0,0.3333333333333333
0.473684210526316,0.4090909090909091,0.8604651162790696,0.25949367088607594,0.35849056603773577,0.22222222222222224,0.20418848167539277,0.15605749486652676,0.16666666666666619,0.19999999999999993,0.9736842105263159,0.0,0.3333333333333333
0.5789473684210528,0.3863636363636364,0.3023255813953487,0.740506329113924,0.5471698113207547,0.23809523809523814,0.5916230366492148,0.9117043121149925,0.3833333333333336,0.39999999999999997,0.2105263157894735,0.0,0.3333333333333333
0.2368421052631579,0.2954545454545455,0.9534883720930232,0.41772151898734167,0.45283018867924535,0.4761904761904763,0.9109947643979059,0.6160164271047253,0.3833333333333336,0.48888888888888893,0.13157894736842113,0.0,0.3333333333333333
0.5000000000000001,0.7954545454545454,0.5116279069767441,0.26582278481012656,0.3396226415094339,0.20634920634920637,0.40837696335078544,0.5872689938398321,0.5166666666666672,0.2888888888888889,0.4736842105263157,0.0,0.3333333333333333
0.5789473684210528,0.7727272727272727,0.6279069767441858,0.012658227848101278,0.169811320754717,0.0,0.16230366492146608,0.3162217659137557,0.19999999999999962,0.48888888888888893,0.39473684210526333,0.0,0.3333333333333333
0.736842105263158,0.3409090909090909,0.9069767441860463,0.0,0.35849056603773577,0.380952380952381,0.4816753926701572,0.3408624229979466,0.5166666666666672,0.0888888888888888,0.5263157894736844,0.0,0.3333333333333333
0.8947368421052637,0.47727272727272724,0.9069767441860463,0.0,0.2075471698113207,0.14285714285714285,0.15706806282722519,0.25872689938398097,0.04999999999999971,0.0222222222222222,0.4210526315789474,0.0,0.3333333333333333
0.2368421052631579,0.2954545454545455,0.9534883720930232,0.41772151898734167,0.45283018867924535,0.4761904761904763,0.9109947643979059,0.6160164271047253,0.3833333333333336,0.48888888888888893,0.13157894736842113,0.0,0.3333333333333333
1.0000000000000002,0.04545454545454547,0.9069767441860463,0.0632911392405063,0.35849056603773577,0.20634920634920637,0.42408376963350797,0.5811088295687901,0.28333333333333344,0.46666666666666673,0.3421052631578946,0.0,0.3333333333333333
0.5526315789473686,0.4090909090909091,0.325581395348837,0.22784810126582278,0.5283018867924528,0.047619047619047616,0.5654450261780106,0.6488706365503092,0.3500000000000002,0.39999999999999997,0.05263157894736825,0.0,0.3333333333333333
0.3157894736842105,0.5454545454545454,0.1860465116279068,0.012658227848101278,0.3207547169811321,0.23809523809523814,0.3036649214659687,0.3305954825462023,0.4833333333333337,0.2888888888888889,0.3157894736842105,0.0,0.3333333333333333
0.34210526315789486,0.9090909090909092,0.3953488372093022,0.38607594936708856,0.45283018867924535,0.047619047619047616,0.7958115183246075,0.5687885010266946,0.3833333333333336,0.1333333333333333,0.13157894736842113,0.0,0.3333333333333333
0.2894736842105264,0.8636363636363638,0.1627906976744185,0.0253164556962025,0.41509433962264153,0.0,0.0,0.3819301848049237,0.5499999999999998,0.0,0.2894736842105263,0.0,0.3333333333333333
0.05263157894736831,0.09090909090909088,0.44186046511627886,0.0822784810126582,0.28301886792452835,0.0,0.10994764397905771,0.1827515400410687,0.233333333333333,0.2888888888888889,0.3157894736842105,0.0,0.3333333333333333
0.18421052631578938,0.4090909090909091,0.6279069767441858,0.05063291139240503,0.490566037735849,0.126984126984127,0.9109947643979059,0.5154004106776222,0.933333333333334,0.26666666666666666,0.4210526315789474,0.0,0.3333333333333333
0.44736842105263164,0.4090909090909091,0.5116279069767441,0.6329113924050633,0.2452830188679245,0.17460317460317462,0.20942408376963362,0.4332648870636565,0.5166666666666672,0.17777777777777778,0.6842105263157896,0.0,0.3333333333333333
0.5526315789473686,0.4090909090909091,0.325581395348837,0.22784810126582278,0.5283018867924528,0.047619047619047616,0.5654450261780106,0.6488706365503092,0.3500000000000002,0.39999999999999997,0.05263157894736825,0.0,0.3333333333333333
0.34210526315789486,0.3863636363636364,0.4883720930232557,0.5632911392405062,0.28301886792452835,0.07936507936507936,0.7801047120418849,0.5975359342915764,0.8833333333333336,0.5111111111111112,0.6578947368421055,0.0,0.3333333333333333
0.3947368421052634,0.25,0.325581395348837,0.16455696202531644,0.6037735849056605,0.126984126984127,0.30890052356020953,0.48459958932237795,0.10000000000000014,0.3555555555555555,0.15789473684210523,0.0,0.3333333333333333
0.05263157894736831,0.09090909090909088,0.44186046511627886,0.0822784810126582,0.28301886792452835,0.0,0.10994764397905771,0.1827515400410687,0.233333333333333,0.2888888888888889,0.3157894736842105,0.0,0.3333333333333333
0.5263157894736845,0.7045454545454546,0.5116279069767441,0.38607594936708856,0.35849056603773577,0.1904761904761905,0.47643979057591634,0.6899383983572863,0.6499999999999999,0.19999999999999993,0.39473684210526333,0.0,0.3333333333333333
0.3947368421052634,0.1363636363636364,0.5581395348837208,0.05696202531645567,0.3396226415094339,0.3174603174603175,0.5759162303664922,0.412731006160168,0.6333333333333336,0.6222222222222222,0.3157894736842105,0.0,0.3333333333333333
0.2894736842105264,0.31818181818181823,0.5813953488372091,0.5569620253164558,0.7924528301886794,0.8888888888888891,0.8062827225130891,0.7926078028747405,0.36666666666666653,0.5555555555555555,0.02631578947368418,0.0,0.3333333333333333
0.736842105263158,0.27272727272727276,0.7906976744186045,0.01898734177215189,0.39622641509433965,0.031746031746031744,0.22513089005235615,0.5051334702258665,0.3500000000000002,0.6666666666666666,0.3421052631578946,0.0,0.3333333333333333
0.2368421052631579,0.2954545454545455,0.9534883720930232,0.41772151898734167,0.45283018867924535,0.4761904761904763,0.9109947643979059,0.6160164271047253,0.3833333333333336,0.48888888888888893,0.13157894736842113,0.0,0.3333333333333333
1.0000000000000002,0.31818181818181823,0.9069767441860463,0.6835443037974683,0.3207547169811321,0.380952380952381,0.5811518324607331,0.8747433264887062,0.28333333333333344,0.04444444444444445,0.3157894736842105,0.0,0.3333333333333333
0.5789473684210528,0.3863636363636364,0.3023255813953487,0.740506329113924,0.5471698113207547,0.23809523809523814,0.5916230366492148,0.9117043121149925,0.3833333333333336,0.39999999999999997,0.2105263157894735,0.0,0.3333333333333333
0.8421052631578949,0.4545454545454546,0.6046511627906975,0.0253164556962025,0.37735849056603776,0.09523809523809523,0.48691099476439803,0.6242299794661184,0.3999999999999999,0.33333333333333326,0.13157894736842113,0.0,0.3333333333333333
0.10526315789473678,0.22727272727272724,0.7906976744186045,0.15822784810126578,0.07547169811320759,0.0,0.43455497382198965,0.18685831622175958,1.0,0.2444444444444444,0.7368421052631579,0.0,0.3333333333333333
0.8421052631578949,0.4545454545454546,0.6046511627906975,0.0253164556962025,0.37735849056603776,0.09523809523809523,0.48691099476439803,0.6242299794661184,0.3999999999999999,0.33333333333333326,0.13157894736842113,0.0,0.3333333333333333
0.473684210526316,0.4090909090909091,0.8604651162790696,0.25949367088607594,0.35849056603773577,0.22222222222222224,0.20418848167539277,0.15605749486652676,0.16666666666666619,0.19999999999999993,0.9736842105263159,0.0,0.3333333333333333
0.18421052631578938,0.1363636363636364,0.5581395348837208,0.5379746835443038,0.30188679245283023,0.5238095238095238,0.9162303664921467,0.5667351129363436,0.3500000000000002,0.26666666666666666,0.3157894736842105,0.0,0.3333333333333333
0.5263157894736845,0.06818181818181823,0.6976744186046511,0.28481012658227844,0.22641509433962262,0.4603174603174604,0.7068062827225132,0.412731006160168,0.19999999999999962,0.6666666666666666,0.6842105263157896,0.0,0.3333333333333333
0.5789473684210528,0.3863636363636364,0.9069767441860463,0.7848101265822784,0.6981132075471699,0.7142857142857144,0.8638743455497384,0.9671457905544161,0.4833333333333337,0.46666666666666673,0.02631578947368418,0.0,0.3333333333333333
0.6842105263157897,0.20454545454545456,0.6279069767441858,0.5443037974683544,0.5471698113207547,0.28571428571428575,0.6963350785340315,0.869609856262834,0.6499999999999999,0.33333333333333326,0.23684210526315808,0.0,0.3333333333333333
0.2368421052631579,0.2954545454545455,0.9534883720930232,0.41772151898734167,0.45283018867924535,0.4761904761904763,0.9109947643979059,0.6160164271047253,0.3833333333333336,0.48888888888888893,0.13157894736842113,0.0,0.3333333333333333
0.2368421052631579,0.5681818181818182,0.325581395348837,0.37341772151898733,0.8301886792452833,0.06349206349206349,0.47643979057591634,0.48459958932237795,0.36666666666666653,0.0666666666666666,0.3421052631578946,0.0,0.3333333333333333
0.05263157894736831,0.09090909090909088,0.44186046511627886,0.0822784810126582,0.28301886792452835,0.0,0.10994764397905771,0.1827515400410687,0.233333333333333,0.2888888888888889,0.3157894736842105,0.0,0.3333333333333333
0.4210526315789475,0.22727272727272724,0.1860465116279068,0.01898734177215189,0.39622641509433965,0.06349206349206349,0.18848167539267024,0.4640657084188894,0.7500000000000001,0.33333333333333326,0.3157894736842105,0.0,0.3333333333333333
0.6842105263157897,0.4090909090909091,0.37209302325581384,0.012658227848101278,0.47169811320754723,0.1031746031746032,0.32460732984293206,0.5256673511293665,0.5166666666666672,0.1111111111111111,0.15789473684210523,0.0,0.3333333333333333
1.0000000000000002,0.11363636363636359,0.7441860465116277,0.0632911392405063,0.41509433962264153,0.17460317460317462,0.40837696335078544,0.5841889117043111,0.2666666666666664,0.7555555555555555,0.2894736842105263,0.0,0.3333333333333333
0.5263157894736845,0.06818181818181823,0.6976744186046511,0.28481012658227844,0.22641509433962262,0.4603174603174604,0.7068062827225132,0.412731006160168,0.19999999999999962,0.6666666666666666,0.6842105263157896,0.0,0.3333333333333333
0.36842105263157904,0.2954545454545455,0.44186046511627886,0.22784810126582278,0.39622641509433965,0.015873015873015872,0.32460732984293206,0.5236139630390153,0.6833333333333333,0.3555555555555555,0.4473684210526315,0.0,0.3333333333333333
0.736842105263158,0.3409090909090909,0.9069767441860463,0.0,0.35849056603773577,0.380952380952381,0.4816753926701572,0.3408624229979466,0.5166666666666672,0.0888888888888888,0.5263157894736844,0.0,0.3333333333333333
0.5000000000000001,0.5454545454545454,0.3023255813953487,0.3481012658227848,0.47169811320754723,0.20634920634920637,0.39790575916230375,0.3655030800821374,0.28333333333333344,0.5111111111111112,0.6052631578947367,0.0,0.3333333333333333
0.34210526315789486,0.9090909090909092,0.3953488372093022,0.38607594936708856,0.45283018867924535,0.047619047619047616,0.7958115183246075,0.5687885010266946,0.3833333333333336,0.1333333333333333,0.13157894736842113,0.0,0.3333333333333333
0.21052631578947378,0.6590909090909092,0.9069767441860463,0.34177215189873417,0.37735849056603776,0.11111111111111116,0.46596858638743466,0.7002053388090306,0.5666666666666669,0.5555555555555555,0.02631578947368418,0.0,0.3333333333333333
0.3157894736842105,0.5454545454545454,0.1860465116279068,0.012658227848101278,0.3207547169811321,0.23809523809523814,0.3036649214659687,0.3305954825462023,0.4833333333333337,0.2888888888888889,0.3157894736842105,0.0,0.3333333333333333
0.2368421052631579,0.2954545454545455,0.9534883720930232,0.41772151898734167,0.45283018867924535,0.4761904761904763,0.9109947643979059,0.6160164271047253,0.3833333333333336,0.48888888888888893,0.13157894736842113,0.0,0.3333333333333333
0.36842105263157904,0.4090909090909091,0.5581395348837208,0.012658227848101278,0.35849056603773577,0.14285714285714285,0.2146596858638744,0.24845995893223666,0.19999999999999962,0.33333333333333326,0.4473684210526315,0.0,0.3333333333333333
0.3947368421052634,0.1363636363636364,0.5581395348837208,0.05696202531645567,0.3396226415094339,0.3174603174603175,0.5759162303664922,0.412731006160168,0.6333333333333336,0.6222222222222222,0.3157894736842105,0.0,0.3333333333333333
0.10526315789473678,0.31818181818181823,0.1860465116279068,0.012658227848101278,0.6226415094339623,0.031746031746031744,0.4293193717277488,0.34907597535933976,0.5,0.5777777777777777,0.17105263157894757,0.0,0.3333333333333333
0.44736842105263164,0.22727272727272724,0.5581395348837208,0.012658227848101278,0.37735849056603776,0.015873015873015872,0.5549738219895289,0.18891170431211074,0.3833333333333336,0.3111111111111111,0.6052631578947367,0.0,0.3333333333333333
0.18421052631578938,0.1363636363636364,0.5581395348837208,0.5379746835443038,0.30188679245283023,0.5238095238095238,0.9162303664921467,0.5667351129363436,0.3500000000000002,0.26666666666666666,0.3157894736842105,0.0,0.3333333333333333
0.44736842105263164,0.22727272727272724,0.5581395348837208,0.012658227848101278,0.37735849056603776,0.015873015873015872,0.5549738219895289,0.18891170431211074,0.3833333333333336,0.3111111111111111,0.6052631578947367,0.0,0.3333333333333333
0.5526315789473686,0.4090909090909091,0.325581395348837,0.22784810126582278,0.5283018867924528,0.047619047619047616,0.5654450261780106,0.6488706365503092,0.3500000000000002,0.39999999999999997,0.05263157894736825,0.0,0.3333333333333333
0.44736842105263164,0.15909090909090906,0.4186046511627906,0.10759493670886075,0.169811320754717,0.28571428571428575,0.44502617801047134,0.4691991786447615,0.7000000000000004,0.7111111111111111,0.3421052631578946,0.0,0.3333333333333333
0.4210526315789475,0.22727272727272724,0.1860465116279068,0.01898734177215189,0.39622641509433965,0.06349206349206349,0.18848167539267024,0.4640657084188894,0.7500000000000001,0.33333333333333326,0.3157894736842105,0.0,0.3333333333333333
0.21052631578947378,0.6590909090909092,0.9069767441860463,0.34177215189873417,0.37735849056603776,0.11111111111111116,0.46596858638743466,0.7002053388090306,0.5666666666666669,0.5555555555555555,0.02631578947368418,0.0,0.3333333333333333
0.3947368421052634,0.25,0.325581395348837,0.16455696202531644,0.6037735849056605,0.126984126984127,0.30890052356020953,0.48459958932237795,0.10000000000000014,0.3555555555555555,0.15789473684210523,0.0,0.3333333333333333
0.5789473684210528,0.7727272727272727,0.6279069767441858,0.012658227848101278,0.169811320754717,0.0,0.16230366492146608,0.3162217659137557,0.19999999999999962,0.48888888888888893,0.39473684210526333,0.0,0.3333333333333333
0.36842105263157904,0.1363636363636364,0.3953488372093022,0.012658227848101278,0.169811320754717,0.22222222222222224,0.2198952879581153,0.07392197125256111,0.3500000000000002,0.1111111111111111,0.7368421052631579,0.0,0.3333333333333333
0.36842105263157904,0.2954545454545455,0.44186046511627886,0.22784810126582278,0.39622641509433965,0.015873015873015872,0.32460732984293206,0.5236139630390153,0.6833333333333333,0.3555555555555555,0.4473684210526315,0.0,0.3333333333333333
1.0000000000000002,0.31818181818181823,0.9069767441860463,0.6835443037974683,0.3207547169811321,0.380952380952381,0.5811518324607331,0.8747433264887062,0.28333333333333344,0.04444444444444445,0.3157894736842105,0.0,0.3333333333333333
0.5789473684210528,0.3863636363636364,0.3023255813953487,0.740506329113924,0.5471698113207547,0.23809523809523814,0.5916230366492148,0.9117043121149925,0.3833333333333336,0.39999999999999997,0.2105263157894735,0.0,0.3333333333333333
0.44736842105263164,0.4090909090909091,0.5116279069767441,0.6329113924050633,0.2452830188679245,0.17460317460317462,0.20942408376963362,0.4332648870636565,0.5166666666666672,0.17777777777777778,0.6842105263157896,0.0,0.3333333333333333
0.34210526315789486,0.18181818181818182,0.2790697674418603,0.012658227848101278,0.2452830188679245,0.0,0.5130890052356022,0.1540041067761756,0.28333333333333344,0.1111111111111111,0.6052631578947367,0.0,0.3333333333333333
0.36842105263157904,0.1363636363636364,0.3953488372093022,0.012658227848101278,0.169811320754717,0.22222222222222224,0.2198952879581153,0.07392197125256111,0.3500000000000002,0.1111111111111111,0.7368421052631579,0.0,0.3333333333333333
0.2894736842105264,0.31818181818181823,0.5813953488372091,0.5569620253164558,0.7924528301886794,0.8888888888888891,0.8062827225130891,0.7926078028747405,0.36666666666666653,0.5555555555555555,0.02631578947368418,0.0,0.3333333333333333
0.736842105263158,0.27272727272727276,0.7906976744186045,0.01898734177215189,0.39622641509433965,0.031746031746031744,0.22513089005235615,0.5051334702258665,0.3500000000000002,0.6666666666666666,0.3421052631578946,0.0,0.3333333333333333
0.2368421052631579,0.2954545454545455,0.9534883720930232,0.41772151898734167,0.45283018867924535,0.4761904761904763,0.9109947643979059,0.6160164271047253,0.3833333333333336,0.48888888888888893,0.13157894736842113,0.0,0.3333333333333333
0.34210526315789486,0.3863636363636364,0.4883720930232557,0.5632911392405062,0.28301886792452835,0.07936507936507936,0.7801047120418849,0.5975359342915764,0.8833333333333336,0.5111111111111112,0.6578947368421055,0.0,0.3333333333333333
0.2368421052631579,0.2954545454545455,0.9534883720930232,0.41772151898734167,0.45283018867924535,0.4761904761904763,0.9109947643979059,0.6160164271047253,0.3833333333333336,0.48888888888888893,0.13157894736842113,0.0,0.3333333333333333
1.0000000000000002,0.04545454545454547,0.9069767441860463,0.0632911392405063,0.35849056603773577,0.20634920634920637,0.42408376963350797,0.5811088295687901,0.28333333333333344,0.46666666666666673,0.3421052631578946,0.0,0.3333333333333333
0.36842105263157904,0.27272727272727276,0.5581395348837208,0.8924050632911391,0.6603773584905661,0.5873015873015874,0.712041884816754,0.7772073921971241,0.5166666666666672,0.4444444444444445,0.4210526315789474,0.0,0.3333333333333333
0.34210526315789486,0.18181818181818182,0.2790697674418603,0.012658227848101278,0.2452830188679245,0.0,0.5130890052356022,0.1540041067761756,0.28333333333333344,0.1111111111111111,0.6052631578947367,0.0,0.3333333333333333
0.44736842105263164,0.4090909090909091,0.5116279069767441,0.6329113924050633,0.2452830188679245,0.17460317460317462,0.20942408376963362,0.4332648870636565,0.5166666666666672,0.17777777777777778,0.6842105263157896,0.0,0.3333333333333333
0.3947368421052634,0.36363636363636365,0.44186046511627886,0.01898734177215189,0.5283018867924528,0.3015873015873016,0.8534031413612567,0.425051334702252,0.6000000000000002,0.48888888888888893,0.26315789473684226,0.0,0.3333333333333333
0.26315789473684226,0.4545454545454546,0.23255813953488358,0.879746835443038,0.6603773584905661,0.507936507936508,0.712041884816754,0.905544147843939,0.33333333333333315,0.2888888888888889,0.02631578947368418,0.0,0.3333333333333333
0.5263157894736845,0.7045454545454546,0.5116279069767441,0.38607594936708856,0.35849056603773577,0.1904761904761905,0.47643979057591634,0.6899383983572863,0.6499999999999999,0.19999999999999993,0.39473684210526333,0.0,0.3333333333333333
0.5000000000000001,0.5454545454545454,0.3023255813953487,0.3481012658227848,0.47169811320754723,0.20634920634920637,0.39790575916230375,0.3655030800821374,0.28333333333333344,0.5111111111111112,0.6052631578947367,0.0,0.3333333333333333
0.3947368421052634,0.4090909090909091,0.1395348837209301,0.0253164556962025,0.490566037735849,0.15873015873015875,0.36649214659685875,0.4640657084188894,0.4833333333333337,0.1333333333333333,0.15789473684210523,0.0,0.3333333333333333
0.736842105263158,0.27272727272727276,0.7906976744186045,0.01898734177215189,0.39622641509433965,0.031746031746031744,0.22513089005235615,0.5051334702258665,0.3500000000000002,0.6666666666666666,0.3421052631578946,0.0,0.3333333333333333
0.7631578947368425,0.4318181818181819,0.7441860465116277,0.009493670886075944,0.15094339622641506,0.20634920634920637,0.36649214659685875,0.166324435318271,0.45000000000000034,0.0,0.9210526315789476,0.0,0.3333333333333333
0.2894736842105264,0.31818181818181823,0.5813953488372091,0.5569620253164558,0.7924528301886794,0.8888888888888891,0.8062827225130891,0.7926078028747405,0.36666666666666653,0.5555555555555555,0.02631578947368418,0.0,0.3333333333333333
0.8421052631578949,0.4545454545454546,0.6046511627906975,0.0253164556962025,0.37735849056603776,0.09523809523809523,0.48691099476439803,0.6242299794661184,0.3999999999999999,0.33333333333333326,0.13157894736842113,0.0,0.3333333333333333
0.2894736842105264,0.8636363636363638,0.1627906976744185,0.0253164556962025,0.41509433962264153,0.0,0.0,0.3819301848049237,0.5499999999999998,0.0,0.2894736842105263,0.0,0.3333333333333333
0.36842105263157904,0.4090909090909091,0.5581395348837208,0.012658227848101278,0.35849056603773577,0.14285714285714285,0.2146596858638744,0.24845995893223666,0.19999999999999962,0.33333333333333326,0.4473684210526315,0.0,0.3333333333333333
0.18421052631578938,0.4090909090909091,0.6279069767441858,0.05063291139240503,0.490566037735849,0.126984126984127,0.9109947643979059,0.5154004106776222,0.933333333333334,0.26666666666666666,0.4210526315789474,0.0,0.3333333333333333
0.5789473684210528,0.3863636363636364,0.3023255813953487,0.740506329113924,0.5471698113207547,0.23809523809523814,0.5916230366492148,0.9117043121149925,0.3833333333333336,0.39999999999999997,0.2105263157894735,0.0,0.3333333333333333
0.26315789473684226,0.4545454545454546,0.23255813953488358,0.879746835443038,0.6603773584905661,0.507936507936508,0.712041884816754,0.905544147843939,0.33333333333333315,0.2888888888888889,0.02631578947368418,0.0,0.3333333333333333
0.26315789473684226,0.47727272727272724,0.5813953488372091,0.29113924050632906,0.169811320754717,0.06349206349206349,0.6387434554973823,0.5061601642710477,0.3999999999999999,0.39999999999999997,0.23684210526315808,0.0,0.3333333333333333
0.5000000000000001,0.7954545454545454,0.5116279069767441,0.26582278481012656,0.3396226415094339,0.20634920634920637,0.40837696335078544,0.5872689938398321,0.5166666666666672,0.2888888888888889,0.4736842105263157,0.0,0.3333333333333333
1.0000000000000002,0.11363636363636359,0.7441860465116277,0.0632911392405063,0.41509433962264153,0.17460317460317462,0.40837696335078544,0.5841889117043111,0.2666666666666664,0.7555555555555555,0.2894736842105263,0.0,0.3333333333333333
0.5000000000000001,0.5454545454545454,0.3023255813953487,0.3481012658227848,0.47169811320754723,0.20634920634920637,0.39790575916230375,0.3655030800821374,0.28333333333333344,0.5111111111111112,0.6052631578947367,0.0,0.3333333333333333
0.5263157894736845,0.31818181818181823,0.6976744186046511,0.6898734177215191,0.13207547169811318,0.126984126984127,0.3455497382198954,0.6991786447638607,0.1333333333333328,0.3111111111111111,0.5000000000000002,0.0,0.3333333333333333
0.6842105263157897,0.4090909090909091,0.37209302325581384,0.012658227848101278,0.47169811320754723,0.1031746031746032,0.32460732984293206,0.5256673511293665,0.5166666666666672,0.1111111111111111,0.15789473684210523,0.0,0.3333333333333333
0.3947368421052634,0.1363636363636364,0.5581395348837208,0.05696202531645567,0.3396226415094339,0.3174603174603175,0.5759162303664922,0.412731006160168,0.6333333333333336,0.6222222222222222,0.3157894736842105,0.0,0.3333333333333333
0.3947368421052634,0.36363636363636365,0.6046511627906975,0.22151898734177214,0.5471698113207547,0.4126984126984128,0.9267015706806284,0.5800821355236089,0.7833333333333334,0.5555555555555555,0.39473684210526333,0.0,0.3333333333333333
1.0000000000000002,0.04545454545454547,0.9069767441860463,0.0632911392405063,0.35849056603773577,0.20634920634920637,0.42408376963350797,0.5811088295687901,0.28333333333333344,0.46666666666666673,0.3421052631578946,0.0,0.3333333333333333
0.34210526315789486,0.18181818181818182,0.2790697674418603,0.012658227848101278,0.2452830188679245,0.0,0.5130890052356022,0.1540041067761756,0.28333333333333344,0.1111111111111111,0.6052631578947367,0.0,0.3333333333333333
0.5000000000000001,0.7954545454545454,0.5116279069767441,0.26582278481012656,0.3396226415094339,0.20634920634920637,0.40837696335078544,0.5872689938398321,0.5166666666666672,0.2888888888888889,0.4736842105263157,0.0,0.3333333333333333
0.2894736842105264,0.8636363636363638,0.1627906976744185,0.0253164556962025,0.41509433962264153,0.0,0.0,0.3819301848049237,0.5499999999999998,0.0,0.2894736842105263,0.0,0.3333333333333333
0.10526315789473678,0.31818181818181823,0.1860465116279068,0.012658227848101278,0.6226415094339623,0.031746031746031744,0.4293193717277488,0.34907597535933976,0.5,0.5777777777777777,0.17105263157894757,0.0,0.3333333333333333
0.44736842105263164,0.15909090909090906,0.4186046511627906,0.10759493670886075,0.169811320754717,0.28571428571428575,0.44502617801047134,0.4691991786447615,0.7000000000000004,0.7111111111111111,0.3421052631578946,0.0,0.3333333333333333
0.18421052631578938,0.31818181818181823,0.3488372093023254,0.7531645569620252,0.5471698113207547,0.4603174603174604,0.8534031413612567,0.8644763860369619,0.5333333333333334,0.2444444444444444,0.02631578947368418,0.0,0.3333333333333333
0.3947368421052634,0.1363636363636364,0.5581395348837208,0.05696202531645567,0.3396226415094339,0.3174603174603175,0.5759162303664922,0.412731006160168,0.6333333333333336,0.6222222222222222,0.3157894736842105,0.0,0.3333333333333333
0.5526315789473686,0.4545454545454546,0.325581395348837,0.18037974683544306,0.1132075471698113,0.0,0.0418848167539268,0.1540041067761756,0.1333333333333328,0.0888888888888888,0.7631578947368425,0.0,0.3333333333333333
0.21052631578947378,0.6590909090909092,0.9069767441860463,0.34177215189873417,0.37735849056603776,0.11111111111111116,0.46596858638743466,0.7002053388090306,0.5666666666666669,0.5555555555555555,0.02631578947368418,0.0,0.3333333333333333
0.5789473684210528,0.27272727272727276,0.6046511627906975,0.037974683544303806,0.13207547169811318,0.015873015873015872,0.4188481675392671,0.3613963039014352,0.36666666666666653,0.17777777777777778,0.39473684210526333,0.0,0.3333333333333333
0.5789473684210528,0.3863636363636364,0.9069767441860463,0.7848101265822784,0.6981132075471699,0.7142857142857144,0.8638743455497384,0.9671457905544161,0.4833333333333337,0.46666666666666673,0.02631578947368418,0.0,0.3333333333333333
0.5000000000000001,0.5454545454545454,0.3023255813953487,0.3481012658227848,0.47169811320754723,0.20634920634920637,0.39790575916230375,0.3655030800821374,0.28333333333333344,0.5111111111111112,0.6052631578947367,0.0,0.3333333333333333
0.5000000000000001,0.5454545454545454,0.3023255813953487,0.3481012658227848,0.47169811320754723,0.20634920634920637,0.39790575916230375,0.3655030800821374,0.28333333333333344,0.5111111111111112,0.6052631578947367,0.0,0.3333333333333333
0.5789473684210528,0.3863636363636364,0.9069767441860463,0.7848101265822784,0.6981132075471699,0.7142857142857144,0.8638743455497384,0.9671457905544161,0.4833333333333337,0.46666666666666673,0.02631578947368418,0.0,0.3333333333333333
0.36842105263157904,0.2954545454545455,0.44186046511627886,0.22784810126582278,0.39622641509433965,0.015873015873015872,0.32460732984293206,0.5236139630390153,0.6833333333333333,0.3555555555555555,0.4473684210526315,0.0,0.3333333333333333
0.36842105263157904,0.2954545454545455,0.44186046511627886,0.22784810126582278,0.39622641509433965,0.015873015873015872,0.32460732984293206,0.5236139630390153,0.6833333333333333,0.3555555555555555,0.4473684210526315,0.0,0.3333333333333333
0.44736842105263164,0.15909090909090906,0.4186046511627906,0.10759493670886075,0.169811320754717,0.28571428571428575,0.44502617801047134,0.4691991786447615,0.7000000000000004,0.7111111111111111,0.3421052631578946,0.0,0.3333333333333333
0.5789473684210528,0.27272727272727276,0.6046511627906975,0.037974683544303806,0.13207547169811318,0.015873015873015872,0.4188481675392671,0.3613963039014352,0.36666666666666653,0.17777777777777778,0.39473684210526333,0.0,0.3333333333333333
0.21052631578947378,0.6590909090909092,0.9069767441860463,0.34177215189873417,0.37735849056603776,0.11111111111111116,0.46596858638743466,0.7002053388090306,0.5666666666666669,0.5555555555555555,0.02631578947368418,0.0,0.3333333333333333
0.8947368421052637,0.47727272727272724,0.9069767441860463,0.0,0.2075471698113207,0.14285714285714285,0.15706806282722519,0.25872689938398097,0.04999999999999971,0.0222222222222222,0.4210526315789474,0.0,0.3333333333333333
0.2894736842105264,0.8636363636363638,0.1627906976744185,0.0253164556962025,0.41509433962264153,0.0,0.0,0.3819301848049237,0.5499999999999998,0.0,0.2894736842105263,0.0,0.3333333333333333
0.26315789473684226,0.4545454545454546,0.23255813953488358,0.879746835443038,0.6603773584905661,0.507936507936508,0.712041884816754,0.905544147843939,0.33333333333333315,0.2888888888888889,0.02631578947368418,0.0,0.3333333333333333
0.2894736842105264,0.31818181818181823,0.5813953488372091,0.5569620253164558,0.7924528301886794,0.8888888888888891,0.8062827225130891,0.7926078028747405,0.36666666666666653,0.5555555555555555,0.02631578947368418,0.0,0.3333333333333333
0.8947368421052637,0.47727272727272724,0.9069767441860463,0.0,0.2075471698113207,0.14285714285714285,0.15706806282722519,0.25872689938398097,0.04999999999999971,0.0222222222222222,0.4210526315789474,0.0,0.3333333333333333
0.21052631578947378,0.6590909090909092,0.9069767441860463,0.34177215189873417,0.37735849056603776,0.11111111111111116,0.46596858638743466,0.7002053388090306,0.5666666666666669,0.5555555555555555,0.02631578947368418,0.0,0.3333333333333333
0.18421052631578938,0.1363636363636364,0.5581395348837208,0.5379746835443038,0.30188679245283023,0.5238095238095238,0.9162303664921467,0.5667351129363436,0.3500000000000002,0.26666666666666666,0.3157894736842105,0.0,0.3333333333333333
0.44736842105263164,0.15909090909090906,0.4186046511627906,0.10759493670886075,0.169811320754717,0.28571428571428575,0.44502617801047134,0.4691991786447615,0.7000000000000004,0.7111111111111111,0.3421052631578946,0.0,0.3333333333333333
0.2894736842105264,0.31818181818181823,0.5813953488372091,0.5569620253164558,0.7924528301886794,0.8888888888888891,0.8062827225130891,0.7926078028747405,0.36666666666666653,0.5555555555555555,0.02631578947368418,0.0,0.3333333333333333
0.21052631578947378,0.6590909090909092,0.9069767441860463,0.34177215189873417,0.37735849056603776,0.11111111111111116,0.46596858638743466,0.7002053388090306,0.5666666666666669,0.5555555555555555,0.02631578947368418,0.0,0.3333333333333333
0.34210526315789486,0.9090909090909092,0.3953488372093022,0.38607594936708856,0.45283018867924535,0.047619047619047616,0.7958115183246075,0.5687885010266946,0.3833333333333336,0.1333333333333333,0.13157894736842113,0.0,0.3333333333333333
0.05263157894736831,0.09090909090909088,0.44186046511627886,0.0822784810126582,0.28301886792452835,0.0,0.10994764397905771,0.1827515400410687,0.233333333333333,0.2888888888888889,0.3157894736842105,0.0,0.3333333333333333
0.34210526315789486,0.9090909090909092,0.3953488372093022,0.38607594936708856,0.45283018867924535,0.047619047619047616,0.7958115183246075,0.5687885010266946,0.3833333333333336,0.1333333333333333,0.13157894736842113,0.0,0.3333333333333333
0.8421052631578949,0.4545454545454546,0.6046511627906975,0.0253164556962025,0.37735849056603776,0.09523809523809523,0.48691099476439803,0.6242299794661184,0.3999999999999999,0.33333333333333326,0.13157894736842113,0.0,0.3333333333333333
0.34210526315789486,0.18181818181818182,0.2790697674418603,0.012658227848101278,0.2452830188679245,0.0,0.5130890052356022,0.1540041067761756,0.28333333333333344,0.1111111111111111,0.6052631578947367,0.0,0.3333333333333333
0.6842105263157897,0.04545454545454547,0.6046511627906975,0.03164556962025317,0.15094339622641506,0.14285714285714285,0.5026178010471205,0.47433264887063364,0.45000000000000034,0.15555555555555556,0.3684210526315792,0.0,0.3333333333333333
0.8947368421052637,0.47727272727272724,0.9069767441860463,0.0,0.2075471698113207,0.14285714285714285,0.15706806282722519,0.25872689938398097,0.04999999999999971,0.0222222222222222,0.4210526315789474,0.0,0.3333333333333333
0.21052631578947378,0.7045454545454546,0.37209302325581384,0.21518987341772156,0.7169811320754718,0.9206349206349208,0.9424083769633509,0.4640657084188894,0.5666666666666669,0.4444444444444445,0.23684210526315808,0.0,0.3333333333333333
0.5000000000000001,0.5454545454545454,0.3023255813953487,0.3481012658227848,0.47169811320754723,0.20634920634920637,0.39790575916230375,0.3655030800821374,0.28333333333333344,0.5111111111111112,0.6052631578947367,0.0,0.3333333333333333
0.736842105263158,0.27272727272727276,0.7906976744186045,0.01898734177215189,0.39622641509433965,0.031746031746031744,0.22513089005235615,0.5051334702258665,0.3500000000000002,0.6666666666666666,0.3421052631578946,0.0,0.3333333333333333
0.5789473684210528,0.4318181818181819,0.6046511627906975,0.06962025316455694,0.169811320754717,0.33333333333333337,0.7643979057591626,0.5051334702258665,0.8166666666666669,0.3555555555555555,0.4210526315789474,0.0,0.3333333333333333
0.18421052631578938,0.5454545454545454,0.09302325581395338,0.18354430379746833,0.6603773584905661,0.34920634920634924,0.45549738219895297,0.4065708418891146,0.233333333333333,0.04444444444444445,0.07894736842105238,0.0,0.3333333333333333
0.473684210526316,0.4090909090909091,0.8604651162790696,0.25949367088607594,0.35849056603773577,0.22222222222222224,0.20418848167539277,0.15605749486652676,0.16666666666666619,0.19999999999999993,0.9736842105263159,0.0,0.3333333333333333
0.3947368421052634,0.36363636363636365,0.46511627906976727,0.01898734177215189,0.5283018867924528,0.3015873015873016,0.8376963350785342,0.4240246406570821,0.6000000000000002,0.48888888888888893,0.26315789473684226,0.0,0.3333333333333333
0.8421052631578949,0.4545454545454546,0.6046511627906975,0.0253164556962025,0.37735849056603776,0.09523809523809523,0.48691099476439803,0.6242299794661184,0.3999999999999999,0.33333333333333326,0.13157894736842113,0.0,0.3333333333333333
0.5000000000000001,0.31818181818181823,0.7441860465116277,0.012658227848101278,0.15094339622641506,0.380952380952381,0.6073298429319373,0.26386036960985315,0.3999999999999999,0.2444444444444444,0.4736842105263157,0.0,0.3333333333333333
0.5263157894736845,0.31818181818181823,0.6976744186046511,0.6898734177215191,0.13207547169811318,0.126984126984127,0.3455497382198954,0.6991786447638607,0.1333333333333328,0.3111111111111111,0.5000000000000002,0.0,0.3333333333333333
0.8947368421052637,0.47727272727272724,0.9069767441860463,0.0,0.2075471698113207,0.14285714285714285,0.15706806282722519,0.25872689938398097,0.04999999999999971,0.0222222222222222,0.4210526315789474,0.0,0.3333333333333333
0.26315789473684226,0.4545454545454546,0.23255813953488358,0.879746835443038,0.6603773584905661,0.507936507936508,0.712041884816754,0.905544147843939,0.33333333333333315,0.2888888888888889,0.02631578947368418,0.0,0.3333333333333333
0.05263157894736831,0.09090909090909088,0.44186046511627886,0.0822784810126582,0.28301886792452835,0.0,0.10994764397905771,0.1827515400410687,0.233333333333333,0.2888888888888889,0.3157894736842105,0.0,0.3333333333333333
0.8157894736842107,0.27272727272727276,0.2558139534883719,0.9620253164556962,0.9245283018867925,0.5714285714285715,0.8952879581151834,0.8747433264887062,0.1499999999999999,0.39999999999999997,0.23684210526315808,0.0,0.3333333333333333
0.2368421052631579,0.22727272727272724,0.6279069767441858,0.05063291139240503,0.1132075471698113,0.015873015873015872,0.18324607329842946,0.02258726899383967,0.6166666666666666,0.04444444444444445,0.868421052631579,0.0,0.3333333333333333
1.0000000000000002,0.11363636363636359,0.7441860465116277,0.0632911392405063,0.41509433962264153,0.17460317460317462,0.40837696335078544,0.5841889117043111,0.2666666666666664,0.7555555555555555,0.2894736842105263,0.0,0.3333333333333333
0.8947368421052637,0.47727272727272724,0.9069767441860463,0.0,0.2075471698113207,0.14285714285714285,0.15706806282722519,0.25872689938398097,0.04999999999999971,0.0222222222222222,0.4210526315789474,0.0,0.3333333333333333
0.3947368421052634,0.25,0.325581395348837,0.16455696202531644,0.6037735849056605,0.126984126984127,0.30890052356020953,0.48459958932237795,0.10000000000000014,0.3555555555555555,0.15789473684210523,0.0,0.3333333333333333
0.44736842105263164,0.22727272727272724,0.5581395348837208,0.012658227848101278,0.37735849056603776,0.015873015873015872,0.5549738219895289,0.18891170431211074,0.3833333333333336,0.3111111111111111,0.6052631578947367,0.0,0.3333333333333333
0.44736842105263164,0.22727272727272724,0.5581395348837208,0.012658227848101278,0.37735849056603776,0.015873015873015872,0.5549738219895289,0.18891170431211074,0.3833333333333336,0.3111111111111111,0.6052631578947367,0.0,0.3333333333333333
0.5789473684210528,0.3863636363636364,0.9069767441860463,0.7848101265822784,0.6981132075471699,0.7142857142857144,0.8638743455497384,0.9671457905544161,0.4833333333333337,0.46666666666666673,0.02631578947368418,0.0,0.3333333333333333
1.0000000000000002,0.11363636363636359,0.7441860465116277,0.0632911392405063,0.41509433962264153,0.17460317460317462,0.40837696335078544,0.5841889117043111,0.2666666666666664,0.7555555555555555,0.2894736842105263,0.0,0.3333333333333333
0.2894736842105264,0.31818181818181823,0.4186046511627906,0.47468354430379744,0.41509433962264153,0.7777777777777779,0.9633507853403143,0.6899383983572863,0.2666666666666664,0.48888888888888893,0.0,0.0,0.3333333333333333
0.5789473684210528,0.3863636363636364,0.3023255813953487,0.740506329113924,0.5471698113207547,0.23809523809523814,0.5916230366492148,0.9117043121149925,0.3833333333333336,0.39999999999999997,0.2105263157894735,0.0,0.3333333333333333
0.3947368421052634,0.25,0.325581395348837,0.16455696202531644,0.6037735849056605,0.126984126984127,0.30890052356020953,0.48459958932237795,0.10000000000000014,0.3555555555555555,0.15789473684210523,0.0,0.3333333333333333
0.36842105263157904,0.27272727272727276,0.5581395348837208,0.8924050632911391,0.6603773584905661,0.5873015873015874,0.712041884816754,0.7772073921971241,0.5166666666666672,0.4444444444444445,0.4210526315789474,0.0,0.3333333333333333
0.44736842105263164,0.4090909090909091,0.5116279069767441,0.6329113924050633,0.2452830188679245,0.17460317460317462,0.20942408376963362,0.4332648870636565,0.5166666666666672,0.17777777777777778,0.6842105263157896,0.0,0.3333333333333333
0.2894736842105264,0.31818181818181823,0.5813953488372091,0.5569620253164558,0.7924528301886794,0.8888888888888891,0.8062827225130891,0.7926078028747405,0.36666666666666653,0.5555555555555555,0.02631578947368418,0.0,0.3333333333333333
0.5789473684210528,0.7727272727272727,0.6279069767441858,0.012658227848101278,0.169811320754717,0.0,0.16230366492146608,0.3162217659137557,0.19999999999999962,0.48888888888888893,0.39473684210526333,0.0,0.3333333333333333
0.736842105263158,0.3409090909090909,0.9069767441860463,0.0,0.35849056603773577,0.380952380952381,0.4816753926701572,0.3408624229979466,0.5166666666666672,0.0888888888888888,0.5263157894736844,0.0,0.3333333333333333
0.5263157894736845,0.31818181818181823,0.6976744186046511,0.6898734177215191,0.13207547169811318,0.126984126984127,0.3455497382198954,0.6991786447638607,0.1333333333333328,0.3111111111111111,0.5000000000000002,0.0,0.3333333333333333
0.21052631578947378,0.6590909090909092,0.9069767441860463,0.34177215189873417,0.37735849056603776,0.11111111111111116,0.46596858638743466,0.7002053388090306,0.5666666666666669,0.5555555555555555,0.02631578947368418,0.0,0.3333333333333333
0.36842105263157904,0.4090909090909091,0.5581395348837208,0.012658227848101278,0.35849056603773577,0.14285714285714285,0.2146596858638744,0.24845995893223666,0.19999999999999962,0.33333333333333326,0.4473684210526315,0.0,0.3333333333333333
0.8947368421052637,0.47727272727272724,0.9069767441860463,0.0,0.2075471698113207,0.14285714285714285,0.15706806282722519,0.25872689938398097,0.04999999999999971,0.0222222222222222,0.4210526315789474,0.0,0.3333333333333333
0.5789473684210528,0.3863636363636364,0.3023255813953487,0.740506329113924,0.5471698113207547,0.23809523809523814,0.5916230366492148,0.9117043121149925,0.3833333333333336,0.39999999999999997,0.2105263157894735,0.0,0.3333333333333333
0.44736842105263164,0.15909090909090906,0.4186046511627906,0.10759493670886075,0.169811320754717,0.28571428571428575,0.44502617801047134,0.4691991786447615,0.7000000000000004,0.7111111111111111,0.3421052631578946,0.0,0.3333333333333333
0.18421052631578938,0.4090909090909091,0.6279069767441858,0.05063291139240503,0.490566037735849,0.126984126984127,0.9109947643979059,0.5154004106776222,0.933333333333334,0.26666666666666666,0.4210526315789474,0.0,0.3333333333333333
0.34210526315789486,0.18181818181818182,0.2790697674418603,0.012658227848101278,0.2452830188679245,0.0,0.5130890052356022,0.1540041067761756,0.28333333333333344,0.1111111111111111,0.6052631578947367,0.0,0.3333333333333333
0.3947368421052634,0.36363636363636365,0.44186046511627886,0.01898734177215189,0.5283018867924528,0.3015873015873016,0.8534031413612567,0.425051334702252,0.6000000000000002,0.48888888888888893,0.26315789473684226,0.0,0.3333333333333333
0.2368421052631579,0.5681818181818182,0.325581395348837,0.37341772151898733,0.8301886792452833,0.06349206349206349,0.47643979057591634,0.48459958932237795,0.36666666666666653,0.0666666666666666,0.3421052631578946,0.0,0.3333333333333333
0.18421052631578938,0.1363636363636364,0.5581395348837208,0.5379746835443038,0.30188679245283023,0.5238095238095238,0.9162303664921467,0.5667351129363436,0.3500000000000002,0.26666666666666666,0.3157894736842105,0.0,0.3333333333333333
0.3947368421052634,0.36363636363636365,0.46511627906976727,0.01898734177215189,0.5283018867924528,0.3015873015873016,0.8376963350785342,0.4240246406570821,0.6000000000000002,0.48888888888888893,0.26315789473684226,0.0,0.3333333333333333
0.2368421052631579,0.2954545454545455,0.9534883720930232,0.41772151898734167,0.45283018867924535,0.4761904761904763,0.9109947643979059,0.6160164271047253,0.3833333333333336,0.48888888888888893,0.13157894736842113,0.0,0.3333333333333333
0.5789473684210528,0.3863636363636364,0.3023255813953487,0.740506329113924,0.5471698113207547,0.23809523809523814,0.5916230366492148,0.9117043121149925,0.3833333333333336,0.39999999999999997,0.2105263157894735,0.0,0.3333333333333333
1.0000000000000002,0.04545454545454547,0.9069767441860463,0.0632911392405063,0.35849056603773577,0.20634920634920637,0.42408376963350797,0.5811088295687901,0.28333333333333344,0.46666666666666673,0.3421052631578946,0.0,0.3333333333333333
0.5526315789473686,0.3409090909090909,0.37209302325581384,0.8829113924050631,0.7924528301886794,0.6666666666666667,0.7958115183246075,0.9137577002053434,0.18333333333333324,0.37777777777777777,0.07894736842105238,0.0,0.3333333333333333
0.5526315789473686,0.3409090909090909,0.37209302325581384,0.8829113924050631,0.7924528301886794,0.6666666666666667,0.7958115183246075,0.9137577002053434,0.18333333333333324,0.37777777777777777,0.07894736842105238,0.0,0.3333333333333333
0.6578947368421055,0.04545454545454547,0.46511627906976727,0.24050632911392406,0.22641509433962262,0.507936507936508,0.7591623036649215,0.7412731006160191,0.9000000000000007,0.26666666666666666,0.02631578947368418,0.0,0.3333333333333333
0.8157894736842107,0.27272727272727276,0.2558139534883719,0.9620253164556962,0.9245283018867925,0.5714285714285715,0.8952879581151834,0.8747433264887062,0.1499999999999999,0.39999999999999997,0.23684210526315808,0.0,0.3333333333333333
0.2368421052631579,0.5681818181818182,0.325581395348837,0.37341772151898733,0.8301886792452833,0.06349206349206349,0.47643979057591634,0.48459958932237795,0.36666666666666653,0.0666666666666666,0.3421052631578946,0.0,0.3333333333333333
0.8421052631578949,0.4545454545454546,0.6046511627906975,0.0253164556962025,0.37735849056603776,0.09523809523809523,0.48691099476439803,0.6242299794661184,0.3999999999999999,0.33333333333333326,0.13157894736842113,0.0,0.3333333333333333
0.44736842105263164,0.22727272727272724,0.5581395348837208,0.012658227848101278,0.37735849056603776,0.015873015873015872,0.5549738219895289,0.18891170431211074,0.3833333333333336,0.3111111111111111,0.6052631578947367,0.0,0.3333333333333333
0.3947368421052634,0.36363636363636365,0.6046511627906975,0.22151898734177214,0.5471698113207547,0.4126984126984128,0.9267015706806284,0.5800821355236089,0.7833333333333334,0.5555555555555555,0.39473684210526333,0.0,0.3333333333333333
0.3947368421052634,0.36363636363636365,0.6046511627906975,0.22151898734177214,0.5471698113207547,0.4126984126984128,0.9267015706806284,0.5800821355236089,0.7833333333333334,0.5555555555555555,0.39473684210526333,0.0,0.3333333333333333
0.36842105263157904,0.2954545454545455,0.44186046511627886,0.22784810126582278,0.39622641509433965,0.015873015873015872,0.32460732984293206,0.5236139630390153,0.6833333333333333,0.3555555555555555,0.4473684210526315,0.0,0.3333333333333333
0.5789473684210528,0.3863636363636364,0.9069767441860463,0.7848101265822784,0.6981132075471699,0.7142857142857144,0.8638743455497384,0.9671457905544161,0.4833333333333337,0.46666666666666673,0.02631578947368418,0.0,0.3333333333333333
0.34210526315789486,0.9090909090909092,0.3953488372093022,0.38607594936708856,0.45283018867924535,0.047619047619047616,0.7958115183246075,0.5687885010266946,0.3833333333333336,0.1333333333333333,0.13157894736842113,0.0,0.3333333333333333
0.18421052631578938,0.31818181818181823,0.3488372093023254,0.7531645569620252,0.5471698113207547,0.4603174603174604,0.8534031413612567,0.8644763860369619,0.5333333333333334,0.2444444444444444,0.02631578947368418,0.0,0.3333333333333333
0.6578947368421055,0.04545454545454547,0.46511627906976727,0.24050632911392406,0.22641509433962262,0.507936507936508,0.7591623036649215,0.7412731006160191,0.9000000000000007,0.26666666666666666,0.02631578947368418,0.0,0.3333333333333333
0.21052631578947378,0.6590909090909092,0.9069767441860463,0.34177215189873417,0.37735849056603776,0.11111111111111116,0.46596858638743466,0.7002053388090306,0.5666666666666669,0.5555555555555555,0.02631578947368418,0.0,0.3333333333333333
0.2368421052631579,0.22727272727272724,0.6279069767441858,0.05063291139240503,0.1132075471698113,0.015873015873015872,0.18324607329842946,0.02258726899383967,0.6166666666666666,0.04444444444444445,0.868421052631579,0.0,0.3333333333333333
0.8421052631578949,0.4545454545454546,0.6046511627906975,0.0253164556962025,0.37735849056603776,0.09523809523809523,0.48691099476439803,0.6242299794661184,0.3999999999999999,0.33333333333333326,0.13157894736842113,0.0,0.3333333333333333
0.5789473684210528,0.3863636363636364,0.9069767441860463,0.7848101265822784,0.6981132075471699,0.7142857142857144,0.8638743455497384,0.9671457905544161,0.4833333333333337,0.46666666666666673,0.02631578947368418,0.0,0.3333333333333333
0.5789473684210528,0.27272727272727276,0.6046511627906975,0.037974683544303806,0.13207547169811318,0.015873015873015872,0.4188481675392671,0.3613963039014352,0.36666666666666653,0.17777777777777778,0.39473684210526333,0.0,0.3333333333333333
0.2368421052631579,0.2954545454545455,0.9534883720930232,0.41772151898734167,0.45283018867924535,0.4761904761904763,0.9109947643979059,0.6160164271047253,0.3833333333333336,0.48888888888888893,0.13157894736842113,0.0,0.3333333333333333
0.5526315789473686,0.3409090909090909,0.37209302325581384,0.8829113924050631,0.7924528301886794,0.6666666666666667,0.7958115183246075,0.9137577002053434,0.18333333333333324,0.37777777777777777,0.07894736842105238,0.0,0.3333333333333333
0.5526315789473686,0.4090909090909091,0.325581395348837,0.22784810126582278,0.5283018867924528,0.047619047619047616,0.5654450261780106,0.6488706365503092,0.3500000000000002,0.39999999999999997,0.05263157894736825,0.0,0.3333333333333333
0.10526315789473678,0.31818181818181823,0.1860465116279068,0.012658227848101278,0.6226415094339623,0.031746031746031744,0.4293193717277488,0.34907597535933976,0.5,0.5777777777777777,0.17105263157894757,0.0,0.3333333333333333
0.10526315789473678,0.31818181818181823,0.1860465116279068,0.012658227848101278,0.6226415094339623,0.031746031746031744,0.4293193717277488,0.34907597535933976,0.5,0.5777777777777777,0.17105263157894757,0.0,0.3333333333333333
0.6842105263157897,0.4090909090909091,0.37209302325581384,0.012658227848101278,0.47169811320754723,0.1031746031746032,0.32460732984293206,0.5256673511293665,0.5166666666666672,0.1111111111111111,0.15789473684210523,0.0,0.3333333333333333
0.3947368421052634,0.36363636363636365,0.46511627906976727,0.01898734177215189,0.5283018867924528,0.3015873015873016,0.8376963350785342,0.4240246406570821,0.6000000000000002,0.48888888888888893,0.26315789473684226,0.0,0.3333333333333333
0.18421052631578938,0.1363636363636364,0.5581395348837208,0.5379746835443038,0.30188679245283023,0.5238095238095238,0.9162303664921467,0.5667351129363436,0.3500000000000002,0.26666666666666666,0.3157894736842105,0.0,0.3333333333333333
0.2368421052631579,0.2954545454545455,0.9534883720930232,0.41772151898734167,0.45283018867924535,0.4761904761904763,0.9109947643979059,0.6160164271047253,0.3833333333333336,0.48888888888888893,0.13157894736842113,0.0,0.3333333333333333
0.2894736842105264,0.8636363636363638,0.1627906976744185,0.0253164556962025,0.41509433962264153,0.0,0.0,0.3819301848049237,0.5499999999999998,0.0,0.2894736842105263,0.0,0.3333333333333333
0.10526315789473678,0.22727272727272724,0.7906976744186045,0.15822784810126578,0.07547169811320759,0.0,0.43455497382198965,0.18685831622175958,1.0,0.2444444444444444,0.7368421052631579,0.0,0.3333333333333333
0.5526315789473686,0.4090909090909091,0.325581395348837,0.22784810126582278,0.5283018867924528,0.047619047619047616,0.5654450261780106,0.6488706365503092,0.3500000000000002,0.39999999999999997,0.05263157894736825,0.0,0.3333333333333333
0.8421052631578949,0.4545454545454546,0.6046511627906975,0.0253164556962025,0.37735849056603776,0.09523809523809523,0.48691099476439803,0.6242299794661184,0.3999999999999999,0.33333333333333326,0.13157894736842113,0.0,0.3333333333333333
0.18421052631578938,0.4090909090909091,0.6279069767441858,0.05063291139240503,0.490566037735849,0.126984126984127,0.9109947643979059,0.5154004106776222,0.933333333333334,0.26666666666666666,0.4210526315789474,0.0,0.3333333333333333
0.21052631578947378,0.6590909090909092,0.9069767441860463,0.34177215189873417,0.37735849056603776,0.11111111111111116,0.46596858638743466,0.7002053388090306,0.5666666666666669,0.5555555555555555,0.02631578947368418,0.0,0.3333333333333333
0.473684210526316,0.4090909090909091,0.8604651162790696,0.25949367088607594,0.35849056603773577,0.22222222222222224,0.20418848167539277,0.15605749486652676,0.16666666666666619,0.19999999999999993,0.9736842105263159,0.0,0.3333333333333333
0.5789473684210528,0.15909090909090906,0.5813953488372091,0.012658227848101278,0.30188679245283023,0.031746031746031744,0.4188481675392671,0.1971252566735039,0.21666666666666662,0.2888888888888889,0.6315789473684214,0.0,0.3333333333333333
0.3947368421052634,0.4090909090909091,0.1395348837209301,0.0253164556962025,0.490566037735849,0.15873015873015875,0.36649214659685875,0.4640657084188894,0.4833333333333337,0.1333333333333333,0.15789473684210523,0.0,0.3333333333333333
0.5789473684210528,0.4318181818181819,0.6046511627906975,0.06962025316455694,0.169811320754717,0.33333333333333337,0.7643979057591626,0.5051334702258665,0.8166666666666669,0.3555555555555555,0.4210526315789474,0.0,0.3333333333333333
0.5000000000000001,0.7954545454545454,0.5116279069767441,0.26582278481012656,0.3396226415094339,0.20634920634920637,0.40837696335078544,0.5872689938398321,0.5166666666666672,0.2888888888888889,0.4736842105263157,0.0,0.3333333333333333
0.5263157894736845,0.7045454545454546,0.5116279069767441,0.38607594936708856,0.35849056603773577,0.1904761904761905,0.47643979057591634,0.6899383983572863,0.6499999999999999,0.19999999999999993,0.39473684210526333,0.0,0.3333333333333333
0.8421052631578949,0.4545454545454546,0.6046511627906975,0.0253164556962025,0.37735849056603776,0.09523809523809523,0.48691099476439803,0.6242299794661184,0.3999999999999999,0.33333333333333326,0.13157894736842113,0.0,0.3333333333333333
0.34210526315789486,0.9090909090909092,0.3953488372093022,0.38607594936708856,0.45283018867924535,0.047619047619047616,0.7958115183246075,0.5687885010266946,0.3833333333333336,0.1333333333333333,0.13157894736842113,0.0,0.3333333333333333
0.3947368421052634,0.36363636363636365,0.46511627906976727,0.01898734177215189,0.5283018867924528,0.3015873015873016,0.8376963350785342,0.4240246406570821,0.6000000000000002,0.48888888888888893,0.26315789473684226,0.0,0.3333333333333333
0.18421052631578938,0.31818181818181823,0.3488372093023254,0.7531645569620252,0.5471698113207547,0.4603174603174604,0.8534031413612567,0.8644763860369619,0.5333333333333334,0.2444444444444444,0.02631578947368418,0.0,0.3333333333333333
0.36842105263157904,0.6818181818181819,0.6279069767441858,0.25949367088607594,0.41509433962264153,0.6507936507936509,0.9162303664921467,0.4435318275154008,0.25000000000000006,0.7333333333333334,0.4210526315789474,0.0,0.3333333333333333
0.34210526315789486,0.18181818181818182,0.2790697674418603,0.012658227848101278,0.2452830188679245,0.0,0.5130890052356022,0.1540041067761756,0.28333333333333344,0.1111111111111111,0.6052631578947367,0.0,0.3333333333333333
0.18421052631578938,0.31818181818181823,0.3488372093023254,0.7531645569620252,0.5471698113207547,0.4603174603174604,0.8534031413612567,0.8644763860369619,0.5333333333333334,0.2444444444444444,0.02631578947368418,0.0,0.3333333333333333
0.34210526315789486,0.3863636363636364,0.4883720930232557,0.5632911392405062,0.28301886792452835,0.07936507936507936,0.7801047120418849,0.5975359342915764,0.8833333333333336,0.5111111111111112,0.6578947368421055,0.0,0.3333333333333333
0.5789473684210528,0.7727272727272727,0.6279069767441858,0.012658227848101278,0.169811320754717,0.0,0.16230366492146608,0.3162217659137557,0.19999999999999962,0.48888888888888893,0.39473684210526333,0.0,0.3333333333333333
0.5000000000000001,0.5454545454545454,0.3023255813953487,0.3481012658227848,0.47169811320754723,0.20634920634920637,0.39790575916230375,0.3655030800821374,0.28333333333333344,0.5111111111111112,0.6052631578947367,0.0,0.3333333333333333
0.5526315789473686,0.3409090909090909,0.37209302325581384,0.8829113924050631,0.7924528301886794,0.6666666666666667,0.7958115183246075,0.9137577002053434,0.18333333333333324,0.37777777777777777,0.07894736842105238,0.0,0.3333333333333333
0.21052631578947378,0.7045454545454546,0.37209302325581384,0.21518987341772156,0.7169811320754718,0.9206349206349208,0.9424083769633509,0.4640657084188894,0.5666666666666669,0.4444444444444445,0.23684210526315808,0.0,0.3333333333333333
0.8421052631578949,0.4545454545454546,0.6046511627906975,0.0253164556962025,0.37735849056603776,0.09523809523809523,0.48691099476439803,0.6242299794661184,0.3999999999999999,0.33333333333333326,0.13157894736842113,0.0,0.3333333333333333
0.36842105263157904,0.4090909090909091,0.5581395348837208,0.012658227848101278,0.35849056603773577,0.14285714285714285,0.2146596858638744,0.24845995893223666,0.19999999999999962,0.33333333333333326,0.4473684210526315,0.0,0.3333333333333333
0.44736842105263164,0.22727272727272724,0.5581395348837208,0.012658227848101278,0.37735849056603776,0.015873015873015872,0.5549738219895289,0.18891170431211074,0.3833333333333336,0.3111111111111111,0.6052631578947367,0.0,0.3333333333333333
0.3947368421052634,0.36363636363636365,0.46511627906976727,0.01898734177215189,0.5283018867924528,0.3015873015873016,0.8376963350785342,0.4240246406570821,0.6000000000000002,0.48888888888888893,0.26315789473684226,0.0,0.3333333333333333
0.3947368421052634,0.36363636363636365,0.6046511627906975,0.22151898734177214,0.5471698113207547,0.4126984126984128,0.9267015706806284,0.5800821355236089,0.7833333333333334,0.5555555555555555,0.39473684210526333,0.0,0.3333333333333333
0.2894736842105264,0.31818181818181823,0.4186046511627906,0.47468354430379744,0.41509433962264153,0.7777777777777779,0.9633507853403143,0.6899383983572863,0.2666666666666664,0.48888888888888893,0.0,0.0,0.3333333333333333
0.8947368421052637,0.47727272727272724,0.9069767441860463,0.0,0.2075471698113207,0.14285714285714285,0.15706806282722519,0.25872689938398097,0.04999999999999971,0.0222222222222222,0.4210526315789474,0.0,0.3333333333333333
0.5000000000000001,0.5454545454545454,0.3023255813953487,0.3481012658227848,0.47169811320754723,0.20634920634920637,0.39790575916230375,0.3655030800821374,0.28333333333333344,0.5111111111111112,0.6052631578947367,0.0,0.3333333333333333
0.5526315789473686,0.4545454545454546,0.325581395348837,0.18037974683544306,0.1132075471698113,0.0,0.0418848167539268,0.1540041067761756,0.1333333333333328,0.0888888888888888,0.7631578947368425,0.0,0.3333333333333333
0.6578947368421055,0.04545454545454547,0.46511627906976727,0.24050632911392406,0.22641509433962262,0.507936507936508,0.7591623036649215,0.7412731006160191,0.9000000000000007,0.26666666666666666,0.02631578947368418,0.0,0.3333333333333333
0.26315789473684226,0.4545454545454546,0.23255813953488358,0.879746835443038,0.6603773584905661,0.507936507936508,0.712041884816754,0.905544147843939,0.33333333333333315,0.2888888888888889,0.02631578947368418,0.0,0.3333333333333333
0.26315789473684226,0.47727272727272724,0.5813953488372091,0.29113924050632906,0.169811320754717,0.06349206349206349,0.6387434554973823,0.5061601642710477,0.3999999999999999,0.39999999999999997,0.23684210526315808,0.0,0.3333333333333333
0.3947368421052634,0.1363636363636364,0.5581395348837208,0.05696202531645567,0.3396226415094339,0.3174603174603175,0.5759162303664922,0.412731006160168,0.6333333333333336,0.6222222222222222,0.3157894736842105,0.0,0.3333333333333333
0.5789473684210528,0.27272727272727276,0.6046511627906975,0.037974683544303806,0.13207547169811318,0.015873015873015872,0.4188481675392671,0.3613963039014352,0.36666666666666653,0.17777777777777778,0.39473684210526333,0.0,0.3333333333333333
0.44736842105263164,0.15909090909090906,0.4186046511627906,0.10759493670886075,0.169811320754717,0.28571428571428575,0.44502617801047134,0.4691991786447615,0.7000000000000004,0.7111111111111111,0.3421052631578946,0.0,0.3333333333333333
0.36842105263157904,0.27272727272727276,0.5581395348837208,0.8924050632911391,0.6603773584905661,0.5873015873015874,0.712041884816754,0.7772073921971241,0.5166666666666672,0.4444444444444445,0.4210526315789474,0.0,0.3333333333333333
0.36842105263157904,0.4090909090909091,0.5581395348837208,0.012658227848101278,0.35849056603773577,0.14285714285714285,0.2146596858638744,0.24845995893223666,0.19999999999999962,0.33333333333333326,0.4473684210526315,0.0,0.3333333333333333
0.26315789473684226,0.4545454545454546,0.23255813953488358,0.879746835443038,0.6603773584905661,0.507936507936508,0.712041884816754,0.905544147843939,0.33333333333333315,0.2888888888888889,0.02631578947368418,0.0,0.3333333333333333
0.36842105263157904,0.2954545454545455,0.44186046511627886,0.22784810126582278,0.39622641509433965,0.015873015873015872,0.32460732984293206,0.5236139630390153,0.6833333333333333,0.3555555555555555,0.4473684210526315,0.0,0.3333333333333333
0.3947368421052634,0.25,0.325581395348837,0.16455696202531644,0.6037735849056605,0.126984126984127,0.30890052356020953,0.48459958932237795,0.10000000000000014,0.3555555555555555,0.15789473684210523,0.0,0.3333333333333333
0.18421052631578938,0.1363636363636364,0.5581395348837208,0.5379746835443038,0.30188679245283023,0.5238095238095238,0.9162303664921467,0.5667351129363436,0.3500000000000002,0.26666666666666666,0.3157894736842105,0.0,0.3333333333333333
0.36842105263157904,0.1363636363636364,0.3953488372093022,0.012658227848101278,0.169811320754717,0.22222222222222224,0.2198952879581153,0.07392197125256111,0.3500000000000002,0.1111111111111111,0.7368421052631579,0.0,0.3333333333333333
0.2368421052631579,0.2954545454545455,0.9534883720930232,0.41772151898734167,0.45283018867924535,0.4761904761904763,0.9109947643979059,0.6160164271047253,0.3833333333333336,0.48888888888888893,0.13157894736842113,0.0,0.3333333333333333
0.36842105263157904,0.4090909090909091,0.5581395348837208,0.012658227848101278,0.35849056603773577,0.14285714285714285,0.2146596858638744,0.24845995893223666,0.19999999999999962,0.33333333333333326,0.4473684210526315,0.0,0.3333333333333333
0.36842105263157904,0.4090909090909091,0.5581395348837208,0.012658227848101278,0.35849056603773577,0.14285714285714285,0.2146596858638744,0.24845995893223666,0.19999999999999962,0.33333333333333326,0.4473684210526315,0.0,0.3333333333333333
0.8421052631578949,0.4545454545454546,0.6046511627906975,0.0253164556962025,0.37735849056603776,0.09523809523809523,0.48691099476439803,0.6242299794661184,0.3999999999999999,0.33333333333333326,0.13157894736842113,0.0,0.3333333333333333
0.3947368421052634,0.1363636363636364,0.5581395348837208,0.05696202531645567,0.3396226415094339,0.3174603174603175,0.5759162303664922,0.412731006160168,0.6333333333333336,0.6222222222222222,0.3157894736842105,0.0,0.3333333333333333
0.3947368421052634,0.36363636363636365,0.6046511627906975,0.22151898734177214,0.5471698113207547,0.4126984126984128,0.9267015706806284,0.5800821355236089,0.7833333333333334,0.5555555555555555,0.39473684210526333,0.0,0.3333333333333333
0.4210526315789475,0.22727272727272724,0.1860465116279068,0.01898734177215189,0.39622641509433965,0.06349206349206349,0.18848167539267024,0.4640657084188894,0.7500000000000001,0.33333333333333326,0.3157894736842105,0.0,0.3333333333333333
0.18421052631578938,0.4090909090909091,0.6279069767441858,0.05063291139240503,0.490566037735849,0.126984126984127,0.9109947643979059,0.5154004106776222,0.933333333333334,0.26666666666666666,0.4210526315789474,0.0,0.3333333333333333
0.44736842105263164,0.22727272727272724,0.5581395348837208,0.012658227848101278,0.37735849056603776,0.015873015873015872,0.5549738219895289,0.18891170431211074,0.3833333333333336,0.3111111111111111,0.6052631578947367,0.0,0.3333333333333333
0.2894736842105264,0.31818181818181823,0.5813953488372091,0.5569620253164558,0.7924528301886794,0.8888888888888891,0.8062827225130891,0.7926078028747405,0.36666666666666653,0.5555555555555555,0.02631578947368418,0.0,0.3333333333333333
0.36842105263157904,0.4090909090909091,0.5581395348837208,0.012658227848101278,0.35849056603773577,0.14285714285714285,0.2146596858638744,0.24845995893223666,0.19999999999999962,0.33333333333333326,0.4473684210526315,0.0,0.3333333333333333
0.736842105263158,0.3409090909090909,0.9069767441860463,0.0,0.35849056603773577,0.380952380952381,0.4816753926701572,0.3408624229979466,0.5166666666666672,0.0888888888888888,0.5263157894736844,0.0,0.3333333333333333
0.6842105263157897,0.04545454545454547,0.6046511627906975,0.03164556962025317,0.15094339622641506,0.14285714285714285,0.5026178010471205,0.47433264887063364,0.45000000000000034,0.15555555555555556,0.3684210526315792,0.0,0.3333333333333333
0.5789473684210528,0.3863636363636364,0.9069767441860463,0.7848101265822784,0.6981132075471699,0.7142857142857144,0.8638743455497384,0.9671457905544161,0.4833333333333337,0.46666666666666673,0.02631578947368418,0.0,0.3333333333333333
0.5789473684210528,0.27272727272727276,0.6046511627906975,0.037974683544303806,0.13207547169811318,0.015873015873015872,0.4188481675392671,0.3613963039014352,0.36666666666666653,0.17777777777777778,0.39473684210526333,0.0,0.3333333333333333
1.0000000000000002,0.04545454545454547,0.9069767441860463,0.0632911392405063,0.35849056603773577,0.20634920634920637,0.42408376963350797,0.5811088295687901,0.28333333333333344,0.46666666666666673,0.3421052631578946,0.0,0.3333333333333333
0.5789473684210528,0.7727272727272727,0.6279069767441858,0.012658227848101278,0.169811320754717,0.0,0.16230366492146608,0.3162217659137557,0.19999999999999962,0.48888888888888893,0.39473684210526333,0.0,0.3333333333333333
0.2368421052631579,0.5681818181818182,0.325581395348837,0.37341772151898733,0.8301886792452833,0.06349206349206349,0.47643979057591634,0.48459958932237795,0.36666666666666653,0.0666666666666666,0.3421052631578946,0.0,0.3333333333333333
0.10526315789473678,0.22727272727272724,0.7906976744186045,0.15822784810126578,0.07547169811320759,0.0,0.43455497382198965,0.18685831622175958,1.0,0.2444444444444444,0.7368421052631579,0.0,0.3333333333333333
0.05263157894736831,0.09090909090909088,0.44186046511627886,0.0822784810126582,0.28301886792452835,0.0,0.10994764397905771,0.1827515400410687,0.233333333333333,0.2888888888888889,0.3157894736842105,0.0,0.3333333333333333
0.5526315789473686,0.4545454545454546,0.325581395348837,0.18037974683544306,0.1132075471698113,0.0,0.0418848167539268,0.1540041067761756,0.1333333333333328,0.0888888888888888,0.7631578947368425,0.0,0.3333333333333333
1.0000000000000002,0.31818181818181823,0.9069767441860463,0.6835443037974683,0.3207547169811321,0.380952380952381,0.5811518324607331,0.8747433264887062,0.28333333333333344,0.04444444444444445,0.3157894736842105,0.0,0.3333333333333333
0.18421052631578938,0.4090909090909091,0.6279069767441858,0.05063291139240503,0.490566037735849,0.126984126984127,0.9109947643979059,0.5154004106776222,0.933333333333334,0.26666666666666666,0.4210526315789474,0.0,0.3333333333333333
0.34210526315789486,0.9090909090909092,0.3953488372093022,0.38607594936708856,0.45283018867924535,0.047619047619047616,0.7958115183246075,0.5687885010266946,0.3833333333333336,0.1333333333333333,0.13157894736842113,0.0,0.3333333333333333
0.34210526315789486,0.9090909090909092,0.3953488372093022,0.38607594936708856,0.45283018867924535,0.047619047619047616,0.7958115183246075,0.5687885010266946,0.3833333333333336,0.1333333333333333,0.13157894736842113,0.0,0.3333333333333333
0.18421052631578938,0.5454545454545454,0.09302325581395338,0.18354430379746833,0.6603773584905661,0.34920634920634924,0.45549738219895297,0.4065708418891146,0.233333333333333,0.04444444444444445,0.07894736842105238,0.0,0.3333333333333333
0.5789473684210528,0.27272727272727276,0.6046511627906975,0.037974683544303806,0.13207547169811318,0.015873015873015872,0.4188481675392671,0.3613963039014352,0.36666666666666653,0.17777777777777778,0.39473684210526333,0.0,0.3333333333333333
0.3947368421052634,0.1363636363636364,0.5581395348837208,0.05696202531645567,0.3396226415094339,0.3174603174603175,0.5759162303664922,0.412731006160168,0.6333333333333336,0.6222222222222222,0.3157894736842105,0.0,0.3333333333333333
0.2368421052631579,0.2954545454545455,0.9534883720930232,0.41772151898734167,0.45283018867924535,0.4761904761904763,0.9109947643979059,0.6160164271047253,0.3833333333333336,0.48888888888888893,0.13157894736842113,0.0,0.3333333333333333
0.8947368421052637,0.47727272727272724,0.9069767441860463,0.0,0.2075471698113207,0.14285714285714285,0.15706806282722519,0.25872689938398097,0.04999999999999971,0.0222222222222222,0.4210526315789474,0.0,0.3333333333333333
0.6842105263157897,0.4090909090909091,0.37209302325581384,0.012658227848101278,0.47169811320754723,0.1031746031746032,0.32460732984293206,0.5256673511293665,0.5166666666666672,0.1111111111111111,0.15789473684210523,0.0,0.3333333333333333
0.44736842105263164,0.15909090909090906,0.4186046511627906,0.10759493670886075,0.169811320754717,0.28571428571428575,0.44502617801047134,0.4691991786447615,0.7000000000000004,0.7111111111111111,0.3421052631578946,0.0,0.3333333333333333
0.736842105263158,0.3409090909090909,0.9069767441860463,0.0,0.35849056603773577,0.380952380952381,0.4816753926701572,0.3408624229979466,0.5166666666666672,0.0888888888888888,0.5263157894736844,0.0,0.3333333333333333
0.2894736842105264,0.31818181818181823,0.4186046511627906,0.47468354430379744,0.41509433962264153,0.7777777777777779,0.9633507853403143,0.6899383983572863,0.2666666666666664,0.48888888888888893,0.0,0.0,0.3333333333333333
0.8157894736842107,0.27272727272727276,0.2558139534883719,0.9620253164556962,0.9245283018867925,0.5714285714285715,0.8952879581151834,0.8747433264887062,0.1499999999999999,0.39999999999999997,0.23684210526315808,0.0,0.3333333333333333
0.3947368421052634,0.36363636363636365,0.44186046511627886,0.01898734177215189,0.5283018867924528,0.3015873015873016,0.8534031413612567,0.425051334702252,0.6000000000000002,0.48888888888888893,0.26315789473684226,0.0,0.3333333333333333
0.36842105263157904,0.27272727272727276,0.5581395348837208,0.8924050632911391,0.6603773584905661,0.5873015873015874,0.712041884816754,0.7772073921971241,0.5166666666666672,0.4444444444444445,0.4210526315789474,0.0,0.3333333333333333
0.44736842105263164,0.15909090909090906,0.4186046511627906,0.10759493670886075,0.169811320754717,0.28571428571428575,0.44502617801047134,0.4691991786447615,0.7000000000000004,0.7111111111111111,0.3421052631578946,0.0,0.3333333333333333
0.2368421052631579,0.22727272727272724,0.6279069767441858,0.05063291139240503,0.1132075471698113,0.015873015873015872,0.18324607329842946,0.02258726899383967,0.6166666666666666,0.04444444444444445,0.868421052631579,0.0,0.3333333333333333
0.5789473684210528,0.3863636363636364,0.3023255813953487,0.740506329113924,0.5471698113207547,0.23809523809523814,0.5916230366492148,0.9117043121149925,0.3833333333333336,0.39999999999999997,0.2105263157894735,0.0,0.3333333333333333
0.6842105263157897,0.4090909090909091,0.37209302325581384,0.012658227848101278,0.47169811320754723,0.1031746031746032,0.32460732984293206,0.5256673511293665,0.5166666666666672,0.1111111111111111,0.15789473684210523,0.0,0.3333333333333333
0.3947368421052634,0.4090909090909091,0.1395348837209301,0.0253164556962025,0.490566037735849,0.15873015873015875,0.36649214659685875,0.4640657084188894,0.4833333333333337,0.1333333333333333,0.15789473684210523,0.0,0.3333333333333333
0.736842105263158,0.3409090909090909,0.9069767441860463,0.0,0.35849056603773577,0.380952380952381,0.4816753926701572,0.3408624229979466,0.5166666666666672,0.0888888888888888,0.5263157894736844,0.0,0.3333333333333333
0.5263157894736845,0.06818181818181823,0.6976744186046511,0.28481012658227844,0.22641509433962262,0.4603174603174604,0.7068062827225132,0.412731006160168,0.19999999999999962,0.6666666666666666,0.6842105263157896,0.0,0.3333333333333333
0.34210526315789486,0.18181818181818182,0.2790697674418603,0.012658227848101278,0.2452830188679245,0.0,0.5130890052356022,0.1540041067761756,0.28333333333333344,0.1111111111111111,0.6052631578947367,0.0,0.3333333333333333
0.3947368421052634,0.36363636363636365,0.44186046511627886,0.01898734177215189,0.5283018867924528,0.3015873015873016,0.8534031413612567,0.425051334702252,0.6000000000000002,0.48888888888888893,0.26315789473684226,0.0,0.3333333333333333
0.8421052631578949,0.4545454545454546,0.6046511627906975,0.0253164556962025,0.37735849056603776,0.09523809523809523,0.48691099476439803,0.6242299794661184,0.3999999999999999,0.33333333333333326,0.13157894736842113,0.0,0.3333333333333333
0.8157894736842107,0.27272727272727276,0.2558139534883719,0.9620253164556962,0.9245283018867925,0.5714285714285715,0.8952879581151834,0.8747433264887062,0.1499999999999999,0.39999999999999997,0.23684210526315808,0.0,0.3333333333333333
0.2894736842105264,0.31818181818181823,0.5813953488372091,0.5569620253164558,0.7924528301886794,0.8888888888888891,0.8062827225130891,0.7926078028747405,0.36666666666666653,0.5555555555555555,0.02631578947368418,0.0,0.3333333333333333
0.6842105263157897,0.04545454545454547,0.6046511627906975,0.03164556962025317,0.15094339622641506,0.14285714285714285,0.5026178010471205,0.47433264887063364,0.45000000000000034,0.15555555555555556,0.3684210526315792,0.0,0.3333333333333333
0.5000000000000001,0.7954545454545454,0.5116279069767441,0.26582278481012656,0.3396226415094339,0.20634920634920637,0.40837696335078544,0.5872689938398321,0.5166666666666672,0.2888888888888889,0.4736842105263157,0.0,0.3333333333333333
0.5789473684210528,0.3863636363636364,0.3023255813953487,0.740506329113924,0.5471698113207547,0.23809523809523814,0.5916230366492148,0.9117043121149925,0.3833333333333336,0.39999999999999997,0.2105263157894735,0.0,0.3333333333333333
0.18421052631578938,0.5454545454545454,0.09302325581395338,0.18354430379746833,0.6603773584905661,0.34920634920634924,0.45549738219895297,0.4065708418891146,0.233333333333333,0.04444444444444445,0.07894736842105238,0.0,0.3333333333333333
0.6842105263157897,0.20454545454545456,0.6279069767441858,0.5443037974683544,0.5471698113207547,0.28571428571428575,0.6963350785340315,0.869609856262834,0.6499999999999999,0.33333333333333326,0.23684210526315808,0.0,0.3333333333333333
0.5789473684210528,0.15909090909090906,0.5813953488372091,0.012658227848101278,0.30188679245283023,0.031746031746031744,0.4188481675392671,0.1971252566735039,0.21666666666666662,0.2888888888888889,0.6315789473684214,0.0,0.3333333333333333
0.473684210526316,0.4090909090909091,0.8604651162790696,0.25949367088607594,0.35849056603773577,0.22222222222222224,0.20418848167539277,0.15605749486652676,0.16666666666666619,0.19999999999999993,0.9736842105263159,0.0,0.3333333333333333
0.5789473684210528,0.3863636363636364,0.3023255813953487,0.740506329113924,0.5471698113207547,0.23809523809523814,0.5916230366492148,0.9117043121149925,0.3833333333333336,0.39999999999999997,0.2105263157894735,0.0,0.3333333333333333
0.5526315789473686,0.4545454545454546,0.325581395348837,0.18037974683544306,0.1132075471698113,0.0,0.0418848167539268,0.1540041067761756,0.1333333333333328,0.0888888888888888,0.7631578947368425,0.0,0.3333333333333333
0.5789473684210528,0.3863636363636364,0.9069767441860463,0.7848101265822784,0.6981132075471699,0.7142857142857144,0.8638743455497384,0.9671457905544161,0.4833333333333337,0.46666666666666673,0.02631578947368418,0.0,0.3333333333333333
0.18421052631578938,0.31818181818181823,0.3488372093023254,0.7531645569620252,0.5471698113207547,0.4603174603174604,0.8534031413612567,0.8644763860369619,0.5333333333333334,0.2444444444444444,0.02631578947368418,0.0,0.3333333333333333
0.44736842105263164,0.4090909090909091,0.5116279069767441,0.6329113924050633,0.2452830188679245,0.17460317460317462,0.20942408376963362,0.4332648870636565,0.5166666666666672,0.17777777777777778,0.6842105263157896,0.0,0.3333333333333333
0.10526315789473678,0.22727272727272724,0.7906976744186045,0.15822784810126578,0.07547169811320759,0.0,0.43455497382198965,0.18685831622175958,1.0,0.2444444444444444,0.7368421052631579,0.0,0.3333333333333333
0.5263157894736845,0.06818181818181823,0.6976744186046511,0.28481012658227844,0.22641509433962262,0.4603174603174604,0.7068062827225132,0.412731006160168,0.19999999999999962,0.6666666666666666,0.6842105263157896,0.0,0.3333333333333333
0.21052631578947378,0.6590909090909092,0.9069767441860463,0.34177215189873417,0.37735849056603776,0.11111111111111116,0.46596858638743466,0.7002053388090306,0.5666666666666669,0.5555555555555555,0.02631578947368418,0.0,0.3333333333333333
0.6842105263157897,0.20454545454545456,0.6279069767441858,0.5443037974683544,0.5471698113207547,0.28571428571428575,0.6963350785340315,0.869609856262834,0.6499999999999999,0.33333333333333326,0.23684210526315808,0.0,0.3333333333333333
0.8421052631578949,0.4545454545454546,0.6046511627906975,0.0253164556962025,0.37735849056603776,0.09523809523809523,0.48691099476439803,0.6242299794661184,0.3999999999999999,0.33333333333333326,0.13157894736842113,0.0,0.3333333333333333
0.34210526315789486,0.9090909090909092,0.3953488372093022,0.38607594936708856,0.45283018867924535,0.047619047619047616,0.7958115183246075,0.5687885010266946,0.3833333333333336,0.1333333333333333,0.13157894736842113,0.0,0.3333333333333333
0.36842105263157904,0.1363636363636364,0.3953488372093022,0.012658227848101278,0.169811320754717,0.22222222222222224,0.2198952879581153,0.07392197125256111,0.3500000000000002,0.1111111111111111,0.7368421052631579,0.0,0.3333333333333333
0.5789473684210528,0.4318181818181819,0.6046511627906975,0.06962025316455694,0.169811320754717,0.33333333333333337,0.7643979057591626,0.5051334702258665,0.8166666666666669,0.3555555555555555,0.4210526315789474,0.0,0.3333333333333333
0.5789473684210528,0.4318181818181819,0.6046511627906975,0.06962025316455694,0.169811320754717,0.33333333333333337,0.7643979057591626,0.5051334702258665,0.8166666666666669,0.3555555555555555,0.4210526315789474,0.0,0.3333333333333333
0.736842105263158,0.3409090909090909,0.9069767441860463,0.0,0.35849056603773577,0.380952380952381,0.4816753926701572,0.3408624229979466,0.5166666666666672,0.0888888888888888,0.5263157894736844,0.0,0.3333333333333333
0.5526315789473686,0.3409090909090909,0.37209302325581384,0.8829113924050631,0.7924528301886794,0.6666666666666667,0.7958115183246075,0.9137577002053434,0.18333333333333324,0.37777777777777777,0.07894736842105238,0.0,0.3333333333333333
0.44736842105263164,0.4090909090909091,0.5116279069767441,0.6329113924050633,0.2452830188679245,0.17460317460317462,0.20942408376963362,0.4332648870636565,0.5166666666666672,0.17777777777777778,0.6842105263157896,0.0,0.3333333333333333
0.8421052631578949,0.4545454545454546,0.6046511627906975,0.0253164556962025,0.37735849056603776,0.09523809523809523,0.48691099476439803,0.6242299794661184,0.3999999999999999,0.33333333333333326,0.13157894736842113,0.0,0.3333333333333333
0.2368421052631579,0.2954545454545455,0.9534883720930232,0.41772151898734167,0.45283018867924535,0.4761904761904763,0.9109947643979059,0.6160164271047253,0.3833333333333336,0.48888888888888893,0.13157894736842113,0.0,0.3333333333333333
0.26315789473684226,0.4545454545454546,0.23255813953488358,0.879746835443038,0.6603773584905661,0.507936507936508,0.712041884816754,0.905544147843939,0.33333333333333315,0.2888888888888889,0.02631578947368418,0.0,0.3333333333333333
0.36842105263157904,0.2954545454545455,0.44186046511627886,0.22784810126582278,0.39622641509433965,0.015873015873015872,0.32460732984293206,0.5236139630390153,0.6833333333333333,0.3555555555555555,0.4473684210526315,0.0,0.3333333333333333
0.3947368421052634,0.25,0.325581395348837,0.16455696202531644,0.6037735849056605,0.126984126984127,0.30890052356020953,0.48459958932237795,0.10000000000000014,0.3555555555555555,0.15789473684210523,0.0,0.3333333333333333
0.4210526315789475,0.22727272727272724,0.1860465116279068,0.01898734177215189,0.39622641509433965,0.06349206349206349,0.18848167539267024,0.4640657084188894,0.7500000000000001,0.33333333333333326,0.3157894736842105,0.0,0.3333333333333333
0.3947368421052634,0.36363636363636365,0.44186046511627886,0.01898734177215189,0.5283018867924528,0.3015873015873016,0.8534031413612567,0.425051334702252,0.6000000000000002,0.48888888888888893,0.26315789473684226,0.0,0.3333333333333333
0.26315789473684226,0.4545454545454546,0.23255813953488358,0.879746835443038,0.6603773584905661,0.507936507936508,0.712041884816754,0.905544147843939,0.33333333333333315,0.2888888888888889,0.02631578947368418,0.0,0.3333333333333333
1.0000000000000002,0.04545454545454547,0.9069767441860463,0.0632911392405063,0.35849056603773577,0.20634920634920637,0.42408376963350797,0.5811088295687901,0.28333333333333344,0.46666666666666673,0.3421052631578946,0.0,0.3333333333333333
0.10526315789473678,0.22727272727272724,0.7906976744186045,0.15822784810126578,0.07547169811320759,0.0,0.43455497382198965,0.18685831622175958,1.0,0.2444444444444444,0.7368421052631579,0.0,0.3333333333333333
0.5789473684210528,0.7727272727272727,0.6279069767441858,0.012658227848101278,0.169811320754717,0.0,0.16230366492146608,0.3162217659137557,0.19999999999999962,0.48888888888888893,0.39473684210526333,0.0,0.3333333333333333
0.6842105263157897,0.4090909090909091,0.37209302325581384,0.012658227848101278,0.47169811320754723,0.1031746031746032,0.32460732984293206,0.5256673511293665,0.5166666666666672,0.1111111111111111,0.15789473684210523,0.0,0.3333333333333333
0.5000000000000001,0.7954545454545454,0.5116279069767441,0.26582278481012656,0.3396226415094339,0.20634920634920637,0.40837696335078544,0.5872689938398321,0.5166666666666672,0.2888888888888889,0.4736842105263157,0.0,0.3333333333333333
0.5526315789473686,0.4545454545454546,0.325581395348837,0.18037974683544306,0.1132075471698113,0.0,0.0418848167539268,0.1540041067761756,0.1333333333333328,0.0888888888888888,0.7631578947368425,0.0,0.3333333333333333
0.26315789473684226,0.4545454545454546,0.23255813953488358,0.879746835443038,0.6603773584905661,0.507936507936508,0.712041884816754,0.905544147843939,0.33333333333333315,0.2888888888888889,0.02631578947368418,0.0,0.3333333333333333
0.3947368421052634,0.36363636363636365,0.44186046511627886,0.01898734177215189,0.5283018867924528,0.3015873015873016,0.8534031413612567,0.425051334702252,0.6000000000000002,0.48888888888888893,0.26315789473684226,0.0,0.3333333333333333
0.736842105263158,0.3409090909090909,0.9069767441860463,0.0,0.35849056603773577,0.380952380952381,0.4816753926701572,0.3408624229979466,0.5166666666666672,0.0888888888888888,0.5263157894736844,0.0,0.3333333333333333
0.5526315789473686,0.4545454545454546,0.325581395348837,0.18037974683544306,0.1132075471698113,0.0,0.0418848167539268,0.1540041067761756,0.1333333333333328,0.0888888888888888,0.7631578947368425,0.0,0.3333333333333333
0.5526315789473686,0.4545454545454546,0.325581395348837,0.18037974683544306,0.1132075471698113,0.0,0.0418848167539268,0.1540041067761756,0.1333333333333328,0.0888888888888888,0.7631578947368425,0.0,0.3333333333333333
0.2368421052631579,0.2954545454545455,0.9534883720930232,0.41772151898734167,0.45283018867924535,0.4761904761904763,0.9109947643979059,0.6160164271047253,0.3833333333333336,0.48888888888888893,0.13157894736842113,0.0,0.3333333333333333
0.7631578947368425,0.4318181818181819,0.7441860465116277,0.009493670886075944,0.15094339622641506,0.20634920634920637,0.36649214659685875,0.166324435318271,0.45000000000000034,0.0,0.9210526315789476,0.0,0.3333333333333333
0.2894736842105264,0.8636363636363638,0.1627906976744185,0.0253164556962025,0.41509433962264153,0.0,0.0,0.3819301848049237,0.5499999999999998,0.0,0.2894736842105263,0.0,0.3333333333333333
0.44736842105263164,0.22727272727272724,0.5581395348837208,0.012658227848101278,0.37735849056603776,0.015873015873015872,0.5549738219895289,0.18891170431211074,0.3833333333333336,0.3111111111111111,0.6052631578947367,0.0,0.3333333333333333
0.3947368421052634,0.1363636363636364,0.5581395348837208,0.05696202531645567,0.3396226415094339,0.3174603174603175,0.5759162303664922,0.412731006160168,0.6333333333333336,0.6222222222222222,0.3157894736842105,0.0,0.3333333333333333
0.5789473684210528,0.7727272727272727,0.6279069767441858,0.012658227848101278,0.169811320754717,0.0,0.16230366492146608,0.3162217659137557,0.19999999999999962,0.48888888888888893,0.39473684210526333,0.0,0.3333333333333333
0.4210526315789475,0.22727272727272724,0.1860465116279068,0.01898734177215189,0.39622641509433965,0.06349206349206349,0.18848167539267024,0.4640657084188894,0.7500000000000001,0.33333333333333326,0.3157894736842105,0.0,0.3333333333333333
0.36842105263157904,0.1363636363636364,0.3953488372093022,0.012658227848101278,0.169811320754717,0.22222222222222224,0.2198952879581153,0.07392197125256111,0.3500000000000002,0.1111111111111111,0.7368421052631579,0.0,0.3333333333333333
0.44736842105263164,0.15909090909090906,0.4186046511627906,0.10759493670886075,0.169811320754717,0.28571428571428575,0.44502617801047134,0.4691991786447615,0.7000000000000004,0.7111111111111111,0.3421052631578946,0.0,0.3333333333333333
0.2894736842105264,0.31818181818181823,0.4186046511627906,0.47468354430379744,0.41509433962264153,0.7777777777777779,0.9633507853403143,0.6899383983572863,0.2666666666666664,0.48888888888888893,0.0,0.0,0.3333333333333333
0.44736842105263164,0.22727272727272724,0.5581395348837208,0.012658227848101278,0.37735849056603776,0.015873015873015872,0.5549738219895289,0.18891170431211074,0.3833333333333336,0.3111111111111111,0.6052631578947367,0.0,0.3333333333333333
0.5789473684210528,0.3863636363636364,0.3023255813953487,0.740506329113924,0.5471698113207547,0.23809523809523814,0.5916230366492148,0.9117043121149925,0.3833333333333336,0.39999999999999997,0.2105263157894735,0.0,0.3333333333333333
0.26315789473684226,0.4545454545454546,0.23255813953488358,0.879746835443038,0.6603773584905661,0.507936507936508,0.712041884816754,0.905544147843939,0.33333333333333315,0.2888888888888889,0.02631578947368418,0.0,0.3333333333333333
0.10526315789473678,0.31818181818181823,0.1860465116279068,0.012658227848101278,0.6226415094339623,0.031746031746031744,0.4293193717277488,0.34907597535933976,0.5,0.5777777777777777,0.17105263157894757,0.0,0.3333333333333333
0.5789473684210528,0.15909090909090906,0.5813953488372091,0.012658227848101278,0.30188679245283023,0.031746031746031744,0.4188481675392671,0.1971252566735039,0.21666666666666662,0.2888888888888889,0.6315789473684214,0.0,0.3333333333333333
0.10526315789473678,0.31818181818181823,0.1860465116279068,0.012658227848101278,0.6226415094339623,0.031746031746031744,0.4293193717277488,0.34907597535933976,0.5,0.5777777777777777,0.17105263157894757,0.0,0.3333333333333333
0.2368421052631579,0.22727272727272724,0.6279069767441858,0.05063291139240503,0.1132075471698113,0.015873015873015872,0.18324607329842946,0.02258726899383967,0.6166666666666666,0.04444444444444445,0.868421052631579,0.0,0.3333333333333333
0.2368421052631579,0.2954545454545455,0.9534883720930232,0.41772151898734167,0.45283018867924535,0.4761904761904763,0.9109947643979059,0.6160164271047253,0.3833333333333336,0.48888888888888893,0.13157894736842113,0.0,0.3333333333333333
0.05263157894736831,0.09090909090909088,0.44186046511627886,0.0822784810126582,0.28301886792452835,0.0,0.10994764397905771,0.1827515400410687,0.233333333333333,0.2888888888888889,0.3157894736842105,0.0,0.3333333333333333
0.2368421052631579,0.22727272727272724,0.6279069767441858,0.05063291139240503,0.1132075471698113,0.015873015873015872,0.18324607329842946,0.02258726899383967,0.6166666666666666,0.04444444444444445,0.868421052631579,0.0,0.3333333333333333
0.44736842105263164,0.15909090909090906,0.4186046511627906,0.10759493670886075,0.169811320754717,0.28571428571428575,0.44502617801047134,0.4691991786447615,0.7000000000000004,0.7111111111111111,0.3421052631578946,0.0,0.3333333333333333
0.2894736842105264,0.8636363636363638,0.1627906976744185,0.0253164556962025,0.41509433962264153,0.0,0.0,0.3819301848049237,0.5499999999999998,0.0,0.2894736842105263,0.0,0.3333333333333333
0.5263157894736845,0.31818181818181823,0.6976744186046511,0.6898734177215191,0.13207547169811318,0.126984126984127,0.3455497382198954,0.6991786447638607,0.1333333333333328,0.3111111111111111,0.5000000000000002,0.0,0.3333333333333333
0.3947368421052634,0.36363636363636365,0.46511627906976727,0.01898734177215189,0.5283018867924528,0.3015873015873016,0.8376963350785342,0.4240246406570821,0.6000000000000002,0.48888888888888893,0.26315789473684226,0.0,0.3333333333333333
0.5789473684210528,0.4318181818181819,0.6046511627906975,0.06962025316455694,0.169811320754717,0.33333333333333337,0.7643979057591626,0.5051334702258665,0.8166666666666669,0.3555555555555555,0.4210526315789474,0.0,0.3333333333333333
0.5263157894736845,0.31818181818181823,0.6976744186046511,0.6898734177215191,0.13207547169811318,0.126984126984127,0.3455497382198954,0.6991786447638607,0.1333333333333328,0.3111111111111111,0.5000000000000002,0.0,0.3333333333333333
0.736842105263158,0.27272727272727276,0.7906976744186045,0.01898734177215189,0.39622641509433965,0.031746031746031744,0.22513089005235615,0.5051334702258665,0.3500000000000002,0.6666666666666666,0.3421052631578946,0.0,0.3333333333333333
0.44736842105263164,0.4090909090909091,0.5116279069767441,0.6329113924050633,0.2452830188679245,0.17460317460317462,0.20942408376963362,0.4332648870636565,0.5166666666666672,0.17777777777777778,0.6842105263157896,0.0,0.3333333333333333
0.5263157894736845,0.7045454545454546,0.5116279069767441,0.38607594936708856,0.35849056603773577,0.1904761904761905,0.47643979057591634,0.6899383983572863,0.6499999999999999,0.19999999999999993,0.39473684210526333,0.0,0.3333333333333333
0.44736842105263164,0.4090909090909091,0.5116279069767441,0.6329113924050633,0.2452830188679245,0.17460317460317462,0.20942408376963362,0.4332648870636565,0.5166666666666672,0.17777777777777778,0.6842105263157896,0.0,0.3333333333333333
0.5789473684210528,0.27272727272727276,0.6046511627906975,0.037974683544303806,0.13207547169811318,0.015873015873015872,0.4188481675392671,0.3613963039014352,0.36666666666666653,0.17777777777777778,0.39473684210526333,0.0,0.3333333333333333
0.2894736842105264,0.8636363636363638,0.1627906976744185,0.0253164556962025,0.41509433962264153,0.0,0.0,0.3819301848049237,0.5499999999999998,0.0,0.2894736842105263,0.0,0.3333333333333333
0.34210526315789486,0.9090909090909092,0.3953488372093022,0.38607594936708856,0.45283018867924535,0.047619047619047616,0.7958115183246075,0.5687885010266946,0.3833333333333336,0.1333333333333333,0.13157894736842113,0.0,0.3333333333333333
0.5526315789473686,0.3409090909090909,0.37209302325581384,0.8829113924050631,0.7924528301886794,0.6666666666666667,0.7958115183246075,0.9137577002053434,0.18333333333333324,0.37777777777777777,0.07894736842105238,0.0,0.3333333333333333
0.2368421052631579,0.2954545454545455,0.9534883720930232,0.41772151898734167,0.45283018867924535,0.4761904761904763,0.9109947643979059,0.6160164271047253,0.3833333333333336,0.48888888888888893,0.13157894736842113,0.0,0.3333333333333333
0.5000000000000001,0.5454545454545454,0.3023255813953487,0.3481012658227848,0.47169811320754723,0.20634920634920637,0.39790575916230375,0.3655030800821374,0.28333333333333344,0.5111111111111112,0.6052631578947367,0.0,0.3333333333333333
0.18421052631578938,0.1363636363636364,0.5581395348837208,0.5379746835443038,0.30188679245283023,0.5238095238095238,0.9162303664921467,0.5667351129363436,0.3500000000000002,0.26666666666666666,0.3157894736842105,0.0,0.3333333333333333
0.2368421052631579,0.22727272727272724,0.6279069767441858,0.05063291139240503,0.1132075471698113,0.015873015873015872,0.18324607329842946,0.02258726899383967,0.6166666666666666,0.04444444444444445,0.868421052631579,0.0,0.3333333333333333
0.5000000000000001,0.7954545454545454,0.5116279069767441,0.26582278481012656,0.3396226415094339,0.20634920634920637,0.40837696335078544,0.5872689938398321,0.5166666666666672,0.2888888888888889,0.4736842105263157,0.0,0.3333333333333333
0.6578947368421055,0.04545454545454547,0.46511627906976727,0.24050632911392406,0.22641509433962262,0.507936507936508,0.7591623036649215,0.7412731006160191,0.9000000000000007,0.26666666666666666,0.02631578947368418,0.0,0.3333333333333333
0.21052631578947378,0.7045454545454546,0.37209302325581384,0.21518987341772156,0.7169811320754718,0.9206349206349208,0.9424083769633509,0.4640657084188894,0.5666666666666669,0.4444444444444445,0.23684210526315808,0.0,0.3333333333333333
0.5789473684210528,0.3863636363636364,0.3023255813953487,0.740506329113924,0.5471698113207547,0.23809523809523814,0.5916230366492148,0.9117043121149925,0.3833333333333336,0.39999999999999997,0.2105263157894735,0.0,0.3333333333333333
0.5789473684210528,0.3863636363636364,0.3023255813953487,0.740506329113924,0.5471698113207547,0.23809523809523814,0.5916230366492148,0.9117043121149925,0.3833333333333336,0.39999999999999997,0.2105263157894735,0.0,0.3333333333333333
0.8421052631578949,0.4545454545454546,0.6046511627906975,0.0253164556962025,0.37735849056603776,0.09523809523809523,0.48691099476439803,0.6242299794661184,0.3999999999999999,0.33333333333333326,0.13157894736842113,0.0,0.3333333333333333
0.8421052631578949,0.4545454545454546,0.6046511627906975,0.0253164556962025,0.37735849056603776,0.09523809523809523,0.48691099476439803,0.6242299794661184,0.3999999999999999,0.33333333333333326,0.13157894736842113,0.0,0.3333333333333333
0.2368421052631579,0.2954545454545455,0.9534883720930232,0.41772151898734167,0.45283018867924535,0.4761904761904763,0.9109947643979059,0.6160164271047253,0.3833333333333336,0.48888888888888893,0.13157894736842113,0.0,0.3333333333333333
0.5000000000000001,0.7954545454545454,0.5116279069767441,0.26582278481012656,0.3396226415094339,0.20634920634920637,0.40837696335078544,0.5872689938398321,0.5166666666666672,0.2888888888888889,0.4736842105263157,0.0,0.3333333333333333
0.3947368421052634,0.36363636363636365,0.6046511627906975,0.22151898734177214,0.5471698113207547,0.4126984126984128,0.9267015706806284,0.5800821355236089,0.7833333333333334,0.5555555555555555,0.39473684210526333,0.0,0.3333333333333333
0.5789473684210528,0.3863636363636364,0.3023255813953487,0.740506329113924,0.5471698113207547,0.23809523809523814,0.5916230366492148,0.9117043121149925,0.3833333333333336,0.39999999999999997,0.2105263157894735,0.0,0.3333333333333333
0.36842105263157904,0.4090909090909091,0.5581395348837208,0.012658227848101278,0.35849056603773577,0.14285714285714285,0.2146596858638744,0.24845995893223666,0.19999999999999962,0.33333333333333326,0.4473684210526315,0.0,0.3333333333333333
0.3947368421052634,0.25,0.325581395348837,0.16455696202531644,0.6037735849056605,0.126984126984127,0.30890052356020953,0.48459958932237795,0.10000000000000014,0.3555555555555555,0.15789473684210523,0.0,0.3333333333333333
0.36842105263157904,0.4090909090909091,0.5581395348837208,0.012658227848101278,0.35849056603773577,0.14285714285714285,0.2146596858638744,0.24845995893223666,0.19999999999999962,0.33333333333333326,0.4473684210526315,0.0,0.3333333333333333
0.10526315789473678,0.31818181818181823,0.1860465116279068,0.012658227848101278,0.6226415094339623,0.031746031746031744,0.4293193717277488,0.34907597535933976,0.5,0.5777777777777777,0.17105263157894757,0.0,0.3333333333333333
0.473684210526316,0.4090909090909091,0.8604651162790696,0.25949367088607594,0.35849056603773577,0.22222222222222224,0.20418848167539277,0.15605749486652676,0.16666666666666619,0.19999999999999993,0.9736842105263159,0.0,0.3333333333333333
0.5789473684210528,0.3863636363636364,0.3023255813953487,0.740506329113924,0.5471698113207547,0.23809523809523814,0.5916230366492148,0.9117043121149925,0.3833333333333336,0.39999999999999997,0.2105263157894735,0.0,0.3333333333333333
0.3947368421052634,0.36363636363636365,0.44186046511627886,0.01898734177215189,0.5283018867924528,0.3015873015873016,0.8534031413612567,0.425051334702252,0.6000000000000002,0.48888888888888893,0.26315789473684226,0.0,0.3333333333333333
0.2368421052631579,0.2954545454545455,0.9534883720930232,0.41772151898734167,0.45283018867924535,0.4761904761904763,0.9109947643979059,0.6160164271047253,0.3833333333333336,0.48888888888888893,0.13157894736842113,0.0,0.3333333333333333
0.2368421052631579,0.2954545454545455,0.9534883720930232,0.41772151898734167,0.45283018867924535,0.4761904761904763,0.9109947643979059,0.6160164271047253,0.3833333333333336,0.48888888888888893,0.13157894736842113,0.0,0.3333333333333333
0.5526315789473686,0.4545454545454546,0.325581395348837,0.18037974683544306,0.1132075471698113,0.0,0.0418848167539268,0.1540041067761756,0.1333333333333328,0.0888888888888888,0.7631578947368425,0.0,0.3333333333333333
0.3947368421052634,0.36363636363636365,0.6046511627906975,0.22151898734177214,0.5471698113207547,0.4126984126984128,0.9267015706806284,0.5800821355236089,0.7833333333333334,0.5555555555555555,0.39473684210526333,0.0,0.3333333333333333
0.44736842105263164,0.4090909090909091,0.5116279069767441,0.6329113924050633,0.2452830188679245,0.17460317460317462,0.20942408376963362,0.4332648870636565,0.5166666666666672,0.17777777777777778,0.6842105263157896,0.0,0.3333333333333333
0.473684210526316,0.4090909090909091,0.8604651162790696,0.25949367088607594,0.35849056603773577,0.22222222222222224,0.20418848167539277,0.15605749486652676,0.16666666666666619,0.19999999999999993,0.9736842105263159,0.0,0.3333333333333333
0.21052631578947378,0.7045454545454546,0.37209302325581384,0.21518987341772156,0.7169811320754718,0.9206349206349208,0.9424083769633509,0.4640657084188894,0.5666666666666669,0.4444444444444445,0.23684210526315808,0.0,0.3333333333333333
0.8421052631578949,0.4545454545454546,0.6046511627906975,0.0253164556962025,0.37735849056603776,0.09523809523809523,0.48691099476439803,0.6242299794661184,0.3999999999999999,0.33333333333333326,0.13157894736842113,0.0,0.3333333333333333
0.5526315789473686,0.3409090909090909,0.37209302325581384,0.8829113924050631,0.7924528301886794,0.6666666666666667,0.7958115183246075,0.9137577002053434,0.18333333333333324,0.37777777777777777,0.07894736842105238,0.0,0.3333333333333333
0.44736842105263164,0.22727272727272724,0.5581395348837208,0.012658227848101278,0.37735849056603776,0.015873015873015872,0.5549738219895289,0.18891170431211074,0.3833333333333336,0.3111111111111111,0.6052631578947367,0.0,0.3333333333333333
0.3947368421052634,0.36363636363636365,0.46511627906976727,0.01898734177215189,0.5283018867924528,0.3015873015873016,0.8376963350785342,0.4240246406570821,0.6000000000000002,0.48888888888888893,0.26315789473684226,0.0,0.3333333333333333
0.44736842105263164,0.4090909090909091,0.5116279069767441,0.6329113924050633,0.2452830188679245,0.17460317460317462,0.20942408376963362,0.4332648870636565,0.5166666666666672,0.17777777777777778,0.6842105263157896,0.0,0.3333333333333333
0.44736842105263164,0.22727272727272724,0.5581395348837208,0.012658227848101278,0.37735849056603776,0.015873015873015872,0.5549738219895289,0.18891170431211074,0.3833333333333336,0.3111111111111111,0.6052631578947367,0.0,0.3333333333333333
0.5526315789473686,0.4090909090909091,0.325581395348837,0.22784810126582278,0.5283018867924528,0.047619047619047616,0.5654450261780106,0.6488706365503092,0.3500000000000002,0.39999999999999997,0.05263157894736825,0.0,0.3333333333333333
0.5000000000000001,0.31818181818181823,0.7441860465116277,0.012658227848101278,0.15094339622641506,0.380952380952381,0.6073298429319373,0.26386036960985315,0.3999999999999999,0.2444444444444444,0.4736842105263157,0.0,0.3333333333333333
0.5789473684210528,0.15909090909090906,0.5813953488372091,0.012658227848101278,0.30188679245283023,0.031746031746031744,0.4188481675392671,0.1971252566735039,0.21666666666666662,0.2888888888888889,0.6315789473684214,0.0,0.3333333333333333
0.5789473684210528,0.3863636363636364,0.9069767441860463,0.7848101265822784,0.6981132075471699,0.7142857142857144,0.8638743455497384,0.9671457905544161,0.4833333333333337,0.46666666666666673,0.02631578947368418,0.0,0.3333333333333333
0.18421052631578938,0.1363636363636364,0.5581395348837208,0.5379746835443038,0.30188679245283023,0.5238095238095238,0.9162303664921467,0.5667351129363436,0.3500000000000002,0.26666666666666666,0.3157894736842105,0.0,0.3333333333333333
0.6578947368421055,0.04545454545454547,0.46511627906976727,0.24050632911392406,0.22641509433962262,0.507936507936508,0.7591623036649215,0.7412731006160191,0.9000000000000007,0.26666666666666666,0.02631578947368418,0.0,0.3333333333333333
0.3947368421052634,0.1363636363636364,0.5581395348837208,0.05696202531645567,0.3396226415094339,0.3174603174603175,0.5759162303664922,0.412731006160168,0.6333333333333336,0.6222222222222222,0.3157894736842105,0.0,0.3333333333333333
0.26315789473684226,0.47727272727272724,0.5813953488372091,0.29113924050632906,0.169811320754717,0.06349206349206349,0.6387434554973823,0.5061601642710477,0.3999999999999999,0.39999999999999997,0.23684210526315808,0.0,0.3333333333333333
1.0000000000000002,0.31818181818181823,0.9069767441860463,0.6835443037974683,0.3207547169811321,0.380952380952381,0.5811518324607331,0.8747433264887062,0.28333333333333344,0.04444444444444445,0.3157894736842105,0.0,0.3333333333333333
0.5526315789473686,0.3409090909090909,0.37209302325581384,0.8829113924050631,0.7924528301886794,0.6666666666666667,0.7958115183246075,0.9137577002053434,0.18333333333333324,0.37777777777777777,0.07894736842105238,0.0,0.3333333333333333
0.5526315789473686,0.3409090909090909,0.37209302325581384,0.8829113924050631,0.7924528301886794,0.6666666666666667,0.7958115183246075,0.9137577002053434,0.18333333333333324,0.37777777777777777,0.07894736842105238,0.0,0.3333333333333333
0.5000000000000001,0.31818181818181823,0.7441860465116277,0.012658227848101278,0.15094339622641506,0.380952380952381,0.6073298429319373,0.26386036960985315,0.3999999999999999,0.2444444444444444,0.4736842105263157,0.0,0.3333333333333333
0.5263157894736845,0.7045454545454546,0.5116279069767441,0.38607594936708856,0.35849056603773577,0.1904761904761905,0.47643979057591634,0.6899383983572863,0.6499999999999999,0.19999999999999993,0.39473684210526333,0.0,0.3333333333333333
0.44736842105263164,0.15909090909090906,0.4186046511627906,0.10759493670886075,0.169811320754717,0.28571428571428575,0.44502617801047134,0.4691991786447615,0.7000000000000004,0.7111111111111111,0.3421052631578946,0.0,0.3333333333333333
0.5526315789473686,0.4090909090909091,0.325581395348837,0.22784810126582278,0.5283018867924528,0.047619047619047616,0.5654450261780106,0.6488706365503092,0.3500000000000002,0.39999999999999997,0.05263157894736825,0.0,0.3333333333333333
0.36842105263157904,0.4090909090909091,0.5581395348837208,0.012658227848101278,0.35849056603773577,0.14285714285714285,0.2146596858638744,0.24845995893223666,0.19999999999999962,0.33333333333333326,0.4473684210526315,0.0,0.3333333333333333
0.736842105263158,0.3409090909090909,0.9069767441860463,0.0,0.35849056603773577,0.380952380952381,0.4816753926701572,0.3408624229979466,0.5166666666666672,0.0888888888888888,0.5263157894736844,0.0,0.3333333333333333
0.6578947368421055,0.04545454545454547,0.46511627906976727,0.24050632911392406,0.22641509433962262,0.507936507936508,0.7591623036649215,0.7412731006160191,0.9000000000000007,0.26666666666666666,0.02631578947368418,0.0,0.3333333333333333
0.36842105263157904,0.2954545454545455,0.44186046511627886,0.22784810126582278,0.39622641509433965,0.015873015873015872,0.32460732984293206,0.5236139630390153,0.6833333333333333,0.3555555555555555,0.4473684210526315,0.0,0.3333333333333333
0.44736842105263164,0.15909090909090906,0.4186046511627906,0.10759493670886075,0.169811320754717,0.28571428571428575,0.44502617801047134,0.4691991786447615,0.7000000000000004,0.7111111111111111,0.3421052631578946,0.0,0.3333333333333333
1.0000000000000002,0.31818181818181823,0.9069767441860463,0.6835443037974683,0.3207547169811321,0.380952380952381,0.5811518324607331,0.8747433264887062,0.28333333333333344,0.04444444444444445,0.3157894736842105,0.0,0.3333333333333333
0.36842105263157904,0.1363636363636364,0.3953488372093022,0.012658227848101278,0.169811320754717,0.22222222222222224,0.2198952879581153,0.07392197125256111,0.3500000000000002,0.1111111111111111,0.7368421052631579,0.0,0.3333333333333333
0.34210526315789486,0.3863636363636364,0.4883720930232557,0.5632911392405062,0.28301886792452835,0.07936507936507936,0.7801047120418849,0.5975359342915764,0.8833333333333336,0.5111111111111112,0.6578947368421055,0.0,0.3333333333333333
0.44736842105263164,0.15909090909090906,0.4186046511627906,0.10759493670886075,0.169811320754717,0.28571428571428575,0.44502617801047134,0.4691991786447615,0.7000000000000004,0.7111111111111111,0.3421052631578946,0.0,0.3333333333333333
0.36842105263157904,0.6818181818181819,0.6279069767441858,0.25949367088607594,0.41509433962264153,0.6507936507936509,0.9162303664921467,0.4435318275154008,0.25000000000000006,0.7333333333333334,0.4210526315789474,0.0,0.3333333333333333
0.3947368421052634,0.36363636363636365,0.6046511627906975,0.22151898734177214,0.5471698113207547,0.4126984126984128,0.9267015706806284,0.5800821355236089,0.7833333333333334,0.5555555555555555,0.39473684210526333,0.0,0.3333333333333333
0.7631578947368425,0.4318181818181819,0.7441860465116277,0.009493670886075944,0.15094339622641506,0.20634920634920637,0.36649214659685875,0.166324435318271,0.45000000000000034,0.0,0.9210526315789476,0.0,0.3333333333333333
0.44736842105263164,0.15909090909090906,0.4186046511627906,0.10759493670886075,0.169811320754717,0.28571428571428575,0.44502617801047134,0.4691991786447615,0.7000000000000004,0.7111111111111111,0.3421052631578946,0.0,0.3333333333333333
0.3947368421052634,0.36363636363636365,0.6046511627906975,0.22151898734177214,0.5471698113207547,0.4126984126984128,0.9267015706806284,0.5800821355236089,0.7833333333333334,0.5555555555555555,0.39473684210526333,0.0,0.3333333333333333
0.18421052631578938,0.5454545454545454,0.09302325581395338,0.18354430379746833,0.6603773584905661,0.34920634920634924,0.45549738219895297,0.4065708418891146,0.233333333333333,0.04444444444444445,0.07894736842105238,0.0,0.3333333333333333
0.8947368421052637,0.47727272727272724,0.9069767441860463,0.0,0.2075471698113207,0.14285714285714285,0.15706806282722519,0.25872689938398097,0.04999999999999971,0.0222222222222222,0.4210526315789474,0.0,0.3333333333333333
0.5263157894736845,0.31818181818181823,0.6976744186046511,0.6898734177215191,0.13207547169811318,0.126984126984127,0.3455497382198954,0.6991786447638607,0.1333333333333328,0.3111111111111111,0.5000000000000002,0.0,0.3333333333333333
0.3947368421052634,0.36363636363636365,0.46511627906976727,0.01898734177215189,0.5283018867924528,0.3015873015873016,0.8376963350785342,0.4240246406570821,0.6000000000000002,0.48888888888888893,0.26315789473684226,0.0,0.3333333333333333
0.26315789473684226,0.47727272727272724,0.5813953488372091,0.29113924050632906,0.169811320754717,0.06349206349206349,0.6387434554973823,0.5061601642710477,0.3999999999999999,0.39999999999999997,0.23684210526315808,0.0,0.3333333333333333
0.10526315789473678,0.22727272727272724,0.7906976744186045,0.15822784810126578,0.07547169811320759,0.0,0.43455497382198965,0.18685831622175958,1.0,0.2444444444444444,0.7368421052631579,0.0,0.3333333333333333
0.8157894736842107,0.27272727272727276,0.2558139534883719,0.9620253164556962,0.9245283018867925,0.5714285714285715,0.8952879581151834,0.8747433264887062,0.1499999999999999,0.39999999999999997,0.23684210526315808,0.0,0.3333333333333333
0.8947368421052637,0.47727272727272724,0.9069767441860463,0.0,0.2075471698113207,0.14285714285714285,0.15706806282722519,0.25872689938398097,0.04999999999999971,0.0222222222222222,0.4210526315789474,0.0,0.3333333333333333
0.10526315789473678,0.31818181818181823,0.1860465116279068,0.012658227848101278,0.6226415094339623,0.031746031746031744,0.4293193717277488,0.34907597535933976,0.5,0.5777777777777777,0.17105263157894757,0.0,0.3333333333333333
0.36842105263157904,0.4090909090909091,0.5581395348837208,0.012658227848101278,0.35849056603773577,0.14285714285714285,0.2146596858638744,0.24845995893223666,0.19999999999999962,0.33333333333333326,0.4473684210526315,0.0,0.3333333333333333
0.44736842105263164,0.22727272727272724,0.5581395348837208,0.012658227848101278,0.37735849056603776,0.015873015873015872,0.5549738219895289,0.18891170431211074,0.3833333333333336,0.3111111111111111,0.6052631578947367,0.0,0.3333333333333333
0.34210526315789486,0.18181818181818182,0.2790697674418603,0.012658227848101278,0.2452830188679245,0.0,0.5130890052356022,0.1540041067761756,0.28333333333333344,0.1111111111111111,0.6052631578947367,0.0,0.3333333333333333
0.5263157894736845,0.7045454545454546,0.5116279069767441,0.38607594936708856,0.35849056603773577,0.1904761904761905,0.47643979057591634,0.6899383983572863,0.6499999999999999,0.19999999999999993,0.39473684210526333,0.0,0.3333333333333333
0.34210526315789486,0.9090909090909092,0.3953488372093022,0.38607594936708856,0.45283018867924535,0.047619047619047616,0.7958115183246075,0.5687885010266946,0.3833333333333336,0.1333333333333333,0.13157894736842113,0.0,0.3333333333333333
0.3947368421052634,0.36363636363636365,0.6046511627906975,0.22151898734177214,0.5471698113207547,0.4126984126984128,0.9267015706806284,0.5800821355236089,0.7833333333333334,0.5555555555555555,0.39473684210526333,0.0,0.3333333333333333
0.18421052631578938,0.4090909090909091,0.6279069767441858,0.05063291139240503,0.490566037735849,0.126984126984127,0.9109947643979059,0.5154004106776222,0.933333333333334,0.26666666666666666,0.4210526315789474,0.0,0.3333333333333333
0.2368421052631579,0.22727272727272724,0.6279069767441858,0.05063291139240503,0.1132075471698113,0.015873015873015872,0.18324607329842946,0.02258726899383967,0.6166666666666666,0.04444444444444445,0.868421052631579,0.0,0.3333333333333333
1.0000000000000002,0.31818181818181823,0.9069767441860463,0.6835443037974683,0.3207547169811321,0.380952380952381,0.5811518324607331,0.8747433264887062,0.28333333333333344,0.04444444444444445,0.3157894736842105,0.0,0.3333333333333333
0.5789473684210528,0.3863636363636364,0.3023255813953487,0.740506329113924,0.5471698113207547,0.23809523809523814,0.5916230366492148,0.9117043121149925,0.3833333333333336,0.39999999999999997,0.2105263157894735,0.0,0.3333333333333333
0.3947368421052634,0.36363636363636365,0.46511627906976727,0.01898734177215189,0.5283018867924528,0.3015873015873016,0.8376963350785342,0.4240246406570821,0.6000000000000002,0.48888888888888893,0.26315789473684226,0.0,0.3333333333333333
0.6842105263157897,0.4090909090909091,0.37209302325581384,0.012658227848101278,0.47169811320754723,0.1031746031746032,0.32460732984293206,0.5256673511293665,0.5166666666666672,0.1111111111111111,0.15789473684210523,0.0,0.3333333333333333
0.3947368421052634,0.36363636363636365,0.44186046511627886,0.01898734177215189,0.5283018867924528,0.3015873015873016,0.8534031413612567,0.425051334702252,0.6000000000000002,0.48888888888888893,0.26315789473684226,0.0,0.3333333333333333
0.5789473684210528,0.4318181818181819,0.6046511627906975,0.06962025316455694,0.169811320754717,0.33333333333333337,0.7643979057591626,0.5051334702258665,0.8166666666666669,0.3555555555555555,0.4210526315789474,0.0,0.3333333333333333
0.34210526315789486,0.9090909090909092,0.3953488372093022,0.38607594936708856,0.45283018867924535,0.047619047619047616,0.7958115183246075,0.5687885010266946,0.3833333333333336,0.1333333333333333,0.13157894736842113,0.0,0.3333333333333333
0.26315789473684226,0.4545454545454546,0.23255813953488358,0.879746835443038,0.6603773584905661,0.507936507936508,0.712041884816754,0.905544147843939,0.33333333333333315,0.2888888888888889,0.02631578947368418,0.0,0.3333333333333333
0.473684210526316,0.4090909090909091,0.8604651162790696,0.25949367088607594,0.35849056603773577,0.22222222222222224,0.20418848167539277,0.15605749486652676,0.16666666666666619,0.19999999999999993,0.9736842105263159,0.0,0.3333333333333333
0.2894736842105264,0.31818181818181823,0.4186046511627906,0.47468354430379744,0.41509433962264153,0.7777777777777779,0.9633507853403143,0.6899383983572863,0.2666666666666664,0.48888888888888893,0.0,0.0,0.3333333333333333
0.2894736842105264,0.31818181818181823,0.5813953488372091,0.5569620253164558,0.7924528301886794,0.8888888888888891,0.8062827225130891,0.7926078028747405,0.36666666666666653,0.5555555555555555,0.02631578947368418,0.0,0.3333333333333333
0.8421052631578949,0.4545454545454546,0.6046511627906975,0.0253164556962025,0.37735849056603776,0.09523809523809523,0.48691099476439803,0.6242299794661184,0.3999999999999999,0.33333333333333326,0.13157894736842113,0.0,0.3333333333333333
0.5526315789473686,0.4090909090909091,0.325581395348837,0.22784810126582278,0.5283018867924528,0.047619047619047616,0.5654450261780106,0.6488706365503092,0.3500000000000002,0.39999999999999997,0.05263157894736825,0.0,0.3333333333333333
0.44736842105263164,0.15909090909090906,0.4186046511627906,0.10759493670886075,0.169811320754717,0.28571428571428575,0.44502617801047134,0.4691991786447615,0.7000000000000004,0.7111111111111111,0.3421052631578946,0.0,0.3333333333333333
0.34210526315789486,0.18181818181818182,0.2790697674418603,0.012658227848101278,0.2452830188679245,0.0,0.5130890052356022,0.1540041067761756,0.28333333333333344,0.1111111111111111,0.6052631578947367,0.0,0.3333333333333333
0.4210526315789475,0.22727272727272724,0.1860465116279068,0.01898734177215189,0.39622641509433965,0.06349206349206349,0.18848167539267024,0.4640657084188894,0.7500000000000001,0.33333333333333326,0.3157894736842105,0.0,0.3333333333333333
0.2894736842105264,0.8636363636363638,0.1627906976744185,0.0253164556962025,0.41509433962264153,0.0,0.0,0.3819301848049237,0.5499999999999998,0.0,0.2894736842105263,0.0,0.3333333333333333
0.5263157894736845,0.31818181818181823,0.6976744186046511,0.6898734177215191,0.13207547169811318,0.126984126984127,0.3455497382198954,0.6991786447638607,0.1333333333333328,0.3111111111111111,0.5000000000000002,0.0,0.3333333333333333
0.44736842105263164,0.4090909090909091,0.5116279069767441,0.6329113924050633,0.2452830188679245,0.17460317460317462,0.20942408376963362,0.4332648870636565,0.5166666666666672,0.17777777777777778,0.6842105263157896,0.0,0.3333333333333333
0.34210526315789486,0.3863636363636364,0.4883720930232557,0.5632911392405062,0.28301886792452835,0.07936507936507936,0.7801047120418849,0.5975359342915764,0.8833333333333336,0.5111111111111112,0.6578947368421055,0.0,0.3333333333333333
0.36842105263157904,0.27272727272727276,0.5581395348837208,0.8924050632911391,0.6603773584905661,0.5873015873015874,0.712041884816754,0.7772073921971241,0.5166666666666672,0.4444444444444445,0.4210526315789474,0.0,0.3333333333333333
0.8421052631578949,0.4545454545454546,0.6046511627906975,0.0253164556962025,0.37735849056603776,0.09523809523809523,0.48691099476439803,0.6242299794661184,0.3999999999999999,0.33333333333333326,0.13157894736842113,0.0,0.3333333333333333
0.18421052631578938,0.5454545454545454,0.09302325581395338,0.18354430379746833,0.6603773584905661,0.34920634920634924,0.45549738219895297,0.4065708418891146,0.233333333333333,0.04444444444444445,0.07894736842105238,0.0,0.3333333333333333
0.18421052631578938,0.5454545454545454,0.09302325581395338,0.18354430379746833,0.6603773584905661,0.34920634920634924,0.45549738219895297,0.4065708418891146,0.233333333333333,0.04444444444444445,0.07894736842105238,0.0,0.3333333333333333
0.5789473684210528,0.3863636363636364,0.3023255813953487,0.740506329113924,0.5471698113207547,0.23809523809523814,0.5916230366492148,0.9117043121149925,0.3833333333333336,0.39999999999999997,0.2105263157894735,0.0,0.3333333333333333
0.36842105263157904,0.27272727272727276,0.5581395348837208,0.8924050632911391,0.6603773584905661,0.5873015873015874,0.712041884816754,0.7772073921971241,0.5166666666666672,0.4444444444444445,0.4210526315789474,0.0,0.3333333333333333
0.18421052631578938,0.31818181818181823,0.3488372093023254,0.7531645569620252,0.5471698113207547,0.4603174603174604,0.8534031413612567,0.8644763860369619,0.5333333333333334,0.2444444444444444,0.02631578947368418,0.0,0.3333333333333333
0.3947368421052634,0.36363636363636365,0.44186046511627886,0.01898734177215189,0.5283018867924528,0.3015873015873016,0.8534031413612567,0.425051334702252,0.6000000000000002,0.48888888888888893,0.26315789473684226,0.0,0.3333333333333333
0.8421052631578949,0.4545454545454546,0.6046511627906975,0.0253164556962025,0.37735849056603776,0.09523809523809523,0.48691099476439803,0.6242299794661184,0.3999999999999999,0.33333333333333326,0.13157894736842113,0.0,0.3333333333333333
0.5789473684210528,0.3863636363636364,0.9069767441860463,0.7848101265822784,0.6981132075471699,0.7142857142857144,0.8638743455497384,0.9671457905544161,0.4833333333333337,0.46666666666666673,0.02631578947368418,0.0,0.3333333333333333
1.0000000000000002,0.04545454545454547,0.9069767441860463,0.0632911392405063,0.35849056603773577,0.20634920634920637,0.42408376963350797,0.5811088295687901,0.28333333333333344,0.46666666666666673,0.3421052631578946,0.0,0.3333333333333333
0.7631578947368425,0.4318181818181819,0.7441860465116277,0.009493670886075944,0.15094339622641506,0.20634920634920637,0.36649214659685875,0.166324435318271,0.45000000000000034,0.0,0.9210526315789476,0.0,0.3333333333333333
0.5526315789473686,0.3409090909090909,0.37209302325581384,0.8829113924050631,0.7924528301886794,0.6666666666666667,0.7958115183246075,0.9137577002053434,0.18333333333333324,0.37777777777777777,0.07894736842105238,0.0,0.3333333333333333
1.0000000000000002,0.11363636363636359,0.7441860465116277,0.0632911392405063,0.41509433962264153,0.17460317460317462,0.40837696335078544,0.5841889117043111,0.2666666666666664,0.7555555555555555,0.2894736842105263,0.0,0.3333333333333333
0.5526315789473686,0.3409090909090909,0.37209302325581384,0.8829113924050631,0.7924528301886794,0.6666666666666667,0.7958115183246075,0.9137577002053434,0.18333333333333324,0.37777777777777777,0.07894736842105238,0.0,0.3333333333333333
0.5789473684210528,0.7727272727272727,0.6279069767441858,0.012658227848101278,0.169811320754717,0.0,0.16230366492146608,0.3162217659137557,0.19999999999999962,0.48888888888888893,0.39473684210526333,0.0,0.3333333333333333
0.8421052631578949,0.4545454545454546,0.6046511627906975,0.0253164556962025,0.37735849056603776,0.09523809523809523,0.48691099476439803,0.6242299794661184,0.3999999999999999,0.33333333333333326,0.13157894736842113,0.0,0.3333333333333333
0.736842105263158,0.27272727272727276,0.7906976744186045,0.01898734177215189,0.39622641509433965,0.031746031746031744,0.22513089005235615,0.5051334702258665,0.3500000000000002,0.6666666666666666,0.3421052631578946,0.0,0.3333333333333333
0.2368421052631579,0.5681818181818182,0.325581395348837,0.37341772151898733,0.8301886792452833,0.06349206349206349,0.47643979057591634,0.48459958932237795,0.36666666666666653,0.0666666666666666,0.3421052631578946,0.0,0.3333333333333333
0.6842105263157897,0.4090909090909091,0.37209302325581384,0.012658227848101278,0.47169811320754723,0.1031746031746032,0.32460732984293206,0.5256673511293665,0.5166666666666672,0.1111111111111111,0.15789473684210523,0.0,0.3333333333333333
0.36842105263157904,0.1363636363636364,0.3953488372093022,0.012658227848101278,0.169811320754717,0.22222222222222224,0.2198952879581153,0.07392197125256111,0.3500000000000002,0.1111111111111111,0.7368421052631579,0.0,0.3333333333333333
0.2894736842105264,0.31818181818181823,0.4186046511627906,0.47468354430379744,0.41509433962264153,0.7777777777777779,0.9633507853403143,0.6899383983572863,0.2666666666666664,0.48888888888888893,0.0,0.0,0.3333333333333333
0.7631578947368425,0.4318181818181819,0.7441860465116277,0.009493670886075944,0.15094339622641506,0.20634920634920637,0.36649214659685875,0.166324435318271,0.45000000000000034,0.0,0.9210526315789476,0.0,0.3333333333333333
0.5526315789473686,0.4090909090909091,0.325581395348837,0.22784810126582278,0.5283018867924528,0.047619047619047616,0.5654450261780106,0.6488706365503092,0.3500000000000002,0.39999999999999997,0.05263157894736825,0.0,0.3333333333333333
0.5789473684210528,0.4318181818181819,0.6046511627906975,0.06962025316455694,0.169811320754717,0.33333333333333337,0.7643979057591626,0.5051334702258665,0.8166666666666669,0.3555555555555555,0.4210526315789474,0.0,0.3333333333333333
0.5526315789473686,0.4090909090909091,0.325581395348837,0.22784810126582278,0.5283018867924528,0.047619047619047616,0.5654450261780106,0.6488706365503092,0.3500000000000002,0.39999999999999997,0.05263157894736825,0.0,0.3333333333333333
0.736842105263158,0.27272727272727276,0.7906976744186045,0.01898734177215189,0.39622641509433965,0.031746031746031744,0.22513089005235615,0.5051334702258665,0.3500000000000002,0.6666666666666666,0.3421052631578946,0.0,0.3333333333333333
0.6842105263157897,0.4090909090909091,0.37209302325581384,0.012658227848101278,0.47169811320754723,0.1031746031746032,0.32460732984293206,0.5256673511293665,0.5166666666666672,0.1111111111111111,0.15789473684210523,0.0,0.3333333333333333
1.0000000000000002,0.31818181818181823,0.9069767441860463,0.6835443037974683,0.3207547169811321,0.380952380952381,0.5811518324607331,0.8747433264887062,0.28333333333333344,0.04444444444444445,0.3157894736842105,0.0,0.3333333333333333
0.5526315789473686,0.4090909090909091,0.325581395348837,0.22784810126582278,0.5283018867924528,0.047619047619047616,0.5654450261780106,0.6488706365503092,0.3500000000000002,0.39999999999999997,0.05263157894736825,0.0,0.3333333333333333
0.3157894736842105,0.5454545454545454,0.1860465116279068,0.012658227848101278,0.3207547169811321,0.23809523809523814,0.3036649214659687,0.3305954825462023,0.4833333333333337,0.2888888888888889,0.3157894736842105,0.0,0.3333333333333333
0.3947368421052634,0.36363636363636365,0.44186046511627886,0.01898734177215189,0.5283018867924528,0.3015873015873016,0.8534031413612567,0.425051334702252,0.6000000000000002,0.48888888888888893,0.26315789473684226,0.0,0.3333333333333333
0.36842105263157904,0.4090909090909091,0.5581395348837208,0.012658227848101278,0.35849056603773577,0.14285714285714285,0.2146596858638744,0.24845995893223666,0.19999999999999962,0.33333333333333326,0.4473684210526315,0.0,0.3333333333333333
0.8421052631578949,0.4545454545454546,0.6046511627906975,0.0253164556962025,0.37735849056603776,0.09523809523809523,0.48691099476439803,0.6242299794661184,0.3999999999999999,0.33333333333333326,0.13157894736842113,0.0,0.3333333333333333
0.8421052631578949,0.4545454545454546,0.6046511627906975,0.0253164556962025,0.37735849056603776,0.09523809523809523,0.48691099476439803,0.6242299794661184,0.3999999999999999,0.33333333333333326,0.13157894736842113,0.0,0.3333333333333333
0.8157894736842107,0.27272727272727276,0.2558139534883719,0.9620253164556962,0.9245283018867925,0.5714285714285715,0.8952879581151834,0.8747433264887062,0.1499999999999999,0.39999999999999997,0.23684210526315808,0.0,0.3333333333333333
0.2368421052631579,0.2954545454545455,0.9534883720930232,0.41772151898734167,0.45283018867924535,0.4761904761904763,0.9109947643979059,0.6160164271047253,0.3833333333333336,0.48888888888888893,0.13157894736842113,0.0,0.3333333333333333
0.5789473684210528,0.3863636363636364,0.9069767441860463,0.7848101265822784,0.6981132075471699,0.7142857142857144,0.8638743455497384,0.9671457905544161,0.4833333333333337,0.46666666666666673,0.02631578947368418,0.0,0.3333333333333333
0.2368421052631579,0.5681818181818182,0.325581395348837,0.37341772151898733,0.8301886792452833,0.06349206349206349,0.47643979057591634,0.48459958932237795,0.36666666666666653,0.0666666666666666,0.3421052631578946,0.0,0.3333333333333333
0.44736842105263164,0.15909090909090906,0.4186046511627906,0.10759493670886075,0.169811320754717,0.28571428571428575,0.44502617801047134,0.4691991786447615,0.7000000000000004,0.7111111111111111,0.3421052631578946,0.0,0.3333333333333333
0.44736842105263164,0.4090909090909091,0.5116279069767441,0.6329113924050633,0.2452830188679245,0.17460317460317462,0.20942408376963362,0.4332648870636565,0.5166666666666672,0.17777777777777778,0.6842105263157896,0.0,0.3333333333333333
0.44736842105263164,0.15909090909090906,0.4186046511627906,0.10759493670886075,0.169811320754717,0.28571428571428575,0.44502617801047134,0.4691991786447615,0.7000000000000004,0.7111111111111111,0.3421052631578946,0.0,0.3333333333333333
0.21052631578947378,0.6590909090909092,0.9069767441860463,0.34177215189873417,0.37735849056603776,0.11111111111111116,0.46596858638743466,0.7002053388090306,0.5666666666666669,0.5555555555555555,0.02631578947368418,0.0,0.3333333333333333
0.2894736842105264,0.31818181818181823,0.4186046511627906,0.47468354430379744,0.41509433962264153,0.7777777777777779,0.9633507853403143,0.6899383983572863,0.2666666666666664,0.48888888888888893,0.0,0.0,0.3333333333333333
0.3947368421052634,0.1363636363636364,0.5581395348837208,0.05696202531645567,0.3396226415094339,0.3174603174603175,0.5759162303664922,0.412731006160168,0.6333333333333336,0.6222222222222222,0.3157894736842105,0.0,0.3333333333333333
0.5263157894736845,0.06818181818181823,0.6976744186046511,0.28481012658227844,0.22641509433962262,0.4603174603174604,0.7068062827225132,0.412731006160168,0.19999999999999962,0.6666666666666666,0.6842105263157896,0.0,0.3333333333333333
0.7631578947368425,0.4318181818181819,0.7441860465116277,0.009493670886075944,0.15094339622641506,0.20634920634920637,0.36649214659685875,0.166324435318271,0.45000000000000034,0.0,0.9210526315789476,0.0,0.3333333333333333
0.44736842105263164,0.22727272727272724,0.5581395348837208,0.012658227848101278,0.37735849056603776,0.015873015873015872,0.5549738219895289,0.18891170431211074,0.3833333333333336,0.3111111111111111,0.6052631578947367,0.0,0.3333333333333333
0.6842105263157897,0.20454545454545456,0.6279069767441858,0.5443037974683544,0.5471698113207547,0.28571428571428575,0.6963350785340315,0.869609856262834,0.6499999999999999,0.33333333333333326,0.23684210526315808,0.0,0.3333333333333333
0.2368421052631579,0.5681818181818182,0.325581395348837,0.37341772151898733,0.8301886792452833,0.06349206349206349,0.47643979057591634,0.48459958932237795,0.36666666666666653,0.0666666666666666,0.3421052631578946,0.0,0.3333333333333333
0.5000000000000001,0.5454545454545454,0.3023255813953487,0.3481012658227848,0.47169811320754723,0.20634920634920637,0.39790575916230375,0.3655030800821374,0.28333333333333344,0.5111111111111112,0.6052631578947367,0.0,0.3333333333333333
0.3947368421052634,0.36363636363636365,0.46511627906976727,0.01898734177215189,0.5283018867924528,0.3015873015873016,0.8376963350785342,0.4240246406570821,0.6000000000000002,0.48888888888888893,0.26315789473684226,0.0,0.3333333333333333
0.18421052631578938,0.4090909090909091,0.6279069767441858,0.05063291139240503,0.490566037735849,0.126984126984127,0.9109947643979059,0.5154004106776222,0.933333333333334,0.26666666666666666,0.4210526315789474,0.0,0.3333333333333333
0.26315789473684226,0.4545454545454546,0.23255813953488358,0.879746835443038,0.6603773584905661,0.507936507936508,0.712041884816754,0.905544147843939,0.33333333333333315,0.2888888888888889,0.02631578947368418,0.0,0.3333333333333333
0.3947368421052634,0.1363636363636364,0.5581395348837208,0.05696202531645567,0.3396226415094339,0.3174603174603175,0.5759162303664922,0.412731006160168,0.6333333333333336,0.6222222222222222,0.3157894736842105,0.0,0.3333333333333333
0.5000000000000001,0.5454545454545454,0.3023255813953487,0.3481012658227848,0.47169811320754723,0.20634920634920637,0.39790575916230375,0.3655030800821374,0.28333333333333344,0.5111111111111112,0.6052631578947367,0.0,0.3333333333333333
1.0000000000000002,0.11363636363636359,0.7441860465116277,0.0632911392405063,0.41509433962264153,0.17460317460317462,0.40837696335078544,0.5841889117043111,0.2666666666666664,0.7555555555555555,0.2894736842105263,0.0,0.3333333333333333
0.3947368421052634,0.25,0.325581395348837,0.16455696202531644,0.6037735849056605,0.126984126984127,0.30890052356020953,0.48459958932237795,0.10000000000000014,0.3555555555555555,0.15789473684210523,0.0,0.3333333333333333
0.5789473684210528,0.3863636363636364,0.3023255813953487,0.740506329113924,0.5471698113207547,0.23809523809523814,0.5916230366492148,0.9117043121149925,0.3833333333333336,0.39999999999999997,0.2105263157894735,0.0,0.3333333333333333
0.5263157894736845,0.7045454545454546,0.5116279069767441,0.38607594936708856,0.35849056603773577,0.1904761904761905,0.47643979057591634,0.6899383983572863,0.6499999999999999,0.19999999999999993,0.39473684210526333,0.0,0.3333333333333333
0.21052631578947378,0.6590909090909092,0.9069767441860463,0.34177215189873417,0.37735849056603776,0.11111111111111116,0.46596858638743466,0.7002053388090306,0.5666666666666669,0.5555555555555555,0.02631578947368418,0.0,0.3333333333333333
0.26315789473684226,0.4545454545454546,0.23255813953488358,0.879746835443038,0.6603773584905661,0.507936507936508,0.712041884816754,0.905544147843939,0.33333333333333315,0.2888888888888889,0.02631578947368418,0.0,0.3333333333333333
0.5789473684210528,0.4318181818181819,0.6046511627906975,0.06962025316455694,0.169811320754717,0.33333333333333337,0.7643979057591626,0.5051334702258665,0.8166666666666669,0.3555555555555555,0.4210526315789474,0.0,0.3333333333333333
0.2894736842105264,0.31818181818181823,0.5813953488372091,0.5569620253164558,0.7924528301886794,0.8888888888888891,0.8062827225130891,0.7926078028747405,0.36666666666666653,0.5555555555555555,0.02631578947368418,0.0,0.3333333333333333
0.5789473684210528,0.3863636363636364,0.9069767441860463,0.7848101265822784,0.6981132075471699,0.7142857142857144,0.8638743455497384,0.9671457905544161,0.4833333333333337,0.46666666666666673,0.02631578947368418,0.0,0.3333333333333333
0.36842105263157904,0.4090909090909091,0.5581395348837208,0.012658227848101278,0.35849056603773577,0.14285714285714285,0.2146596858638744,0.24845995893223666,0.19999999999999962,0.33333333333333326,0.4473684210526315,0.0,0.3333333333333333
0.2894736842105264,0.31818181818181823,0.4186046511627906,0.47468354430379744,0.41509433962264153,0.7777777777777779,0.9633507853403143,0.6899383983572863,0.2666666666666664,0.48888888888888893,0.0,0.0,0.3333333333333333
0.2368421052631579,0.2954545454545455,0.9534883720930232,0.41772151898734167,0.45283018867924535,0.4761904761904763,0.9109947643979059,0.6160164271047253,0.3833333333333336,0.48888888888888893,0.13157894736842113,0.0,0.3333333333333333
0.473684210526316,0.4090909090909091,0.8604651162790696,0.25949367088607594,0.35849056603773577,0.22222222222222224,0.20418848167539277,0.15605749486652676,0.16666666666666619,0.19999999999999993,0.9736842105263159,0.0,0.3333333333333333
0.34210526315789486,0.18181818181818182,0.2790697674418603,0.012658227848101278,0.2452830188679245,0.0,0.5130890052356022,0.1540041067761756,0.28333333333333344,0.1111111111111111,0.6052631578947367,0.0,0.3333333333333333
0.6842105263157897,0.4090909090909091,0.37209302325581384,0.012658227848101278,0.47169811320754723,0.1031746031746032,0.32460732984293206,0.5256673511293665,0.5166666666666672,0.1111111111111111,0.15789473684210523,0.0,0.3333333333333333
0.26315789473684226,0.47727272727272724,0.5813953488372091,0.29113924050632906,0.169811320754717,0.06349206349206349,0.6387434554973823,0.5061601642710477,0.3999999999999999,0.39999999999999997,0.23684210526315808,0.0,0.3333333333333333
0.10526315789473678,0.31818181818181823,0.1860465116279068,0.012658227848101278,0.6226415094339623,0.031746031746031744,0.4293193717277488,0.34907597535933976,0.5,0.5777777777777777,0.17105263157894757,0.0,0.3333333333333333
0.18421052631578938,0.5454545454545454,0.09302325581395338,0.18354430379746833,0.6603773584905661,0.34920634920634924,0.45549738219895297,0.4065708418891146,0.233333333333333,0.04444444444444445,0.07894736842105238,0.0,0.3333333333333333
0.6578947368421055,0.04545454545454547,0.46511627906976727,0.24050632911392406,0.22641509433962262,0.507936507936508,0.7591623036649215,0.7412731006160191,0.9000000000000007,0.26666666666666666,0.02631578947368418,0.0,0.3333333333333333
0.10526315789473678,0.22727272727272724,0.7906976744186045,0.15822784810126578,0.07547169811320759,0.0,0.43455497382198965,0.18685831622175958,1.0,0.2444444444444444,0.7368421052631579,0.0,0.3333333333333333
0.3947368421052634,0.36363636363636365,0.6046511627906975,0.22151898734177214,0.5471698113207547,0.4126984126984128,0.9267015706806284,0.5800821355236089,0.7833333333333334,0.5555555555555555,0.39473684210526333,0.0,0.3333333333333333
0.05263157894736831,0.09090909090909088,0.44186046511627886,0.0822784810126582,0.28301886792452835,0.0,0.10994764397905771,0.1827515400410687,0.233333333333333,0.2888888888888889,0.3157894736842105,0.0,0.3333333333333333
0.6578947368421055,0.04545454545454547,0.46511627906976727,0.24050632911392406,0.22641509433962262,0.507936507936508,0.7591623036649215,0.7412731006160191,0.9000000000000007,0.26666666666666666,0.02631578947368418,0.0,0.3333333333333333
0.10526315789473678,0.22727272727272724,0.7906976744186045,0.15822784810126578,0.07547169811320759,0.0,0.43455497382198965,0.18685831622175958,1.0,0.2444444444444444,0.7368421052631579,0.0,0.3333333333333333
0.5526315789473686,0.4545454545454546,0.325581395348837,0.18037974683544306,0.1132075471698113,0.0,0.0418848167539268,0.1540041067761756,0.1333333333333328,0.0888888888888888,0.7631578947368425,0.0,0.3333333333333333
0.4210526315789475,0.22727272727272724,0.1860465116279068,0.01898734177215189,0.39622641509433965,0.06349206349206349,0.18848167539267024,0.4640657084188894,0.7500000000000001,0.33333333333333326,0.3157894736842105,0.0,0.3333333333333333
0.5789473684210528,0.7727272727272727,0.6279069767441858,0.012658227848101278,0.169811320754717,0.0,0.16230366492146608,0.3162217659137557,0.19999999999999962,0.48888888888888893,0.39473684210526333,0.0,0.3333333333333333
0.3947368421052634,0.1363636363636364,0.5581395348837208,0.05696202531645567,0.3396226415094339,0.3174603174603175,0.5759162303664922,0.412731006160168,0.6333333333333336,0.6222222222222222,0.3157894736842105,0.0,0.3333333333333333
0.5526315789473686,0.4545454545454546,0.325581395348837,0.18037974683544306,0.1132075471698113,0.0,0.0418848167539268,0.1540041067761756,0.1333333333333328,0.0888888888888888,0.7631578947368425,0.0,0.3333333333333333
1.0000000000000002,0.11363636363636359,0.7441860465116277,0.0632911392405063,0.41509433962264153,0.17460317460317462,0.40837696335078544,0.5841889117043111,0.2666666666666664,0.7555555555555555,0.2894736842105263,0.0,0.3333333333333333
0.736842105263158,0.27272727272727276,0.7906976744186045,0.01898734177215189,0.39622641509433965,0.031746031746031744,0.22513089005235615,0.5051334702258665,0.3500000000000002,0.6666666666666666,0.3421052631578946,0.0,0.3333333333333333
0.8947368421052637,0.47727272727272724,0.9069767441860463,0.0,0.2075471698113207,0.14285714285714285,0.15706806282722519,0.25872689938398097,0.04999999999999971,0.0222222222222222,0.4210526315789474,0.0,0.3333333333333333
0.473684210526316,0.4090909090909091,0.8604651162790696,0.25949367088607594,0.35849056603773577,0.22222222222222224,0.20418848167539277,0.15605749486652676,0.16666666666666619,0.19999999999999993,0.9736842105263159,0.0,0.3333333333333333
0.2894736842105264,0.31818181818181823,0.4186046511627906,0.47468354430379744,0.41509433962264153,0.7777777777777779,0.9633507853403143,0.6899383983572863,0.2666666666666664,0.48888888888888893,0.0,0.0,0.3333333333333333
0.5263157894736845,0.7045454545454546,0.5116279069767441,0.38607594936708856,0.35849056603773577,0.1904761904761905,0.47643979057591634,0.6899383983572863,0.6499999999999999,0.19999999999999993,0.39473684210526333,0.0,0.3333333333333333
0.5526315789473686,0.4090909090909091,0.325581395348837,0.22784810126582278,0.5283018867924528,0.047619047619047616,0.5654450261780106,0.6488706365503092,0.3500000000000002,0.39999999999999997,0.05263157894736825,0.0,0.3333333333333333
0.736842105263158,0.3409090909090909,0.9069767441860463,0.0,0.35849056603773577,0.380952380952381,0.4816753926701572,0.3408624229979466,0.5166666666666672,0.0888888888888888,0.5263157894736844,0.0,0.3333333333333333
0.10526315789473678,0.22727272727272724,0.7906976744186045,0.15822784810126578,0.07547169811320759,0.0,0.43455497382198965,0.18685831622175958,1.0,0.2444444444444444,0.7368421052631579,0.0,0.3333333333333333
0.18421052631578938,0.1363636363636364,0.5581395348837208,0.5379746835443038,0.30188679245283023,0.5238095238095238,0.9162303664921467,0.5667351129363436,0.3500000000000002,0.26666666666666666,0.3157894736842105,0.0,0.3333333333333333
0.736842105263158,0.27272727272727276,0.7906976744186045,0.01898734177215189,0.39622641509433965,0.031746031746031744,0.22513089005235615,0.5051334702258665,0.3500000000000002,0.6666666666666666,0.3421052631578946,0.0,0.3333333333333333
0.736842105263158,0.27272727272727276,0.7906976744186045,0.01898734177215189,0.39622641509433965,0.031746031746031744,0.22513089005235615,0.5051334702258665,0.3500000000000002,0.6666666666666666,0.3421052631578946,0.0,0.3333333333333333
0.34210526315789486,0.18181818181818182,0.2790697674418603,0.012658227848101278,0.2452830188679245,0.0,0.5130890052356022,0.1540041067761756,0.28333333333333344,0.1111111111111111,0.6052631578947367,0.0,0.3333333333333333
0.6578947368421055,0.04545454545454547,0.46511627906976727,0.24050632911392406,0.22641509433962262,0.507936507936508,0.7591623036649215,0.7412731006160191,0.9000000000000007,0.26666666666666666,0.02631578947368418,0.0,0.3333333333333333
0.5789473684210528,0.3863636363636364,0.9069767441860463,0.7848101265822784,0.6981132075471699,0.7142857142857144,0.8638743455497384,0.9671457905544161,0.4833333333333337,0.46666666666666673,0.02631578947368418,0.0,0.3333333333333333
0.5526315789473686,0.3409090909090909,0.37209302325581384,0.8829113924050631,0.7924528301886794,0.6666666666666667,0.7958115183246075,0.9137577002053434,0.18333333333333324,0.37777777777777777,0.07894736842105238,0.0,0.3333333333333333
0.7631578947368425,0.4318181818181819,0.7441860465116277,0.009493670886075944,0.15094339622641506,0.20634920634920637,0.36649214659685875,0.166324435318271,0.45000000000000034,0.0,0.9210526315789476,0.0,0.3333333333333333
0.18421052631578938,0.4090909090909091,0.6279069767441858,0.05063291139240503,0.490566037735849,0.126984126984127,0.9109947643979059,0.5154004106776222,0.933333333333334,0.26666666666666666,0.4210526315789474,0.0,0.3333333333333333
0.2894736842105264,0.31818181818181823,0.5813953488372091,0.5569620253164558,0.7924528301886794,0.8888888888888891,0.8062827225130891,0.7926078028747405,0.36666666666666653,0.5555555555555555,0.02631578947368418,0.0,0.3333333333333333
0.3947368421052634,0.25,0.325581395348837,0.16455696202531644,0.6037735849056605,0.126984126984127,0.30890052356020953,0.48459958932237795,0.10000000000000014,0.3555555555555555,0.15789473684210523,0.0,0.3333333333333333
0.26315789473684226,0.4545454545454546,0.23255813953488358,0.879746835443038,0.6603773584905661,0.507936507936508,0.712041884816754,0.905544147843939,0.33333333333333315,0.2888888888888889,0.02631578947368418,0.0,0.3333333333333333
0.2368421052631579,0.2954545454545455,0.9534883720930232,0.41772151898734167,0.45283018867924535,0.4761904761904763,0.9109947643979059,0.6160164271047253,0.3833333333333336,0.48888888888888893,0.13157894736842113,0.0,0.3333333333333333
0.18421052631578938,0.4090909090909091,0.6279069767441858,0.05063291139240503,0.490566037735849,0.126984126984127,0.9109947643979059,0.5154004106776222,0.933333333333334,0.26666666666666666,0.4210526315789474,0.0,0.3333333333333333
0.05263157894736831,0.09090909090909088,0.44186046511627886,0.0822784810126582,0.28301886792452835,0.0,0.10994764397905771,0.1827515400410687,0.233333333333333,0.2888888888888889,0.3157894736842105,0.0,0.3333333333333333
0.10526315789473678,0.31818181818181823,0.1860465116279068,0.012658227848101278,0.6226415094339623,0.031746031746031744,0.4293193717277488,0.34907597535933976,0.5,0.5777777777777777,0.17105263157894757,0.0,0.3333333333333333
0.3947368421052634,0.1363636363636364,0.5581395348837208,0.05696202531645567,0.3396226415094339,0.3174603174603175,0.5759162303664922,0.412731006160168,0.6333333333333336,0.6222222222222222,0.3157894736842105,0.0,0.3333333333333333
1.0000000000000002,0.31818181818181823,0.9069767441860463,0.6835443037974683,0.3207547169811321,0.380952380952381,0.5811518324607331,0.8747433264887062,0.28333333333333344,0.04444444444444445,0.3157894736842105,0.0,0.3333333333333333
0.05263157894736831,0.09090909090909088,0.44186046511627886,0.0822784810126582,0.28301886792452835,0.0,0.10994764397905771,0.1827515400410687,0.233333333333333,0.2888888888888889,0.3157894736842105,0.0,0.3333333333333333
0.4210526315789475,0.22727272727272724,0.1860465116279068,0.01898734177215189,0.39622641509433965,0.06349206349206349,0.18848167539267024,0.4640657084188894,0.7500000000000001,0.33333333333333326,0.3157894736842105,0.0,0.3333333333333333
0.05263157894736831,0.09090909090909088,0.44186046511627886,0.0822784810126582,0.28301886792452835,0.0,0.10994764397905771,0.1827515400410687,0.233333333333333,0.2888888888888889,0.3157894736842105,0.0,0.3333333333333333
0.18421052631578938,0.31818181818181823,0.3488372093023254,0.7531645569620252,0.5471698113207547,0.4603174603174604,0.8534031413612567,0.8644763860369619,0.5333333333333334,0.2444444444444444,0.02631578947368418,0.0,0.3333333333333333
0.2368421052631579,0.2954545454545455,0.9534883720930232,0.41772151898734167,0.45283018867924535,0.4761904761904763,0.9109947643979059,0.6160164271047253,0.3833333333333336,0.48888888888888893,0.13157894736842113,0.0,0.3333333333333333
0.6842105263157897,0.04545454545454547,0.6046511627906975,0.03164556962025317,0.15094339622641506,0.14285714285714285,0.5026178010471205,0.47433264887063364,0.45000000000000034,0.15555555555555556,0.3684210526315792,0.0,0.3333333333333333
0.34210526315789486,0.18181818181818182,0.2790697674418603,0.012658227848101278,0.2452830188679245,0.0,0.5130890052356022,0.1540041067761756,0.28333333333333344,0.1111111111111111,0.6052631578947367,0.0,0.3333333333333333
0.34210526315789486,0.3863636363636364,0.4883720930232557,0.5632911392405062,0.28301886792452835,0.07936507936507936,0.7801047120418849,0.5975359342915764,0.8833333333333336,0.5111111111111112,0.6578947368421055,0.0,0.3333333333333333
0.8947368421052637,0.47727272727272724,0.9069767441860463,0.0,0.2075471698113207,0.14285714285714285,0.15706806282722519,0.25872689938398097,0.04999999999999971,0.0222222222222222,0.4210526315789474,0.0,0.3333333333333333
0.5789473684210528,0.3863636363636364,0.3023255813953487,0.740506329113924,0.5471698113207547,0.23809523809523814,0.5916230366492148,0.9117043121149925,0.3833333333333336,0.39999999999999997,0.2105263157894735,0.0,0.3333333333333333
0.44736842105263164,0.4090909090909091,0.5116279069767441,0.6329113924050633,0.2452830188679245,0.17460317460317462,0.20942408376963362,0.4332648870636565,0.5166666666666672,0.17777777777777778,0.6842105263157896,0.0,0.3333333333333333
0.34210526315789486,0.3863636363636364,0.4883720930232557,0.5632911392405062,0.28301886792452835,0.07936507936507936,0.7801047120418849,0.5975359342915764,0.8833333333333336,0.5111111111111112,0.6578947368421055,0.0,0.3333333333333333
0.36842105263157904,0.4090909090909091,0.5581395348837208,0.012658227848101278,0.35849056603773577,0.14285714285714285,0.2146596858638744,0.24845995893223666,0.19999999999999962,0.33333333333333326,0.4473684210526315,0.0,0.3333333333333333
0.36842105263157904,0.27272727272727276,0.5581395348837208,0.8924050632911391,0.6603773584905661,0.5873015873015874,0.712041884816754,0.7772073921971241,0.5166666666666672,0.4444444444444445,0.4210526315789474,0.0,0.3333333333333333
0.34210526315789486,0.9090909090909092,0.3953488372093022,0.38607594936708856,0.45283018867924535,0.047619047619047616,0.7958115183246075,0.5687885010266946,0.3833333333333336,0.1333333333333333,0.13157894736842113,0.0,0.3333333333333333
0.26315789473684226,0.4545454545454546,0.23255813953488358,0.879746835443038,0.6603773584905661,0.507936507936508,0.712041884816754,0.905544147843939,0.33333333333333315,0.2888888888888889,0.02631578947368418,0.0,0.3333333333333333
0.34210526315789486,0.9090909090909092,0.3953488372093022,0.38607594936708856,0.45283018867924535,0.047619047619047616,0.7958115183246075,0.5687885010266946,0.3833333333333336,0.1333333333333333,0.13157894736842113,0.0,0.3333333333333333
0.5263157894736845,0.06818181818181823,0.6976744186046511,0.28481012658227844,0.22641509433962262,0.4603174603174604,0.7068062827225132,0.412731006160168,0.19999999999999962,0.6666666666666666,0.6842105263157896,0.0,0.3333333333333333
0.44736842105263164,0.4090909090909091,0.5116279069767441,0.6329113924050633,0.2452830188679245,0.17460317460317462,0.20942408376963362,0.4332648870636565,0.5166666666666672,0.17777777777777778,0.6842105263157896,0.0,0.3333333333333333
0.5263157894736845,0.06818181818181823,0.6976744186046511,0.28481012658227844,0.22641509433962262,0.4603174603174604,0.7068062827225132,0.412731006160168,0.19999999999999962,0.6666666666666666,0.6842105263157896,0.0,0.3333333333333333
0.2368421052631579,0.2954545454545455,0.9534883720930232,0.41772151898734167,0.45283018867924535,0.4761904761904763,0.9109947643979059,0.6160164271047253,0.3833333333333336,0.48888888888888893,0.13157894736842113,0.0,0.3333333333333333
0.5789473684210528,0.4318181818181819,0.6046511627906975,0.06962025316455694,0.169811320754717,0.33333333333333337,0.7643979057591626,0.5051334702258665,0.8166666666666669,0.3555555555555555,0.4210526315789474,0.0,0.3333333333333333
0.34210526315789486,0.3863636363636364,0.4883720930232557,0.5632911392405062,0.28301886792452835,0.07936507936507936,0.7801047120418849,0.5975359342915764,0.8833333333333336,0.5111111111111112,0.6578947368421055,0.0,0.3333333333333333
0.18421052631578938,0.4090909090909091,0.6279069767441858,0.05063291139240503,0.490566037735849,0.126984126984127,0.9109947643979059,0.5154004106776222,0.933333333333334,0.26666666666666666,0.4210526315789474,0.0,0.3333333333333333
0.3947368421052634,0.25,0.325581395348837,0.16455696202531644,0.6037735849056605,0.126984126984127,0.30890052356020953,0.48459958932237795,0.10000000000000014,0.3555555555555555,0.15789473684210523,0.0,0.3333333333333333
0.36842105263157904,0.1363636363636364,0.3953488372093022,0.012658227848101278,0.169811320754717,0.22222222222222224,0.2198952879581153,0.07392197125256111,0.3500000000000002,0.1111111111111111,0.7368421052631579,0.0,0.3333333333333333
0.26315789473684226,0.47727272727272724,0.5813953488372091,0.29113924050632906,0.169811320754717,0.06349206349206349,0.6387434554973823,0.5061601642710477,0.3999999999999999,0.39999999999999997,0.23684210526315808,0.0,0.3333333333333333
0.2368421052631579,0.22727272727272724,0.6279069767441858,0.05063291139240503,0.1132075471698113,0.015873015873015872,0.18324607329842946,0.02258726899383967,0.6166666666666666,0.04444444444444445,0.868421052631579,0.0,0.3333333333333333
0.6842105263157897,0.20454545454545456,0.6279069767441858,0.5443037974683544,0.5471698113207547,0.28571428571428575,0.6963350785340315,0.869609856262834,0.6499999999999999,0.33333333333333326,0.23684210526315808,0.0,0.3333333333333333
0.5789473684210528,0.3863636363636364,0.3023255813953487,0.740506329113924,0.5471698113207547,0.23809523809523814,0.5916230366492148,0.9117043121149925,0.3833333333333336,0.39999999999999997,0.2105263157894735,0.0,0.3333333333333333
0.6842105263157897,0.04545454545454547,0.6046511627906975,0.03164556962025317,0.15094339622641506,0.14285714285714285,0.5026178010471205,0.47433264887063364,0.45000000000000034,0.15555555555555556,0.3684210526315792,0.0,0.3333333333333333
0.3947368421052634,0.36363636363636365,0.44186046511627886,0.01898734177215189,0.5283018867924528,0.3015873015873016,0.8534031413612567,0.425051334702252,0.6000000000000002,0.48888888888888893,0.26315789473684226,0.0,0.3333333333333333
0.6578947368421055,0.04545454545454547,0.46511627906976727,0.24050632911392406,0.22641509433962262,0.507936507936508,0.7591623036649215,0.7412731006160191,0.9000000000000007,0.26666666666666666,0.02631578947368418,0.0,0.3333333333333333
0.5000000000000001,0.7954545454545454,0.5116279069767441,0.26582278481012656,0.3396226415094339,0.20634920634920637,0.40837696335078544,0.5872689938398321,0.5166666666666672,0.2888888888888889,0.4736842105263157,0.0,0.3333333333333333
0.44736842105263164,0.22727272727272724,0.5581395348837208,0.012658227848101278,0.37735849056603776,0.015873015873015872,0.5549738219895289,0.18891170431211074,0.3833333333333336,0.3111111111111111,0.6052631578947367,0.0,0.3333333333333333
0.4210526315789475,0.22727272727272724,0.1860465116279068,0.01898734177215189,0.39622641509433965,0.06349206349206349,0.18848167539267024,0.4640657084188894,0.7500000000000001,0.33333333333333326,0.3157894736842105,0.0,0.3333333333333333
0.5526315789473686,0.4545454545454546,0.325581395348837,0.18037974683544306,0.1132075471698113,0.0,0.0418848167539268,0.1540041067761756,0.1333333333333328,0.0888888888888888,0.7631578947368425,0.0,0.3333333333333333
0.10526315789473678,0.31818181818181823,0.1860465116279068,0.012658227848101278,0.6226415094339623,0.031746031746031744,0.4293193717277488,0.34907597535933976,0.5,0.5777777777777777,0.17105263157894757,0.0,0.3333333333333333
0.3947368421052634,0.4090909090909091,0.1395348837209301,0.0253164556962025,0.490566037735849,0.15873015873015875,0.36649214659685875,0.4640657084188894,0.4833333333333337,0.1333333333333333,0.15789473684210523,0.0,0.3333333333333333
0.5526315789473686,0.3409090909090909,0.37209302325581384,0.8829113924050631,0.7924528301886794,0.6666666666666667,0.7958115183246075,0.9137577002053434,0.18333333333333324,0.37777777777777777,0.07894736842105238,0.0,0.3333333333333333
0.34210526315789486,0.18181818181818182,0.2790697674418603,0.012658227848101278,0.2452830188679245,0.0,0.5130890052356022,0.1540041067761756,0.28333333333333344,0.1111111111111111,0.6052631578947367,0.0,0.3333333333333333
0.3157894736842105,0.5454545454545454,0.1860465116279068,0.012658227848101278,0.3207547169811321,0.23809523809523814,0.3036649214659687,0.3305954825462023,0.4833333333333337,0.2888888888888889,0.3157894736842105,0.0,0.3333333333333333
0.473684210526316,0.4090909090909091,0.8604651162790696,0.25949367088607594,0.35849056603773577,0.22222222222222224,0.20418848167539277,0.15605749486652676,0.16666666666666619,0.19999999999999993,0.9736842105263159,0.0,0.3333333333333333
0.6842105263157897,0.20454545454545456,0.6279069767441858,0.5443037974683544,0.5471698113207547,0.28571428571428575,0.6963350785340315,0.869609856262834,0.6499999999999999,0.33333333333333326,0.23684210526315808,0.0,0.3333333333333333
0.3947368421052634,0.25,0.325581395348837,0.16455696202531644,0.6037735849056605,0.126984126984127,0.30890052356020953,0.48459958932237795,0.10000000000000014,0.3555555555555555,0.15789473684210523,0.0,0.3333333333333333
0.34210526315789486,0.9090909090909092,0.3953488372093022,0.38607594936708856,0.45283018867924535,0.047619047619047616,0.7958115183246075,0.5687885010266946,0.3833333333333336,0.1333333333333333,0.13157894736842113,0.0,0.3333333333333333
0.2894736842105264,0.36363636363636365,0.44186046511627886,0.07911392405063292,0.22641509433962262,0.047619047619047616,0.9633507853403143,0.4332648870636565,0.4333333333333333,0.6666666666666666,0.26315789473684226,0.0,1.0
0.4210526315789475,0.6818181818181819,0.325581395348837,0.7025316455696202,0.5849056603773586,1.0,0.9633507853403143,0.7905544147843894,0.19999999999999962,0.39999999999999997,0.15789473684210523,0.0,1.0
0.6578947368421055,0.15909090909090906,0.6744186046511627,0.0632911392405063,0.6037735849056605,0.25396825396825395,0.586387434554974,0.23408624229979014,0.19999999999999962,0.4444444444444445,0.5263157894736844,0.0,1.0
0.3157894736842105,0.9545454545454546,0.2790697674418603,0.5,0.169811320754717,0.34920634920634924,0.5602094240837697,0.7464065708418912,0.45000000000000034,0.4222222222222222,0.05263157894736825,0.0,1.0
0.6578947368421055,0.47727272727272724,0.6046511627906975,0.037974683544303806,0.2452830188679245,0.09523809523809523,0.5130890052356022,0.3408624229979466,0.5333333333333334,0.3555555555555555,0.5526315789473686,0.0,1.0
0.473684210526316,0.22727272727272724,0.20930232558139522,0.42405063291139233,0.37735849056603776,0.7619047619047621,0.7853403141361257,0.6488706365503092,0.3999999999999999,0.1333333333333333,0.15789473684210523,0.0,1.0
0.26315789473684226,0.31818181818181823,0.7906976744186045,0.38607594936708856,0.4339622641509434,0.6984126984126985,0.8010471204188483,0.5954825462012366,0.36666666666666653,0.3555555555555555,0.07894736842105238,0.0,1.0
0.3157894736842105,0.4090909090909091,0.8604651162790696,0.9240506329113922,0.7169811320754718,0.34920634920634924,0.7696335078534033,0.9486652977412786,0.41666666666666696,0.5333333333333334,0.02631578947368418,0.0,1.0
0.3157894736842105,0.42045454545454547,0.9069767441860463,0.42405063291139233,0.45283018867924535,0.7619047619047621,1.0,0.6694045174537977,0.3833333333333336,0.17777777777777778,0.105263157894737,0.0,1.0
0.5263157894736845,0.09090909090909088,0.6976744186046511,0.037974683544303806,0.41509433962264153,0.2698412698412699,0.39790575916230375,0.4332648870636565,0.5833333333333331,0.26666666666666666,0.4736842105263157,0.0,1.0
0.44736842105263164,0.31818181818181823,0.37209302325581384,0.05696202531645567,0.45283018867924535,0.11111111111111116,0.31413612565445037,0.40246406570841226,0.36666666666666653,0.1333333333333333,0.13157894736842113,0.0,1.0
0.2368421052631579,0.22727272727272724,0.44186046511627886,0.037974683544303806,0.5094339622641509,0.6825396825396826,0.8324607329842932,0.40246406570841226,0.4666666666666667,0.39999999999999997,0.13157894736842113,0.0,1.0
0.9210526315789478,0.4090909090909091,0.9069767441860463,0.037974683544303806,0.47169811320754723,0.1904761904761905,0.549738219895288,0.6283367556468207,0.33333333333333315,0.04444444444444445,0.13157894736842113,0.0,1.0
0.8157894736842107,0.04545454545454547,0.5813953488372091,0.037974683544303806,0.2641509433962264,0.3015873015873016,0.6335078534031415,0.412731006160168,0.04999999999999971,0.0888888888888888,0.2894736842105263,0.0,1.0
0.6315789473684212,0.4545454545454546,0.3953488372093022,0.012658227848101278,0.28301886792452835,0.3174603174603175,0.4188481675392671,0.3819301848049237,0.1333333333333328,0.5111111111111112,0.39473684210526333,0.0,1.0
0.36842105263157904,0.27272727272727276,0.7674418604651161,0.680379746835443,0.37735849056603776,0.7619047619047621,0.9005235602094241,0.7618069815195077,0.5499999999999998,0.5111111111111112,0.15789473684210523,0.0,1.0
0.26315789473684226,0.22727272727272724,0.9302325581395348,0.670886075949367,0.41509433962264153,0.8730158730158731,0.9685863874345552,0.7310061601642748,0.41666666666666696,0.5555555555555555,0.105263157894737,0.0,1.0
0.36842105263157904,0.36363636363636365,0.2790697674418603,0.3291139240506329,0.6603773584905661,0.5714285714285715,0.8586387434554975,0.9342915811088321,0.41666666666666696,0.4222222222222222,0.07894736842105238,0.0,1.0
0.21052631578947378,0.3409090909090909,0.44186046511627886,0.29113924050632906,0.39622641509433965,0.4761904761904763,0.7958115183246075,0.37474332648870046,0.5333333333333334,0.4222222222222222,0.42982456052631574,0.0,1.0
0.36842105263157904,0.18181818181818182,0.46511627906976727,0.7974683544303796,0.5660377358490566,0.7142857142857144,0.8062827225130891,0.9158110882956834,0.8500000000000003,0.15555555555555556,0.23684210526315808,0.0,1.0
0.2368421052631579,0.22727272727272724,0.44186046511627886,0.037974683544303806,0.5094339622641509,0.6825396825396826,0.8324607329842932,0.40246406570841226,0.4666666666666667,0.39999999999999997,0.13157894736842113,0.0,1.0
0.6315789473684212,0.31818181818181823,0.4883720930232557,0.06962025316455694,0.39622641509433965,0.36507936507936517,0.9528795811518327,0.4989733059548245,0.5,0.7111111111111111,0.23684210526315808,0.0,1.0
0.26315789473684226,0.6363636363636364,0.20930232558139522,0.5253164556962026,0.3396226415094339,0.36507936507936517,0.6230366492146598,0.4979466119096546,0.5,0.46666666666666673,0.5473684210526318,0.0,1.0
0.26315789473684226,0.22727272727272724,0.37209302325581384,0.4556962025316455,0.5471698113207547,0.6666666666666667,0.8167539267015709,0.6057494866529809,0.3166666666666668,0.39999999999999997,0.15789473684210523,0.0,1.0
0.5263157894736845,0.25,0.6279069767441858,0.7911392405063291,0.6603773584905661,0.7460317460317462,0.8691099476439792,0.8234086242299847,0.11666666666666653,0.26666666666666666,0.05263157894736825,0.0,1.0
0.5789473684210528,0.3409090909090909,0.37209302325581384,0.3481012658227848,0.3207547169811321,0.4285714285714286,0.7015706806282724,0.5051334702258665,0.3500000000000002,0.33333333333333326,0.4736842105263157,0.0,1.0
0.21052631578947378,0.36363636363636365,0.1627906976744185,0.11392405063291136,0.28301886792452835,0.3015873015873016,0.518324607329843,0.4537987679671451,0.1333333333333328,0.3111111111111111,0.02631578947368418,0.0,1.0
0.3947368421052634,0.27272727272727276,0.5348837209302324,0.7341772151898733,0.490566037735849,0.8571428571428573,0.7696335078534033,0.8747433264887062,0.7666666666666672,0.1333333333333333,0.26315789473684226,0.0,1.0
0.21052631578947378,0.7272727272727273,0.3488372093023254,0.21518987341772156,0.7735849056603774,0.904761904761905,0.9476439790575917,0.4537987679671451,0.5333333333333334,0.4444444444444445,0.23684210526315808,0.0,1.0
0.2894736842105264,0.6590909090909092,0.4186046511627906,0.6962025316455696,0.5849056603773586,0.28571428571428575,0.7748691099476441,0.9363449691991832,0.6333333333333336,0.5111111111111112,0.105263157894737,0.0,1.0
0.4210526315789475,0.15909090909090906,0.4186046511627906,0.4113924050632911,0.8490566037735852,0.634920634920635,0.8324607329842932,0.7310061601642748,0.6833333333333333,0.5111111111111112,0.13157894736842113,0.0,1.0
0.3157894736842105,0.9545454545454546,0.11627906976744168,0.5696202531645569,0.22641509433962262,0.5238095238095238,0.6858638743455499,0.712525667351126,0.5833333333333331,0.4444444444444445,0.13157894736842113,0.0,1.0
0.5789473684210528,0.36363636363636365,0.6511627906976742,0.06962025316455694,0.3396226415094339,0.07936507936507936,0.3769633507853404,0.35728952772073286,0.3999999999999999,0.7333333333333334,0.5526315789473686,0.0,1.0
0.36842105263157904,0.5,0.5116279069767441,0.037974683544303806,0.2641509433962264,0.07936507936507936,0.5130890052356022,0.546201232032855,0.6166666666666666,0.7777777777777779,0.18421052631578938,0.0,1.0
0.2368421052631579,0.36363636363636365,0.8837209302325579,0.4050632911392405,0.5283018867924528,0.4603174603174604,0.6439790575916231,0.5379876796714619,0.41666666666666696,0.46666666666666673,0.23684210526315808,0.0,1.0
0.5263157894736845,0.2954545454545455,0.37209302325581384,0.6835443037974683,0.5283018867924528,0.7936507936507937,0.7696335078534033,0.7710472279260822,0.2999999999999997,0.6222222222222222,0.23684210526315808,0.0,1.0
0.7105263157894738,0.1363636363636364,0.46511627906976727,0.01898734177215189,0.2075471698113207,0.031746031746031744,0.12041884816753934,0.3018480492813092,0.10000000000000014,0.9111111111111112,0.3684210526315792,0.0,1.0
0.21052631578947378,0.22727272727272724,0.2790697674418603,0.43670886075949367,0.5283018867924528,0.634920634920635,0.6439790575916231,0.6129363449691928,0.5,0.4444444444444445,0.105263157894737,0.0,1.0
0.5263157894736845,0.4090909090909091,0.2790697674418603,0.6772151898734177,0.18867924528301894,0.6190476190476192,0.649214659685864,0.6468172484599581,0.28333333333333344,0.2888888888888889,0.39473684210526333,0.0,1.0
0.4210526315789475,0.36363636363636365,0.4186046511627906,0.07594936708860758,0.3207547169811321,0.25396825396825395,0.7905759162303665,0.22381930184804583,0.45000000000000034,0.5555555555555555,0.6578947368421055,0.0,1.0
0.6842105263157897,0.36363636363636365,0.9069767441860463,0.5316455696202531,0.39622641509433965,0.6666666666666667,0.8481675392670158,0.7104722792607749,0.3500000000000002,0.3555555555555555,0.2894736842105263,0.0,1.0
0.26315789473684226,0.1363636363636364,0.4186046511627906,0.09493670886075947,0.13207547169811318,0.3015873015873016,0.3036649214659687,0.22587268993839693,0.6333333333333336,0.5111111111111112,0.6842105263157896,0.0,1.0
0.36842105263157904,0.6136363636363636,0.46511627906976727,0.4936708860759494,0.37735849056603776,0.36507936507936517,0.549738219895288,0.5975359342915764,0.3166666666666668,0.6,0.26315789473684226,0.0,1.0
0.4210526315789475,0.7272727272727273,0.23255813953488358,0.9936708860759493,0.39622641509433965,0.7142857142857144,0.8272251308900525,0.9753593429158092,0.25000000000000006,0.5333333333333334,0.13157894736842113,0.0,1.0
0.5263157894736845,0.20454545454545456,0.6511627906976742,0.48101265822784806,0.5094339622641509,0.5714285714285715,0.649214659685864,0.6016427104722787,0.21666666666666662,0.3111111111111111,0.3684210526315792,0.0,1.0
0.2894736842105264,0.6136363636363636,0.2790697674418603,0.24050632911392406,0.5094339622641509,0.6984126984126985,0.6073298429319373,0.5256673511293665,0.3500000000000002,0.6666666666666666,0.07894736842105238,0.0,1.0
0.2894736842105264,0.31818181818181823,0.5581395348837208,0.5632911392405062,0.2452830188679245,0.39682539682539686,0.5602094240837697,0.6078028747433207,0.2999999999999997,0.26666666666666666,0.23684210526315808,0.0,1.0
0.473684210526316,0.02272727272727265,0.6744186046511627,0.05063291139240503,0.3396226415094339,0.25396825396825395,0.6963350785340315,0.546201232032855,0.9833333333333338,0.33333333333333326,0.2894736842105263,0.0,1.0
0.3947368421052634,0.5454545454545454,0.3488372093023254,0.5569620253164558,0.28301886792452835,0.36507936507936517,0.8638743455497384,0.7823408624229963,0.5833333333333331,0.6444444444444444,0.07894736842105238,0.0,1.0
0.4210526315789475,0.36363636363636365,0.3953488372093022,0.03164556962025317,0.9622641509433962,0.3015873015873016,0.6230366492146598,0.4065708418891146,0.28333333333333344,0.4444444444444445,0.3157894736842105,0.0,1.0
0.9210526315789478,0.4545454545454546,0.5581395348837208,0.037974683544303806,0.5849056603773586,0.126984126984127,0.7853403141361257,0.5256673511293665,0.3500000000000002,0.33333333333333326,0.2105263157894735,0.0,1.0
0.5526315789473686,0.06818181818181823,0.5581395348837208,0.0253164556962025,0.18867924528301894,0.126984126984127,0.39790575916230375,0.2381930184804924,0.19999999999999962,0.9333333333333336,0.5526315789473686,0.0,1.0
0.05263157894736831,0.3522727272727273,0.23255813953488358,0.07594936708860758,0.45283018867924535,0.20634920634920637,0.5654450261780106,0.44147843942504966,0.4666666666666667,0.8,0.2894736842105263,0.0,1.0
0.5789473684210528,0.2954545454545455,0.44186046511627886,0.09493670886075947,0.6415094339622641,0.507936507936508,0.46596858638743466,0.3901437371663283,0.2666666666666664,0.1111111111111111,0.23684210526315808,0.0,1.0
0.4210526315789475,0.47727272727272724,0.4883720930232557,0.05063291139240503,0.8301886792452833,0.15873015873015875,0.712041884816754,0.5051334702258665,0.41666666666666696,0.33333333333333326,0.13157894736842113,0.0,1.0
0.8947368421052637,0.11363636363636359,0.46511627906976727,0.25316455696202533,0.05660377358490565,0.4603174603174604,0.4921465968586389,0.3018480492813092,0.01666666666666633,0.33333333333333326,0.6052631578947367,0.0,1.0
0.473684210526316,0.3863636363636364,0.9302325581395348,0.7784810126582278,0.5849056603773586,1.0,0.8848167539267017,0.8952772073921947,0.1333333333333328,0.33333333333333326,0.07894736842105238,0.0,1.0
0.5263157894736845,0.4090909090909091,0.3953488372093022,0.0253164556962025,0.45283018867924535,0.5238095238095238,0.7696335078534033,0.3973305954825401,0.16666666666666619,0.4444444444444445,0.105263157894737,0.0,1.0
0.18421052631578938,0.36363636363636365,0.8604651162790696,0.0253164556962025,0.45283018867924535,0.7142857142857144,0.842931937172775,0.3305954825462023,0.4333333333333333,0.2888888888888889,0.15789473684210523,0.0,1.0
0.36842105263157904,0.27272727272727276,0.8372093023255813,0.4620253164556962,0.22641509433962262,0.6984126984126985,0.7696335078534033,0.6704312114989677,0.3999999999999999,0.33333333333333326,0.105263157894737,0.0,1.0
0.3157894736842105,0.25,0.6046511627906975,0.4493670886075949,0.37735849056603776,0.7777777777777779,0.8062827225130891,0.6488706365503092,0.25000000000000006,0.22222222222222218,0.07894736842105238,0.0,1.0
0.36842105263157904,0.4545454545454546,0.0,0.0253164556962025,0.45283018867924535,0.380952380952381,0.4816753926701572,0.42299794661191226,0.4666666666666667,0.19999999999999993,0.15789473684210523,0.0,1.0
0.34210526315789486,0.22727272727272724,0.7209302325581394,0.120253164556962,0.2641509433962264,0.6825396825396826,0.5026178010471205,0.1067761806981451,0.5333333333333334,0.2444444444444444,0.8157894736842106,0.0,1.0
0.5789473684210528,0.9090909090909092,0.3023255813953487,0.0632911392405063,0.07547169811320759,0.126984126984127,0.6544502617801048,0.37166324435317943,0.18333333333333324,0.0222222222222222,0.39473684210526333,0.0,1.0
0.473684210526316,0.15909090909090906,0.6046511627906975,0.9303797468354429,0.37735849056603776,1.0,0.8219895287958117,1.0,0.5333333333333334,0.9777777777777779,0.13157894736842113,0.0,1.0
0.5263157894736845,0.25,0.9069767441860463,0.006329113924050611,0.3207547169811321,0.4761904761904763,0.6806282722513091,0.22792607802874815,0.33333333333333315,0.5111111111111112,0.6315789473684214,0.0,1.0
0.3947368421052634,0.36363636363636365,0.2558139534883719,0.3924050632911392,0.37735849056603776,0.7777777777777779,0.8586387434554975,0.6642710472279256,0.4833333333333337,0.3555555555555555,0.13157894736842113,0.0,1.0
0.5263157894736845,0.6136363636363636,0.5581395348837208,0.23417721518987344,0.3207547169811321,0.22222222222222224,0.5287958115183247,0.5975359342915764,0.5333333333333334,0.22222222222222218,0.39473684210526333,0.0,1.0
0.6842105263157897,0.25,0.5813953488372091,0.006329113924050611,0.5471698113207547,0.126984126984127,0.5759162303664922,0.42915811088295425,0.25000000000000006,0.5111111111111112,0.15789473684210523,0.0,1.0
0.3157894736842105,0.18181818181818182,0.9999999999999999,0.8924050632911391,0.5094339622641509,0.2698412698412699,0.5759162303664922,0.9363449691991832,0.01666666666666633,0.0666666666666666,0.13157894736842113,0.0,1.0
0.21052631578947378,0.25,0.6511627906976742,0.43670886075949367,0.37735849056603776,0.7777777777777779,0.9528795811518327,0.6406570841889161,0.3999999999999999,0.3111111111111111,0.05263157894736825,0.0,1.0
0.44736842105263164,0.31818181818181823,0.20930232558139522,0.430379746835443,0.28301886792452835,0.6825396825396826,0.8272251308900525,0.6478439425051279,0.3833333333333336,0.39999999999999997,0.13157894736842113,0.0,1.0
0.3157894736842105,0.4090909090909091,0.6046511627906975,0.4430379746835443,0.41509433962264153,0.8253968253968255,0.7434554973821991,0.5564681724845992,0.36666666666666653,0.3111111111111111,0.18421052631578938,0.0,1.0
0.5789473684210528,0.3863636363636364,0.44186046511627886,0.60126582278481,0.28301886792452835,0.25396825396825395,0.6230366492146598,0.7310061601642748,0.18333333333333324,0.0666666666666666,0.13157894736842113,0.0,1.0
0.21052631578947378,0.36363636363636365,0.1627906976744185,0.11392405063291136,0.28301886792452835,0.3015873015873016,0.518324607329843,0.4537987679671451,0.1333333333333328,0.3111111111111111,0.02631578947368418,0.0,1.0
0.2894736842105264,0.25,0.9302325581395348,0.41772151898734167,0.41509433962264153,0.7777777777777779,0.8272251308900525,0.6406570841889161,0.3999999999999999,0.2888888888888889,0.07894736842105238,0.0,1.0
0.26315789473684226,0.47727272727272724,0.23255813953488358,0.2974683544303797,0.169811320754717,0.20634920634920637,0.47643979057591634,0.5051334702258665,0.666666666666667,0.2444444444444444,0.3157894736842105,0.0,1.0
0.473684210526316,0.02272727272727265,0.6744186046511627,0.05063291139240503,0.3396226415094339,0.25396825396825395,0.6963350785340315,0.546201232032855,0.9833333333333338,0.33333333333333326,0.2894736842105263,0.0,1.0
0.6052631578947371,0.36363636363636365,0.7441860465116277,0.841772151898734,0.37735849056603776,0.634920634920635,0.9790575916230367,0.9876796714579046,0.41666666666666696,0.6888888888888889,0.07894736842105238,0.0,1.0
0.473684210526316,0.25,0.20930232558139522,0.4430379746835443,0.35849056603773577,0.7301587301587302,0.7643979057591626,0.7104722792607749,0.3833333333333336,0.26666666666666666,0.07894736842105238,0.0,1.0
0.2368421052631579,0.1363636363636364,0.6279069767441858,0.6835443037974683,0.37735849056603776,0.8412698412698415,0.5445026178010473,0.5862422997946622,0.45000000000000034,0.0666666666666666,0.5000000000000002,0.0,1.0
0.5789473684210528,0.3409090909090909,0.37209302325581384,0.3481012658227848,0.3207547169811321,0.4285714285714286,0.7015706806282724,0.5051334702258665,0.3500000000000002,0.33333333333333326,0.4736842105263157,0.0,1.0
0.6578947368421055,0.15909090909090906,0.6744186046511627,0.0632911392405063,0.6037735849056605,0.25396825396825395,0.586387434554974,0.23408624229979014,0.19999999999999962,0.4444444444444445,0.5263157894736844,0.0,1.0
0.2368421052631579,0.5,0.46511627906976727,0.24050632911392406,0.45283018867924535,0.14285714285714285,0.30890052356020953,0.3819301848049237,0.5833333333333331,0.15555555555555556,0.4473684210526315,0.0,1.0
0.44736842105263164,0.36363636363636365,0.9069767441860463,0.037974683544303806,0.37735849056603776,0.4126984126984128,0.3874345549738221,0.48459958932237795,0.7833333333333334,0.6,0.3421052631578946,0.0,1.0
0.7631578947368425,0.7954545454545454,0.3023255813953487,0.3575949367088608,0.169811320754717,0.015873015873015872,0.6910994764397906,0.4065708418891146,0.19999999999999962,0.3555555555555555,0.6052631578947367,0.0,1.0
0.18421052631578938,0.18181818181818182,0.9069767441860463,0.03164556962025317,0.490566037735849,0.20634920634920637,0.31937172774869116,0.3408624229979466,0.6166666666666666,0.3111111111111111,0.18421052631578938,0.0,1.0
0.34210526315789486,0.22727272727272724,0.5348837209302324,0.7151898734177216,0.39622641509433965,0.4126984126984128,0.6230366492146598,0.905544147843939,0.7166666666666668,0.17777777777777778,0.15789473684210523,0.0,1.0
0.26315789473684226,0.1363636363636364,0.4186046511627906,0.09493670886075947,0.13207547169811318,0.3015873015873016,0.3036649214659687,0.22587268993839693,0.6333333333333336,0.5111111111111112,0.6842105263157896,0.0,1.0
0.3157894736842105,0.22727272727272724,0.4186046511627906,0.05063291139240503,0.05660377358490565,0.5396825396825398,0.5549738219895289,0.2402464065708435,0.6833333333333333,0.3111111111111111,0.6578947368421055,0.0,1.0
0.6578947368421055,0.1363636363636364,0.6744186046511627,0.0,0.30188679245283023,0.507936507936508,0.6701570680628274,0.14887063655030347,0.25000000000000006,0.2444444444444444,0.7894736842105265,0.0,1.0
0.6315789473684212,0.22727272727272724,0.6511627906976742,0.06962025316455694,0.6226415094339623,0.14285714285714285,0.7382198952879583,0.4640657084188894,0.4666666666666667,0.5111111111111112,0.26315789473684226,0.0,1.0
0.2368421052631579,0.375,0.2790697674418603,0.9493670886075949,0.679245283018868,0.33333333333333337,0.6020942408376965,0.899383983572897,0.25000000000000006,0.39999999999999997,0.05263157894736825,0.0,1.0
0.10526315789473678,0.25,0.325581395348837,0.7784810126582278,0.35849056603773577,0.5714285714285715,0.5811518324607331,0.7926078028747405,0.6833333333333333,0.22222222222222218,0.15789473684210523,0.0,1.0
0.6578947368421055,0.3409090909090909,0.6046511627906975,0.6392405063291138,0.15094339622641506,0.6031746031746033,0.9528795811518327,0.7618069815195077,0.3500000000000002,0.3111111111111111,0.3684210526315792,0.0,1.0
0.736842105263158,0.31818181818181823,0.7441860465116277,0.05063291139240503,0.1132075471698113,0.39682539682539686,0.3507853403141362,0.22792607802874815,0.2666666666666664,0.15555555555555556,0.6578947368421055,0.0,1.0
0.5000000000000001,0.4090909090909091,0.8837209302325579,0.7784810126582278,0.6603773584905661,0.8253968253968255,0.8900523560209426,0.8952772073921947,0.18333333333333324,0.39999999999999997,0.07894736842105238,0.0,1.0
0.21052631578947378,0.5,0.37209302325581384,0.7721518987341771,0.490566037735849,0.7777777777777779,0.9162303664921467,0.8336755646817291,0.5333333333333334,0.3111111111111111,0.02631578947368418,0.0,1.0
0.5263157894736845,0.4090909090909091,0.2790697674418603,0.6772151898734177,0.18867924528301894,0.6190476190476192,0.649214659685864,0.6468172484599581,0.28333333333333344,0.2888888888888889,0.39473684210526333,0.0,1.0
0.2368421052631579,0.15909090909090906,0.44186046511627886,0.6772151898734177,0.4339622641509434,0.6984126984126985,0.6335078534031415,0.5482546201232061,0.4833333333333337,0.1333333333333333,0.5000000000000002,0.0,1.0
0.5789473684210528,0.5454545454545454,0.23255813953488358,0.15189873417721517,0.39622641509433965,0.06349206349206349,0.4712041884816755,0.5051334702258665,0.36666666666666653,0.19999999999999993,0.13157894736842113,0.0,1.0
0.5263157894736845,0.18181818181818182,0.4186046511627906,0.5063291139240506,0.39622641509433965,0.2698412698412699,0.4973821989528797,0.5338809034907596,0.28333333333333344,0.5111111111111112,0.5000000000000002,0.0,1.0
0.26315789473684226,0.47727272727272724,0.9534883720930232,0.430379746835443,0.5660377358490566,0.7619047619047621,0.7905759162303665,0.5687885010266946,0.3166666666666668,0.2888888888888889,0.18421052631578938,0.0,1.0
0.34210526315789486,0.06818181818181823,0.3953488372093022,0.0253164556962025,0.13207547169811318,0.5396825396825398,0.6439790575916231,0.3141683778234047,0.7833333333333334,0.4444444444444445,0.4210526315789474,0.0,1.0
0.3157894736842105,0.5,0.9767441860465116,0.5759493670886074,0.47169811320754723,0.380952380952381,0.5968586387434556,0.6981519507186909,0.233333333333333,0.17777777777777778,0.13157894736842113,0.0,1.0
0.18421052631578938,0.5454545454545454,0.8604651162790696,0.0253164556962025,0.490566037735849,0.8571428571428573,0.9633507853403143,0.37063655030800957,0.5166666666666672,0.39999999999999997,0.18421052631578938,0.0,1.0
0.5263157894736845,0.3409090909090909,0.4883720930232557,0.04430379746835442,0.18867924528301894,0.28571428571428575,0.4397905759162305,0.32032854209445805,0.233333333333333,0.1333333333333333,0.5263157894736844,0.0,1.0
0.7894736842105267,0.06818181818181823,0.4883720930232557,0.27848101265822783,0.5094339622641509,0.6666666666666667,0.649214659685864,0.5975359342915764,0.5166666666666672,0.1333333333333333,0.23684210526315808,0.0,1.0
0.21052631578947378,0.7272727272727273,0.3488372093023254,0.21518987341772156,0.7735849056603774,0.904761904761905,0.9476439790575917,0.4537987679671451,0.5333333333333334,0.4444444444444445,0.23684210526315808,0.0,1.0
0.6315789473684212,0.31818181818181823,0.4883720930232557,0.06962025316455694,0.39622641509433965,0.36507936507936517,0.9528795811518327,0.4989733059548245,0.5,0.7111111111111111,0.23684210526315808,0.0,1.0
0.10526315789473678,0.27272727272727276,0.325581395348837,0.5189873417721518,0.35849056603773577,0.7936507936507937,0.6596858638743457,0.6796714579055421,0.6333333333333336,0.1333333333333333,0.13157894736842113,0.0,1.0
0.736842105263158,0.5,0.44186046511627886,0.41772151898734167,0.18867924528301894,0.507936507936508,0.5026178010471205,0.4537987679671451,0.3833333333333336,0.04444444444444445,0.8157894736842106,0.0,1.0
0.473684210526316,0.02272727272727265,0.5348837209302324,0.006329113924050611,0.037735849056603765,0.17460317460317462,0.1937172774869111,0.4332648870636565,0.7333333333333338,0.17777777777777778,0.26315789473684226,0.0,1.0
0.6315789473684212,0.15909090909090906,0.3953488372093022,0.012658227848101278,0.490566037735849,0.23809523809523814,0.3298429319371729,0.42299794661191226,0.21666666666666662,0.3111111111111111,0.05263157894736825,0.0,1.0
0.26315789473684226,0.7272727272727273,0.2790697674418603,0.8670886075949367,0.41509433962264153,0.7301587301587302,0.8219895287958117,0.9029774127310086,0.7666666666666672,0.6222222222222222,0.4210526315789474,0.0,1.0
0.13157894736842113,0.25,0.20930232558139522,0.7215189873417721,0.41509433962264153,0.7142857142857144,0.712041884816754,0.8028747433264849,0.7000000000000004,0.1333333333333333,0.15789473684210523,0.0,1.0
0.34210526315789486,0.31818181818181823,0.09302325581395338,0.0253164556962025,0.3396226415094339,0.9365079365079366,0.6963350785340315,0.25872689938398097,0.3999999999999999,0.15555555555555556,0.2894736842105263,0.0,1.0
0.10526315789473678,0.4318181818181819,0.3023255813953487,0.25316455696202533,0.5283018867924528,0.380952380952381,0.4188481675392671,0.5236139630390153,0.33333333333333315,0.4444444444444445,0.02631578947368418,0.0,1.0
0.2368421052631579,0.2954545454545455,0.1860465116279068,0.42405063291139233,0.4339622641509434,0.634920634920635,0.8376963350785342,0.6899383983572863,0.5,0.33333333333333326,0.02631578947368418,0.0,1.0
0.36842105263157904,0.3409090909090909,0.9302325581395348,0.7784810126582278,0.5283018867924528,0.6825396825396826,0.8795811518324609,0.8131416837782292,0.2666666666666664,0.2888888888888889,0.13157894736842113,0.0,1.0
0.13157894736842113,0.4090909090909091,0.20930232558139522,0.8544303797468353,0.3207547169811321,0.507936507936508,0.46596858638743466,0.7556468172484543,0.3833333333333336,0.2444444444444444,0.3684210526315792,0.0,1.0
0.5789473684210528,0.3863636363636364,0.44186046511627886,0.60126582278481,0.28301886792452835,0.25396825396825395,0.6230366492146598,0.7310061601642748,0.18333333333333324,0.0666666666666666,0.13157894736842113,0.0,1.0
0.3157894736842105,0.22727272727272724,0.4186046511627906,0.05063291139240503,0.05660377358490565,0.5396825396825398,0.5549738219895289,0.2402464065708435,0.6833333333333333,0.3111111111111111,0.6578947368421055,0.0,1.0
0.5263157894736845,0.4318181818181819,0.37209302325581384,0.9240506329113922,0.45283018867924535,0.9841269841269843,0.9633507853403143,0.9845995893223837,0.21666666666666662,0.8,0.15789473684210523,0.0,1.0
0.6052631578947371,0.02272727272727265,0.44186046511627886,0.01898734177215189,0.07547169811320759,0.07936507936507936,0.198952879581152,0.3819301848049237,0.7000000000000004,0.15555555555555556,0.3157894736842105,0.0,1.0
0.34210526315789486,0.5909090909090909,0.2790697674418603,0.4936708860759494,0.5094339622641509,0.3015873015873016,0.45549738219895297,0.6447638603696069,0.4833333333333337,0.2888888888888889,0.13157894736842113,0.0,1.0
1.0000000000000002,0.20454545454545456,0.5813953488372091,0.6139240506329113,0.22641509433962262,0.4603174603174604,0.6230366492146598,0.8850102669404505,0.2666666666666664,0.0,0.2105263157894735,0.0,1.0
0.473684210526316,0.15909090909090906,0.6046511627906975,0.9303797468354429,0.37735849056603776,1.0,0.8219895287958117,1.0,0.5333333333333334,0.9777777777777779,0.13157894736842113,0.0,1.0
0.5526315789473686,0.4318181818181819,0.6744186046511627,0.7215189873417721,0.7547169811320755,0.380952380952381,0.48691099476439803,0.8131416837782292,0.3833333333333336,0.15555555555555556,0.13157894736842113,0.0,1.0
0.13157894736842113,0.15909090909090906,0.325581395348837,0.7025316455696202,0.35849056603773577,0.7619047619047621,0.7277486910994766,0.7618069815195077,0.5333333333333334,0.15555555555555556,0.15789473684210523,0.0,1.0
0.473684210526316,0.3409090909090909,0.23255813953488358,0.42405063291139233,0.39622641509433965,0.7301587301587302,0.7748691099476441,0.6509240246406603,0.3833333333333336,0.4444444444444445,0.15789473684210523,0.0,1.0
0.5526315789473686,0.02272727272727265,0.6511627906976742,0.05063291139240503,0.5471698113207547,0.22222222222222224,0.39267015706806296,0.5256673511293665,0.5166666666666672,0.26666666666666666,0.2894736842105263,0.0,1.0
0.44736842105263164,0.31818181818181823,0.37209302325581384,0.05696202531645567,0.45283018867924535,0.11111111111111116,0.31413612565445037,0.40246406570841226,0.36666666666666653,0.1333333333333333,0.13157894736842113,0.0,1.0
0.7631578947368425,0.0,0.6046511627906975,0.4936708860759494,0.018867924528301827,0.126984126984127,0.17801047120418856,0.6283367556468207,0.33333333333333315,0.0666666666666666,0.5657894736842108,0.0,1.0
0.18421052631578938,0.1363636363636364,0.6976744186046511,0.05696202531645567,0.05660377358490565,0.4285714285714286,0.586387434554974,0.1971252566735039,0.5499999999999998,0.8888888888888888,0.7368421052631579,0.0,1.0
0.8421052631578949,0.27272727272727276,0.7209302325581394,0.07594936708860758,0.45283018867924535,0.380952380952381,0.44502617801047134,0.47433264887063364,0.04999999999999971,0.26666666666666666,0.2894736842105263,0.0,1.0
0.2368421052631579,0.4545454545454546,0.4186046511627906,0.8670886075949367,0.41509433962264153,0.6984126984126985,0.9005235602094241,0.8439425051334734,0.5,0.3111111111111111,0.15789473684210523,0.0,1.0
0.2894736842105264,0.5681818181818182,0.3023255813953487,0.27848101265822783,0.490566037735849,0.3174603174603175,0.6439790575916231,0.40246406570841226,0.5166666666666672,0.0666666666666666,0.2894736842105263,0.0,1.0
0.7631578947368425,0.7954545454545454,0.3023255813953487,0.3575949367088608,0.169811320754717,0.015873015873015872,0.6910994764397906,0.4065708418891146,0.19999999999999962,0.3555555555555555,0.6052631578947367,0.0,1.0
0.10526315789473678,0.625,0.06976744186046496,0.0253164556962025,0.28301886792452835,0.09523809523809523,0.198952879581152,0.27926078028746953,0.6000000000000002,0.4444444444444445,0.4210526315789474,0.0,1.0
0.26315789473684226,0.3863636363636364,0.4883720930232557,0.7531645569620252,0.37735849056603776,0.7936507936507937,0.7068062827225132,0.6139630390143741,0.1499999999999999,0.6,0.3421052631578946,0.0,1.0
0.6578947368421055,0.5,0.9999999999999999,0.7531645569620252,0.45283018867924535,0.9206349206349208,0.5916230366492148,0.866529774127313,0.01666666666666633,0.2888888888888889,0.05263157894736825,0.0,1.0
0.5789473684210528,0.3409090909090909,0.44186046511627886,0.21518987341772156,0.490566037735849,0.33333333333333337,0.6282722513089006,0.4537987679671451,0.3833333333333336,0.15555555555555556,0.3421052631578946,0.0,1.0
0.13157894736842113,0.20454545454545456,0.46511627906976727,0.7531645569620252,0.5471698113207547,0.8253968253968255,0.7539267015706808,0.7926078028747405,0.5833333333333331,0.15555555555555556,0.13157894736842113,0.0,1.0
0.473684210526316,0.22727272727272724,0.20930232558139522,0.42405063291139233,0.37735849056603776,0.7619047619047621,0.7853403141361257,0.6488706365503092,0.3999999999999999,0.1333333333333333,0.15789473684210523,0.0,1.0
0.36842105263157904,0.25,0.3953488372093022,0.6139240506329113,0.9622641509433962,0.6666666666666667,0.6701570680628274,0.7412731006160191,0.19999999999999962,0.1333333333333333,0.02631578947368418,0.0,1.0
0.5789473684210528,0.3409090909090909,0.44186046511627886,0.21518987341772156,0.490566037735849,0.33333333333333337,0.6282722513089006,0.4537987679671451,0.3833333333333336,0.15555555555555556,0.3421052631578946,0.0,1.0
0.44736842105263164,0.27272727272727276,0.46511627906976727,0.0632911392405063,0.1132075471698113,0.126984126984127,0.5340314136125656,0.22792607802874815,0.4333333333333333,0.37777777777777777,0.6578947368421055,0.0,1.0
0.07894736842105271,0.4318181818181819,0.11627906976744168,0.05696202531645567,0.47169811320754723,0.23809523809523814,0.3507853403141362,0.40246406570841226,0.7500000000000001,0.6666666666666666,0.26315789473684226,0.0,1.0
0.36842105263157904,0.36363636363636365,0.2790697674418603,0.3291139240506329,0.6603773584905661,0.5714285714285715,0.8586387434554975,0.9342915811088321,0.41666666666666696,0.4222222222222222,0.07894736842105238,0.0,1.0
0.6842105263157897,0.31818181818181823,0.7441860465116277,0.38607594936708856,0.37735849056603776,0.5714285714285715,0.74869109947644,0.6591375770020534,0.3999999999999999,0.2444444444444444,0.4473684210526315,0.0,1.0
0.3947368421052634,0.6136363636363636,0.5348837209302324,0.5759493670886074,0.3396226415094339,0.36507936507936517,0.6596858638743457,0.7515400410677634,0.45000000000000034,0.4444444444444445,0.13157894736842113,0.0,1.0
0.13157894736842113,0.4090909090909091,0.37209302325581384,0.03164556962025317,0.6037735849056605,0.1904761904761905,0.6020942408376965,0.22792607802874815,0.5166666666666672,0.0888888888888888,0.4736842105263157,0.0,1.0
0.13157894736842113,0.3409090909090909,0.1395348837209301,0.43670886075949367,0.35849056603773577,0.6825396825396826,0.8952879581151834,0.579055441478439,0.4666666666666667,0.0888888888888888,0.13157894736842113,0.0,1.0
0.21052631578947378,0.15909090909090906,0.37209302325581384,0.7658227848101264,0.47169811320754723,0.8571428571428573,0.649214659685864,0.8459958932238245,0.6333333333333336,0.3111111111111111,0.02631578947368418,0.0,1.0
0.5526315789473686,0.1363636363636364,0.7209302325581394,0.012658227848101278,0.47169811320754723,0.33333333333333337,0.549738219895288,0.18993839835729198,0.4333333333333333,0.4444444444444445,0.5789473684210527,0.0,1.0
0.5789473684210528,0.3863636363636364,0.37209302325581384,0.04430379746835442,0.9056603773584906,0.5555555555555557,0.6858638743455499,0.4435318275154008,0.28333333333333344,0.3111111111111111,0.23684210526315808,0.0,1.0
0.44736842105263164,0.0,0.5813953488372091,0.0253164556962025,0.2641509433962264,0.3015873015873016,0.5340314136125656,0.2710472279260764,0.06666666666666671,0.8,0.39473684210526333,0.0,1.0
0.3157894736842105,0.25,0.9534883720930232,0.4430379746835443,0.41509433962264153,0.8888888888888891,0.8534031413612567,0.6735112936345,0.4833333333333337,0.37777777777777777,0.07894736842105238,0.0,1.0
0.10526315789473678,0.2954545454545455,0.23255813953488358,0.8829113924050631,0.35849056603773577,0.2698412698412699,0.8010471204188483,0.6899383983572863,0.7333333333333338,0.1111111111111111,0.3421052631578946,0.0,1.0
0.3157894736842105,0.31818181818181823,0.7209302325581394,0.37974683544303794,0.39622641509433965,0.8571428571428573,0.8795811518324609,0.6262833675564695,0.3500000000000002,0.3555555555555555,0.13157894736842113,0.0,1.0
0.1578947368421053,0.4318181818181819,0.37209302325581384,0.25949367088607594,0.490566037735849,0.17460317460317462,0.48691099476439803,0.48049281314168707,0.36666666666666653,0.19999999999999993,0.07894736842105238,0.0,1.0
0.5000000000000001,0.4545454545454546,0.2790697674418603,0.0253164556962025,0.35849056603773577,0.6031746031746033,0.7853403141361257,0.3470225872689886,0.3500000000000002,0.3111111111111111,0.26315789473684226,0.0,1.0
0.5000000000000001,0.4090909090909091,0.5813953488372091,0.0253164556962025,0.47169811320754723,0.047619047619047616,0.7172774869109949,0.3039014373716603,0.5166666666666672,0.22222222222222218,0.4736842105263157,0.0,1.0
0.4210526315789475,0.04545454545454547,0.5116279069767441,0.4620253164556962,0.37735849056603776,0.5238095238095238,0.5235602094240839,0.6488706365503092,0.4666666666666667,0.04444444444444445,0.07894736842105238,0.0,1.0
0.5000000000000001,0.22727272727272724,0.7209302325581394,0.7974683544303796,0.47169811320754723,0.5714285714285715,0.7958115183246075,0.9568788501026718,0.7333333333333338,0.2444444444444444,0.2105263157894735,0.0,1.0
0.10526315789473678,0.27272727272727276,0.325581395348837,0.5189873417721518,0.35849056603773577,0.7936507936507937,0.6596858638743457,0.6796714579055421,0.6333333333333336,0.1333333333333333,0.13157894736842113,0.0,1.0
0.3157894736842105,0.02272727272727265,0.5581395348837208,0.25949367088607594,0.5660377358490566,0.4603174603174604,0.518324607329843,0.48459958932237795,0.7166666666666668,0.22222222222222218,0.18421052631578938,0.0,1.0
0.34210526315789486,0.8181818181818182,0.6511627906976742,0.4113924050632911,0.39622641509433965,0.33333333333333337,0.7801047120418849,0.7330595482546146,0.6499999999999999,0.48888888888888893,0.18421052631578938,0.0,1.0
0.6842105263157897,0.31818181818181823,0.7441860465116277,0.38607594936708856,0.37735849056603776,0.5714285714285715,0.74869109947644,0.6591375770020534,0.3999999999999999,0.2444444444444444,0.4473684210526315,0.0,1.0
0.36842105263157904,0.27272727272727276,0.7906976744186045,0.4556962025316455,0.39622641509433965,0.7460317460317462,0.8219895287958117,0.6529774127310001,0.45000000000000034,0.4222222222222222,0.13157894736842113,0.0,1.0
0.4210526315789475,0.04545454545454547,0.5116279069767441,0.4620253164556962,0.37735849056603776,0.5238095238095238,0.5235602094240839,0.6488706365503092,0.4666666666666667,0.04444444444444445,0.07894736842105238,0.0,1.0
0.6315789473684212,0.25,0.6279069767441858,0.0,0.3396226415094339,0.07936507936507936,0.2827225130890053,0.18480492813141985,0.25000000000000006,0.1333333333333333,0.6578947368421055,0.0,1.0
0.26315789473684226,0.20454545454545456,0.5813953488372091,0.5886075949367088,0.3207547169811321,0.7777777777777779,0.5968586387434556,0.7412731006160191,0.5,0.33333333333333326,0.07894736842105238,0.0,1.0
0.26315789473684226,0.20454545454545456,0.5813953488372091,0.5886075949367088,0.3207547169811321,0.7777777777777779,0.5968586387434556,0.7412731006160191,0.5,0.33333333333333326,0.07894736842105238,0.0,1.0
0.10526315789473678,0.02272727272727265,0.9069767441860463,0.006329113924050611,0.4339622641509434,0.25396825396825395,0.3769633507853404,0.35112936344969087,0.4333333333333333,0.3555555555555555,0.07894736842105238,0.0,1.0
0.5526315789473686,0.4090909090909091,0.6279069767441858,0.012658227848101278,0.4339622641509434,0.2698412698412699,0.8272251308900525,0.4435318275154008,0.2666666666666664,0.2444444444444444,0.105263157894737,0.0,1.0
0.5263157894736845,0.47727272727272724,0.325581395348837,0.3164556962025316,0.3207547169811321,0.36507936507936517,0.5078534031413614,0.3655030800821374,0.3500000000000002,0.26666666666666666,0.6315789473684214,0.0,1.0
0.18421052631578938,0.4318181818181819,0.5116279069767441,0.430379746835443,0.5094339622641509,0.7460317460317462,0.8219895287958117,0.7279260780287424,0.7666666666666672,0.7333333333333334,0.15789473684210523,0.0,1.0
0.3157894736842105,0.18181818181818182,0.9999999999999999,0.8924050632911391,0.5094339622641509,0.2698412698412699,0.5759162303664922,0.9363449691991832,0.01666666666666633,0.0666666666666666,0.13157894736842113,0.0,1.0
0.3947368421052634,0.7954545454545454,0.325581395348837,0.012658227848101278,0.45283018867924535,0.126984126984127,0.518324607329843,0.3819301848049237,0.3999999999999999,0.4222222222222222,0.13157894736842113,0.0,1.0
0.26315789473684226,0.36363636363636365,0.6511627906976742,0.430379746835443,0.39622641509433965,0.4761904761904763,0.8691099476439792,0.6180698151950763,0.28333333333333344,0.1111111111111111,0.02631578947368418,0.0,1.0
0.3157894736842105,0.5227272727272727,0.325581395348837,0.0632911392405063,0.7358490566037736,0.28571428571428575,0.4921465968586389,0.5256673511293665,0.6499999999999999,0.48888888888888893,0.13157894736842113,0.0,1.0
0.1578947368421053,0.9431818181818183,0.37209302325581384,0.22151898734177214,0.5283018867924528,0.1904761904761905,0.5235602094240839,0.4948665297741222,0.5166666666666672,0.3111111111111111,0.05263157894736825,0.0,1.0
0.26315789473684226,0.4090909090909091,0.3023255813953487,0.9620253164556962,0.5660377358490566,0.49206349206349215,0.7853403141361257,0.9363449691991832,0.5499999999999998,0.48888888888888893,0.05263157894736825,0.0,1.0
0.05263157894736831,0.5681818181818182,0.325581395348837,0.23417721518987344,0.169811320754717,0.34920634920634924,0.2670157068062828,0.11498973305954968,0.5833333333333331,0.0888888888888888,1.0,0.0,1.0
0.5000000000000001,0.31818181818181823,0.5813953488372091,0.037974683544303806,0.5471698113207547,0.4126984126984128,0.6387434554973823,0.2361396303901413,0.41666666666666696,0.33333333333333326,0.4736842105263157,0.0,1.0
0.1578947368421053,0.4318181818181819,0.37209302325581384,0.25949367088607594,0.490566037735849,0.17460317460317462,0.48691099476439803,0.48049281314168707,0.36666666666666653,0.19999999999999993,0.07894736842105238,0.0,1.0
0.5000000000000001,0.4090909090909091,0.5813953488372091,0.0253164556962025,0.47169811320754723,0.047619047619047616,0.7172774869109949,0.3039014373716603,0.5166666666666672,0.22222222222222218,0.4736842105263157,0.0,1.0
0.1578947368421053,0.4090909090909091,0.8372093023255813,0.03164556962025317,0.47169811320754723,0.8095238095238095,0.8534031413612567,0.3696098562628283,0.5166666666666672,0.37777777777777777,0.18421052631578938,0.0,1.0
0.18421052631578938,0.25,0.325581395348837,0.7025316455696202,0.39622641509433965,0.7301587301587302,0.7643979057591626,0.8747433264887062,0.7000000000000004,0.2888888888888889,0.15789473684210523,0.0,1.0
0.36842105263157904,0.25,0.3953488372093022,0.6139240506329113,0.9622641509433962,0.6666666666666667,0.6701570680628274,0.7412731006160191,0.19999999999999962,0.1333333333333333,0.02631578947368418,0.0,1.0
0.44736842105263164,0.25,0.4186046511627906,0.037974683544303806,0.5094339622641509,0.6507936507936509,0.74869109947644,0.32032854209445805,0.19999999999999962,0.19999999999999993,0.4210526315789474,0.0,1.0
0.13157894736842113,0.20454545454545456,0.46511627906976727,0.7531645569620252,0.5471698113207547,0.8253968253968255,0.7539267015706808,0.7926078028747405,0.5833333333333331,0.15555555555555556,0.13157894736842113,0.0,1.0
0.5263157894736845,0.4318181818181819,0.37209302325581384,0.9240506329113922,0.45283018867924535,0.9841269841269843,0.9633507853403143,0.9845995893223837,0.21666666666666662,0.8,0.15789473684210523,0.0,1.0
0.736842105263158,0.5454545454545454,0.9069767441860463,0.7974683544303796,0.3207547169811321,0.8412698412698415,0.7329842931937174,0.9312114989733111,0.28333333333333344,0.48888888888888893,0.13157894736842113,0.0,1.0
0.07894736842105271,0.44318181818181823,0.5581395348837208,0.0,0.28301886792452835,0.126984126984127,0.7748691099476441,0.25872689938398097,0.5666666666666669,0.7555555555555555,0.2894736842105263,0.0,1.0
0.26315789473684226,0.3409090909090909,0.1860465116279068,0.8860759493670884,0.28301886792452835,0.25396825396825395,0.4712041884816755,0.8090349075975383,0.3500000000000002,0.39999999999999997,0.07894736842105238,0.0,1.0
0.2894736842105264,0.25,0.9302325581395348,0.41772151898734167,0.41509433962264153,0.7777777777777779,0.8272251308900525,0.6406570841889161,0.3999999999999999,0.2888888888888889,0.07894736842105238,0.0,1.0
0.3157894736842105,0.7045454545454546,0.7674418604651161,0.3924050632911392,0.7358490566037736,0.4126984126984128,0.8376963350785342,0.6078028747433207,0.3166666666666668,0.26666666666666666,0.13157894736842113,0.0,1.0
0.26315789473684226,0.22727272727272724,0.44186046511627886,0.6582278481012658,0.490566037735849,0.4285714285714286,0.7329842931937174,0.7515400410677634,0.6333333333333336,0.2888888888888889,0.15789473684210523,0.0,1.0
0.6578947368421055,0.840909090909091,0.6046511627906975,0.3291139240506329,0.490566037735849,0.39682539682539686,0.7696335078534033,0.9158110882956834,0.2666666666666664,0.46666666666666673,0.2105263157894735,0.0,1.0
0.1578947368421053,0.4318181818181819,0.37209302325581384,0.25949367088607594,0.490566037735849,0.17460317460317462,0.48691099476439803,0.48049281314168707,0.36666666666666653,0.19999999999999993,0.07894736842105238,0.0,1.0
0.44736842105263164,0.27272727272727276,0.5116279069767441,0.9620253164556962,0.35849056603773577,0.4126984126984128,0.7539267015706808,0.7145790554414772,0.3999999999999999,0.1111111111111111,0.6052631578947367,0.0,1.0
0.26315789473684226,0.3409090909090909,0.1860465116279068,0.8860759493670884,0.28301886792452835,0.25396825396825395,0.4712041884816755,0.8090349075975383,0.3500000000000002,0.39999999999999997,0.07894736842105238,0.0,1.0
0.26315789473684226,0.3863636363636364,0.37209302325581384,0.7721518987341771,0.39622641509433965,0.8253968253968255,0.9371727748691101,0.8234086242299847,0.3999999999999999,0.19999999999999993,0.18421052631578938,0.0,1.0
0.473684210526316,0.75,0.1395348837209301,0.310126582278481,0.4339622641509434,0.14285714285714285,0.518324607329843,0.4928131416837825,0.2666666666666664,0.37777777777777777,0.23684210526315808,0.0,1.0
0.1578947368421053,0.4090909090909091,0.8372093023255813,0.03164556962025317,0.47169811320754723,0.8095238095238095,0.8534031413612567,0.3696098562628283,0.5166666666666672,0.37777777777777777,0.18421052631578938,0.0,1.0
0.3157894736842105,0.9545454545454546,0.2790697674418603,0.5,0.169811320754717,0.34920634920634924,0.5602094240837697,0.7464065708418912,0.45000000000000034,0.4222222222222222,0.05263157894736825,0.0,1.0
0.9210526315789478,0.4090909090909091,0.9069767441860463,0.037974683544303806,0.47169811320754723,0.1904761904761905,0.549738219895288,0.6283367556468207,0.33333333333333315,0.04444444444444445,0.13157894736842113,0.0,1.0
0.34210526315789486,0.22727272727272724,0.5348837209302324,0.7151898734177216,0.39622641509433965,0.4126984126984128,0.6230366492146598,0.905544147843939,0.7166666666666668,0.17777777777777778,0.15789473684210523,0.0,1.0
0.7105263157894738,0.2954545454545455,0.7209302325581394,0.028481012658227833,0.15094339622641506,0.09523809523809523,0.1937172774869111,0.1355236139630382,0.10000000000000014,0.5333333333333334,0.8157894736842106,0.0,1.0
0.26315789473684226,0.5454545454545454,0.325581395348837,0.3924050632911392,0.41509433962264153,0.5714285714285715,0.6544502617801048,0.6735112936345,0.2999999999999997,0.6222222222222222,0.07894736842105238,0.0,1.0
0.5526315789473686,0.3863636363636364,0.9534883720930232,0.8734177215189873,0.2641509433962264,0.904761904761905,0.9319371727748693,0.8952772073921947,0.21666666666666662,0.6222222222222222,0.15789473684210523,0.0,1.0
0.3947368421052634,0.09090909090909088,0.5348837209302324,0.0,0.5471698113207547,0.3015873015873016,0.7225130890052358,0.32032854209445805,0.8166666666666669,0.4222222222222222,0.4210526315789474,0.0,1.0
0.6578947368421055,0.1363636363636364,0.6744186046511627,0.0,0.30188679245283023,0.507936507936508,0.6701570680628274,0.14887063655030347,0.25000000000000006,0.2444444444444444,0.7894736842105265,0.0,1.0
0.3157894736842105,0.9545454545454546,0.2790697674418603,0.5,0.169811320754717,0.34920634920634924,0.5602094240837697,0.7464065708418912,0.45000000000000034,0.4222222222222222,0.05263157894736825,0.0,1.0
0.36842105263157904,0.06818181818181823,0.5116279069767441,0.0253164556962025,0.28301886792452835,0.4761904761904763,0.4188481675392671,0.08008213552361448,0.3833333333333336,0.7555555555555555,0.8157894736842106,0.0,1.0
0.34210526315789486,0.2954545454545455,0.3488372093023254,0.4430379746835443,0.5283018867924528,0.7777777777777779,0.9214659685863875,0.6796714579055421,0.4833333333333337,0.2444444444444444,0.105263157894737,0.0,1.0
0.3157894736842105,0.22727272727272724,0.4186046511627906,0.05063291139240503,0.05660377358490565,0.5396825396825398,0.5549738219895289,0.2402464065708435,0.6833333333333333,0.3111111111111111,0.6578947368421055,0.0,1.0
0.3947368421052634,0.06818181818181823,0.3488372093023254,0.037974683544303806,0.41509433962264153,0.4603174603174604,0.5549738219895289,0.1971252566735039,0.3833333333333336,0.3555555555555555,0.6578947368421055,0.0,1.0
0.44736842105263164,0.4545454545454546,0.11627906976744168,0.012658227848101278,0.5283018867924528,0.8888888888888891,0.8219895287958117,0.42299794661191226,0.2666666666666664,0.2444444444444444,0.07894736842105238,0.0,1.0
0.5526315789473686,0.3409090909090909,0.4883720930232557,0.5031645569620252,0.5660377358490566,0.23809523809523814,0.6544502617801048,0.7515400410677634,0.25000000000000006,0.48888888888888893,0.105263157894737,0.0,1.0
0.36842105263157904,0.25,0.1860465116279068,0.0253164556962025,0.5849056603773586,0.126984126984127,0.5811518324607331,0.412731006160168,0.2999999999999997,0.22222222222222218,0.15789473684210523,0.0,1.0
0.473684210526316,0.25,0.20930232558139522,0.4430379746835443,0.35849056603773577,0.7301587301587302,0.7643979057591626,0.7104722792607749,0.3833333333333336,0.26666666666666666,0.07894736842105238,0.0,1.0
0.21052631578947378,0.4090909090909091,0.9302325581395348,0.3481012658227848,0.4339622641509434,0.8888888888888891,0.8376963350785342,0.546201232032855,0.4333333333333333,0.2888888888888889,0.18421052631578938,0.0,1.0
0.7105263157894738,0.4318181818181819,0.2790697674418603,0.26582278481012656,0.41509433962264153,0.3015873015873016,0.6544502617801048,0.5944558521560553,0.4833333333333337,0.33333333333333326,0.3684210526315792,0.0,1.0
0.44736842105263164,0.25,0.4186046511627906,0.037974683544303806,0.5094339622641509,0.6507936507936509,0.74869109947644,0.32032854209445805,0.19999999999999962,0.19999999999999993,0.4210526315789474,0.0,1.0
0.18421052631578938,0.25,0.325581395348837,0.7025316455696202,0.39622641509433965,0.7301587301587302,0.7643979057591626,0.8747433264887062,0.7000000000000004,0.2888888888888889,0.15789473684210523,0.0,1.0
0.05263157894736831,0.3522727272727273,0.23255813953488358,0.07594936708860758,0.45283018867924535,0.20634920634920637,0.5654450261780106,0.44147843942504966,0.4666666666666667,0.8,0.2894736842105263,0.0,1.0
0.13157894736842113,0.25,0.20930232558139522,0.7215189873417721,0.41509433962264153,0.7142857142857144,0.712041884816754,0.8028747433264849,0.7000000000000004,0.1333333333333333,0.15789473684210523,0.0,1.0
0.026315789473684237,0.0,0.3953488372093022,0.22784810126582278,0.07547169811320759,0.2698412698412699,0.40837696335078544,0.5564681724845992,0.6833333333333333,0.26666666666666666,0.02631578947368418,0.0,1.0
